transition_code,observation_map,role_code,belief_mask,horizon,winning,oracle_agrees,checker_agrees,programs_examined
64,0,0,1,0,0,1,1,1
64,0,0,1,1,0,1,1,3
64,0,0,1,2,0,1,1,5
64,0,0,2,0,0,1,1,1
64,0,0,2,1,0,1,1,3
64,0,0,2,2,0,1,1,5
64,0,0,3,0,0,1,1,1
64,0,0,3,1,0,1,1,3
64,0,0,3,2,0,1,1,5
64,0,1,1,0,0,1,1,1
64,0,1,1,1,0,1,1,3
64,0,1,1,2,0,1,1,5
64,0,1,2,0,0,1,1,1
64,0,1,2,1,0,1,1,3
64,0,1,2,2,0,1,1,5
64,0,1,3,0,0,1,1,1
64,0,1,3,1,0,1,1,3
64,0,1,3,2,0,1,1,5
64,0,2,1,0,1,1,1,1
64,0,2,1,1,1,1,1,1
64,0,2,1,2,1,1,1,1
64,0,2,2,0,0,1,1,1
64,0,2,2,1,0,1,1,3
64,0,2,2,2,0,1,1,5
64,0,2,3,0,0,1,1,1
64,0,2,3,1,0,1,1,3
64,0,2,3,2,0,1,1,5
64,0,3,1,0,0,1,1,1
64,0,3,1,1,0,1,1,3
64,0,3,1,2,0,1,1,5
64,0,3,2,0,0,1,1,1
64,0,3,2,1,0,1,1,3
64,0,3,2,2,0,1,1,5
64,0,3,3,0,0,1,1,1
64,0,3,3,1,0,1,1,3
64,0,3,3,2,0,1,1,5
64,0,4,1,0,0,1,1,1
64,0,4,1,1,0,1,1,3
64,0,4,1,2,0,1,1,5
64,0,4,2,0,0,1,1,1
64,0,4,2,1,0,1,1,3
64,0,4,2,2,0,1,1,5
64,0,4,3,0,0,1,1,1
64,0,4,3,1,0,1,1,3
64,0,4,3,2,0,1,1,5
64,0,5,1,0,1,1,1,1
64,0,5,1,1,1,1,1,1
64,0,5,1,2,1,1,1,1
64,0,5,2,0,0,1,1,1
64,0,5,2,1,1,1,1,3
64,0,5,2,2,1,1,1,3
64,0,5,3,0,0,1,1,1
64,0,5,3,1,0,1,1,3
64,0,5,3,2,0,1,1,5
64,0,6,1,0,0,1,1,1
64,0,6,1,1,0,1,1,3
64,0,6,1,2,0,1,1,5
64,0,6,2,0,1,1,1,1
64,0,6,2,1,1,1,1,1
64,0,6,2,2,1,1,1,1
64,0,6,3,0,0,1,1,1
64,0,6,3,1,0,1,1,3
64,0,6,3,2,0,1,1,5
64,0,7,1,0,0,1,1,1
64,0,7,1,1,0,1,1,3
64,0,7,1,2,0,1,1,5
64,0,7,2,0,1,1,1,1
64,0,7,2,1,1,1,1,1
64,0,7,2,2,1,1,1,1
64,0,7,3,0,0,1,1,1
64,0,7,3,1,0,1,1,3
64,0,7,3,2,0,1,1,5
64,0,8,1,0,1,1,1,1
64,0,8,1,1,1,1,1,1
64,0,8,1,2,1,1,1,1
64,0,8,2,0,1,1,1,1
64,0,8,2,1,1,1,1,1
64,0,8,2,2,1,1,1,1
64,0,8,3,0,1,1,1,1
64,0,8,3,1,1,1,1,1
64,0,8,3,2,1,1,1,1
64,1,0,1,0,0,1,1,1
64,1,0,1,1,0,1,1,3
64,1,0,1,2,0,1,1,5
64,1,0,2,0,0,1,1,1
64,1,0,2,1,0,1,1,3
64,1,0,2,2,0,1,1,5
64,1,0,3,0,0,1,1,1
64,1,0,3,1,0,1,1,3
64,1,0,3,2,0,1,1,5
64,1,1,1,0,0,1,1,1
64,1,1,1,1,0,1,1,3
64,1,1,1,2,0,1,1,5
64,1,1,2,0,0,1,1,1
64,1,1,2,1,0,1,1,3
64,1,1,2,2,0,1,1,5
64,1,1,3,0,0,1,1,1
64,1,1,3,1,0,1,1,3
64,1,1,3,2,0,1,1,5
64,1,2,1,0,1,1,1,1
64,1,2,1,1,1,1,1,1
64,1,2,1,2,1,1,1,1
64,1,2,2,0,0,1,1,1
64,1,2,2,1,0,1,1,3
64,1,2,2,2,0,1,1,5
64,1,2,3,0,0,1,1,1
64,1,2,3,1,0,1,1,3
64,1,2,3,2,0,1,1,5
64,1,3,1,0,0,1,1,1
64,1,3,1,1,0,1,1,3
64,1,3,1,2,0,1,1,5
64,1,3,2,0,0,1,1,1
64,1,3,2,1,0,1,1,3
64,1,3,2,2,0,1,1,5
64,1,3,3,0,0,1,1,1
64,1,3,3,1,0,1,1,3
64,1,3,3,2,0,1,1,5
64,1,4,1,0,0,1,1,1
64,1,4,1,1,0,1,1,3
64,1,4,1,2,0,1,1,5
64,1,4,2,0,0,1,1,1
64,1,4,2,1,0,1,1,3
64,1,4,2,2,0,1,1,5
64,1,4,3,0,0,1,1,1
64,1,4,3,1,0,1,1,3
64,1,4,3,2,0,1,1,5
64,1,5,1,0,1,1,1,1
64,1,5,1,1,1,1,1,1
64,1,5,1,2,1,1,1,1
64,1,5,2,0,0,1,1,1
64,1,5,2,1,1,1,1,3
64,1,5,2,2,1,1,1,3
64,1,5,3,0,0,1,1,1
64,1,5,3,1,0,1,1,3
64,1,5,3,2,0,1,1,5
64,1,6,1,0,0,1,1,1
64,1,6,1,1,0,1,1,3
64,1,6,1,2,0,1,1,5
64,1,6,2,0,1,1,1,1
64,1,6,2,1,1,1,1,1
64,1,6,2,2,1,1,1,1
64,1,6,3,0,0,1,1,1
64,1,6,3,1,0,1,1,3
64,1,6,3,2,0,1,1,5
64,1,7,1,0,0,1,1,1
64,1,7,1,1,0,1,1,3
64,1,7,1,2,0,1,1,5
64,1,7,2,0,1,1,1,1
64,1,7,2,1,1,1,1,1
64,1,7,2,2,1,1,1,1
64,1,7,3,0,0,1,1,1
64,1,7,3,1,0,1,1,3
64,1,7,3,2,0,1,1,5
64,1,8,1,0,1,1,1,1
64,1,8,1,1,1,1,1,1
64,1,8,1,2,1,1,1,1
64,1,8,2,0,1,1,1,1
64,1,8,2,1,1,1,1,1
64,1,8,2,2,1,1,1,1
64,1,8,3,0,1,1,1,1
64,1,8,3,1,1,1,1,1
64,1,8,3,2,1,1,1,1
65,0,0,1,0,0,1,1,1
65,0,0,1,1,0,1,1,3
65,0,0,1,2,0,1,1,7
65,0,0,2,0,0,1,1,1
65,0,0,2,1,0,1,1,3
65,0,0,2,2,0,1,1,7
65,0,0,3,0,0,1,1,1
65,0,0,3,1,0,1,1,3
65,0,0,3,2,0,1,1,7
65,0,1,1,0,0,1,1,1
65,0,1,1,1,0,1,1,3
65,0,1,1,2,0,1,1,7
65,0,1,2,0,0,1,1,1
65,0,1,2,1,0,1,1,3
65,0,1,2,2,0,1,1,7
65,0,1,3,0,0,1,1,1
65,0,1,3,1,0,1,1,3
65,0,1,3,2,0,1,1,7
65,0,2,1,0,1,1,1,1
65,0,2,1,1,1,1,1,1
65,0,2,1,2,1,1,1,1
65,0,2,2,0,0,1,1,1
65,0,2,2,1,0,1,1,3
65,0,2,2,2,0,1,1,7
65,0,2,3,0,0,1,1,1
65,0,2,3,1,0,1,1,3
65,0,2,3,2,0,1,1,7
65,0,3,1,0,0,1,1,1
65,0,3,1,1,0,1,1,3
65,0,3,1,2,0,1,1,7
65,0,3,2,0,0,1,1,1
65,0,3,2,1,0,1,1,3
65,0,3,2,2,0,1,1,7
65,0,3,3,0,0,1,1,1
65,0,3,3,1,0,1,1,3
65,0,3,3,2,0,1,1,7
65,0,4,1,0,0,1,1,1
65,0,4,1,1,0,1,1,3
65,0,4,1,2,0,1,1,7
65,0,4,2,0,0,1,1,1
65,0,4,2,1,0,1,1,3
65,0,4,2,2,0,1,1,7
65,0,4,3,0,0,1,1,1
65,0,4,3,1,0,1,1,3
65,0,4,3,2,0,1,1,7
65,0,5,1,0,1,1,1,1
65,0,5,1,1,1,1,1,1
65,0,5,1,2,1,1,1,1
65,0,5,2,0,0,1,1,1
65,0,5,2,1,1,1,1,3
65,0,5,2,2,1,1,1,5
65,0,5,3,0,0,1,1,1
65,0,5,3,1,0,1,1,3
65,0,5,3,2,0,1,1,7
65,0,6,1,0,0,1,1,1
65,0,6,1,1,0,1,1,3
65,0,6,1,2,0,1,1,7
65,0,6,2,0,1,1,1,1
65,0,6,2,1,1,1,1,1
65,0,6,2,2,1,1,1,1
65,0,6,3,0,0,1,1,1
65,0,6,3,1,0,1,1,3
65,0,6,3,2,0,1,1,7
65,0,7,1,0,0,1,1,1
65,0,7,1,1,0,1,1,3
65,0,7,1,2,0,1,1,7
65,0,7,2,0,1,1,1,1
65,0,7,2,1,1,1,1,1
65,0,7,2,2,1,1,1,1
65,0,7,3,0,0,1,1,1
65,0,7,3,1,0,1,1,3
65,0,7,3,2,0,1,1,7
65,0,8,1,0,1,1,1,1
65,0,8,1,1,1,1,1,1
65,0,8,1,2,1,1,1,1
65,0,8,2,0,1,1,1,1
65,0,8,2,1,1,1,1,1
65,0,8,2,2,1,1,1,1
65,0,8,3,0,1,1,1,1
65,0,8,3,1,1,1,1,1
65,0,8,3,2,1,1,1,1
65,1,0,1,0,0,1,1,1
65,1,0,1,1,0,1,1,3
65,1,0,1,2,0,1,1,7
65,1,0,2,0,0,1,1,1
65,1,0,2,1,0,1,1,3
65,1,0,2,2,0,1,1,7
65,1,0,3,0,0,1,1,1
65,1,0,3,1,0,1,1,3
65,1,0,3,2,0,1,1,7
65,1,1,1,0,0,1,1,1
65,1,1,1,1,0,1,1,3
65,1,1,1,2,0,1,1,7
65,1,1,2,0,0,1,1,1
65,1,1,2,1,0,1,1,3
65,1,1,2,2,0,1,1,7
65,1,1,3,0,0,1,1,1
65,1,1,3,1,0,1,1,3
65,1,1,3,2,0,1,1,7
65,1,2,1,0,1,1,1,1
65,1,2,1,1,1,1,1,1
65,1,2,1,2,1,1,1,1
65,1,2,2,0,0,1,1,1
65,1,2,2,1,0,1,1,3
65,1,2,2,2,0,1,1,7
65,1,2,3,0,0,1,1,1
65,1,2,3,1,0,1,1,3
65,1,2,3,2,0,1,1,7
65,1,3,1,0,0,1,1,1
65,1,3,1,1,0,1,1,3
65,1,3,1,2,0,1,1,7
65,1,3,2,0,0,1,1,1
65,1,3,2,1,0,1,1,3
65,1,3,2,2,0,1,1,7
65,1,3,3,0,0,1,1,1
65,1,3,3,1,0,1,1,3
65,1,3,3,2,0,1,1,7
65,1,4,1,0,0,1,1,1
65,1,4,1,1,0,1,1,3
65,1,4,1,2,0,1,1,7
65,1,4,2,0,0,1,1,1
65,1,4,2,1,0,1,1,3
65,1,4,2,2,0,1,1,7
65,1,4,3,0,0,1,1,1
65,1,4,3,1,0,1,1,3
65,1,4,3,2,0,1,1,7
65,1,5,1,0,1,1,1,1
65,1,5,1,1,1,1,1,1
65,1,5,1,2,1,1,1,1
65,1,5,2,0,0,1,1,1
65,1,5,2,1,1,1,1,3
65,1,5,2,2,1,1,1,5
65,1,5,3,0,0,1,1,1
65,1,5,3,1,0,1,1,3
65,1,5,3,2,0,1,1,7
65,1,6,1,0,0,1,1,1
65,1,6,1,1,0,1,1,3
65,1,6,1,2,0,1,1,7
65,1,6,2,0,1,1,1,1
65,1,6,2,1,1,1,1,1
65,1,6,2,2,1,1,1,1
65,1,6,3,0,0,1,1,1
65,1,6,3,1,0,1,1,3
65,1,6,3,2,0,1,1,7
65,1,7,1,0,0,1,1,1
65,1,7,1,1,0,1,1,3
65,1,7,1,2,0,1,1,7
65,1,7,2,0,1,1,1,1
65,1,7,2,1,1,1,1,1
65,1,7,2,2,1,1,1,1
65,1,7,3,0,0,1,1,1
65,1,7,3,1,0,1,1,3
65,1,7,3,2,0,1,1,7
65,1,8,1,0,1,1,1,1
65,1,8,1,1,1,1,1,1
65,1,8,1,2,1,1,1,1
65,1,8,2,0,1,1,1,1
65,1,8,2,1,1,1,1,1
65,1,8,2,2,1,1,1,1
65,1,8,3,0,1,1,1,1
65,1,8,3,1,1,1,1,1
65,1,8,3,2,1,1,1,1
66,0,0,1,0,0,1,1,1
66,0,0,1,1,0,1,1,3
66,0,0,1,2,0,1,1,7
66,0,0,2,0,0,1,1,1
66,0,0,2,1,0,1,1,3
66,0,0,2,2,0,1,1,7
66,0,0,3,0,0,1,1,1
66,0,0,3,1,0,1,1,3
66,0,0,3,2,0,1,1,7
66,0,1,1,0,0,1,1,1
66,0,1,1,1,0,1,1,3
66,0,1,1,2,0,1,1,7
66,0,1,2,0,0,1,1,1
66,0,1,2,1,0,1,1,3
66,0,1,2,2,0,1,1,7
66,0,1,3,0,0,1,1,1
66,0,1,3,1,0,1,1,3
66,0,1,3,2,0,1,1,7
66,0,2,1,0,1,1,1,1
66,0,2,1,1,1,1,1,1
66,0,2,1,2,1,1,1,1
66,0,2,2,0,0,1,1,1
66,0,2,2,1,0,1,1,3
66,0,2,2,2,0,1,1,7
66,0,2,3,0,0,1,1,1
66,0,2,3,1,0,1,1,3
66,0,2,3,2,0,1,1,7
66,0,3,1,0,0,1,1,1
66,0,3,1,1,0,1,1,3
66,0,3,1,2,0,1,1,7
66,0,3,2,0,0,1,1,1
66,0,3,2,1,0,1,1,3
66,0,3,2,2,0,1,1,7
66,0,3,3,0,0,1,1,1
66,0,3,3,1,0,1,1,3
66,0,3,3,2,0,1,1,7
66,0,4,1,0,0,1,1,1
66,0,4,1,1,0,1,1,3
66,0,4,1,2,0,1,1,7
66,0,4,2,0,0,1,1,1
66,0,4,2,1,0,1,1,3
66,0,4,2,2,0,1,1,7
66,0,4,3,0,0,1,1,1
66,0,4,3,1,0,1,1,3
66,0,4,3,2,0,1,1,7
66,0,5,1,0,1,1,1,1
66,0,5,1,1,1,1,1,1
66,0,5,1,2,1,1,1,1
66,0,5,2,0,0,1,1,1
66,0,5,2,1,1,1,1,3
66,0,5,2,2,1,1,1,5
66,0,5,3,0,0,1,1,1
66,0,5,3,1,0,1,1,3
66,0,5,3,2,0,1,1,7
66,0,6,1,0,0,1,1,1
66,0,6,1,1,0,1,1,3
66,0,6,1,2,0,1,1,7
66,0,6,2,0,1,1,1,1
66,0,6,2,1,1,1,1,1
66,0,6,2,2,1,1,1,1
66,0,6,3,0,0,1,1,1
66,0,6,3,1,0,1,1,3
66,0,6,3,2,0,1,1,7
66,0,7,1,0,0,1,1,1
66,0,7,1,1,1,1,1,2
66,0,7,1,2,1,1,1,2
66,0,7,2,0,1,1,1,1
66,0,7,2,1,1,1,1,1
66,0,7,2,2,1,1,1,1
66,0,7,3,0,0,1,1,1
66,0,7,3,1,0,1,1,3
66,0,7,3,2,0,1,1,7
66,0,8,1,0,1,1,1,1
66,0,8,1,1,1,1,1,1
66,0,8,1,2,1,1,1,1
66,0,8,2,0,1,1,1,1
66,0,8,2,1,1,1,1,1
66,0,8,2,2,1,1,1,1
66,0,8,3,0,1,1,1,1
66,0,8,3,1,1,1,1,1
66,0,8,3,2,1,1,1,1
66,1,0,1,0,0,1,1,1
66,1,0,1,1,0,1,1,3
66,1,0,1,2,0,1,1,7
66,1,0,2,0,0,1,1,1
66,1,0,2,1,0,1,1,3
66,1,0,2,2,0,1,1,7
66,1,0,3,0,0,1,1,1
66,1,0,3,1,0,1,1,3
66,1,0,3,2,0,1,1,7
66,1,1,1,0,0,1,1,1
66,1,1,1,1,0,1,1,3
66,1,1,1,2,0,1,1,7
66,1,1,2,0,0,1,1,1
66,1,1,2,1,0,1,1,3
66,1,1,2,2,0,1,1,7
66,1,1,3,0,0,1,1,1
66,1,1,3,1,0,1,1,3
66,1,1,3,2,0,1,1,7
66,1,2,1,0,1,1,1,1
66,1,2,1,1,1,1,1,1
66,1,2,1,2,1,1,1,1
66,1,2,2,0,0,1,1,1
66,1,2,2,1,0,1,1,3
66,1,2,2,2,0,1,1,7
66,1,2,3,0,0,1,1,1
66,1,2,3,1,0,1,1,3
66,1,2,3,2,0,1,1,7
66,1,3,1,0,0,1,1,1
66,1,3,1,1,0,1,1,3
66,1,3,1,2,0,1,1,7
66,1,3,2,0,0,1,1,1
66,1,3,2,1,0,1,1,3
66,1,3,2,2,0,1,1,7
66,1,3,3,0,0,1,1,1
66,1,3,3,1,0,1,1,3
66,1,3,3,2,0,1,1,7
66,1,4,1,0,0,1,1,1
66,1,4,1,1,0,1,1,3
66,1,4,1,2,0,1,1,7
66,1,4,2,0,0,1,1,1
66,1,4,2,1,0,1,1,3
66,1,4,2,2,0,1,1,7
66,1,4,3,0,0,1,1,1
66,1,4,3,1,0,1,1,3
66,1,4,3,2,0,1,1,7
66,1,5,1,0,1,1,1,1
66,1,5,1,1,1,1,1,1
66,1,5,1,2,1,1,1,1
66,1,5,2,0,0,1,1,1
66,1,5,2,1,1,1,1,3
66,1,5,2,2,1,1,1,5
66,1,5,3,0,0,1,1,1
66,1,5,3,1,0,1,1,3
66,1,5,3,2,0,1,1,7
66,1,6,1,0,0,1,1,1
66,1,6,1,1,0,1,1,3
66,1,6,1,2,0,1,1,7
66,1,6,2,0,1,1,1,1
66,1,6,2,1,1,1,1,1
66,1,6,2,2,1,1,1,1
66,1,6,3,0,0,1,1,1
66,1,6,3,1,0,1,1,3
66,1,6,3,2,0,1,1,7
66,1,7,1,0,0,1,1,1
66,1,7,1,1,1,1,1,2
66,1,7,1,2,1,1,1,2
66,1,7,2,0,1,1,1,1
66,1,7,2,1,1,1,1,1
66,1,7,2,2,1,1,1,1
66,1,7,3,0,0,1,1,1
66,1,7,3,1,0,1,1,3
66,1,7,3,2,0,1,1,7
66,1,8,1,0,1,1,1,1
66,1,8,1,1,1,1,1,1
66,1,8,1,2,1,1,1,1
66,1,8,2,0,1,1,1,1
66,1,8,2,1,1,1,1,1
66,1,8,2,2,1,1,1,1
66,1,8,3,0,1,1,1,1
66,1,8,3,1,1,1,1,1
66,1,8,3,2,1,1,1,1
67,0,0,1,0,0,1,1,1
67,0,0,1,1,0,1,1,3
67,0,0,1,2,0,1,1,7
67,0,0,2,0,0,1,1,1
67,0,0,2,1,0,1,1,3
67,0,0,2,2,0,1,1,7
67,0,0,3,0,0,1,1,1
67,0,0,3,1,0,1,1,3
67,0,0,3,2,0,1,1,7
67,0,1,1,0,0,1,1,1
67,0,1,1,1,0,1,1,3
67,0,1,1,2,0,1,1,7
67,0,1,2,0,0,1,1,1
67,0,1,2,1,0,1,1,3
67,0,1,2,2,0,1,1,7
67,0,1,3,0,0,1,1,1
67,0,1,3,1,0,1,1,3
67,0,1,3,2,0,1,1,7
67,0,2,1,0,1,1,1,1
67,0,2,1,1,1,1,1,1
67,0,2,1,2,1,1,1,1
67,0,2,2,0,0,1,1,1
67,0,2,2,1,0,1,1,3
67,0,2,2,2,0,1,1,7
67,0,2,3,0,0,1,1,1
67,0,2,3,1,0,1,1,3
67,0,2,3,2,0,1,1,7
67,0,3,1,0,0,1,1,1
67,0,3,1,1,0,1,1,3
67,0,3,1,2,0,1,1,7
67,0,3,2,0,0,1,1,1
67,0,3,2,1,0,1,1,3
67,0,3,2,2,0,1,1,7
67,0,3,3,0,0,1,1,1
67,0,3,3,1,0,1,1,3
67,0,3,3,2,0,1,1,7
67,0,4,1,0,0,1,1,1
67,0,4,1,1,0,1,1,3
67,0,4,1,2,0,1,1,7
67,0,4,2,0,0,1,1,1
67,0,4,2,1,0,1,1,3
67,0,4,2,2,0,1,1,7
67,0,4,3,0,0,1,1,1
67,0,4,3,1,0,1,1,3
67,0,4,3,2,0,1,1,7
67,0,5,1,0,1,1,1,1
67,0,5,1,1,1,1,1,1
67,0,5,1,2,1,1,1,1
67,0,5,2,0,0,1,1,1
67,0,5,2,1,1,1,1,3
67,0,5,2,2,1,1,1,5
67,0,5,3,0,0,1,1,1
67,0,5,3,1,0,1,1,3
67,0,5,3,2,0,1,1,7
67,0,6,1,0,0,1,1,1
67,0,6,1,1,0,1,1,3
67,0,6,1,2,0,1,1,7
67,0,6,2,0,1,1,1,1
67,0,6,2,1,1,1,1,1
67,0,6,2,2,1,1,1,1
67,0,6,3,0,0,1,1,1
67,0,6,3,1,0,1,1,3
67,0,6,3,2,0,1,1,7
67,0,7,1,0,0,1,1,1
67,0,7,1,1,0,1,1,3
67,0,7,1,2,0,1,1,7
67,0,7,2,0,1,1,1,1
67,0,7,2,1,1,1,1,1
67,0,7,2,2,1,1,1,1
67,0,7,3,0,0,1,1,1
67,0,7,3,1,0,1,1,3
67,0,7,3,2,0,1,1,7
67,0,8,1,0,1,1,1,1
67,0,8,1,1,1,1,1,1
67,0,8,1,2,1,1,1,1
67,0,8,2,0,1,1,1,1
67,0,8,2,1,1,1,1,1
67,0,8,2,2,1,1,1,1
67,0,8,3,0,1,1,1,1
67,0,8,3,1,1,1,1,1
67,0,8,3,2,1,1,1,1
67,1,0,1,0,0,1,1,1
67,1,0,1,1,0,1,1,3
67,1,0,1,2,0,1,1,13
67,1,0,2,0,0,1,1,1
67,1,0,2,1,0,1,1,3
67,1,0,2,2,0,1,1,13
67,1,0,3,0,0,1,1,1
67,1,0,3,1,0,1,1,3
67,1,0,3,2,0,1,1,13
67,1,1,1,0,0,1,1,1
67,1,1,1,1,0,1,1,3
67,1,1,1,2,0,1,1,13
67,1,1,2,0,0,1,1,1
67,1,1,2,1,0,1,1,3
67,1,1,2,2,0,1,1,13
67,1,1,3,0,0,1,1,1
67,1,1,3,1,0,1,1,3
67,1,1,3,2,0,1,1,13
67,1,2,1,0,1,1,1,1
67,1,2,1,1,1,1,1,1
67,1,2,1,2,1,1,1,1
67,1,2,2,0,0,1,1,1
67,1,2,2,1,0,1,1,3
67,1,2,2,2,0,1,1,13
67,1,2,3,0,0,1,1,1
67,1,2,3,1,0,1,1,3
67,1,2,3,2,0,1,1,13
67,1,3,1,0,0,1,1,1
67,1,3,1,1,0,1,1,3
67,1,3,1,2,0,1,1,13
67,1,3,2,0,0,1,1,1
67,1,3,2,1,0,1,1,3
67,1,3,2,2,0,1,1,13
67,1,3,3,0,0,1,1,1
67,1,3,3,1,0,1,1,3
67,1,3,3,2,0,1,1,13
67,1,4,1,0,0,1,1,1
67,1,4,1,1,0,1,1,3
67,1,4,1,2,0,1,1,13
67,1,4,2,0,0,1,1,1
67,1,4,2,1,0,1,1,3
67,1,4,2,2,0,1,1,13
67,1,4,3,0,0,1,1,1
67,1,4,3,1,0,1,1,3
67,1,4,3,2,0,1,1,13
67,1,5,1,0,1,1,1,1
67,1,5,1,1,1,1,1,1
67,1,5,1,2,1,1,1,1
67,1,5,2,0,0,1,1,1
67,1,5,2,1,1,1,1,3
67,1,5,2,2,1,1,1,11
67,1,5,3,0,0,1,1,1
67,1,5,3,1,0,1,1,3
67,1,5,3,2,0,1,1,13
67,1,6,1,0,0,1,1,1
67,1,6,1,1,0,1,1,3
67,1,6,1,2,0,1,1,13
67,1,6,2,0,1,1,1,1
67,1,6,2,1,1,1,1,1
67,1,6,2,2,1,1,1,1
67,1,6,3,0,0,1,1,1
67,1,6,3,1,0,1,1,3
67,1,6,3,2,0,1,1,13
67,1,7,1,0,0,1,1,1
67,1,7,1,1,0,1,1,3
67,1,7,1,2,0,1,1,13
67,1,7,2,0,1,1,1,1
67,1,7,2,1,1,1,1,1
67,1,7,2,2,1,1,1,1
67,1,7,3,0,0,1,1,1
67,1,7,3,1,0,1,1,3
67,1,7,3,2,0,1,1,13
67,1,8,1,0,1,1,1,1
67,1,8,1,1,1,1,1,1
67,1,8,1,2,1,1,1,1
67,1,8,2,0,1,1,1,1
67,1,8,2,1,1,1,1,1
67,1,8,2,2,1,1,1,1
67,1,8,3,0,1,1,1,1
67,1,8,3,1,1,1,1,1
67,1,8,3,2,1,1,1,1
68,0,0,1,0,0,1,1,1
68,0,0,1,1,0,1,1,3
68,0,0,1,2,0,1,1,7
68,0,0,2,0,0,1,1,1
68,0,0,2,1,0,1,1,3
68,0,0,2,2,0,1,1,7
68,0,0,3,0,0,1,1,1
68,0,0,3,1,0,1,1,3
68,0,0,3,2,0,1,1,7
68,0,1,1,0,0,1,1,1
68,0,1,1,1,0,1,1,3
68,0,1,1,2,0,1,1,7
68,0,1,2,0,0,1,1,1
68,0,1,2,1,0,1,1,3
68,0,1,2,2,0,1,1,7
68,0,1,3,0,0,1,1,1
68,0,1,3,1,0,1,1,3
68,0,1,3,2,0,1,1,7
68,0,2,1,0,1,1,1,1
68,0,2,1,1,1,1,1,1
68,0,2,1,2,1,1,1,1
68,0,2,2,0,0,1,1,1
68,0,2,2,1,0,1,1,3
68,0,2,2,2,0,1,1,7
68,0,2,3,0,0,1,1,1
68,0,2,3,1,0,1,1,3
68,0,2,3,2,0,1,1,7
68,0,3,1,0,0,1,1,1
68,0,3,1,1,0,1,1,3
68,0,3,1,2,0,1,1,7
68,0,3,2,0,0,1,1,1
68,0,3,2,1,0,1,1,3
68,0,3,2,2,0,1,1,7
68,0,3,3,0,0,1,1,1
68,0,3,3,1,0,1,1,3
68,0,3,3,2,0,1,1,7
68,0,4,1,0,0,1,1,1
68,0,4,1,1,0,1,1,3
68,0,4,1,2,0,1,1,7
68,0,4,2,0,0,1,1,1
68,0,4,2,1,0,1,1,3
68,0,4,2,2,0,1,1,7
68,0,4,3,0,0,1,1,1
68,0,4,3,1,0,1,1,3
68,0,4,3,2,0,1,1,7
68,0,5,1,0,1,1,1,1
68,0,5,1,1,1,1,1,1
68,0,5,1,2,1,1,1,1
68,0,5,2,0,0,1,1,1
68,0,5,2,1,1,1,1,2
68,0,5,2,2,1,1,1,2
68,0,5,3,0,0,1,1,1
68,0,5,3,1,0,1,1,3
68,0,5,3,2,0,1,1,7
68,0,6,1,0,0,1,1,1
68,0,6,1,1,0,1,1,3
68,0,6,1,2,0,1,1,7
68,0,6,2,0,1,1,1,1
68,0,6,2,1,1,1,1,1
68,0,6,2,2,1,1,1,1
68,0,6,3,0,0,1,1,1
68,0,6,3,1,0,1,1,3
68,0,6,3,2,0,1,1,7
68,0,7,1,0,0,1,1,1
68,0,7,1,1,0,1,1,3
68,0,7,1,2,0,1,1,7
68,0,7,2,0,1,1,1,1
68,0,7,2,1,1,1,1,1
68,0,7,2,2,1,1,1,1
68,0,7,3,0,0,1,1,1
68,0,7,3,1,0,1,1,3
68,0,7,3,2,0,1,1,7
68,0,8,1,0,1,1,1,1
68,0,8,1,1,1,1,1,1
68,0,8,1,2,1,1,1,1
68,0,8,2,0,1,1,1,1
68,0,8,2,1,1,1,1,1
68,0,8,2,2,1,1,1,1
68,0,8,3,0,1,1,1,1
68,0,8,3,1,1,1,1,1
68,0,8,3,2,1,1,1,1
68,1,0,1,0,0,1,1,1
68,1,0,1,1,0,1,1,3
68,1,0,1,2,0,1,1,7
68,1,0,2,0,0,1,1,1
68,1,0,2,1,0,1,1,3
68,1,0,2,2,0,1,1,7
68,1,0,3,0,0,1,1,1
68,1,0,3,1,0,1,1,3
68,1,0,3,2,0,1,1,7
68,1,1,1,0,0,1,1,1
68,1,1,1,1,0,1,1,3
68,1,1,1,2,0,1,1,7
68,1,1,2,0,0,1,1,1
68,1,1,2,1,0,1,1,3
68,1,1,2,2,0,1,1,7
68,1,1,3,0,0,1,1,1
68,1,1,3,1,0,1,1,3
68,1,1,3,2,0,1,1,7
68,1,2,1,0,1,1,1,1
68,1,2,1,1,1,1,1,1
68,1,2,1,2,1,1,1,1
68,1,2,2,0,0,1,1,1
68,1,2,2,1,0,1,1,3
68,1,2,2,2,0,1,1,7
68,1,2,3,0,0,1,1,1
68,1,2,3,1,0,1,1,3
68,1,2,3,2,0,1,1,7
68,1,3,1,0,0,1,1,1
68,1,3,1,1,0,1,1,3
68,1,3,1,2,0,1,1,7
68,1,3,2,0,0,1,1,1
68,1,3,2,1,0,1,1,3
68,1,3,2,2,0,1,1,7
68,1,3,3,0,0,1,1,1
68,1,3,3,1,0,1,1,3
68,1,3,3,2,0,1,1,7
68,1,4,1,0,0,1,1,1
68,1,4,1,1,0,1,1,3
68,1,4,1,2,0,1,1,7
68,1,4,2,0,0,1,1,1
68,1,4,2,1,0,1,1,3
68,1,4,2,2,0,1,1,7
68,1,4,3,0,0,1,1,1
68,1,4,3,1,0,1,1,3
68,1,4,3,2,0,1,1,7
68,1,5,1,0,1,1,1,1
68,1,5,1,1,1,1,1,1
68,1,5,1,2,1,1,1,1
68,1,5,2,0,0,1,1,1
68,1,5,2,1,1,1,1,2
68,1,5,2,2,1,1,1,2
68,1,5,3,0,0,1,1,1
68,1,5,3,1,0,1,1,3
68,1,5,3,2,0,1,1,7
68,1,6,1,0,0,1,1,1
68,1,6,1,1,0,1,1,3
68,1,6,1,2,0,1,1,7
68,1,6,2,0,1,1,1,1
68,1,6,2,1,1,1,1,1
68,1,6,2,2,1,1,1,1
68,1,6,3,0,0,1,1,1
68,1,6,3,1,0,1,1,3
68,1,6,3,2,0,1,1,7
68,1,7,1,0,0,1,1,1
68,1,7,1,1,0,1,1,3
68,1,7,1,2,0,1,1,7
68,1,7,2,0,1,1,1,1
68,1,7,2,1,1,1,1,1
68,1,7,2,2,1,1,1,1
68,1,7,3,0,0,1,1,1
68,1,7,3,1,0,1,1,3
68,1,7,3,2,0,1,1,7
68,1,8,1,0,1,1,1,1
68,1,8,1,1,1,1,1,1
68,1,8,1,2,1,1,1,1
68,1,8,2,0,1,1,1,1
68,1,8,2,1,1,1,1,1
68,1,8,2,2,1,1,1,1
68,1,8,3,0,1,1,1,1
68,1,8,3,1,1,1,1,1
68,1,8,3,2,1,1,1,1
69,0,0,1,0,0,1,1,1
69,0,0,1,1,0,1,1,3
69,0,0,1,2,0,1,1,7
69,0,0,2,0,0,1,1,1
69,0,0,2,1,0,1,1,3
69,0,0,2,2,0,1,1,7
69,0,0,3,0,0,1,1,1
69,0,0,3,1,0,1,1,3
69,0,0,3,2,0,1,1,7
69,0,1,1,0,0,1,1,1
69,0,1,1,1,0,1,1,3
69,0,1,1,2,0,1,1,7
69,0,1,2,0,0,1,1,1
69,0,1,2,1,0,1,1,3
69,0,1,2,2,0,1,1,7
69,0,1,3,0,0,1,1,1
69,0,1,3,1,0,1,1,3
69,0,1,3,2,0,1,1,7
69,0,2,1,0,1,1,1,1
69,0,2,1,1,1,1,1,1
69,0,2,1,2,1,1,1,1
69,0,2,2,0,0,1,1,1
69,0,2,2,1,0,1,1,3
69,0,2,2,2,0,1,1,7
69,0,2,3,0,0,1,1,1
69,0,2,3,1,0,1,1,3
69,0,2,3,2,0,1,1,7
69,0,3,1,0,0,1,1,1
69,0,3,1,1,0,1,1,3
69,0,3,1,2,0,1,1,7
69,0,3,2,0,0,1,1,1
69,0,3,2,1,0,1,1,3
69,0,3,2,2,0,1,1,7
69,0,3,3,0,0,1,1,1
69,0,3,3,1,0,1,1,3
69,0,3,3,2,0,1,1,7
69,0,4,1,0,0,1,1,1
69,0,4,1,1,0,1,1,3
69,0,4,1,2,0,1,1,7
69,0,4,2,0,0,1,1,1
69,0,4,2,1,0,1,1,3
69,0,4,2,2,0,1,1,7
69,0,4,3,0,0,1,1,1
69,0,4,3,1,0,1,1,3
69,0,4,3,2,0,1,1,7
69,0,5,1,0,1,1,1,1
69,0,5,1,1,1,1,1,1
69,0,5,1,2,1,1,1,1
69,0,5,2,0,0,1,1,1
69,0,5,2,1,1,1,1,2
69,0,5,2,2,1,1,1,2
69,0,5,3,0,0,1,1,1
69,0,5,3,1,1,1,1,2
69,0,5,3,2,1,1,1,2
69,0,6,1,0,0,1,1,1
69,0,6,1,1,0,1,1,3
69,0,6,1,2,0,1,1,7
69,0,6,2,0,1,1,1,1
69,0,6,2,1,1,1,1,1
69,0,6,2,2,1,1,1,1
69,0,6,3,0,0,1,1,1
69,0,6,3,1,0,1,1,3
69,0,6,3,2,0,1,1,7
69,0,7,1,0,0,1,1,1
69,0,7,1,1,0,1,1,3
69,0,7,1,2,0,1,1,7
69,0,7,2,0,1,1,1,1
69,0,7,2,1,1,1,1,1
69,0,7,2,2,1,1,1,1
69,0,7,3,0,0,1,1,1
69,0,7,3,1,0,1,1,3
69,0,7,3,2,0,1,1,7
69,0,8,1,0,1,1,1,1
69,0,8,1,1,1,1,1,1
69,0,8,1,2,1,1,1,1
69,0,8,2,0,1,1,1,1
69,0,8,2,1,1,1,1,1
69,0,8,2,2,1,1,1,1
69,0,8,3,0,1,1,1,1
69,0,8,3,1,1,1,1,1
69,0,8,3,2,1,1,1,1
69,1,0,1,0,0,1,1,1
69,1,0,1,1,0,1,1,3
69,1,0,1,2,0,1,1,7
69,1,0,2,0,0,1,1,1
69,1,0,2,1,0,1,1,3
69,1,0,2,2,0,1,1,7
69,1,0,3,0,0,1,1,1
69,1,0,3,1,0,1,1,3
69,1,0,3,2,0,1,1,7
69,1,1,1,0,0,1,1,1
69,1,1,1,1,0,1,1,3
69,1,1,1,2,0,1,1,7
69,1,1,2,0,0,1,1,1
69,1,1,2,1,0,1,1,3
69,1,1,2,2,0,1,1,7
69,1,1,3,0,0,1,1,1
69,1,1,3,1,0,1,1,3
69,1,1,3,2,0,1,1,7
69,1,2,1,0,1,1,1,1
69,1,2,1,1,1,1,1,1
69,1,2,1,2,1,1,1,1
69,1,2,2,0,0,1,1,1
69,1,2,2,1,0,1,1,3
69,1,2,2,2,0,1,1,7
69,1,2,3,0,0,1,1,1
69,1,2,3,1,0,1,1,3
69,1,2,3,2,0,1,1,7
69,1,3,1,0,0,1,1,1
69,1,3,1,1,0,1,1,3
69,1,3,1,2,0,1,1,7
69,1,3,2,0,0,1,1,1
69,1,3,2,1,0,1,1,3
69,1,3,2,2,0,1,1,7
69,1,3,3,0,0,1,1,1
69,1,3,3,1,0,1,1,3
69,1,3,3,2,0,1,1,7
69,1,4,1,0,0,1,1,1
69,1,4,1,1,0,1,1,3
69,1,4,1,2,0,1,1,7
69,1,4,2,0,0,1,1,1
69,1,4,2,1,0,1,1,3
69,1,4,2,2,0,1,1,7
69,1,4,3,0,0,1,1,1
69,1,4,3,1,0,1,1,3
69,1,4,3,2,0,1,1,7
69,1,5,1,0,1,1,1,1
69,1,5,1,1,1,1,1,1
69,1,5,1,2,1,1,1,1
69,1,5,2,0,0,1,1,1
69,1,5,2,1,1,1,1,2
69,1,5,2,2,1,1,1,2
69,1,5,3,0,0,1,1,1
69,1,5,3,1,1,1,1,2
69,1,5,3,2,1,1,1,2
69,1,6,1,0,0,1,1,1
69,1,6,1,1,0,1,1,3
69,1,6,1,2,0,1,1,7
69,1,6,2,0,1,1,1,1
69,1,6,2,1,1,1,1,1
69,1,6,2,2,1,1,1,1
69,1,6,3,0,0,1,1,1
69,1,6,3,1,0,1,1,3
69,1,6,3,2,0,1,1,7
69,1,7,1,0,0,1,1,1
69,1,7,1,1,0,1,1,3
69,1,7,1,2,0,1,1,7
69,1,7,2,0,1,1,1,1
69,1,7,2,1,1,1,1,1
69,1,7,2,2,1,1,1,1
69,1,7,3,0,0,1,1,1
69,1,7,3,1,0,1,1,3
69,1,7,3,2,0,1,1,7
69,1,8,1,0,1,1,1,1
69,1,8,1,1,1,1,1,1
69,1,8,1,2,1,1,1,1
69,1,8,2,0,1,1,1,1
69,1,8,2,1,1,1,1,1
69,1,8,2,2,1,1,1,1
69,1,8,3,0,1,1,1,1
69,1,8,3,1,1,1,1,1
69,1,8,3,2,1,1,1,1
70,0,0,1,0,0,1,1,1
70,0,0,1,1,0,1,1,3
70,0,0,1,2,0,1,1,7
70,0,0,2,0,0,1,1,1
70,0,0,2,1,0,1,1,3
70,0,0,2,2,0,1,1,7
70,0,0,3,0,0,1,1,1
70,0,0,3,1,0,1,1,3
70,0,0,3,2,0,1,1,7
70,0,1,1,0,0,1,1,1
70,0,1,1,1,0,1,1,3
70,0,1,1,2,0,1,1,7
70,0,1,2,0,0,1,1,1
70,0,1,2,1,0,1,1,3
70,0,1,2,2,0,1,1,7
70,0,1,3,0,0,1,1,1
70,0,1,3,1,0,1,1,3
70,0,1,3,2,0,1,1,7
70,0,2,1,0,1,1,1,1
70,0,2,1,1,1,1,1,1
70,0,2,1,2,1,1,1,1
70,0,2,2,0,0,1,1,1
70,0,2,2,1,0,1,1,3
70,0,2,2,2,0,1,1,7
70,0,2,3,0,0,1,1,1
70,0,2,3,1,0,1,1,3
70,0,2,3,2,0,1,1,7
70,0,3,1,0,0,1,1,1
70,0,3,1,1,0,1,1,3
70,0,3,1,2,0,1,1,7
70,0,3,2,0,0,1,1,1
70,0,3,2,1,0,1,1,3
70,0,3,2,2,0,1,1,7
70,0,3,3,0,0,1,1,1
70,0,3,3,1,0,1,1,3
70,0,3,3,2,0,1,1,7
70,0,4,1,0,0,1,1,1
70,0,4,1,1,0,1,1,3
70,0,4,1,2,0,1,1,7
70,0,4,2,0,0,1,1,1
70,0,4,2,1,0,1,1,3
70,0,4,2,2,0,1,1,7
70,0,4,3,0,0,1,1,1
70,0,4,3,1,0,1,1,3
70,0,4,3,2,0,1,1,7
70,0,5,1,0,1,1,1,1
70,0,5,1,1,1,1,1,1
70,0,5,1,2,1,1,1,1
70,0,5,2,0,0,1,1,1
70,0,5,2,1,1,1,1,2
70,0,5,2,2,1,1,1,2
70,0,5,3,0,0,1,1,1
70,0,5,3,1,0,1,1,3
70,0,5,3,2,0,1,1,7
70,0,6,1,0,0,1,1,1
70,0,6,1,1,0,1,1,3
70,0,6,1,2,0,1,1,7
70,0,6,2,0,1,1,1,1
70,0,6,2,1,1,1,1,1
70,0,6,2,2,1,1,1,1
70,0,6,3,0,0,1,1,1
70,0,6,3,1,0,1,1,3
70,0,6,3,2,0,1,1,7
70,0,7,1,0,0,1,1,1
70,0,7,1,1,1,1,1,2
70,0,7,1,2,1,1,1,2
70,0,7,2,0,1,1,1,1
70,0,7,2,1,1,1,1,1
70,0,7,2,2,1,1,1,1
70,0,7,3,0,0,1,1,1
70,0,7,3,1,0,1,1,3
70,0,7,3,2,0,1,1,7
70,0,8,1,0,1,1,1,1
70,0,8,1,1,1,1,1,1
70,0,8,1,2,1,1,1,1
70,0,8,2,0,1,1,1,1
70,0,8,2,1,1,1,1,1
70,0,8,2,2,1,1,1,1
70,0,8,3,0,1,1,1,1
70,0,8,3,1,1,1,1,1
70,0,8,3,2,1,1,1,1
70,1,0,1,0,0,1,1,1
70,1,0,1,1,0,1,1,3
70,1,0,1,2,0,1,1,13
70,1,0,2,0,0,1,1,1
70,1,0,2,1,0,1,1,3
70,1,0,2,2,0,1,1,13
70,1,0,3,0,0,1,1,1
70,1,0,3,1,0,1,1,3
70,1,0,3,2,0,1,1,13
70,1,1,1,0,0,1,1,1
70,1,1,1,1,0,1,1,3
70,1,1,1,2,0,1,1,13
70,1,1,2,0,0,1,1,1
70,1,1,2,1,0,1,1,3
70,1,1,2,2,0,1,1,13
70,1,1,3,0,0,1,1,1
70,1,1,3,1,0,1,1,3
70,1,1,3,2,0,1,1,13
70,1,2,1,0,1,1,1,1
70,1,2,1,1,1,1,1,1
70,1,2,1,2,1,1,1,1
70,1,2,2,0,0,1,1,1
70,1,2,2,1,0,1,1,3
70,1,2,2,2,0,1,1,13
70,1,2,3,0,0,1,1,1
70,1,2,3,1,0,1,1,3
70,1,2,3,2,0,1,1,13
70,1,3,1,0,0,1,1,1
70,1,3,1,1,0,1,1,3
70,1,3,1,2,0,1,1,13
70,1,3,2,0,0,1,1,1
70,1,3,2,1,0,1,1,3
70,1,3,2,2,0,1,1,13
70,1,3,3,0,0,1,1,1
70,1,3,3,1,0,1,1,3
70,1,3,3,2,0,1,1,13
70,1,4,1,0,0,1,1,1
70,1,4,1,1,0,1,1,3
70,1,4,1,2,0,1,1,13
70,1,4,2,0,0,1,1,1
70,1,4,2,1,0,1,1,3
70,1,4,2,2,0,1,1,13
70,1,4,3,0,0,1,1,1
70,1,4,3,1,0,1,1,3
70,1,4,3,2,0,1,1,13
70,1,5,1,0,1,1,1,1
70,1,5,1,1,1,1,1,1
70,1,5,1,2,1,1,1,1
70,1,5,2,0,0,1,1,1
70,1,5,2,1,1,1,1,2
70,1,5,2,2,1,1,1,2
70,1,5,3,0,0,1,1,1
70,1,5,3,1,0,1,1,3
70,1,5,3,2,1,1,1,3
70,1,6,1,0,0,1,1,1
70,1,6,1,1,0,1,1,3
70,1,6,1,2,0,1,1,13
70,1,6,2,0,1,1,1,1
70,1,6,2,1,1,1,1,1
70,1,6,2,2,1,1,1,1
70,1,6,3,0,0,1,1,1
70,1,6,3,1,0,1,1,3
70,1,6,3,2,0,1,1,13
70,1,7,1,0,0,1,1,1
70,1,7,1,1,1,1,1,2
70,1,7,1,2,1,1,1,2
70,1,7,2,0,1,1,1,1
70,1,7,2,1,1,1,1,1
70,1,7,2,2,1,1,1,1
70,1,7,3,0,0,1,1,1
70,1,7,3,1,0,1,1,3
70,1,7,3,2,1,1,1,5
70,1,8,1,0,1,1,1,1
70,1,8,1,1,1,1,1,1
70,1,8,1,2,1,1,1,1
70,1,8,2,0,1,1,1,1
70,1,8,2,1,1,1,1,1
70,1,8,2,2,1,1,1,1
70,1,8,3,0,1,1,1,1
70,1,8,3,1,1,1,1,1
70,1,8,3,2,1,1,1,1
71,0,0,1,0,0,1,1,1
71,0,0,1,1,0,1,1,3
71,0,0,1,2,0,1,1,7
71,0,0,2,0,0,1,1,1
71,0,0,2,1,0,1,1,3
71,0,0,2,2,0,1,1,7
71,0,0,3,0,0,1,1,1
71,0,0,3,1,0,1,1,3
71,0,0,3,2,0,1,1,7
71,0,1,1,0,0,1,1,1
71,0,1,1,1,0,1,1,3
71,0,1,1,2,0,1,1,7
71,0,1,2,0,0,1,1,1
71,0,1,2,1,0,1,1,3
71,0,1,2,2,0,1,1,7
71,0,1,3,0,0,1,1,1
71,0,1,3,1,0,1,1,3
71,0,1,3,2,0,1,1,7
71,0,2,1,0,1,1,1,1
71,0,2,1,1,1,1,1,1
71,0,2,1,2,1,1,1,1
71,0,2,2,0,0,1,1,1
71,0,2,2,1,0,1,1,3
71,0,2,2,2,0,1,1,7
71,0,2,3,0,0,1,1,1
71,0,2,3,1,0,1,1,3
71,0,2,3,2,0,1,1,7
71,0,3,1,0,0,1,1,1
71,0,3,1,1,0,1,1,3
71,0,3,1,2,0,1,1,7
71,0,3,2,0,0,1,1,1
71,0,3,2,1,0,1,1,3
71,0,3,2,2,0,1,1,7
71,0,3,3,0,0,1,1,1
71,0,3,3,1,0,1,1,3
71,0,3,3,2,0,1,1,7
71,0,4,1,0,0,1,1,1
71,0,4,1,1,0,1,1,3
71,0,4,1,2,0,1,1,7
71,0,4,2,0,0,1,1,1
71,0,4,2,1,0,1,1,3
71,0,4,2,2,0,1,1,7
71,0,4,3,0,0,1,1,1
71,0,4,3,1,0,1,1,3
71,0,4,3,2,0,1,1,7
71,0,5,1,0,1,1,1,1
71,0,5,1,1,1,1,1,1
71,0,5,1,2,1,1,1,1
71,0,5,2,0,0,1,1,1
71,0,5,2,1,1,1,1,2
71,0,5,2,2,1,1,1,2
71,0,5,3,0,0,1,1,1
71,0,5,3,1,0,1,1,3
71,0,5,3,2,0,1,1,7
71,0,6,1,0,0,1,1,1
71,0,6,1,1,0,1,1,3
71,0,6,1,2,0,1,1,7
71,0,6,2,0,1,1,1,1
71,0,6,2,1,1,1,1,1
71,0,6,2,2,1,1,1,1
71,0,6,3,0,0,1,1,1
71,0,6,3,1,0,1,1,3
71,0,6,3,2,0,1,1,7
71,0,7,1,0,0,1,1,1
71,0,7,1,1,0,1,1,3
71,0,7,1,2,0,1,1,7
71,0,7,2,0,1,1,1,1
71,0,7,2,1,1,1,1,1
71,0,7,2,2,1,1,1,1
71,0,7,3,0,0,1,1,1
71,0,7,3,1,0,1,1,3
71,0,7,3,2,0,1,1,7
71,0,8,1,0,1,1,1,1
71,0,8,1,1,1,1,1,1
71,0,8,1,2,1,1,1,1
71,0,8,2,0,1,1,1,1
71,0,8,2,1,1,1,1,1
71,0,8,2,2,1,1,1,1
71,0,8,3,0,1,1,1,1
71,0,8,3,1,1,1,1,1
71,0,8,3,2,1,1,1,1
71,1,0,1,0,0,1,1,1
71,1,0,1,1,0,1,1,3
71,1,0,1,2,0,1,1,13
71,1,0,2,0,0,1,1,1
71,1,0,2,1,0,1,1,3
71,1,0,2,2,0,1,1,13
71,1,0,3,0,0,1,1,1
71,1,0,3,1,0,1,1,3
71,1,0,3,2,0,1,1,13
71,1,1,1,0,0,1,1,1
71,1,1,1,1,0,1,1,3
71,1,1,1,2,0,1,1,13
71,1,1,2,0,0,1,1,1
71,1,1,2,1,0,1,1,3
71,1,1,2,2,0,1,1,13
71,1,1,3,0,0,1,1,1
71,1,1,3,1,0,1,1,3
71,1,1,3,2,0,1,1,13
71,1,2,1,0,1,1,1,1
71,1,2,1,1,1,1,1,1
71,1,2,1,2,1,1,1,1
71,1,2,2,0,0,1,1,1
71,1,2,2,1,0,1,1,3
71,1,2,2,2,0,1,1,13
71,1,2,3,0,0,1,1,1
71,1,2,3,1,0,1,1,3
71,1,2,3,2,0,1,1,13
71,1,3,1,0,0,1,1,1
71,1,3,1,1,0,1,1,3
71,1,3,1,2,0,1,1,13
71,1,3,2,0,0,1,1,1
71,1,3,2,1,0,1,1,3
71,1,3,2,2,0,1,1,13
71,1,3,3,0,0,1,1,1
71,1,3,3,1,0,1,1,3
71,1,3,3,2,0,1,1,13
71,1,4,1,0,0,1,1,1
71,1,4,1,1,0,1,1,3
71,1,4,1,2,0,1,1,13
71,1,4,2,0,0,1,1,1
71,1,4,2,1,0,1,1,3
71,1,4,2,2,0,1,1,13
71,1,4,3,0,0,1,1,1
71,1,4,3,1,0,1,1,3
71,1,4,3,2,0,1,1,13
71,1,5,1,0,1,1,1,1
71,1,5,1,1,1,1,1,1
71,1,5,1,2,1,1,1,1
71,1,5,2,0,0,1,1,1
71,1,5,2,1,1,1,1,2
71,1,5,2,2,1,1,1,2
71,1,5,3,0,0,1,1,1
71,1,5,3,1,0,1,1,3
71,1,5,3,2,1,1,1,3
71,1,6,1,0,0,1,1,1
71,1,6,1,1,0,1,1,3
71,1,6,1,2,0,1,1,13
71,1,6,2,0,1,1,1,1
71,1,6,2,1,1,1,1,1
71,1,6,2,2,1,1,1,1
71,1,6,3,0,0,1,1,1
71,1,6,3,1,0,1,1,3
71,1,6,3,2,0,1,1,13
71,1,7,1,0,0,1,1,1
71,1,7,1,1,0,1,1,3
71,1,7,1,2,0,1,1,13
71,1,7,2,0,1,1,1,1
71,1,7,2,1,1,1,1,1
71,1,7,2,2,1,1,1,1
71,1,7,3,0,0,1,1,1
71,1,7,3,1,0,1,1,3
71,1,7,3,2,0,1,1,13
71,1,8,1,0,1,1,1,1
71,1,8,1,1,1,1,1,1
71,1,8,1,2,1,1,1,1
71,1,8,2,0,1,1,1,1
71,1,8,2,1,1,1,1,1
71,1,8,2,2,1,1,1,1
71,1,8,3,0,1,1,1,1
71,1,8,3,1,1,1,1,1
71,1,8,3,2,1,1,1,1
72,0,0,1,0,0,1,1,1
72,0,0,1,1,0,1,1,3
72,0,0,1,2,0,1,1,7
72,0,0,2,0,0,1,1,1
72,0,0,2,1,0,1,1,3
72,0,0,2,2,0,1,1,7
72,0,0,3,0,0,1,1,1
72,0,0,3,1,0,1,1,3
72,0,0,3,2,0,1,1,7
72,0,1,1,0,0,1,1,1
72,0,1,1,1,0,1,1,3
72,0,1,1,2,0,1,1,7
72,0,1,2,0,0,1,1,1
72,0,1,2,1,0,1,1,3
72,0,1,2,2,0,1,1,7
72,0,1,3,0,0,1,1,1
72,0,1,3,1,0,1,1,3
72,0,1,3,2,0,1,1,7
72,0,2,1,0,1,1,1,1
72,0,2,1,1,1,1,1,1
72,0,2,1,2,1,1,1,1
72,0,2,2,0,0,1,1,1
72,0,2,2,1,0,1,1,3
72,0,2,2,2,0,1,1,7
72,0,2,3,0,0,1,1,1
72,0,2,3,1,0,1,1,3
72,0,2,3,2,0,1,1,7
72,0,3,1,0,0,1,1,1
72,0,3,1,1,0,1,1,3
72,0,3,1,2,0,1,1,7
72,0,3,2,0,0,1,1,1
72,0,3,2,1,0,1,1,3
72,0,3,2,2,0,1,1,7
72,0,3,3,0,0,1,1,1
72,0,3,3,1,0,1,1,3
72,0,3,3,2,0,1,1,7
72,0,4,1,0,0,1,1,1
72,0,4,1,1,0,1,1,3
72,0,4,1,2,0,1,1,7
72,0,4,2,0,0,1,1,1
72,0,4,2,1,0,1,1,3
72,0,4,2,2,0,1,1,7
72,0,4,3,0,0,1,1,1
72,0,4,3,1,0,1,1,3
72,0,4,3,2,0,1,1,7
72,0,5,1,0,1,1,1,1
72,0,5,1,1,1,1,1,1
72,0,5,1,2,1,1,1,1
72,0,5,2,0,0,1,1,1
72,0,5,2,1,1,1,1,3
72,0,5,2,2,1,1,1,4
72,0,5,3,0,0,1,1,1
72,0,5,3,1,0,1,1,3
72,0,5,3,2,0,1,1,7
72,0,6,1,0,0,1,1,1
72,0,6,1,1,0,1,1,3
72,0,6,1,2,0,1,1,7
72,0,6,2,0,1,1,1,1
72,0,6,2,1,1,1,1,1
72,0,6,2,2,1,1,1,1
72,0,6,3,0,0,1,1,1
72,0,6,3,1,0,1,1,3
72,0,6,3,2,0,1,1,7
72,0,7,1,0,0,1,1,1
72,0,7,1,1,0,1,1,3
72,0,7,1,2,0,1,1,7
72,0,7,2,0,1,1,1,1
72,0,7,2,1,1,1,1,1
72,0,7,2,2,1,1,1,1
72,0,7,3,0,0,1,1,1
72,0,7,3,1,0,1,1,3
72,0,7,3,2,0,1,1,7
72,0,8,1,0,1,1,1,1
72,0,8,1,1,1,1,1,1
72,0,8,1,2,1,1,1,1
72,0,8,2,0,1,1,1,1
72,0,8,2,1,1,1,1,1
72,0,8,2,2,1,1,1,1
72,0,8,3,0,1,1,1,1
72,0,8,3,1,1,1,1,1
72,0,8,3,2,1,1,1,1
72,1,0,1,0,0,1,1,1
72,1,0,1,1,0,1,1,3
72,1,0,1,2,0,1,1,7
72,1,0,2,0,0,1,1,1
72,1,0,2,1,0,1,1,3
72,1,0,2,2,0,1,1,7
72,1,0,3,0,0,1,1,1
72,1,0,3,1,0,1,1,3
72,1,0,3,2,0,1,1,7
72,1,1,1,0,0,1,1,1
72,1,1,1,1,0,1,1,3
72,1,1,1,2,0,1,1,7
72,1,1,2,0,0,1,1,1
72,1,1,2,1,0,1,1,3
72,1,1,2,2,0,1,1,7
72,1,1,3,0,0,1,1,1
72,1,1,3,1,0,1,1,3
72,1,1,3,2,0,1,1,7
72,1,2,1,0,1,1,1,1
72,1,2,1,1,1,1,1,1
72,1,2,1,2,1,1,1,1
72,1,2,2,0,0,1,1,1
72,1,2,2,1,0,1,1,3
72,1,2,2,2,0,1,1,7
72,1,2,3,0,0,1,1,1
72,1,2,3,1,0,1,1,3
72,1,2,3,2,0,1,1,7
72,1,3,1,0,0,1,1,1
72,1,3,1,1,0,1,1,3
72,1,3,1,2,0,1,1,7
72,1,3,2,0,0,1,1,1
72,1,3,2,1,0,1,1,3
72,1,3,2,2,0,1,1,7
72,1,3,3,0,0,1,1,1
72,1,3,3,1,0,1,1,3
72,1,3,3,2,0,1,1,7
72,1,4,1,0,0,1,1,1
72,1,4,1,1,0,1,1,3
72,1,4,1,2,0,1,1,7
72,1,4,2,0,0,1,1,1
72,1,4,2,1,0,1,1,3
72,1,4,2,2,0,1,1,7
72,1,4,3,0,0,1,1,1
72,1,4,3,1,0,1,1,3
72,1,4,3,2,0,1,1,7
72,1,5,1,0,1,1,1,1
72,1,5,1,1,1,1,1,1
72,1,5,1,2,1,1,1,1
72,1,5,2,0,0,1,1,1
72,1,5,2,1,1,1,1,3
72,1,5,2,2,1,1,1,4
72,1,5,3,0,0,1,1,1
72,1,5,3,1,0,1,1,3
72,1,5,3,2,0,1,1,7
72,1,6,1,0,0,1,1,1
72,1,6,1,1,0,1,1,3
72,1,6,1,2,0,1,1,7
72,1,6,2,0,1,1,1,1
72,1,6,2,1,1,1,1,1
72,1,6,2,2,1,1,1,1
72,1,6,3,0,0,1,1,1
72,1,6,3,1,0,1,1,3
72,1,6,3,2,0,1,1,7
72,1,7,1,0,0,1,1,1
72,1,7,1,1,0,1,1,3
72,1,7,1,2,0,1,1,7
72,1,7,2,0,1,1,1,1
72,1,7,2,1,1,1,1,1
72,1,7,2,2,1,1,1,1
72,1,7,3,0,0,1,1,1
72,1,7,3,1,0,1,1,3
72,1,7,3,2,0,1,1,7
72,1,8,1,0,1,1,1,1
72,1,8,1,1,1,1,1,1
72,1,8,1,2,1,1,1,1
72,1,8,2,0,1,1,1,1
72,1,8,2,1,1,1,1,1
72,1,8,2,2,1,1,1,1
72,1,8,3,0,1,1,1,1
72,1,8,3,1,1,1,1,1
72,1,8,3,2,1,1,1,1
73,0,0,1,0,0,1,1,1
73,0,0,1,1,0,1,1,3
73,0,0,1,2,0,1,1,7
73,0,0,2,0,0,1,1,1
73,0,0,2,1,0,1,1,3
73,0,0,2,2,0,1,1,7
73,0,0,3,0,0,1,1,1
73,0,0,3,1,0,1,1,3
73,0,0,3,2,0,1,1,7
73,0,1,1,0,0,1,1,1
73,0,1,1,1,0,1,1,3
73,0,1,1,2,0,1,1,7
73,0,1,2,0,0,1,1,1
73,0,1,2,1,0,1,1,3
73,0,1,2,2,0,1,1,7
73,0,1,3,0,0,1,1,1
73,0,1,3,1,0,1,1,3
73,0,1,3,2,0,1,1,7
73,0,2,1,0,1,1,1,1
73,0,2,1,1,1,1,1,1
73,0,2,1,2,1,1,1,1
73,0,2,2,0,0,1,1,1
73,0,2,2,1,0,1,1,3
73,0,2,2,2,0,1,1,7
73,0,2,3,0,0,1,1,1
73,0,2,3,1,0,1,1,3
73,0,2,3,2,0,1,1,7
73,0,3,1,0,0,1,1,1
73,0,3,1,1,0,1,1,3
73,0,3,1,2,0,1,1,7
73,0,3,2,0,0,1,1,1
73,0,3,2,1,0,1,1,3
73,0,3,2,2,0,1,1,7
73,0,3,3,0,0,1,1,1
73,0,3,3,1,0,1,1,3
73,0,3,3,2,0,1,1,7
73,0,4,1,0,0,1,1,1
73,0,4,1,1,0,1,1,3
73,0,4,1,2,0,1,1,7
73,0,4,2,0,0,1,1,1
73,0,4,2,1,0,1,1,3
73,0,4,2,2,0,1,1,7
73,0,4,3,0,0,1,1,1
73,0,4,3,1,0,1,1,3
73,0,4,3,2,0,1,1,7
73,0,5,1,0,1,1,1,1
73,0,5,1,1,1,1,1,1
73,0,5,1,2,1,1,1,1
73,0,5,2,0,0,1,1,1
73,0,5,2,1,1,1,1,3
73,0,5,2,2,1,1,1,4
73,0,5,3,0,0,1,1,1
73,0,5,3,1,0,1,1,3
73,0,5,3,2,0,1,1,7
73,0,6,1,0,0,1,1,1
73,0,6,1,1,0,1,1,3
73,0,6,1,2,0,1,1,7
73,0,6,2,0,1,1,1,1
73,0,6,2,1,1,1,1,1
73,0,6,2,2,1,1,1,1
73,0,6,3,0,0,1,1,1
73,0,6,3,1,0,1,1,3
73,0,6,3,2,0,1,1,7
73,0,7,1,0,0,1,1,1
73,0,7,1,1,0,1,1,3
73,0,7,1,2,0,1,1,7
73,0,7,2,0,1,1,1,1
73,0,7,2,1,1,1,1,1
73,0,7,2,2,1,1,1,1
73,0,7,3,0,0,1,1,1
73,0,7,3,1,0,1,1,3
73,0,7,3,2,0,1,1,7
73,0,8,1,0,1,1,1,1
73,0,8,1,1,1,1,1,1
73,0,8,1,2,1,1,1,1
73,0,8,2,0,1,1,1,1
73,0,8,2,1,1,1,1,1
73,0,8,2,2,1,1,1,1
73,0,8,3,0,1,1,1,1
73,0,8,3,1,1,1,1,1
73,0,8,3,2,1,1,1,1
73,1,0,1,0,0,1,1,1
73,1,0,1,1,0,1,1,3
73,1,0,1,2,0,1,1,13
73,1,0,2,0,0,1,1,1
73,1,0,2,1,0,1,1,3
73,1,0,2,2,0,1,1,13
73,1,0,3,0,0,1,1,1
73,1,0,3,1,0,1,1,3
73,1,0,3,2,0,1,1,13
73,1,1,1,0,0,1,1,1
73,1,1,1,1,0,1,1,3
73,1,1,1,2,0,1,1,13
73,1,1,2,0,0,1,1,1
73,1,1,2,1,0,1,1,3
73,1,1,2,2,0,1,1,13
73,1,1,3,0,0,1,1,1
73,1,1,3,1,0,1,1,3
73,1,1,3,2,0,1,1,13
73,1,2,1,0,1,1,1,1
73,1,2,1,1,1,1,1,1
73,1,2,1,2,1,1,1,1
73,1,2,2,0,0,1,1,1
73,1,2,2,1,0,1,1,3
73,1,2,2,2,0,1,1,13
73,1,2,3,0,0,1,1,1
73,1,2,3,1,0,1,1,3
73,1,2,3,2,0,1,1,13
73,1,3,1,0,0,1,1,1
73,1,3,1,1,0,1,1,3
73,1,3,1,2,0,1,1,13
73,1,3,2,0,0,1,1,1
73,1,3,2,1,0,1,1,3
73,1,3,2,2,0,1,1,13
73,1,3,3,0,0,1,1,1
73,1,3,3,1,0,1,1,3
73,1,3,3,2,0,1,1,13
73,1,4,1,0,0,1,1,1
73,1,4,1,1,0,1,1,3
73,1,4,1,2,0,1,1,13
73,1,4,2,0,0,1,1,1
73,1,4,2,1,0,1,1,3
73,1,4,2,2,0,1,1,13
73,1,4,3,0,0,1,1,1
73,1,4,3,1,0,1,1,3
73,1,4,3,2,0,1,1,13
73,1,5,1,0,1,1,1,1
73,1,5,1,1,1,1,1,1
73,1,5,1,2,1,1,1,1
73,1,5,2,0,0,1,1,1
73,1,5,2,1,1,1,1,3
73,1,5,2,2,1,1,1,4
73,1,5,3,0,0,1,1,1
73,1,5,3,1,0,1,1,3
73,1,5,3,2,1,1,1,4
73,1,6,1,0,0,1,1,1
73,1,6,1,1,0,1,1,3
73,1,6,1,2,0,1,1,13
73,1,6,2,0,1,1,1,1
73,1,6,2,1,1,1,1,1
73,1,6,2,2,1,1,1,1
73,1,6,3,0,0,1,1,1
73,1,6,3,1,0,1,1,3
73,1,6,3,2,0,1,1,13
73,1,7,1,0,0,1,1,1
73,1,7,1,1,0,1,1,3
73,1,7,1,2,0,1,1,13
73,1,7,2,0,1,1,1,1
73,1,7,2,1,1,1,1,1
73,1,7,2,2,1,1,1,1
73,1,7,3,0,0,1,1,1
73,1,7,3,1,0,1,1,3
73,1,7,3,2,0,1,1,13
73,1,8,1,0,1,1,1,1
73,1,8,1,1,1,1,1,1
73,1,8,1,2,1,1,1,1
73,1,8,2,0,1,1,1,1
73,1,8,2,1,1,1,1,1
73,1,8,2,2,1,1,1,1
73,1,8,3,0,1,1,1,1
73,1,8,3,1,1,1,1,1
73,1,8,3,2,1,1,1,1
74,0,0,1,0,0,1,1,1
74,0,0,1,1,0,1,1,3
74,0,0,1,2,0,1,1,7
74,0,0,2,0,0,1,1,1
74,0,0,2,1,0,1,1,3
74,0,0,2,2,0,1,1,7
74,0,0,3,0,0,1,1,1
74,0,0,3,1,0,1,1,3
74,0,0,3,2,0,1,1,7
74,0,1,1,0,0,1,1,1
74,0,1,1,1,0,1,1,3
74,0,1,1,2,0,1,1,7
74,0,1,2,0,0,1,1,1
74,0,1,2,1,0,1,1,3
74,0,1,2,2,0,1,1,7
74,0,1,3,0,0,1,1,1
74,0,1,3,1,0,1,1,3
74,0,1,3,2,0,1,1,7
74,0,2,1,0,1,1,1,1
74,0,2,1,1,1,1,1,1
74,0,2,1,2,1,1,1,1
74,0,2,2,0,0,1,1,1
74,0,2,2,1,0,1,1,3
74,0,2,2,2,0,1,1,7
74,0,2,3,0,0,1,1,1
74,0,2,3,1,0,1,1,3
74,0,2,3,2,0,1,1,7
74,0,3,1,0,0,1,1,1
74,0,3,1,1,0,1,1,3
74,0,3,1,2,0,1,1,7
74,0,3,2,0,0,1,1,1
74,0,3,2,1,0,1,1,3
74,0,3,2,2,0,1,1,7
74,0,3,3,0,0,1,1,1
74,0,3,3,1,0,1,1,3
74,0,3,3,2,0,1,1,7
74,0,4,1,0,0,1,1,1
74,0,4,1,1,0,1,1,3
74,0,4,1,2,0,1,1,7
74,0,4,2,0,0,1,1,1
74,0,4,2,1,0,1,1,3
74,0,4,2,2,0,1,1,7
74,0,4,3,0,0,1,1,1
74,0,4,3,1,0,1,1,3
74,0,4,3,2,0,1,1,7
74,0,5,1,0,1,1,1,1
74,0,5,1,1,1,1,1,1
74,0,5,1,2,1,1,1,1
74,0,5,2,0,0,1,1,1
74,0,5,2,1,1,1,1,3
74,0,5,2,2,1,1,1,4
74,0,5,3,0,0,1,1,1
74,0,5,3,1,0,1,1,3
74,0,5,3,2,1,1,1,4
74,0,6,1,0,0,1,1,1
74,0,6,1,1,0,1,1,3
74,0,6,1,2,0,1,1,7
74,0,6,2,0,1,1,1,1
74,0,6,2,1,1,1,1,1
74,0,6,2,2,1,1,1,1
74,0,6,3,0,0,1,1,1
74,0,6,3,1,0,1,1,3
74,0,6,3,2,0,1,1,7
74,0,7,1,0,0,1,1,1
74,0,7,1,1,1,1,1,2
74,0,7,1,2,1,1,1,2
74,0,7,2,0,1,1,1,1
74,0,7,2,1,1,1,1,1
74,0,7,2,2,1,1,1,1
74,0,7,3,0,0,1,1,1
74,0,7,3,1,1,1,1,2
74,0,7,3,2,1,1,1,2
74,0,8,1,0,1,1,1,1
74,0,8,1,1,1,1,1,1
74,0,8,1,2,1,1,1,1
74,0,8,2,0,1,1,1,1
74,0,8,2,1,1,1,1,1
74,0,8,2,2,1,1,1,1
74,0,8,3,0,1,1,1,1
74,0,8,3,1,1,1,1,1
74,0,8,3,2,1,1,1,1
74,1,0,1,0,0,1,1,1
74,1,0,1,1,0,1,1,3
74,1,0,1,2,0,1,1,7
74,1,0,2,0,0,1,1,1
74,1,0,2,1,0,1,1,3
74,1,0,2,2,0,1,1,7
74,1,0,3,0,0,1,1,1
74,1,0,3,1,0,1,1,3
74,1,0,3,2,0,1,1,7
74,1,1,1,0,0,1,1,1
74,1,1,1,1,0,1,1,3
74,1,1,1,2,0,1,1,7
74,1,1,2,0,0,1,1,1
74,1,1,2,1,0,1,1,3
74,1,1,2,2,0,1,1,7
74,1,1,3,0,0,1,1,1
74,1,1,3,1,0,1,1,3
74,1,1,3,2,0,1,1,7
74,1,2,1,0,1,1,1,1
74,1,2,1,1,1,1,1,1
74,1,2,1,2,1,1,1,1
74,1,2,2,0,0,1,1,1
74,1,2,2,1,0,1,1,3
74,1,2,2,2,0,1,1,7
74,1,2,3,0,0,1,1,1
74,1,2,3,1,0,1,1,3
74,1,2,3,2,0,1,1,7
74,1,3,1,0,0,1,1,1
74,1,3,1,1,0,1,1,3
74,1,3,1,2,0,1,1,7
74,1,3,2,0,0,1,1,1
74,1,3,2,1,0,1,1,3
74,1,3,2,2,0,1,1,7
74,1,3,3,0,0,1,1,1
74,1,3,3,1,0,1,1,3
74,1,3,3,2,0,1,1,7
74,1,4,1,0,0,1,1,1
74,1,4,1,1,0,1,1,3
74,1,4,1,2,0,1,1,7
74,1,4,2,0,0,1,1,1
74,1,4,2,1,0,1,1,3
74,1,4,2,2,0,1,1,7
74,1,4,3,0,0,1,1,1
74,1,4,3,1,0,1,1,3
74,1,4,3,2,0,1,1,7
74,1,5,1,0,1,1,1,1
74,1,5,1,1,1,1,1,1
74,1,5,1,2,1,1,1,1
74,1,5,2,0,0,1,1,1
74,1,5,2,1,1,1,1,3
74,1,5,2,2,1,1,1,4
74,1,5,3,0,0,1,1,1
74,1,5,3,1,0,1,1,3
74,1,5,3,2,1,1,1,4
74,1,6,1,0,0,1,1,1
74,1,6,1,1,0,1,1,3
74,1,6,1,2,0,1,1,7
74,1,6,2,0,1,1,1,1
74,1,6,2,1,1,1,1,1
74,1,6,2,2,1,1,1,1
74,1,6,3,0,0,1,1,1
74,1,6,3,1,0,1,1,3
74,1,6,3,2,0,1,1,7
74,1,7,1,0,0,1,1,1
74,1,7,1,1,1,1,1,2
74,1,7,1,2,1,1,1,2
74,1,7,2,0,1,1,1,1
74,1,7,2,1,1,1,1,1
74,1,7,2,2,1,1,1,1
74,1,7,3,0,0,1,1,1
74,1,7,3,1,1,1,1,2
74,1,7,3,2,1,1,1,2
74,1,8,1,0,1,1,1,1
74,1,8,1,1,1,1,1,1
74,1,8,1,2,1,1,1,1
74,1,8,2,0,1,1,1,1
74,1,8,2,1,1,1,1,1
74,1,8,2,2,1,1,1,1
74,1,8,3,0,1,1,1,1
74,1,8,3,1,1,1,1,1
74,1,8,3,2,1,1,1,1
75,0,0,1,0,0,1,1,1
75,0,0,1,1,0,1,1,3
75,0,0,1,2,0,1,1,7
75,0,0,2,0,0,1,1,1
75,0,0,2,1,0,1,1,3
75,0,0,2,2,0,1,1,7
75,0,0,3,0,0,1,1,1
75,0,0,3,1,0,1,1,3
75,0,0,3,2,0,1,1,7
75,0,1,1,0,0,1,1,1
75,0,1,1,1,0,1,1,3
75,0,1,1,2,0,1,1,7
75,0,1,2,0,0,1,1,1
75,0,1,2,1,0,1,1,3
75,0,1,2,2,0,1,1,7
75,0,1,3,0,0,1,1,1
75,0,1,3,1,0,1,1,3
75,0,1,3,2,0,1,1,7
75,0,2,1,0,1,1,1,1
75,0,2,1,1,1,1,1,1
75,0,2,1,2,1,1,1,1
75,0,2,2,0,0,1,1,1
75,0,2,2,1,0,1,1,3
75,0,2,2,2,0,1,1,7
75,0,2,3,0,0,1,1,1
75,0,2,3,1,0,1,1,3
75,0,2,3,2,0,1,1,7
75,0,3,1,0,0,1,1,1
75,0,3,1,1,0,1,1,3
75,0,3,1,2,0,1,1,7
75,0,3,2,0,0,1,1,1
75,0,3,2,1,0,1,1,3
75,0,3,2,2,0,1,1,7
75,0,3,3,0,0,1,1,1
75,0,3,3,1,0,1,1,3
75,0,3,3,2,0,1,1,7
75,0,4,1,0,0,1,1,1
75,0,4,1,1,0,1,1,3
75,0,4,1,2,0,1,1,7
75,0,4,2,0,0,1,1,1
75,0,4,2,1,0,1,1,3
75,0,4,2,2,0,1,1,7
75,0,4,3,0,0,1,1,1
75,0,4,3,1,0,1,1,3
75,0,4,3,2,0,1,1,7
75,0,5,1,0,1,1,1,1
75,0,5,1,1,1,1,1,1
75,0,5,1,2,1,1,1,1
75,0,5,2,0,0,1,1,1
75,0,5,2,1,1,1,1,3
75,0,5,2,2,1,1,1,4
75,0,5,3,0,0,1,1,1
75,0,5,3,1,0,1,1,3
75,0,5,3,2,0,1,1,7
75,0,6,1,0,0,1,1,1
75,0,6,1,1,0,1,1,3
75,0,6,1,2,0,1,1,7
75,0,6,2,0,1,1,1,1
75,0,6,2,1,1,1,1,1
75,0,6,2,2,1,1,1,1
75,0,6,3,0,0,1,1,1
75,0,6,3,1,0,1,1,3
75,0,6,3,2,0,1,1,7
75,0,7,1,0,0,1,1,1
75,0,7,1,1,0,1,1,3
75,0,7,1,2,0,1,1,7
75,0,7,2,0,1,1,1,1
75,0,7,2,1,1,1,1,1
75,0,7,2,2,1,1,1,1
75,0,7,3,0,0,1,1,1
75,0,7,3,1,0,1,1,3
75,0,7,3,2,0,1,1,7
75,0,8,1,0,1,1,1,1
75,0,8,1,1,1,1,1,1
75,0,8,1,2,1,1,1,1
75,0,8,2,0,1,1,1,1
75,0,8,2,1,1,1,1,1
75,0,8,2,2,1,1,1,1
75,0,8,3,0,1,1,1,1
75,0,8,3,1,1,1,1,1
75,0,8,3,2,1,1,1,1
75,1,0,1,0,0,1,1,1
75,1,0,1,1,0,1,1,3
75,1,0,1,2,0,1,1,13
75,1,0,2,0,0,1,1,1
75,1,0,2,1,0,1,1,3
75,1,0,2,2,0,1,1,13
75,1,0,3,0,0,1,1,1
75,1,0,3,1,0,1,1,3
75,1,0,3,2,0,1,1,13
75,1,1,1,0,0,1,1,1
75,1,1,1,1,0,1,1,3
75,1,1,1,2,0,1,1,13
75,1,1,2,0,0,1,1,1
75,1,1,2,1,0,1,1,3
75,1,1,2,2,0,1,1,13
75,1,1,3,0,0,1,1,1
75,1,1,3,1,0,1,1,3
75,1,1,3,2,0,1,1,13
75,1,2,1,0,1,1,1,1
75,1,2,1,1,1,1,1,1
75,1,2,1,2,1,1,1,1
75,1,2,2,0,0,1,1,1
75,1,2,2,1,0,1,1,3
75,1,2,2,2,0,1,1,13
75,1,2,3,0,0,1,1,1
75,1,2,3,1,0,1,1,3
75,1,2,3,2,0,1,1,13
75,1,3,1,0,0,1,1,1
75,1,3,1,1,0,1,1,3
75,1,3,1,2,0,1,1,13
75,1,3,2,0,0,1,1,1
75,1,3,2,1,0,1,1,3
75,1,3,2,2,0,1,1,13
75,1,3,3,0,0,1,1,1
75,1,3,3,1,0,1,1,3
75,1,3,3,2,0,1,1,13
75,1,4,1,0,0,1,1,1
75,1,4,1,1,0,1,1,3
75,1,4,1,2,0,1,1,13
75,1,4,2,0,0,1,1,1
75,1,4,2,1,0,1,1,3
75,1,4,2,2,0,1,1,13
75,1,4,3,0,0,1,1,1
75,1,4,3,1,0,1,1,3
75,1,4,3,2,0,1,1,13
75,1,5,1,0,1,1,1,1
75,1,5,1,1,1,1,1,1
75,1,5,1,2,1,1,1,1
75,1,5,2,0,0,1,1,1
75,1,5,2,1,1,1,1,3
75,1,5,2,2,1,1,1,4
75,1,5,3,0,0,1,1,1
75,1,5,3,1,0,1,1,3
75,1,5,3,2,1,1,1,4
75,1,6,1,0,0,1,1,1
75,1,6,1,1,0,1,1,3
75,1,6,1,2,0,1,1,13
75,1,6,2,0,1,1,1,1
75,1,6,2,1,1,1,1,1
75,1,6,2,2,1,1,1,1
75,1,6,3,0,0,1,1,1
75,1,6,3,1,0,1,1,3
75,1,6,3,2,0,1,1,13
75,1,7,1,0,0,1,1,1
75,1,7,1,1,0,1,1,3
75,1,7,1,2,0,1,1,13
75,1,7,2,0,1,1,1,1
75,1,7,2,1,1,1,1,1
75,1,7,2,2,1,1,1,1
75,1,7,3,0,0,1,1,1
75,1,7,3,1,0,1,1,3
75,1,7,3,2,0,1,1,13
75,1,8,1,0,1,1,1,1
75,1,8,1,1,1,1,1,1
75,1,8,1,2,1,1,1,1
75,1,8,2,0,1,1,1,1
75,1,8,2,1,1,1,1,1
75,1,8,2,2,1,1,1,1
75,1,8,3,0,1,1,1,1
75,1,8,3,1,1,1,1,1
75,1,8,3,2,1,1,1,1
76,0,0,1,0,0,1,1,1
76,0,0,1,1,0,1,1,3
76,0,0,1,2,0,1,1,7
76,0,0,2,0,0,1,1,1
76,0,0,2,1,0,1,1,3
76,0,0,2,2,0,1,1,7
76,0,0,3,0,0,1,1,1
76,0,0,3,1,0,1,1,3
76,0,0,3,2,0,1,1,7
76,0,1,1,0,0,1,1,1
76,0,1,1,1,0,1,1,3
76,0,1,1,2,0,1,1,7
76,0,1,2,0,0,1,1,1
76,0,1,2,1,0,1,1,3
76,0,1,2,2,0,1,1,7
76,0,1,3,0,0,1,1,1
76,0,1,3,1,0,1,1,3
76,0,1,3,2,0,1,1,7
76,0,2,1,0,1,1,1,1
76,0,2,1,1,1,1,1,1
76,0,2,1,2,1,1,1,1
76,0,2,2,0,0,1,1,1
76,0,2,2,1,0,1,1,3
76,0,2,2,2,0,1,1,7
76,0,2,3,0,0,1,1,1
76,0,2,3,1,0,1,1,3
76,0,2,3,2,0,1,1,7
76,0,3,1,0,0,1,1,1
76,0,3,1,1,0,1,1,3
76,0,3,1,2,0,1,1,7
76,0,3,2,0,0,1,1,1
76,0,3,2,1,0,1,1,3
76,0,3,2,2,0,1,1,7
76,0,3,3,0,0,1,1,1
76,0,3,3,1,0,1,1,3
76,0,3,3,2,0,1,1,7
76,0,4,1,0,0,1,1,1
76,0,4,1,1,0,1,1,3
76,0,4,1,2,0,1,1,7
76,0,4,2,0,0,1,1,1
76,0,4,2,1,0,1,1,3
76,0,4,2,2,0,1,1,7
76,0,4,3,0,0,1,1,1
76,0,4,3,1,0,1,1,3
76,0,4,3,2,0,1,1,7
76,0,5,1,0,1,1,1,1
76,0,5,1,1,1,1,1,1
76,0,5,1,2,1,1,1,1
76,0,5,2,0,0,1,1,1
76,0,5,2,1,1,1,1,3
76,0,5,2,2,1,1,1,5
76,0,5,3,0,0,1,1,1
76,0,5,3,1,0,1,1,3
76,0,5,3,2,0,1,1,7
76,0,6,1,0,0,1,1,1
76,0,6,1,1,0,1,1,3
76,0,6,1,2,0,1,1,7
76,0,6,2,0,1,1,1,1
76,0,6,2,1,1,1,1,1
76,0,6,2,2,1,1,1,1
76,0,6,3,0,0,1,1,1
76,0,6,3,1,0,1,1,3
76,0,6,3,2,0,1,1,7
76,0,7,1,0,0,1,1,1
76,0,7,1,1,0,1,1,3
76,0,7,1,2,0,1,1,7
76,0,7,2,0,1,1,1,1
76,0,7,2,1,1,1,1,1
76,0,7,2,2,1,1,1,1
76,0,7,3,0,0,1,1,1
76,0,7,3,1,0,1,1,3
76,0,7,3,2,0,1,1,7
76,0,8,1,0,1,1,1,1
76,0,8,1,1,1,1,1,1
76,0,8,1,2,1,1,1,1
76,0,8,2,0,1,1,1,1
76,0,8,2,1,1,1,1,1
76,0,8,2,2,1,1,1,1
76,0,8,3,0,1,1,1,1
76,0,8,3,1,1,1,1,1
76,0,8,3,2,1,1,1,1
76,1,0,1,0,0,1,1,1
76,1,0,1,1,0,1,1,3
76,1,0,1,2,0,1,1,13
76,1,0,2,0,0,1,1,1
76,1,0,2,1,0,1,1,3
76,1,0,2,2,0,1,1,13
76,1,0,3,0,0,1,1,1
76,1,0,3,1,0,1,1,3
76,1,0,3,2,0,1,1,13
76,1,1,1,0,0,1,1,1
76,1,1,1,1,0,1,1,3
76,1,1,1,2,0,1,1,13
76,1,1,2,0,0,1,1,1
76,1,1,2,1,0,1,1,3
76,1,1,2,2,0,1,1,13
76,1,1,3,0,0,1,1,1
76,1,1,3,1,0,1,1,3
76,1,1,3,2,0,1,1,13
76,1,2,1,0,1,1,1,1
76,1,2,1,1,1,1,1,1
76,1,2,1,2,1,1,1,1
76,1,2,2,0,0,1,1,1
76,1,2,2,1,0,1,1,3
76,1,2,2,2,0,1,1,13
76,1,2,3,0,0,1,1,1
76,1,2,3,1,0,1,1,3
76,1,2,3,2,0,1,1,13
76,1,3,1,0,0,1,1,1
76,1,3,1,1,0,1,1,3
76,1,3,1,2,0,1,1,13
76,1,3,2,0,0,1,1,1
76,1,3,2,1,0,1,1,3
76,1,3,2,2,0,1,1,13
76,1,3,3,0,0,1,1,1
76,1,3,3,1,0,1,1,3
76,1,3,3,2,0,1,1,13
76,1,4,1,0,0,1,1,1
76,1,4,1,1,0,1,1,3
76,1,4,1,2,0,1,1,13
76,1,4,2,0,0,1,1,1
76,1,4,2,1,0,1,1,3
76,1,4,2,2,0,1,1,13
76,1,4,3,0,0,1,1,1
76,1,4,3,1,0,1,1,3
76,1,4,3,2,0,1,1,13
76,1,5,1,0,1,1,1,1
76,1,5,1,1,1,1,1,1
76,1,5,1,2,1,1,1,1
76,1,5,2,0,0,1,1,1
76,1,5,2,1,1,1,1,3
76,1,5,2,2,1,1,1,4
76,1,5,3,0,0,1,1,1
76,1,5,3,1,0,1,1,3
76,1,5,3,2,0,1,1,13
76,1,6,1,0,0,1,1,1
76,1,6,1,1,0,1,1,3
76,1,6,1,2,0,1,1,13
76,1,6,2,0,1,1,1,1
76,1,6,2,1,1,1,1,1
76,1,6,2,2,1,1,1,1
76,1,6,3,0,0,1,1,1
76,1,6,3,1,0,1,1,3
76,1,6,3,2,0,1,1,13
76,1,7,1,0,0,1,1,1
76,1,7,1,1,0,1,1,3
76,1,7,1,2,0,1,1,13
76,1,7,2,0,1,1,1,1
76,1,7,2,1,1,1,1,1
76,1,7,2,2,1,1,1,1
76,1,7,3,0,0,1,1,1
76,1,7,3,1,0,1,1,3
76,1,7,3,2,0,1,1,13
76,1,8,1,0,1,1,1,1
76,1,8,1,1,1,1,1,1
76,1,8,1,2,1,1,1,1
76,1,8,2,0,1,1,1,1
76,1,8,2,1,1,1,1,1
76,1,8,2,2,1,1,1,1
76,1,8,3,0,1,1,1,1
76,1,8,3,1,1,1,1,1
76,1,8,3,2,1,1,1,1
77,0,0,1,0,0,1,1,1
77,0,0,1,1,0,1,1,3
77,0,0,1,2,0,1,1,7
77,0,0,2,0,0,1,1,1
77,0,0,2,1,0,1,1,3
77,0,0,2,2,0,1,1,7
77,0,0,3,0,0,1,1,1
77,0,0,3,1,0,1,1,3
77,0,0,3,2,0,1,1,7
77,0,1,1,0,0,1,1,1
77,0,1,1,1,0,1,1,3
77,0,1,1,2,0,1,1,7
77,0,1,2,0,0,1,1,1
77,0,1,2,1,0,1,1,3
77,0,1,2,2,0,1,1,7
77,0,1,3,0,0,1,1,1
77,0,1,3,1,0,1,1,3
77,0,1,3,2,0,1,1,7
77,0,2,1,0,1,1,1,1
77,0,2,1,1,1,1,1,1
77,0,2,1,2,1,1,1,1
77,0,2,2,0,0,1,1,1
77,0,2,2,1,0,1,1,3
77,0,2,2,2,0,1,1,7
77,0,2,3,0,0,1,1,1
77,0,2,3,1,0,1,1,3
77,0,2,3,2,0,1,1,7
77,0,3,1,0,0,1,1,1
77,0,3,1,1,0,1,1,3
77,0,3,1,2,0,1,1,7
77,0,3,2,0,0,1,1,1
77,0,3,2,1,0,1,1,3
77,0,3,2,2,0,1,1,7
77,0,3,3,0,0,1,1,1
77,0,3,3,1,0,1,1,3
77,0,3,3,2,0,1,1,7
77,0,4,1,0,0,1,1,1
77,0,4,1,1,0,1,1,3
77,0,4,1,2,0,1,1,7
77,0,4,2,0,0,1,1,1
77,0,4,2,1,0,1,1,3
77,0,4,2,2,0,1,1,7
77,0,4,3,0,0,1,1,1
77,0,4,3,1,0,1,1,3
77,0,4,3,2,0,1,1,7
77,0,5,1,0,1,1,1,1
77,0,5,1,1,1,1,1,1
77,0,5,1,2,1,1,1,1
77,0,5,2,0,0,1,1,1
77,0,5,2,1,1,1,1,3
77,0,5,2,2,1,1,1,5
77,0,5,3,0,0,1,1,1
77,0,5,3,1,0,1,1,3
77,0,5,3,2,0,1,1,7
77,0,6,1,0,0,1,1,1
77,0,6,1,1,0,1,1,3
77,0,6,1,2,0,1,1,7
77,0,6,2,0,1,1,1,1
77,0,6,2,1,1,1,1,1
77,0,6,2,2,1,1,1,1
77,0,6,3,0,0,1,1,1
77,0,6,3,1,0,1,1,3
77,0,6,3,2,0,1,1,7
77,0,7,1,0,0,1,1,1
77,0,7,1,1,0,1,1,3
77,0,7,1,2,0,1,1,7
77,0,7,2,0,1,1,1,1
77,0,7,2,1,1,1,1,1
77,0,7,2,2,1,1,1,1
77,0,7,3,0,0,1,1,1
77,0,7,3,1,0,1,1,3
77,0,7,3,2,0,1,1,7
77,0,8,1,0,1,1,1,1
77,0,8,1,1,1,1,1,1
77,0,8,1,2,1,1,1,1
77,0,8,2,0,1,1,1,1
77,0,8,2,1,1,1,1,1
77,0,8,2,2,1,1,1,1
77,0,8,3,0,1,1,1,1
77,0,8,3,1,1,1,1,1
77,0,8,3,2,1,1,1,1
77,1,0,1,0,0,1,1,1
77,1,0,1,1,0,1,1,3
77,1,0,1,2,0,1,1,13
77,1,0,2,0,0,1,1,1
77,1,0,2,1,0,1,1,3
77,1,0,2,2,0,1,1,13
77,1,0,3,0,0,1,1,1
77,1,0,3,1,0,1,1,3
77,1,0,3,2,0,1,1,13
77,1,1,1,0,0,1,1,1
77,1,1,1,1,0,1,1,3
77,1,1,1,2,0,1,1,13
77,1,1,2,0,0,1,1,1
77,1,1,2,1,0,1,1,3
77,1,1,2,2,0,1,1,13
77,1,1,3,0,0,1,1,1
77,1,1,3,1,0,1,1,3
77,1,1,3,2,0,1,1,13
77,1,2,1,0,1,1,1,1
77,1,2,1,1,1,1,1,1
77,1,2,1,2,1,1,1,1
77,1,2,2,0,0,1,1,1
77,1,2,2,1,0,1,1,3
77,1,2,2,2,0,1,1,13
77,1,2,3,0,0,1,1,1
77,1,2,3,1,0,1,1,3
77,1,2,3,2,0,1,1,13
77,1,3,1,0,0,1,1,1
77,1,3,1,1,0,1,1,3
77,1,3,1,2,0,1,1,13
77,1,3,2,0,0,1,1,1
77,1,3,2,1,0,1,1,3
77,1,3,2,2,0,1,1,13
77,1,3,3,0,0,1,1,1
77,1,3,3,1,0,1,1,3
77,1,3,3,2,0,1,1,13
77,1,4,1,0,0,1,1,1
77,1,4,1,1,0,1,1,3
77,1,4,1,2,0,1,1,13
77,1,4,2,0,0,1,1,1
77,1,4,2,1,0,1,1,3
77,1,4,2,2,0,1,1,13
77,1,4,3,0,0,1,1,1
77,1,4,3,1,0,1,1,3
77,1,4,3,2,0,1,1,13
77,1,5,1,0,1,1,1,1
77,1,5,1,1,1,1,1,1
77,1,5,1,2,1,1,1,1
77,1,5,2,0,0,1,1,1
77,1,5,2,1,1,1,1,3
77,1,5,2,2,1,1,1,4
77,1,5,3,0,0,1,1,1
77,1,5,3,1,0,1,1,3
77,1,5,3,2,1,1,1,4
77,1,6,1,0,0,1,1,1
77,1,6,1,1,0,1,1,3
77,1,6,1,2,0,1,1,13
77,1,6,2,0,1,1,1,1
77,1,6,2,1,1,1,1,1
77,1,6,2,2,1,1,1,1
77,1,6,3,0,0,1,1,1
77,1,6,3,1,0,1,1,3
77,1,6,3,2,0,1,1,13
77,1,7,1,0,0,1,1,1
77,1,7,1,1,0,1,1,3
77,1,7,1,2,0,1,1,13
77,1,7,2,0,1,1,1,1
77,1,7,2,1,1,1,1,1
77,1,7,2,2,1,1,1,1
77,1,7,3,0,0,1,1,1
77,1,7,3,1,0,1,1,3
77,1,7,3,2,0,1,1,13
77,1,8,1,0,1,1,1,1
77,1,8,1,1,1,1,1,1
77,1,8,1,2,1,1,1,1
77,1,8,2,0,1,1,1,1
77,1,8,2,1,1,1,1,1
77,1,8,2,2,1,1,1,1
77,1,8,3,0,1,1,1,1
77,1,8,3,1,1,1,1,1
77,1,8,3,2,1,1,1,1
78,0,0,1,0,0,1,1,1
78,0,0,1,1,0,1,1,3
78,0,0,1,2,0,1,1,7
78,0,0,2,0,0,1,1,1
78,0,0,2,1,0,1,1,3
78,0,0,2,2,0,1,1,7
78,0,0,3,0,0,1,1,1
78,0,0,3,1,0,1,1,3
78,0,0,3,2,0,1,1,7
78,0,1,1,0,0,1,1,1
78,0,1,1,1,0,1,1,3
78,0,1,1,2,0,1,1,7
78,0,1,2,0,0,1,1,1
78,0,1,2,1,0,1,1,3
78,0,1,2,2,0,1,1,7
78,0,1,3,0,0,1,1,1
78,0,1,3,1,0,1,1,3
78,0,1,3,2,0,1,1,7
78,0,2,1,0,1,1,1,1
78,0,2,1,1,1,1,1,1
78,0,2,1,2,1,1,1,1
78,0,2,2,0,0,1,1,1
78,0,2,2,1,0,1,1,3
78,0,2,2,2,0,1,1,7
78,0,2,3,0,0,1,1,1
78,0,2,3,1,0,1,1,3
78,0,2,3,2,0,1,1,7
78,0,3,1,0,0,1,1,1
78,0,3,1,1,0,1,1,3
78,0,3,1,2,0,1,1,7
78,0,3,2,0,0,1,1,1
78,0,3,2,1,0,1,1,3
78,0,3,2,2,0,1,1,7
78,0,3,3,0,0,1,1,1
78,0,3,3,1,0,1,1,3
78,0,3,3,2,0,1,1,7
78,0,4,1,0,0,1,1,1
78,0,4,1,1,0,1,1,3
78,0,4,1,2,0,1,1,7
78,0,4,2,0,0,1,1,1
78,0,4,2,1,0,1,1,3
78,0,4,2,2,0,1,1,7
78,0,4,3,0,0,1,1,1
78,0,4,3,1,0,1,1,3
78,0,4,3,2,0,1,1,7
78,0,5,1,0,1,1,1,1
78,0,5,1,1,1,1,1,1
78,0,5,1,2,1,1,1,1
78,0,5,2,0,0,1,1,1
78,0,5,2,1,1,1,1,3
78,0,5,2,2,1,1,1,5
78,0,5,3,0,0,1,1,1
78,0,5,3,1,0,1,1,3
78,0,5,3,2,0,1,1,7
78,0,6,1,0,0,1,1,1
78,0,6,1,1,0,1,1,3
78,0,6,1,2,0,1,1,7
78,0,6,2,0,1,1,1,1
78,0,6,2,1,1,1,1,1
78,0,6,2,2,1,1,1,1
78,0,6,3,0,0,1,1,1
78,0,6,3,1,0,1,1,3
78,0,6,3,2,0,1,1,7
78,0,7,1,0,0,1,1,1
78,0,7,1,1,1,1,1,2
78,0,7,1,2,1,1,1,2
78,0,7,2,0,1,1,1,1
78,0,7,2,1,1,1,1,1
78,0,7,2,2,1,1,1,1
78,0,7,3,0,0,1,1,1
78,0,7,3,1,0,1,1,3
78,0,7,3,2,0,1,1,7
78,0,8,1,0,1,1,1,1
78,0,8,1,1,1,1,1,1
78,0,8,1,2,1,1,1,1
78,0,8,2,0,1,1,1,1
78,0,8,2,1,1,1,1,1
78,0,8,2,2,1,1,1,1
78,0,8,3,0,1,1,1,1
78,0,8,3,1,1,1,1,1
78,0,8,3,2,1,1,1,1
78,1,0,1,0,0,1,1,1
78,1,0,1,1,0,1,1,3
78,1,0,1,2,0,1,1,13
78,1,0,2,0,0,1,1,1
78,1,0,2,1,0,1,1,3
78,1,0,2,2,0,1,1,13
78,1,0,3,0,0,1,1,1
78,1,0,3,1,0,1,1,3
78,1,0,3,2,0,1,1,13
78,1,1,1,0,0,1,1,1
78,1,1,1,1,0,1,1,3
78,1,1,1,2,0,1,1,13
78,1,1,2,0,0,1,1,1
78,1,1,2,1,0,1,1,3
78,1,1,2,2,0,1,1,13
78,1,1,3,0,0,1,1,1
78,1,1,3,1,0,1,1,3
78,1,1,3,2,0,1,1,13
78,1,2,1,0,1,1,1,1
78,1,2,1,1,1,1,1,1
78,1,2,1,2,1,1,1,1
78,1,2,2,0,0,1,1,1
78,1,2,2,1,0,1,1,3
78,1,2,2,2,0,1,1,13
78,1,2,3,0,0,1,1,1
78,1,2,3,1,0,1,1,3
78,1,2,3,2,0,1,1,13
78,1,3,1,0,0,1,1,1
78,1,3,1,1,0,1,1,3
78,1,3,1,2,0,1,1,13
78,1,3,2,0,0,1,1,1
78,1,3,2,1,0,1,1,3
78,1,3,2,2,0,1,1,13
78,1,3,3,0,0,1,1,1
78,1,3,3,1,0,1,1,3
78,1,3,3,2,0,1,1,13
78,1,4,1,0,0,1,1,1
78,1,4,1,1,0,1,1,3
78,1,4,1,2,0,1,1,13
78,1,4,2,0,0,1,1,1
78,1,4,2,1,0,1,1,3
78,1,4,2,2,0,1,1,13
78,1,4,3,0,0,1,1,1
78,1,4,3,1,0,1,1,3
78,1,4,3,2,0,1,1,13
78,1,5,1,0,1,1,1,1
78,1,5,1,1,1,1,1,1
78,1,5,1,2,1,1,1,1
78,1,5,2,0,0,1,1,1
78,1,5,2,1,1,1,1,3
78,1,5,2,2,1,1,1,4
78,1,5,3,0,0,1,1,1
78,1,5,3,1,0,1,1,3
78,1,5,3,2,1,1,1,4
78,1,6,1,0,0,1,1,1
78,1,6,1,1,0,1,1,3
78,1,6,1,2,0,1,1,13
78,1,6,2,0,1,1,1,1
78,1,6,2,1,1,1,1,1
78,1,6,2,2,1,1,1,1
78,1,6,3,0,0,1,1,1
78,1,6,3,1,0,1,1,3
78,1,6,3,2,0,1,1,13
78,1,7,1,0,0,1,1,1
78,1,7,1,1,1,1,1,2
78,1,7,1,2,1,1,1,2
78,1,7,2,0,1,1,1,1
78,1,7,2,1,1,1,1,1
78,1,7,2,2,1,1,1,1
78,1,7,3,0,0,1,1,1
78,1,7,3,1,0,1,1,3
78,1,7,3,2,1,1,1,5
78,1,8,1,0,1,1,1,1
78,1,8,1,1,1,1,1,1
78,1,8,1,2,1,1,1,1
78,1,8,2,0,1,1,1,1
78,1,8,2,1,1,1,1,1
78,1,8,2,2,1,1,1,1
78,1,8,3,0,1,1,1,1
78,1,8,3,1,1,1,1,1
78,1,8,3,2,1,1,1,1
79,0,0,1,0,0,1,1,1
79,0,0,1,1,0,1,1,3
79,0,0,1,2,0,1,1,7
79,0,0,2,0,0,1,1,1
79,0,0,2,1,0,1,1,3
79,0,0,2,2,0,1,1,7
79,0,0,3,0,0,1,1,1
79,0,0,3,1,0,1,1,3
79,0,0,3,2,0,1,1,7
79,0,1,1,0,0,1,1,1
79,0,1,1,1,0,1,1,3
79,0,1,1,2,0,1,1,7
79,0,1,2,0,0,1,1,1
79,0,1,2,1,0,1,1,3
79,0,1,2,2,0,1,1,7
79,0,1,3,0,0,1,1,1
79,0,1,3,1,0,1,1,3
79,0,1,3,2,0,1,1,7
79,0,2,1,0,1,1,1,1
79,0,2,1,1,1,1,1,1
79,0,2,1,2,1,1,1,1
79,0,2,2,0,0,1,1,1
79,0,2,2,1,0,1,1,3
79,0,2,2,2,0,1,1,7
79,0,2,3,0,0,1,1,1
79,0,2,3,1,0,1,1,3
79,0,2,3,2,0,1,1,7
79,0,3,1,0,0,1,1,1
79,0,3,1,1,0,1,1,3
79,0,3,1,2,0,1,1,7
79,0,3,2,0,0,1,1,1
79,0,3,2,1,0,1,1,3
79,0,3,2,2,0,1,1,7
79,0,3,3,0,0,1,1,1
79,0,3,3,1,0,1,1,3
79,0,3,3,2,0,1,1,7
79,0,4,1,0,0,1,1,1
79,0,4,1,1,0,1,1,3
79,0,4,1,2,0,1,1,7
79,0,4,2,0,0,1,1,1
79,0,4,2,1,0,1,1,3
79,0,4,2,2,0,1,1,7
79,0,4,3,0,0,1,1,1
79,0,4,3,1,0,1,1,3
79,0,4,3,2,0,1,1,7
79,0,5,1,0,1,1,1,1
79,0,5,1,1,1,1,1,1
79,0,5,1,2,1,1,1,1
79,0,5,2,0,0,1,1,1
79,0,5,2,1,1,1,1,3
79,0,5,2,2,1,1,1,5
79,0,5,3,0,0,1,1,1
79,0,5,3,1,0,1,1,3
79,0,5,3,2,0,1,1,7
79,0,6,1,0,0,1,1,1
79,0,6,1,1,0,1,1,3
79,0,6,1,2,0,1,1,7
79,0,6,2,0,1,1,1,1
79,0,6,2,1,1,1,1,1
79,0,6,2,2,1,1,1,1
79,0,6,3,0,0,1,1,1
79,0,6,3,1,0,1,1,3
79,0,6,3,2,0,1,1,7
79,0,7,1,0,0,1,1,1
79,0,7,1,1,0,1,1,3
79,0,7,1,2,0,1,1,7
79,0,7,2,0,1,1,1,1
79,0,7,2,1,1,1,1,1
79,0,7,2,2,1,1,1,1
79,0,7,3,0,0,1,1,1
79,0,7,3,1,0,1,1,3
79,0,7,3,2,0,1,1,7
79,0,8,1,0,1,1,1,1
79,0,8,1,1,1,1,1,1
79,0,8,1,2,1,1,1,1
79,0,8,2,0,1,1,1,1
79,0,8,2,1,1,1,1,1
79,0,8,2,2,1,1,1,1
79,0,8,3,0,1,1,1,1
79,0,8,3,1,1,1,1,1
79,0,8,3,2,1,1,1,1
79,1,0,1,0,0,1,1,1
79,1,0,1,1,0,1,1,3
79,1,0,1,2,0,1,1,13
79,1,0,2,0,0,1,1,1
79,1,0,2,1,0,1,1,3
79,1,0,2,2,0,1,1,13
79,1,0,3,0,0,1,1,1
79,1,0,3,1,0,1,1,3
79,1,0,3,2,0,1,1,13
79,1,1,1,0,0,1,1,1
79,1,1,1,1,0,1,1,3
79,1,1,1,2,0,1,1,13
79,1,1,2,0,0,1,1,1
79,1,1,2,1,0,1,1,3
79,1,1,2,2,0,1,1,13
79,1,1,3,0,0,1,1,1
79,1,1,3,1,0,1,1,3
79,1,1,3,2,0,1,1,13
79,1,2,1,0,1,1,1,1
79,1,2,1,1,1,1,1,1
79,1,2,1,2,1,1,1,1
79,1,2,2,0,0,1,1,1
79,1,2,2,1,0,1,1,3
79,1,2,2,2,0,1,1,13
79,1,2,3,0,0,1,1,1
79,1,2,3,1,0,1,1,3
79,1,2,3,2,0,1,1,13
79,1,3,1,0,0,1,1,1
79,1,3,1,1,0,1,1,3
79,1,3,1,2,0,1,1,13
79,1,3,2,0,0,1,1,1
79,1,3,2,1,0,1,1,3
79,1,3,2,2,0,1,1,13
79,1,3,3,0,0,1,1,1
79,1,3,3,1,0,1,1,3
79,1,3,3,2,0,1,1,13
79,1,4,1,0,0,1,1,1
79,1,4,1,1,0,1,1,3
79,1,4,1,2,0,1,1,13
79,1,4,2,0,0,1,1,1
79,1,4,2,1,0,1,1,3
79,1,4,2,2,0,1,1,13
79,1,4,3,0,0,1,1,1
79,1,4,3,1,0,1,1,3
79,1,4,3,2,0,1,1,13
79,1,5,1,0,1,1,1,1
79,1,5,1,1,1,1,1,1
79,1,5,1,2,1,1,1,1
79,1,5,2,0,0,1,1,1
79,1,5,2,1,1,1,1,3
79,1,5,2,2,1,1,1,4
79,1,5,3,0,0,1,1,1
79,1,5,3,1,0,1,1,3
79,1,5,3,2,1,1,1,4
79,1,6,1,0,0,1,1,1
79,1,6,1,1,0,1,1,3
79,1,6,1,2,0,1,1,13
79,1,6,2,0,1,1,1,1
79,1,6,2,1,1,1,1,1
79,1,6,2,2,1,1,1,1
79,1,6,3,0,0,1,1,1
79,1,6,3,1,0,1,1,3
79,1,6,3,2,0,1,1,13
79,1,7,1,0,0,1,1,1
79,1,7,1,1,0,1,1,3
79,1,7,1,2,0,1,1,13
79,1,7,2,0,1,1,1,1
79,1,7,2,1,1,1,1,1
79,1,7,2,2,1,1,1,1
79,1,7,3,0,0,1,1,1
79,1,7,3,1,0,1,1,3
79,1,7,3,2,0,1,1,13
79,1,8,1,0,1,1,1,1
79,1,8,1,1,1,1,1,1
79,1,8,1,2,1,1,1,1
79,1,8,2,0,1,1,1,1
79,1,8,2,1,1,1,1,1
79,1,8,2,2,1,1,1,1
79,1,8,3,0,1,1,1,1
79,1,8,3,1,1,1,1,1
79,1,8,3,2,1,1,1,1
80,0,0,1,0,0,1,1,1
80,0,0,1,1,0,1,1,3
80,0,0,1,2,0,1,1,5
80,0,0,2,0,0,1,1,1
80,0,0,2,1,0,1,1,3
80,0,0,2,2,0,1,1,5
80,0,0,3,0,0,1,1,1
80,0,0,3,1,0,1,1,3
80,0,0,3,2,0,1,1,5
80,0,1,1,0,0,1,1,1
80,0,1,1,1,0,1,1,3
80,0,1,1,2,0,1,1,5
80,0,1,2,0,0,1,1,1
80,0,1,2,1,0,1,1,3
80,0,1,2,2,0,1,1,5
80,0,1,3,0,0,1,1,1
80,0,1,3,1,0,1,1,3
80,0,1,3,2,0,1,1,5
80,0,2,1,0,1,1,1,1
80,0,2,1,1,1,1,1,1
80,0,2,1,2,1,1,1,1
80,0,2,2,0,0,1,1,1
80,0,2,2,1,0,1,1,3
80,0,2,2,2,0,1,1,5
80,0,2,3,0,0,1,1,1
80,0,2,3,1,0,1,1,3
80,0,2,3,2,0,1,1,5
80,0,3,1,0,0,1,1,1
80,0,3,1,1,0,1,1,3
80,0,3,1,2,0,1,1,5
80,0,3,2,0,0,1,1,1
80,0,3,2,1,0,1,1,3
80,0,3,2,2,0,1,1,5
80,0,3,3,0,0,1,1,1
80,0,3,3,1,0,1,1,3
80,0,3,3,2,0,1,1,5
80,0,4,1,0,0,1,1,1
80,0,4,1,1,0,1,1,3
80,0,4,1,2,0,1,1,5
80,0,4,2,0,0,1,1,1
80,0,4,2,1,0,1,1,3
80,0,4,2,2,0,1,1,5
80,0,4,3,0,0,1,1,1
80,0,4,3,1,0,1,1,3
80,0,4,3,2,0,1,1,5
80,0,5,1,0,1,1,1,1
80,0,5,1,1,1,1,1,1
80,0,5,1,2,1,1,1,1
80,0,5,2,0,0,1,1,1
80,0,5,2,1,1,1,1,3
80,0,5,2,2,1,1,1,3
80,0,5,3,0,0,1,1,1
80,0,5,3,1,1,1,1,3
80,0,5,3,2,1,1,1,3
80,0,6,1,0,0,1,1,1
80,0,6,1,1,0,1,1,3
80,0,6,1,2,0,1,1,5
80,0,6,2,0,1,1,1,1
80,0,6,2,1,1,1,1,1
80,0,6,2,2,1,1,1,1
80,0,6,3,0,0,1,1,1
80,0,6,3,1,0,1,1,3
80,0,6,3,2,0,1,1,5
80,0,7,1,0,0,1,1,1
80,0,7,1,1,0,1,1,3
80,0,7,1,2,0,1,1,5
80,0,7,2,0,1,1,1,1
80,0,7,2,1,1,1,1,1
80,0,7,2,2,1,1,1,1
80,0,7,3,0,0,1,1,1
80,0,7,3,1,0,1,1,3
80,0,7,3,2,0,1,1,5
80,0,8,1,0,1,1,1,1
80,0,8,1,1,1,1,1,1
80,0,8,1,2,1,1,1,1
80,0,8,2,0,1,1,1,1
80,0,8,2,1,1,1,1,1
80,0,8,2,2,1,1,1,1
80,0,8,3,0,1,1,1,1
80,0,8,3,1,1,1,1,1
80,0,8,3,2,1,1,1,1
80,1,0,1,0,0,1,1,1
80,1,0,1,1,0,1,1,3
80,1,0,1,2,0,1,1,5
80,1,0,2,0,0,1,1,1
80,1,0,2,1,0,1,1,3
80,1,0,2,2,0,1,1,5
80,1,0,3,0,0,1,1,1
80,1,0,3,1,0,1,1,3
80,1,0,3,2,0,1,1,5
80,1,1,1,0,0,1,1,1
80,1,1,1,1,0,1,1,3
80,1,1,1,2,0,1,1,5
80,1,1,2,0,0,1,1,1
80,1,1,2,1,0,1,1,3
80,1,1,2,2,0,1,1,5
80,1,1,3,0,0,1,1,1
80,1,1,3,1,0,1,1,3
80,1,1,3,2,0,1,1,5
80,1,2,1,0,1,1,1,1
80,1,2,1,1,1,1,1,1
80,1,2,1,2,1,1,1,1
80,1,2,2,0,0,1,1,1
80,1,2,2,1,0,1,1,3
80,1,2,2,2,0,1,1,5
80,1,2,3,0,0,1,1,1
80,1,2,3,1,0,1,1,3
80,1,2,3,2,0,1,1,5
80,1,3,1,0,0,1,1,1
80,1,3,1,1,0,1,1,3
80,1,3,1,2,0,1,1,5
80,1,3,2,0,0,1,1,1
80,1,3,2,1,0,1,1,3
80,1,3,2,2,0,1,1,5
80,1,3,3,0,0,1,1,1
80,1,3,3,1,0,1,1,3
80,1,3,3,2,0,1,1,5
80,1,4,1,0,0,1,1,1
80,1,4,1,1,0,1,1,3
80,1,4,1,2,0,1,1,5
80,1,4,2,0,0,1,1,1
80,1,4,2,1,0,1,1,3
80,1,4,2,2,0,1,1,5
80,1,4,3,0,0,1,1,1
80,1,4,3,1,0,1,1,3
80,1,4,3,2,0,1,1,5
80,1,5,1,0,1,1,1,1
80,1,5,1,1,1,1,1,1
80,1,5,1,2,1,1,1,1
80,1,5,2,0,0,1,1,1
80,1,5,2,1,1,1,1,3
80,1,5,2,2,1,1,1,3
80,1,5,3,0,0,1,1,1
80,1,5,3,1,1,1,1,3
80,1,5,3,2,1,1,1,3
80,1,6,1,0,0,1,1,1
80,1,6,1,1,0,1,1,3
80,1,6,1,2,0,1,1,5
80,1,6,2,0,1,1,1,1
80,1,6,2,1,1,1,1,1
80,1,6,2,2,1,1,1,1
80,1,6,3,0,0,1,1,1
80,1,6,3,1,0,1,1,3
80,1,6,3,2,0,1,1,5
80,1,7,1,0,0,1,1,1
80,1,7,1,1,0,1,1,3
80,1,7,1,2,0,1,1,5
80,1,7,2,0,1,1,1,1
80,1,7,2,1,1,1,1,1
80,1,7,2,2,1,1,1,1
80,1,7,3,0,0,1,1,1
80,1,7,3,1,0,1,1,3
80,1,7,3,2,0,1,1,5
80,1,8,1,0,1,1,1,1
80,1,8,1,1,1,1,1,1
80,1,8,1,2,1,1,1,1
80,1,8,2,0,1,1,1,1
80,1,8,2,1,1,1,1,1
80,1,8,2,2,1,1,1,1
80,1,8,3,0,1,1,1,1
80,1,8,3,1,1,1,1,1
80,1,8,3,2,1,1,1,1
81,0,0,1,0,0,1,1,1
81,0,0,1,1,0,1,1,3
81,0,0,1,2,0,1,1,7
81,0,0,2,0,0,1,1,1
81,0,0,2,1,0,1,1,3
81,0,0,2,2,0,1,1,7
81,0,0,3,0,0,1,1,1
81,0,0,3,1,0,1,1,3
81,0,0,3,2,0,1,1,7
81,0,1,1,0,0,1,1,1
81,0,1,1,1,0,1,1,3
81,0,1,1,2,0,1,1,7
81,0,1,2,0,0,1,1,1
81,0,1,2,1,0,1,1,3
81,0,1,2,2,0,1,1,7
81,0,1,3,0,0,1,1,1
81,0,1,3,1,0,1,1,3
81,0,1,3,2,0,1,1,7
81,0,2,1,0,1,1,1,1
81,0,2,1,1,1,1,1,1
81,0,2,1,2,1,1,1,1
81,0,2,2,0,0,1,1,1
81,0,2,2,1,0,1,1,3
81,0,2,2,2,0,1,1,7
81,0,2,3,0,0,1,1,1
81,0,2,3,1,0,1,1,3
81,0,2,3,2,0,1,1,7
81,0,3,1,0,0,1,1,1
81,0,3,1,1,0,1,1,3
81,0,3,1,2,0,1,1,7
81,0,3,2,0,0,1,1,1
81,0,3,2,1,0,1,1,3
81,0,3,2,2,0,1,1,7
81,0,3,3,0,0,1,1,1
81,0,3,3,1,0,1,1,3
81,0,3,3,2,0,1,1,7
81,0,4,1,0,0,1,1,1
81,0,4,1,1,0,1,1,3
81,0,4,1,2,0,1,1,7
81,0,4,2,0,0,1,1,1
81,0,4,2,1,0,1,1,3
81,0,4,2,2,0,1,1,7
81,0,4,3,0,0,1,1,1
81,0,4,3,1,0,1,1,3
81,0,4,3,2,0,1,1,7
81,0,5,1,0,1,1,1,1
81,0,5,1,1,1,1,1,1
81,0,5,1,2,1,1,1,1
81,0,5,2,0,0,1,1,1
81,0,5,2,1,1,1,1,3
81,0,5,2,2,1,1,1,5
81,0,5,3,0,0,1,1,1
81,0,5,3,1,1,1,1,3
81,0,5,3,2,1,1,1,5
81,0,6,1,0,0,1,1,1
81,0,6,1,1,0,1,1,3
81,0,6,1,2,0,1,1,7
81,0,6,2,0,1,1,1,1
81,0,6,2,1,1,1,1,1
81,0,6,2,2,1,1,1,1
81,0,6,3,0,0,1,1,1
81,0,6,3,1,0,1,1,3
81,0,6,3,2,0,1,1,7
81,0,7,1,0,0,1,1,1
81,0,7,1,1,0,1,1,3
81,0,7,1,2,0,1,1,7
81,0,7,2,0,1,1,1,1
81,0,7,2,1,1,1,1,1
81,0,7,2,2,1,1,1,1
81,0,7,3,0,0,1,1,1
81,0,7,3,1,0,1,1,3
81,0,7,3,2,0,1,1,7
81,0,8,1,0,1,1,1,1
81,0,8,1,1,1,1,1,1
81,0,8,1,2,1,1,1,1
81,0,8,2,0,1,1,1,1
81,0,8,2,1,1,1,1,1
81,0,8,2,2,1,1,1,1
81,0,8,3,0,1,1,1,1
81,0,8,3,1,1,1,1,1
81,0,8,3,2,1,1,1,1
81,1,0,1,0,0,1,1,1
81,1,0,1,1,0,1,1,3
81,1,0,1,2,0,1,1,7
81,1,0,2,0,0,1,1,1
81,1,0,2,1,0,1,1,3
81,1,0,2,2,0,1,1,7
81,1,0,3,0,0,1,1,1
81,1,0,3,1,0,1,1,3
81,1,0,3,2,0,1,1,7
81,1,1,1,0,0,1,1,1
81,1,1,1,1,0,1,1,3
81,1,1,1,2,0,1,1,7
81,1,1,2,0,0,1,1,1
81,1,1,2,1,0,1,1,3
81,1,1,2,2,0,1,1,7
81,1,1,3,0,0,1,1,1
81,1,1,3,1,0,1,1,3
81,1,1,3,2,0,1,1,7
81,1,2,1,0,1,1,1,1
81,1,2,1,1,1,1,1,1
81,1,2,1,2,1,1,1,1
81,1,2,2,0,0,1,1,1
81,1,2,2,1,0,1,1,3
81,1,2,2,2,0,1,1,7
81,1,2,3,0,0,1,1,1
81,1,2,3,1,0,1,1,3
81,1,2,3,2,0,1,1,7
81,1,3,1,0,0,1,1,1
81,1,3,1,1,0,1,1,3
81,1,3,1,2,0,1,1,7
81,1,3,2,0,0,1,1,1
81,1,3,2,1,0,1,1,3
81,1,3,2,2,0,1,1,7
81,1,3,3,0,0,1,1,1
81,1,3,3,1,0,1,1,3
81,1,3,3,2,0,1,1,7
81,1,4,1,0,0,1,1,1
81,1,4,1,1,0,1,1,3
81,1,4,1,2,0,1,1,7
81,1,4,2,0,0,1,1,1
81,1,4,2,1,0,1,1,3
81,1,4,2,2,0,1,1,7
81,1,4,3,0,0,1,1,1
81,1,4,3,1,0,1,1,3
81,1,4,3,2,0,1,1,7
81,1,5,1,0,1,1,1,1
81,1,5,1,1,1,1,1,1
81,1,5,1,2,1,1,1,1
81,1,5,2,0,0,1,1,1
81,1,5,2,1,1,1,1,3
81,1,5,2,2,1,1,1,5
81,1,5,3,0,0,1,1,1
81,1,5,3,1,1,1,1,3
81,1,5,3,2,1,1,1,5
81,1,6,1,0,0,1,1,1
81,1,6,1,1,0,1,1,3
81,1,6,1,2,0,1,1,7
81,1,6,2,0,1,1,1,1
81,1,6,2,1,1,1,1,1
81,1,6,2,2,1,1,1,1
81,1,6,3,0,0,1,1,1
81,1,6,3,1,0,1,1,3
81,1,6,3,2,0,1,1,7
81,1,7,1,0,0,1,1,1
81,1,7,1,1,0,1,1,3
81,1,7,1,2,0,1,1,7
81,1,7,2,0,1,1,1,1
81,1,7,2,1,1,1,1,1
81,1,7,2,2,1,1,1,1
81,1,7,3,0,0,1,1,1
81,1,7,3,1,0,1,1,3
81,1,7,3,2,0,1,1,7
81,1,8,1,0,1,1,1,1
81,1,8,1,1,1,1,1,1
81,1,8,1,2,1,1,1,1
81,1,8,2,0,1,1,1,1
81,1,8,2,1,1,1,1,1
81,1,8,2,2,1,1,1,1
81,1,8,3,0,1,1,1,1
81,1,8,3,1,1,1,1,1
81,1,8,3,2,1,1,1,1
82,0,0,1,0,0,1,1,1
82,0,0,1,1,0,1,1,3
82,0,0,1,2,0,1,1,7
82,0,0,2,0,0,1,1,1
82,0,0,2,1,0,1,1,3
82,0,0,2,2,0,1,1,7
82,0,0,3,0,0,1,1,1
82,0,0,3,1,0,1,1,3
82,0,0,3,2,0,1,1,7
82,0,1,1,0,0,1,1,1
82,0,1,1,1,0,1,1,3
82,0,1,1,2,0,1,1,7
82,0,1,2,0,0,1,1,1
82,0,1,2,1,0,1,1,3
82,0,1,2,2,0,1,1,7
82,0,1,3,0,0,1,1,1
82,0,1,3,1,0,1,1,3
82,0,1,3,2,0,1,1,7
82,0,2,1,0,1,1,1,1
82,0,2,1,1,1,1,1,1
82,0,2,1,2,1,1,1,1
82,0,2,2,0,0,1,1,1
82,0,2,2,1,0,1,1,3
82,0,2,2,2,0,1,1,7
82,0,2,3,0,0,1,1,1
82,0,2,3,1,0,1,1,3
82,0,2,3,2,0,1,1,7
82,0,3,1,0,0,1,1,1
82,0,3,1,1,0,1,1,3
82,0,3,1,2,0,1,1,7
82,0,3,2,0,0,1,1,1
82,0,3,2,1,0,1,1,3
82,0,3,2,2,0,1,1,7
82,0,3,3,0,0,1,1,1
82,0,3,3,1,0,1,1,3
82,0,3,3,2,0,1,1,7
82,0,4,1,0,0,1,1,1
82,0,4,1,1,0,1,1,3
82,0,4,1,2,0,1,1,7
82,0,4,2,0,0,1,1,1
82,0,4,2,1,0,1,1,3
82,0,4,2,2,0,1,1,7
82,0,4,3,0,0,1,1,1
82,0,4,3,1,0,1,1,3
82,0,4,3,2,0,1,1,7
82,0,5,1,0,1,1,1,1
82,0,5,1,1,1,1,1,1
82,0,5,1,2,1,1,1,1
82,0,5,2,0,0,1,1,1
82,0,5,2,1,1,1,1,3
82,0,5,2,2,1,1,1,5
82,0,5,3,0,0,1,1,1
82,0,5,3,1,1,1,1,3
82,0,5,3,2,1,1,1,5
82,0,6,1,0,0,1,1,1
82,0,6,1,1,0,1,1,3
82,0,6,1,2,0,1,1,7
82,0,6,2,0,1,1,1,1
82,0,6,2,1,1,1,1,1
82,0,6,2,2,1,1,1,1
82,0,6,3,0,0,1,1,1
82,0,6,3,1,0,1,1,3
82,0,6,3,2,0,1,1,7
82,0,7,1,0,0,1,1,1
82,0,7,1,1,1,1,1,2
82,0,7,1,2,1,1,1,2
82,0,7,2,0,1,1,1,1
82,0,7,2,1,1,1,1,1
82,0,7,2,2,1,1,1,1
82,0,7,3,0,0,1,1,1
82,0,7,3,1,0,1,1,3
82,0,7,3,2,1,1,1,6
82,0,8,1,0,1,1,1,1
82,0,8,1,1,1,1,1,1
82,0,8,1,2,1,1,1,1
82,0,8,2,0,1,1,1,1
82,0,8,2,1,1,1,1,1
82,0,8,2,2,1,1,1,1
82,0,8,3,0,1,1,1,1
82,0,8,3,1,1,1,1,1
82,0,8,3,2,1,1,1,1
82,1,0,1,0,0,1,1,1
82,1,0,1,1,0,1,1,3
82,1,0,1,2,0,1,1,7
82,1,0,2,0,0,1,1,1
82,1,0,2,1,0,1,1,3
82,1,0,2,2,0,1,1,7
82,1,0,3,0,0,1,1,1
82,1,0,3,1,0,1,1,3
82,1,0,3,2,0,1,1,7
82,1,1,1,0,0,1,1,1
82,1,1,1,1,0,1,1,3
82,1,1,1,2,0,1,1,7
82,1,1,2,0,0,1,1,1
82,1,1,2,1,0,1,1,3
82,1,1,2,2,0,1,1,7
82,1,1,3,0,0,1,1,1
82,1,1,3,1,0,1,1,3
82,1,1,3,2,0,1,1,7
82,1,2,1,0,1,1,1,1
82,1,2,1,1,1,1,1,1
82,1,2,1,2,1,1,1,1
82,1,2,2,0,0,1,1,1
82,1,2,2,1,0,1,1,3
82,1,2,2,2,0,1,1,7
82,1,2,3,0,0,1,1,1
82,1,2,3,1,0,1,1,3
82,1,2,3,2,0,1,1,7
82,1,3,1,0,0,1,1,1
82,1,3,1,1,0,1,1,3
82,1,3,1,2,0,1,1,7
82,1,3,2,0,0,1,1,1
82,1,3,2,1,0,1,1,3
82,1,3,2,2,0,1,1,7
82,1,3,3,0,0,1,1,1
82,1,3,3,1,0,1,1,3
82,1,3,3,2,0,1,1,7
82,1,4,1,0,0,1,1,1
82,1,4,1,1,0,1,1,3
82,1,4,1,2,0,1,1,7
82,1,4,2,0,0,1,1,1
82,1,4,2,1,0,1,1,3
82,1,4,2,2,0,1,1,7
82,1,4,3,0,0,1,1,1
82,1,4,3,1,0,1,1,3
82,1,4,3,2,0,1,1,7
82,1,5,1,0,1,1,1,1
82,1,5,1,1,1,1,1,1
82,1,5,1,2,1,1,1,1
82,1,5,2,0,0,1,1,1
82,1,5,2,1,1,1,1,3
82,1,5,2,2,1,1,1,5
82,1,5,3,0,0,1,1,1
82,1,5,3,1,1,1,1,3
82,1,5,3,2,1,1,1,5
82,1,6,1,0,0,1,1,1
82,1,6,1,1,0,1,1,3
82,1,6,1,2,0,1,1,7
82,1,6,2,0,1,1,1,1
82,1,6,2,1,1,1,1,1
82,1,6,2,2,1,1,1,1
82,1,6,3,0,0,1,1,1
82,1,6,3,1,0,1,1,3
82,1,6,3,2,0,1,1,7
82,1,7,1,0,0,1,1,1
82,1,7,1,1,1,1,1,2
82,1,7,1,2,1,1,1,2
82,1,7,2,0,1,1,1,1
82,1,7,2,1,1,1,1,1
82,1,7,2,2,1,1,1,1
82,1,7,3,0,0,1,1,1
82,1,7,3,1,0,1,1,3
82,1,7,3,2,1,1,1,6
82,1,8,1,0,1,1,1,1
82,1,8,1,1,1,1,1,1
82,1,8,1,2,1,1,1,1
82,1,8,2,0,1,1,1,1
82,1,8,2,1,1,1,1,1
82,1,8,2,2,1,1,1,1
82,1,8,3,0,1,1,1,1
82,1,8,3,1,1,1,1,1
82,1,8,3,2,1,1,1,1
83,0,0,1,0,0,1,1,1
83,0,0,1,1,0,1,1,3
83,0,0,1,2,0,1,1,7
83,0,0,2,0,0,1,1,1
83,0,0,2,1,0,1,1,3
83,0,0,2,2,0,1,1,7
83,0,0,3,0,0,1,1,1
83,0,0,3,1,0,1,1,3
83,0,0,3,2,0,1,1,7
83,0,1,1,0,0,1,1,1
83,0,1,1,1,0,1,1,3
83,0,1,1,2,0,1,1,7
83,0,1,2,0,0,1,1,1
83,0,1,2,1,0,1,1,3
83,0,1,2,2,0,1,1,7
83,0,1,3,0,0,1,1,1
83,0,1,3,1,0,1,1,3
83,0,1,3,2,0,1,1,7
83,0,2,1,0,1,1,1,1
83,0,2,1,1,1,1,1,1
83,0,2,1,2,1,1,1,1
83,0,2,2,0,0,1,1,1
83,0,2,2,1,0,1,1,3
83,0,2,2,2,0,1,1,7
83,0,2,3,0,0,1,1,1
83,0,2,3,1,0,1,1,3
83,0,2,3,2,0,1,1,7
83,0,3,1,0,0,1,1,1
83,0,3,1,1,0,1,1,3
83,0,3,1,2,0,1,1,7
83,0,3,2,0,0,1,1,1
83,0,3,2,1,0,1,1,3
83,0,3,2,2,0,1,1,7
83,0,3,3,0,0,1,1,1
83,0,3,3,1,0,1,1,3
83,0,3,3,2,0,1,1,7
83,0,4,1,0,0,1,1,1
83,0,4,1,1,0,1,1,3
83,0,4,1,2,0,1,1,7
83,0,4,2,0,0,1,1,1
83,0,4,2,1,0,1,1,3
83,0,4,2,2,0,1,1,7
83,0,4,3,0,0,1,1,1
83,0,4,3,1,0,1,1,3
83,0,4,3,2,0,1,1,7
83,0,5,1,0,1,1,1,1
83,0,5,1,1,1,1,1,1
83,0,5,1,2,1,1,1,1
83,0,5,2,0,0,1,1,1
83,0,5,2,1,1,1,1,3
83,0,5,2,2,1,1,1,5
83,0,5,3,0,0,1,1,1
83,0,5,3,1,1,1,1,3
83,0,5,3,2,1,1,1,5
83,0,6,1,0,0,1,1,1
83,0,6,1,1,0,1,1,3
83,0,6,1,2,0,1,1,7
83,0,6,2,0,1,1,1,1
83,0,6,2,1,1,1,1,1
83,0,6,2,2,1,1,1,1
83,0,6,3,0,0,1,1,1
83,0,6,3,1,0,1,1,3
83,0,6,3,2,0,1,1,7
83,0,7,1,0,0,1,1,1
83,0,7,1,1,0,1,1,3
83,0,7,1,2,0,1,1,7
83,0,7,2,0,1,1,1,1
83,0,7,2,1,1,1,1,1
83,0,7,2,2,1,1,1,1
83,0,7,3,0,0,1,1,1
83,0,7,3,1,0,1,1,3
83,0,7,3,2,0,1,1,7
83,0,8,1,0,1,1,1,1
83,0,8,1,1,1,1,1,1
83,0,8,1,2,1,1,1,1
83,0,8,2,0,1,1,1,1
83,0,8,2,1,1,1,1,1
83,0,8,2,2,1,1,1,1
83,0,8,3,0,1,1,1,1
83,0,8,3,1,1,1,1,1
83,0,8,3,2,1,1,1,1
83,1,0,1,0,0,1,1,1
83,1,0,1,1,0,1,1,3
83,1,0,1,2,0,1,1,13
83,1,0,2,0,0,1,1,1
83,1,0,2,1,0,1,1,3
83,1,0,2,2,0,1,1,13
83,1,0,3,0,0,1,1,1
83,1,0,3,1,0,1,1,3
83,1,0,3,2,0,1,1,13
83,1,1,1,0,0,1,1,1
83,1,1,1,1,0,1,1,3
83,1,1,1,2,0,1,1,13
83,1,1,2,0,0,1,1,1
83,1,1,2,1,0,1,1,3
83,1,1,2,2,0,1,1,13
83,1,1,3,0,0,1,1,1
83,1,1,3,1,0,1,1,3
83,1,1,3,2,0,1,1,13
83,1,2,1,0,1,1,1,1
83,1,2,1,1,1,1,1,1
83,1,2,1,2,1,1,1,1
83,1,2,2,0,0,1,1,1
83,1,2,2,1,0,1,1,3
83,1,2,2,2,0,1,1,13
83,1,2,3,0,0,1,1,1
83,1,2,3,1,0,1,1,3
83,1,2,3,2,0,1,1,13
83,1,3,1,0,0,1,1,1
83,1,3,1,1,0,1,1,3
83,1,3,1,2,0,1,1,13
83,1,3,2,0,0,1,1,1
83,1,3,2,1,0,1,1,3
83,1,3,2,2,0,1,1,13
83,1,3,3,0,0,1,1,1
83,1,3,3,1,0,1,1,3
83,1,3,3,2,0,1,1,13
83,1,4,1,0,0,1,1,1
83,1,4,1,1,0,1,1,3
83,1,4,1,2,0,1,1,13
83,1,4,2,0,0,1,1,1
83,1,4,2,1,0,1,1,3
83,1,4,2,2,0,1,1,13
83,1,4,3,0,0,1,1,1
83,1,4,3,1,0,1,1,3
83,1,4,3,2,0,1,1,13
83,1,5,1,0,1,1,1,1
83,1,5,1,1,1,1,1,1
83,1,5,1,2,1,1,1,1
83,1,5,2,0,0,1,1,1
83,1,5,2,1,1,1,1,3
83,1,5,2,2,1,1,1,11
83,1,5,3,0,0,1,1,1
83,1,5,3,1,1,1,1,3
83,1,5,3,2,1,1,1,11
83,1,6,1,0,0,1,1,1
83,1,6,1,1,0,1,1,3
83,1,6,1,2,0,1,1,13
83,1,6,2,0,1,1,1,1
83,1,6,2,1,1,1,1,1
83,1,6,2,2,1,1,1,1
83,1,6,3,0,0,1,1,1
83,1,6,3,1,0,1,1,3
83,1,6,3,2,0,1,1,13
83,1,7,1,0,0,1,1,1
83,1,7,1,1,0,1,1,3
83,1,7,1,2,0,1,1,13
83,1,7,2,0,1,1,1,1
83,1,7,2,1,1,1,1,1
83,1,7,2,2,1,1,1,1
83,1,7,3,0,0,1,1,1
83,1,7,3,1,0,1,1,3
83,1,7,3,2,0,1,1,13
83,1,8,1,0,1,1,1,1
83,1,8,1,1,1,1,1,1
83,1,8,1,2,1,1,1,1
83,1,8,2,0,1,1,1,1
83,1,8,2,1,1,1,1,1
83,1,8,2,2,1,1,1,1
83,1,8,3,0,1,1,1,1
83,1,8,3,1,1,1,1,1
83,1,8,3,2,1,1,1,1
84,0,0,1,0,0,1,1,1
84,0,0,1,1,0,1,1,3
84,0,0,1,2,0,1,1,7
84,0,0,2,0,0,1,1,1
84,0,0,2,1,0,1,1,3
84,0,0,2,2,0,1,1,7
84,0,0,3,0,0,1,1,1
84,0,0,3,1,0,1,1,3
84,0,0,3,2,0,1,1,7
84,0,1,1,0,0,1,1,1
84,0,1,1,1,0,1,1,3
84,0,1,1,2,0,1,1,7
84,0,1,2,0,0,1,1,1
84,0,1,2,1,0,1,1,3
84,0,1,2,2,0,1,1,7
84,0,1,3,0,0,1,1,1
84,0,1,3,1,0,1,1,3
84,0,1,3,2,0,1,1,7
84,0,2,1,0,1,1,1,1
84,0,2,1,1,1,1,1,1
84,0,2,1,2,1,1,1,1
84,0,2,2,0,0,1,1,1
84,0,2,2,1,0,1,1,3
84,0,2,2,2,0,1,1,7
84,0,2,3,0,0,1,1,1
84,0,2,3,1,0,1,1,3
84,0,2,3,2,0,1,1,7
84,0,3,1,0,0,1,1,1
84,0,3,1,1,0,1,1,3
84,0,3,1,2,0,1,1,7
84,0,3,2,0,0,1,1,1
84,0,3,2,1,0,1,1,3
84,0,3,2,2,0,1,1,7
84,0,3,3,0,0,1,1,1
84,0,3,3,1,0,1,1,3
84,0,3,3,2,0,1,1,7
84,0,4,1,0,0,1,1,1
84,0,4,1,1,0,1,1,3
84,0,4,1,2,0,1,1,7
84,0,4,2,0,0,1,1,1
84,0,4,2,1,0,1,1,3
84,0,4,2,2,0,1,1,7
84,0,4,3,0,0,1,1,1
84,0,4,3,1,0,1,1,3
84,0,4,3,2,0,1,1,7
84,0,5,1,0,1,1,1,1
84,0,5,1,1,1,1,1,1
84,0,5,1,2,1,1,1,1
84,0,5,2,0,0,1,1,1
84,0,5,2,1,1,1,1,2
84,0,5,2,2,1,1,1,2
84,0,5,3,0,0,1,1,1
84,0,5,3,1,1,1,1,3
84,0,5,3,2,1,1,1,5
84,0,6,1,0,0,1,1,1
84,0,6,1,1,0,1,1,3
84,0,6,1,2,0,1,1,7
84,0,6,2,0,1,1,1,1
84,0,6,2,1,1,1,1,1
84,0,6,2,2,1,1,1,1
84,0,6,3,0,0,1,1,1
84,0,6,3,1,0,1,1,3
84,0,6,3,2,0,1,1,7
84,0,7,1,0,0,1,1,1
84,0,7,1,1,0,1,1,3
84,0,7,1,2,0,1,1,7
84,0,7,2,0,1,1,1,1
84,0,7,2,1,1,1,1,1
84,0,7,2,2,1,1,1,1
84,0,7,3,0,0,1,1,1
84,0,7,3,1,0,1,1,3
84,0,7,3,2,0,1,1,7
84,0,8,1,0,1,1,1,1
84,0,8,1,1,1,1,1,1
84,0,8,1,2,1,1,1,1
84,0,8,2,0,1,1,1,1
84,0,8,2,1,1,1,1,1
84,0,8,2,2,1,1,1,1
84,0,8,3,0,1,1,1,1
84,0,8,3,1,1,1,1,1
84,0,8,3,2,1,1,1,1
84,1,0,1,0,0,1,1,1
84,1,0,1,1,0,1,1,3
84,1,0,1,2,0,1,1,7
84,1,0,2,0,0,1,1,1
84,1,0,2,1,0,1,1,3
84,1,0,2,2,0,1,1,7
84,1,0,3,0,0,1,1,1
84,1,0,3,1,0,1,1,3
84,1,0,3,2,0,1,1,7
84,1,1,1,0,0,1,1,1
84,1,1,1,1,0,1,1,3
84,1,1,1,2,0,1,1,7
84,1,1,2,0,0,1,1,1
84,1,1,2,1,0,1,1,3
84,1,1,2,2,0,1,1,7
84,1,1,3,0,0,1,1,1
84,1,1,3,1,0,1,1,3
84,1,1,3,2,0,1,1,7
84,1,2,1,0,1,1,1,1
84,1,2,1,1,1,1,1,1
84,1,2,1,2,1,1,1,1
84,1,2,2,0,0,1,1,1
84,1,2,2,1,0,1,1,3
84,1,2,2,2,0,1,1,7
84,1,2,3,0,0,1,1,1
84,1,2,3,1,0,1,1,3
84,1,2,3,2,0,1,1,7
84,1,3,1,0,0,1,1,1
84,1,3,1,1,0,1,1,3
84,1,3,1,2,0,1,1,7
84,1,3,2,0,0,1,1,1
84,1,3,2,1,0,1,1,3
84,1,3,2,2,0,1,1,7
84,1,3,3,0,0,1,1,1
84,1,3,3,1,0,1,1,3
84,1,3,3,2,0,1,1,7
84,1,4,1,0,0,1,1,1
84,1,4,1,1,0,1,1,3
84,1,4,1,2,0,1,1,7
84,1,4,2,0,0,1,1,1
84,1,4,2,1,0,1,1,3
84,1,4,2,2,0,1,1,7
84,1,4,3,0,0,1,1,1
84,1,4,3,1,0,1,1,3
84,1,4,3,2,0,1,1,7
84,1,5,1,0,1,1,1,1
84,1,5,1,1,1,1,1,1
84,1,5,1,2,1,1,1,1
84,1,5,2,0,0,1,1,1
84,1,5,2,1,1,1,1,2
84,1,5,2,2,1,1,1,2
84,1,5,3,0,0,1,1,1
84,1,5,3,1,1,1,1,3
84,1,5,3,2,1,1,1,5
84,1,6,1,0,0,1,1,1
84,1,6,1,1,0,1,1,3
84,1,6,1,2,0,1,1,7
84,1,6,2,0,1,1,1,1
84,1,6,2,1,1,1,1,1
84,1,6,2,2,1,1,1,1
84,1,6,3,0,0,1,1,1
84,1,6,3,1,0,1,1,3
84,1,6,3,2,0,1,1,7
84,1,7,1,0,0,1,1,1
84,1,7,1,1,0,1,1,3
84,1,7,1,2,0,1,1,7
84,1,7,2,0,1,1,1,1
84,1,7,2,1,1,1,1,1
84,1,7,2,2,1,1,1,1
84,1,7,3,0,0,1,1,1
84,1,7,3,1,0,1,1,3
84,1,7,3,2,0,1,1,7
84,1,8,1,0,1,1,1,1
84,1,8,1,1,1,1,1,1
84,1,8,1,2,1,1,1,1
84,1,8,2,0,1,1,1,1
84,1,8,2,1,1,1,1,1
84,1,8,2,2,1,1,1,1
84,1,8,3,0,1,1,1,1
84,1,8,3,1,1,1,1,1
84,1,8,3,2,1,1,1,1
85,0,0,1,0,0,1,1,1
85,0,0,1,1,0,1,1,3
85,0,0,1,2,0,1,1,7
85,0,0,2,0,0,1,1,1
85,0,0,2,1,0,1,1,3
85,0,0,2,2,0,1,1,7
85,0,0,3,0,0,1,1,1
85,0,0,3,1,0,1,1,3
85,0,0,3,2,0,1,1,7
85,0,1,1,0,0,1,1,1
85,0,1,1,1,0,1,1,3
85,0,1,1,2,0,1,1,7
85,0,1,2,0,0,1,1,1
85,0,1,2,1,0,1,1,3
85,0,1,2,2,0,1,1,7
85,0,1,3,0,0,1,1,1
85,0,1,3,1,0,1,1,3
85,0,1,3,2,0,1,1,7
85,0,2,1,0,1,1,1,1
85,0,2,1,1,1,1,1,1
85,0,2,1,2,1,1,1,1
85,0,2,2,0,0,1,1,1
85,0,2,2,1,0,1,1,3
85,0,2,2,2,0,1,1,7
85,0,2,3,0,0,1,1,1
85,0,2,3,1,0,1,1,3
85,0,2,3,2,0,1,1,7
85,0,3,1,0,0,1,1,1
85,0,3,1,1,0,1,1,3
85,0,3,1,2,0,1,1,7
85,0,3,2,0,0,1,1,1
85,0,3,2,1,0,1,1,3
85,0,3,2,2,0,1,1,7
85,0,3,3,0,0,1,1,1
85,0,3,3,1,0,1,1,3
85,0,3,3,2,0,1,1,7
85,0,4,1,0,0,1,1,1
85,0,4,1,1,0,1,1,3
85,0,4,1,2,0,1,1,7
85,0,4,2,0,0,1,1,1
85,0,4,2,1,0,1,1,3
85,0,4,2,2,0,1,1,7
85,0,4,3,0,0,1,1,1
85,0,4,3,1,0,1,1,3
85,0,4,3,2,0,1,1,7
85,0,5,1,0,1,1,1,1
85,0,5,1,1,1,1,1,1
85,0,5,1,2,1,1,1,1
85,0,5,2,0,0,1,1,1
85,0,5,2,1,1,1,1,2
85,0,5,2,2,1,1,1,2
85,0,5,3,0,0,1,1,1
85,0,5,3,1,1,1,1,2
85,0,5,3,2,1,1,1,2
85,0,6,1,0,0,1,1,1
85,0,6,1,1,0,1,1,3
85,0,6,1,2,0,1,1,7
85,0,6,2,0,1,1,1,1
85,0,6,2,1,1,1,1,1
85,0,6,2,2,1,1,1,1
85,0,6,3,0,0,1,1,1
85,0,6,3,1,0,1,1,3
85,0,6,3,2,0,1,1,7
85,0,7,1,0,0,1,1,1
85,0,7,1,1,0,1,1,3
85,0,7,1,2,0,1,1,7
85,0,7,2,0,1,1,1,1
85,0,7,2,1,1,1,1,1
85,0,7,2,2,1,1,1,1
85,0,7,3,0,0,1,1,1
85,0,7,3,1,0,1,1,3
85,0,7,3,2,0,1,1,7
85,0,8,1,0,1,1,1,1
85,0,8,1,1,1,1,1,1
85,0,8,1,2,1,1,1,1
85,0,8,2,0,1,1,1,1
85,0,8,2,1,1,1,1,1
85,0,8,2,2,1,1,1,1
85,0,8,3,0,1,1,1,1
85,0,8,3,1,1,1,1,1
85,0,8,3,2,1,1,1,1
85,1,0,1,0,0,1,1,1
85,1,0,1,1,0,1,1,3
85,1,0,1,2,0,1,1,7
85,1,0,2,0,0,1,1,1
85,1,0,2,1,0,1,1,3
85,1,0,2,2,0,1,1,7
85,1,0,3,0,0,1,1,1
85,1,0,3,1,0,1,1,3
85,1,0,3,2,0,1,1,7
85,1,1,1,0,0,1,1,1
85,1,1,1,1,0,1,1,3
85,1,1,1,2,0,1,1,7
85,1,1,2,0,0,1,1,1
85,1,1,2,1,0,1,1,3
85,1,1,2,2,0,1,1,7
85,1,1,3,0,0,1,1,1
85,1,1,3,1,0,1,1,3
85,1,1,3,2,0,1,1,7
85,1,2,1,0,1,1,1,1
85,1,2,1,1,1,1,1,1
85,1,2,1,2,1,1,1,1
85,1,2,2,0,0,1,1,1
85,1,2,2,1,0,1,1,3
85,1,2,2,2,0,1,1,7
85,1,2,3,0,0,1,1,1
85,1,2,3,1,0,1,1,3
85,1,2,3,2,0,1,1,7
85,1,3,1,0,0,1,1,1
85,1,3,1,1,0,1,1,3
85,1,3,1,2,0,1,1,7
85,1,3,2,0,0,1,1,1
85,1,3,2,1,0,1,1,3
85,1,3,2,2,0,1,1,7
85,1,3,3,0,0,1,1,1
85,1,3,3,1,0,1,1,3
85,1,3,3,2,0,1,1,7
85,1,4,1,0,0,1,1,1
85,1,4,1,1,0,1,1,3
85,1,4,1,2,0,1,1,7
85,1,4,2,0,0,1,1,1
85,1,4,2,1,0,1,1,3
85,1,4,2,2,0,1,1,7
85,1,4,3,0,0,1,1,1
85,1,4,3,1,0,1,1,3
85,1,4,3,2,0,1,1,7
85,1,5,1,0,1,1,1,1
85,1,5,1,1,1,1,1,1
85,1,5,1,2,1,1,1,1
85,1,5,2,0,0,1,1,1
85,1,5,2,1,1,1,1,2
85,1,5,2,2,1,1,1,2
85,1,5,3,0,0,1,1,1
85,1,5,3,1,1,1,1,2
85,1,5,3,2,1,1,1,2
85,1,6,1,0,0,1,1,1
85,1,6,1,1,0,1,1,3
85,1,6,1,2,0,1,1,7
85,1,6,2,0,1,1,1,1
85,1,6,2,1,1,1,1,1
85,1,6,2,2,1,1,1,1
85,1,6,3,0,0,1,1,1
85,1,6,3,1,0,1,1,3
85,1,6,3,2,0,1,1,7
85,1,7,1,0,0,1,1,1
85,1,7,1,1,0,1,1,3
85,1,7,1,2,0,1,1,7
85,1,7,2,0,1,1,1,1
85,1,7,2,1,1,1,1,1
85,1,7,2,2,1,1,1,1
85,1,7,3,0,0,1,1,1
85,1,7,3,1,0,1,1,3
85,1,7,3,2,0,1,1,7
85,1,8,1,0,1,1,1,1
85,1,8,1,1,1,1,1,1
85,1,8,1,2,1,1,1,1
85,1,8,2,0,1,1,1,1
85,1,8,2,1,1,1,1,1
85,1,8,2,2,1,1,1,1
85,1,8,3,0,1,1,1,1
85,1,8,3,1,1,1,1,1
85,1,8,3,2,1,1,1,1
86,0,0,1,0,0,1,1,1
86,0,0,1,1,0,1,1,3
86,0,0,1,2,0,1,1,7
86,0,0,2,0,0,1,1,1
86,0,0,2,1,0,1,1,3
86,0,0,2,2,0,1,1,7
86,0,0,3,0,0,1,1,1
86,0,0,3,1,0,1,1,3
86,0,0,3,2,0,1,1,7
86,0,1,1,0,0,1,1,1
86,0,1,1,1,0,1,1,3
86,0,1,1,2,0,1,1,7
86,0,1,2,0,0,1,1,1
86,0,1,2,1,0,1,1,3
86,0,1,2,2,0,1,1,7
86,0,1,3,0,0,1,1,1
86,0,1,3,1,0,1,1,3
86,0,1,3,2,0,1,1,7
86,0,2,1,0,1,1,1,1
86,0,2,1,1,1,1,1,1
86,0,2,1,2,1,1,1,1
86,0,2,2,0,0,1,1,1
86,0,2,2,1,0,1,1,3
86,0,2,2,2,0,1,1,7
86,0,2,3,0,0,1,1,1
86,0,2,3,1,0,1,1,3
86,0,2,3,2,0,1,1,7
86,0,3,1,0,0,1,1,1
86,0,3,1,1,0,1,1,3
86,0,3,1,2,0,1,1,7
86,0,3,2,0,0,1,1,1
86,0,3,2,1,0,1,1,3
86,0,3,2,2,0,1,1,7
86,0,3,3,0,0,1,1,1
86,0,3,3,1,0,1,1,3
86,0,3,3,2,0,1,1,7
86,0,4,1,0,0,1,1,1
86,0,4,1,1,0,1,1,3
86,0,4,1,2,0,1,1,7
86,0,4,2,0,0,1,1,1
86,0,4,2,1,0,1,1,3
86,0,4,2,2,0,1,1,7
86,0,4,3,0,0,1,1,1
86,0,4,3,1,0,1,1,3
86,0,4,3,2,0,1,1,7
86,0,5,1,0,1,1,1,1
86,0,5,1,1,1,1,1,1
86,0,5,1,2,1,1,1,1
86,0,5,2,0,0,1,1,1
86,0,5,2,1,1,1,1,2
86,0,5,2,2,1,1,1,2
86,0,5,3,0,0,1,1,1
86,0,5,3,1,1,1,1,3
86,0,5,3,2,1,1,1,4
86,0,6,1,0,0,1,1,1
86,0,6,1,1,0,1,1,3
86,0,6,1,2,0,1,1,7
86,0,6,2,0,1,1,1,1
86,0,6,2,1,1,1,1,1
86,0,6,2,2,1,1,1,1
86,0,6,3,0,0,1,1,1
86,0,6,3,1,0,1,1,3
86,0,6,3,2,0,1,1,7
86,0,7,1,0,0,1,1,1
86,0,7,1,1,1,1,1,2
86,0,7,1,2,1,1,1,2
86,0,7,2,0,1,1,1,1
86,0,7,2,1,1,1,1,1
86,0,7,2,2,1,1,1,1
86,0,7,3,0,0,1,1,1
86,0,7,3,1,0,1,1,3
86,0,7,3,2,1,1,1,6
86,0,8,1,0,1,1,1,1
86,0,8,1,1,1,1,1,1
86,0,8,1,2,1,1,1,1
86,0,8,2,0,1,1,1,1
86,0,8,2,1,1,1,1,1
86,0,8,2,2,1,1,1,1
86,0,8,3,0,1,1,1,1
86,0,8,3,1,1,1,1,1
86,0,8,3,2,1,1,1,1
86,1,0,1,0,0,1,1,1
86,1,0,1,1,0,1,1,3
86,1,0,1,2,0,1,1,13
86,1,0,2,0,0,1,1,1
86,1,0,2,1,0,1,1,3
86,1,0,2,2,0,1,1,13
86,1,0,3,0,0,1,1,1
86,1,0,3,1,0,1,1,3
86,1,0,3,2,0,1,1,13
86,1,1,1,0,0,1,1,1
86,1,1,1,1,0,1,1,3
86,1,1,1,2,0,1,1,13
86,1,1,2,0,0,1,1,1
86,1,1,2,1,0,1,1,3
86,1,1,2,2,0,1,1,13
86,1,1,3,0,0,1,1,1
86,1,1,3,1,0,1,1,3
86,1,1,3,2,0,1,1,13
86,1,2,1,0,1,1,1,1
86,1,2,1,1,1,1,1,1
86,1,2,1,2,1,1,1,1
86,1,2,2,0,0,1,1,1
86,1,2,2,1,0,1,1,3
86,1,2,2,2,0,1,1,13
86,1,2,3,0,0,1,1,1
86,1,2,3,1,0,1,1,3
86,1,2,3,2,0,1,1,13
86,1,3,1,0,0,1,1,1
86,1,3,1,1,0,1,1,3
86,1,3,1,2,0,1,1,13
86,1,3,2,0,0,1,1,1
86,1,3,2,1,0,1,1,3
86,1,3,2,2,0,1,1,13
86,1,3,3,0,0,1,1,1
86,1,3,3,1,0,1,1,3
86,1,3,3,2,0,1,1,13
86,1,4,1,0,0,1,1,1
86,1,4,1,1,0,1,1,3
86,1,4,1,2,0,1,1,13
86,1,4,2,0,0,1,1,1
86,1,4,2,1,0,1,1,3
86,1,4,2,2,0,1,1,13
86,1,4,3,0,0,1,1,1
86,1,4,3,1,0,1,1,3
86,1,4,3,2,0,1,1,13
86,1,5,1,0,1,1,1,1
86,1,5,1,1,1,1,1,1
86,1,5,1,2,1,1,1,1
86,1,5,2,0,0,1,1,1
86,1,5,2,1,1,1,1,2
86,1,5,2,2,1,1,1,2
86,1,5,3,0,0,1,1,1
86,1,5,3,1,1,1,1,3
86,1,5,3,2,1,1,1,3
86,1,6,1,0,0,1,1,1
86,1,6,1,1,0,1,1,3
86,1,6,1,2,0,1,1,13
86,1,6,2,0,1,1,1,1
86,1,6,2,1,1,1,1,1
86,1,6,2,2,1,1,1,1
86,1,6,3,0,0,1,1,1
86,1,6,3,1,0,1,1,3
86,1,6,3,2,0,1,1,13
86,1,7,1,0,0,1,1,1
86,1,7,1,1,1,1,1,2
86,1,7,1,2,1,1,1,2
86,1,7,2,0,1,1,1,1
86,1,7,2,1,1,1,1,1
86,1,7,2,2,1,1,1,1
86,1,7,3,0,0,1,1,1
86,1,7,3,1,0,1,1,3
86,1,7,3,2,1,1,1,5
86,1,8,1,0,1,1,1,1
86,1,8,1,1,1,1,1,1
86,1,8,1,2,1,1,1,1
86,1,8,2,0,1,1,1,1
86,1,8,2,1,1,1,1,1
86,1,8,2,2,1,1,1,1
86,1,8,3,0,1,1,1,1
86,1,8,3,1,1,1,1,1
86,1,8,3,2,1,1,1,1
87,0,0,1,0,0,1,1,1
87,0,0,1,1,0,1,1,3
87,0,0,1,2,0,1,1,7
87,0,0,2,0,0,1,1,1
87,0,0,2,1,0,1,1,3
87,0,0,2,2,0,1,1,7
87,0,0,3,0,0,1,1,1
87,0,0,3,1,0,1,1,3
87,0,0,3,2,0,1,1,7
87,0,1,1,0,0,1,1,1
87,0,1,1,1,0,1,1,3
87,0,1,1,2,0,1,1,7
87,0,1,2,0,0,1,1,1
87,0,1,2,1,0,1,1,3
87,0,1,2,2,0,1,1,7
87,0,1,3,0,0,1,1,1
87,0,1,3,1,0,1,1,3
87,0,1,3,2,0,1,1,7
87,0,2,1,0,1,1,1,1
87,0,2,1,1,1,1,1,1
87,0,2,1,2,1,1,1,1
87,0,2,2,0,0,1,1,1
87,0,2,2,1,0,1,1,3
87,0,2,2,2,0,1,1,7
87,0,2,3,0,0,1,1,1
87,0,2,3,1,0,1,1,3
87,0,2,3,2,0,1,1,7
87,0,3,1,0,0,1,1,1
87,0,3,1,1,0,1,1,3
87,0,3,1,2,0,1,1,7
87,0,3,2,0,0,1,1,1
87,0,3,2,1,0,1,1,3
87,0,3,2,2,0,1,1,7
87,0,3,3,0,0,1,1,1
87,0,3,3,1,0,1,1,3
87,0,3,3,2,0,1,1,7
87,0,4,1,0,0,1,1,1
87,0,4,1,1,0,1,1,3
87,0,4,1,2,0,1,1,7
87,0,4,2,0,0,1,1,1
87,0,4,2,1,0,1,1,3
87,0,4,2,2,0,1,1,7
87,0,4,3,0,0,1,1,1
87,0,4,3,1,0,1,1,3
87,0,4,3,2,0,1,1,7
87,0,5,1,0,1,1,1,1
87,0,5,1,1,1,1,1,1
87,0,5,1,2,1,1,1,1
87,0,5,2,0,0,1,1,1
87,0,5,2,1,1,1,1,2
87,0,5,2,2,1,1,1,2
87,0,5,3,0,0,1,1,1
87,0,5,3,1,1,1,1,3
87,0,5,3,2,1,1,1,4
87,0,6,1,0,0,1,1,1
87,0,6,1,1,0,1,1,3
87,0,6,1,2,0,1,1,7
87,0,6,2,0,1,1,1,1
87,0,6,2,1,1,1,1,1
87,0,6,2,2,1,1,1,1
87,0,6,3,0,0,1,1,1
87,0,6,3,1,0,1,1,3
87,0,6,3,2,0,1,1,7
87,0,7,1,0,0,1,1,1
87,0,7,1,1,0,1,1,3
87,0,7,1,2,0,1,1,7
87,0,7,2,0,1,1,1,1
87,0,7,2,1,1,1,1,1
87,0,7,2,2,1,1,1,1
87,0,7,3,0,0,1,1,1
87,0,7,3,1,0,1,1,3
87,0,7,3,2,0,1,1,7
87,0,8,1,0,1,1,1,1
87,0,8,1,1,1,1,1,1
87,0,8,1,2,1,1,1,1
87,0,8,2,0,1,1,1,1
87,0,8,2,1,1,1,1,1
87,0,8,2,2,1,1,1,1
87,0,8,3,0,1,1,1,1
87,0,8,3,1,1,1,1,1
87,0,8,3,2,1,1,1,1
87,1,0,1,0,0,1,1,1
87,1,0,1,1,0,1,1,3
87,1,0,1,2,0,1,1,13
87,1,0,2,0,0,1,1,1
87,1,0,2,1,0,1,1,3
87,1,0,2,2,0,1,1,13
87,1,0,3,0,0,1,1,1
87,1,0,3,1,0,1,1,3
87,1,0,3,2,0,1,1,13
87,1,1,1,0,0,1,1,1
87,1,1,1,1,0,1,1,3
87,1,1,1,2,0,1,1,13
87,1,1,2,0,0,1,1,1
87,1,1,2,1,0,1,1,3
87,1,1,2,2,0,1,1,13
87,1,1,3,0,0,1,1,1
87,1,1,3,1,0,1,1,3
87,1,1,3,2,0,1,1,13
87,1,2,1,0,1,1,1,1
87,1,2,1,1,1,1,1,1
87,1,2,1,2,1,1,1,1
87,1,2,2,0,0,1,1,1
87,1,2,2,1,0,1,1,3
87,1,2,2,2,0,1,1,13
87,1,2,3,0,0,1,1,1
87,1,2,3,1,0,1,1,3
87,1,2,3,2,0,1,1,13
87,1,3,1,0,0,1,1,1
87,1,3,1,1,0,1,1,3
87,1,3,1,2,0,1,1,13
87,1,3,2,0,0,1,1,1
87,1,3,2,1,0,1,1,3
87,1,3,2,2,0,1,1,13
87,1,3,3,0,0,1,1,1
87,1,3,3,1,0,1,1,3
87,1,3,3,2,0,1,1,13
87,1,4,1,0,0,1,1,1
87,1,4,1,1,0,1,1,3
87,1,4,1,2,0,1,1,13
87,1,4,2,0,0,1,1,1
87,1,4,2,1,0,1,1,3
87,1,4,2,2,0,1,1,13
87,1,4,3,0,0,1,1,1
87,1,4,3,1,0,1,1,3
87,1,4,3,2,0,1,1,13
87,1,5,1,0,1,1,1,1
87,1,5,1,1,1,1,1,1
87,1,5,1,2,1,1,1,1
87,1,5,2,0,0,1,1,1
87,1,5,2,1,1,1,1,2
87,1,5,2,2,1,1,1,2
87,1,5,3,0,0,1,1,1
87,1,5,3,1,1,1,1,3
87,1,5,3,2,1,1,1,3
87,1,6,1,0,0,1,1,1
87,1,6,1,1,0,1,1,3
87,1,6,1,2,0,1,1,13
87,1,6,2,0,1,1,1,1
87,1,6,2,1,1,1,1,1
87,1,6,2,2,1,1,1,1
87,1,6,3,0,0,1,1,1
87,1,6,3,1,0,1,1,3
87,1,6,3,2,0,1,1,13
87,1,7,1,0,0,1,1,1
87,1,7,1,1,0,1,1,3
87,1,7,1,2,0,1,1,13
87,1,7,2,0,1,1,1,1
87,1,7,2,1,1,1,1,1
87,1,7,2,2,1,1,1,1
87,1,7,3,0,0,1,1,1
87,1,7,3,1,0,1,1,3
87,1,7,3,2,0,1,1,13
87,1,8,1,0,1,1,1,1
87,1,8,1,1,1,1,1,1
87,1,8,1,2,1,1,1,1
87,1,8,2,0,1,1,1,1
87,1,8,2,1,1,1,1,1
87,1,8,2,2,1,1,1,1
87,1,8,3,0,1,1,1,1
87,1,8,3,1,1,1,1,1
87,1,8,3,2,1,1,1,1
88,0,0,1,0,0,1,1,1
88,0,0,1,1,0,1,1,3
88,0,0,1,2,0,1,1,7
88,0,0,2,0,0,1,1,1
88,0,0,2,1,0,1,1,3
88,0,0,2,2,0,1,1,7
88,0,0,3,0,0,1,1,1
88,0,0,3,1,0,1,1,3
88,0,0,3,2,0,1,1,7
88,0,1,1,0,0,1,1,1
88,0,1,1,1,0,1,1,3
88,0,1,1,2,0,1,1,7
88,0,1,2,0,0,1,1,1
88,0,1,2,1,0,1,1,3
88,0,1,2,2,0,1,1,7
88,0,1,3,0,0,1,1,1
88,0,1,3,1,0,1,1,3
88,0,1,3,2,0,1,1,7
88,0,2,1,0,1,1,1,1
88,0,2,1,1,1,1,1,1
88,0,2,1,2,1,1,1,1
88,0,2,2,0,0,1,1,1
88,0,2,2,1,0,1,1,3
88,0,2,2,2,0,1,1,7
88,0,2,3,0,0,1,1,1
88,0,2,3,1,0,1,1,3
88,0,2,3,2,0,1,1,7
88,0,3,1,0,0,1,1,1
88,0,3,1,1,0,1,1,3
88,0,3,1,2,0,1,1,7
88,0,3,2,0,0,1,1,1
88,0,3,2,1,0,1,1,3
88,0,3,2,2,0,1,1,7
88,0,3,3,0,0,1,1,1
88,0,3,3,1,0,1,1,3
88,0,3,3,2,0,1,1,7
88,0,4,1,0,0,1,1,1
88,0,4,1,1,0,1,1,3
88,0,4,1,2,0,1,1,7
88,0,4,2,0,0,1,1,1
88,0,4,2,1,0,1,1,3
88,0,4,2,2,0,1,1,7
88,0,4,3,0,0,1,1,1
88,0,4,3,1,0,1,1,3
88,0,4,3,2,0,1,1,7
88,0,5,1,0,1,1,1,1
88,0,5,1,1,1,1,1,1
88,0,5,1,2,1,1,1,1
88,0,5,2,0,0,1,1,1
88,0,5,2,1,1,1,1,3
88,0,5,2,2,1,1,1,4
88,0,5,3,0,0,1,1,1
88,0,5,3,1,1,1,1,3
88,0,5,3,2,1,1,1,5
88,0,6,1,0,0,1,1,1
88,0,6,1,1,0,1,1,3
88,0,6,1,2,0,1,1,7
88,0,6,2,0,1,1,1,1
88,0,6,2,1,1,1,1,1
88,0,6,2,2,1,1,1,1
88,0,6,3,0,0,1,1,1
88,0,6,3,1,0,1,1,3
88,0,6,3,2,0,1,1,7
88,0,7,1,0,0,1,1,1
88,0,7,1,1,0,1,1,3
88,0,7,1,2,0,1,1,7
88,0,7,2,0,1,1,1,1
88,0,7,2,1,1,1,1,1
88,0,7,2,2,1,1,1,1
88,0,7,3,0,0,1,1,1
88,0,7,3,1,0,1,1,3
88,0,7,3,2,0,1,1,7
88,0,8,1,0,1,1,1,1
88,0,8,1,1,1,1,1,1
88,0,8,1,2,1,1,1,1
88,0,8,2,0,1,1,1,1
88,0,8,2,1,1,1,1,1
88,0,8,2,2,1,1,1,1
88,0,8,3,0,1,1,1,1
88,0,8,3,1,1,1,1,1
88,0,8,3,2,1,1,1,1
88,1,0,1,0,0,1,1,1
88,1,0,1,1,0,1,1,3
88,1,0,1,2,0,1,1,7
88,1,0,2,0,0,1,1,1
88,1,0,2,1,0,1,1,3
88,1,0,2,2,0,1,1,7
88,1,0,3,0,0,1,1,1
88,1,0,3,1,0,1,1,3
88,1,0,3,2,0,1,1,7
88,1,1,1,0,0,1,1,1
88,1,1,1,1,0,1,1,3
88,1,1,1,2,0,1,1,7
88,1,1,2,0,0,1,1,1
88,1,1,2,1,0,1,1,3
88,1,1,2,2,0,1,1,7
88,1,1,3,0,0,1,1,1
88,1,1,3,1,0,1,1,3
88,1,1,3,2,0,1,1,7
88,1,2,1,0,1,1,1,1
88,1,2,1,1,1,1,1,1
88,1,2,1,2,1,1,1,1
88,1,2,2,0,0,1,1,1
88,1,2,2,1,0,1,1,3
88,1,2,2,2,0,1,1,7
88,1,2,3,0,0,1,1,1
88,1,2,3,1,0,1,1,3
88,1,2,3,2,0,1,1,7
88,1,3,1,0,0,1,1,1
88,1,3,1,1,0,1,1,3
88,1,3,1,2,0,1,1,7
88,1,3,2,0,0,1,1,1
88,1,3,2,1,0,1,1,3
88,1,3,2,2,0,1,1,7
88,1,3,3,0,0,1,1,1
88,1,3,3,1,0,1,1,3
88,1,3,3,2,0,1,1,7
88,1,4,1,0,0,1,1,1
88,1,4,1,1,0,1,1,3
88,1,4,1,2,0,1,1,7
88,1,4,2,0,0,1,1,1
88,1,4,2,1,0,1,1,3
88,1,4,2,2,0,1,1,7
88,1,4,3,0,0,1,1,1
88,1,4,3,1,0,1,1,3
88,1,4,3,2,0,1,1,7
88,1,5,1,0,1,1,1,1
88,1,5,1,1,1,1,1,1
88,1,5,1,2,1,1,1,1
88,1,5,2,0,0,1,1,1
88,1,5,2,1,1,1,1,3
88,1,5,2,2,1,1,1,4
88,1,5,3,0,0,1,1,1
88,1,5,3,1,1,1,1,3
88,1,5,3,2,1,1,1,5
88,1,6,1,0,0,1,1,1
88,1,6,1,1,0,1,1,3
88,1,6,1,2,0,1,1,7
88,1,6,2,0,1,1,1,1
88,1,6,2,1,1,1,1,1
88,1,6,2,2,1,1,1,1
88,1,6,3,0,0,1,1,1
88,1,6,3,1,0,1,1,3
88,1,6,3,2,0,1,1,7
88,1,7,1,0,0,1,1,1
88,1,7,1,1,0,1,1,3
88,1,7,1,2,0,1,1,7
88,1,7,2,0,1,1,1,1
88,1,7,2,1,1,1,1,1
88,1,7,2,2,1,1,1,1
88,1,7,3,0,0,1,1,1
88,1,7,3,1,0,1,1,3
88,1,7,3,2,0,1,1,7
88,1,8,1,0,1,1,1,1
88,1,8,1,1,1,1,1,1
88,1,8,1,2,1,1,1,1
88,1,8,2,0,1,1,1,1
88,1,8,2,1,1,1,1,1
88,1,8,2,2,1,1,1,1
88,1,8,3,0,1,1,1,1
88,1,8,3,1,1,1,1,1
88,1,8,3,2,1,1,1,1
89,0,0,1,0,0,1,1,1
89,0,0,1,1,0,1,1,3
89,0,0,1,2,0,1,1,7
89,0,0,2,0,0,1,1,1
89,0,0,2,1,0,1,1,3
89,0,0,2,2,0,1,1,7
89,0,0,3,0,0,1,1,1
89,0,0,3,1,0,1,1,3
89,0,0,3,2,0,1,1,7
89,0,1,1,0,0,1,1,1
89,0,1,1,1,0,1,1,3
89,0,1,1,2,0,1,1,7
89,0,1,2,0,0,1,1,1
89,0,1,2,1,0,1,1,3
89,0,1,2,2,0,1,1,7
89,0,1,3,0,0,1,1,1
89,0,1,3,1,0,1,1,3
89,0,1,3,2,0,1,1,7
89,0,2,1,0,1,1,1,1
89,0,2,1,1,1,1,1,1
89,0,2,1,2,1,1,1,1
89,0,2,2,0,0,1,1,1
89,0,2,2,1,0,1,1,3
89,0,2,2,2,0,1,1,7
89,0,2,3,0,0,1,1,1
89,0,2,3,1,0,1,1,3
89,0,2,3,2,0,1,1,7
89,0,3,1,0,0,1,1,1
89,0,3,1,1,0,1,1,3
89,0,3,1,2,0,1,1,7
89,0,3,2,0,0,1,1,1
89,0,3,2,1,0,1,1,3
89,0,3,2,2,0,1,1,7
89,0,3,3,0,0,1,1,1
89,0,3,3,1,0,1,1,3
89,0,3,3,2,0,1,1,7
89,0,4,1,0,0,1,1,1
89,0,4,1,1,0,1,1,3
89,0,4,1,2,0,1,1,7
89,0,4,2,0,0,1,1,1
89,0,4,2,1,0,1,1,3
89,0,4,2,2,0,1,1,7
89,0,4,3,0,0,1,1,1
89,0,4,3,1,0,1,1,3
89,0,4,3,2,0,1,1,7
89,0,5,1,0,1,1,1,1
89,0,5,1,1,1,1,1,1
89,0,5,1,2,1,1,1,1
89,0,5,2,0,0,1,1,1
89,0,5,2,1,1,1,1,3
89,0,5,2,2,1,1,1,4
89,0,5,3,0,0,1,1,1
89,0,5,3,1,1,1,1,3
89,0,5,3,2,1,1,1,4
89,0,6,1,0,0,1,1,1
89,0,6,1,1,0,1,1,3
89,0,6,1,2,0,1,1,7
89,0,6,2,0,1,1,1,1
89,0,6,2,1,1,1,1,1
89,0,6,2,2,1,1,1,1
89,0,6,3,0,0,1,1,1
89,0,6,3,1,0,1,1,3
89,0,6,3,2,0,1,1,7
89,0,7,1,0,0,1,1,1
89,0,7,1,1,0,1,1,3
89,0,7,1,2,0,1,1,7
89,0,7,2,0,1,1,1,1
89,0,7,2,1,1,1,1,1
89,0,7,2,2,1,1,1,1
89,0,7,3,0,0,1,1,1
89,0,7,3,1,0,1,1,3
89,0,7,3,2,0,1,1,7
89,0,8,1,0,1,1,1,1
89,0,8,1,1,1,1,1,1
89,0,8,1,2,1,1,1,1
89,0,8,2,0,1,1,1,1
89,0,8,2,1,1,1,1,1
89,0,8,2,2,1,1,1,1
89,0,8,3,0,1,1,1,1
89,0,8,3,1,1,1,1,1
89,0,8,3,2,1,1,1,1
89,1,0,1,0,0,1,1,1
89,1,0,1,1,0,1,1,3
89,1,0,1,2,0,1,1,13
89,1,0,2,0,0,1,1,1
89,1,0,2,1,0,1,1,3
89,1,0,2,2,0,1,1,13
89,1,0,3,0,0,1,1,1
89,1,0,3,1,0,1,1,3
89,1,0,3,2,0,1,1,13
89,1,1,1,0,0,1,1,1
89,1,1,1,1,0,1,1,3
89,1,1,1,2,0,1,1,13
89,1,1,2,0,0,1,1,1
89,1,1,2,1,0,1,1,3
89,1,1,2,2,0,1,1,13
89,1,1,3,0,0,1,1,1
89,1,1,3,1,0,1,1,3
89,1,1,3,2,0,1,1,13
89,1,2,1,0,1,1,1,1
89,1,2,1,1,1,1,1,1
89,1,2,1,2,1,1,1,1
89,1,2,2,0,0,1,1,1
89,1,2,2,1,0,1,1,3
89,1,2,2,2,0,1,1,13
89,1,2,3,0,0,1,1,1
89,1,2,3,1,0,1,1,3
89,1,2,3,2,0,1,1,13
89,1,3,1,0,0,1,1,1
89,1,3,1,1,0,1,1,3
89,1,3,1,2,0,1,1,13
89,1,3,2,0,0,1,1,1
89,1,3,2,1,0,1,1,3
89,1,3,2,2,0,1,1,13
89,1,3,3,0,0,1,1,1
89,1,3,3,1,0,1,1,3
89,1,3,3,2,0,1,1,13
89,1,4,1,0,0,1,1,1
89,1,4,1,1,0,1,1,3
89,1,4,1,2,0,1,1,13
89,1,4,2,0,0,1,1,1
89,1,4,2,1,0,1,1,3
89,1,4,2,2,0,1,1,13
89,1,4,3,0,0,1,1,1
89,1,4,3,1,0,1,1,3
89,1,4,3,2,0,1,1,13
89,1,5,1,0,1,1,1,1
89,1,5,1,1,1,1,1,1
89,1,5,1,2,1,1,1,1
89,1,5,2,0,0,1,1,1
89,1,5,2,1,1,1,1,3
89,1,5,2,2,1,1,1,4
89,1,5,3,0,0,1,1,1
89,1,5,3,1,1,1,1,3
89,1,5,3,2,1,1,1,4
89,1,6,1,0,0,1,1,1
89,1,6,1,1,0,1,1,3
89,1,6,1,2,0,1,1,13
89,1,6,2,0,1,1,1,1
89,1,6,2,1,1,1,1,1
89,1,6,2,2,1,1,1,1
89,1,6,3,0,0,1,1,1
89,1,6,3,1,0,1,1,3
89,1,6,3,2,0,1,1,13
89,1,7,1,0,0,1,1,1
89,1,7,1,1,0,1,1,3
89,1,7,1,2,0,1,1,13
89,1,7,2,0,1,1,1,1
89,1,7,2,1,1,1,1,1
89,1,7,2,2,1,1,1,1
89,1,7,3,0,0,1,1,1
89,1,7,3,1,0,1,1,3
89,1,7,3,2,0,1,1,13
89,1,8,1,0,1,1,1,1
89,1,8,1,1,1,1,1,1
89,1,8,1,2,1,1,1,1
89,1,8,2,0,1,1,1,1
89,1,8,2,1,1,1,1,1
89,1,8,2,2,1,1,1,1
89,1,8,3,0,1,1,1,1
89,1,8,3,1,1,1,1,1
89,1,8,3,2,1,1,1,1
90,0,0,1,0,0,1,1,1
90,0,0,1,1,0,1,1,3
90,0,0,1,2,0,1,1,7
90,0,0,2,0,0,1,1,1
90,0,0,2,1,0,1,1,3
90,0,0,2,2,0,1,1,7
90,0,0,3,0,0,1,1,1
90,0,0,3,1,0,1,1,3
90,0,0,3,2,0,1,1,7
90,0,1,1,0,0,1,1,1
90,0,1,1,1,0,1,1,3
90,0,1,1,2,0,1,1,7
90,0,1,2,0,0,1,1,1
90,0,1,2,1,0,1,1,3
90,0,1,2,2,0,1,1,7
90,0,1,3,0,0,1,1,1
90,0,1,3,1,0,1,1,3
90,0,1,3,2,0,1,1,7
90,0,2,1,0,1,1,1,1
90,0,2,1,1,1,1,1,1
90,0,2,1,2,1,1,1,1
90,0,2,2,0,0,1,1,1
90,0,2,2,1,0,1,1,3
90,0,2,2,2,0,1,1,7
90,0,2,3,0,0,1,1,1
90,0,2,3,1,0,1,1,3
90,0,2,3,2,0,1,1,7
90,0,3,1,0,0,1,1,1
90,0,3,1,1,0,1,1,3
90,0,3,1,2,0,1,1,7
90,0,3,2,0,0,1,1,1
90,0,3,2,1,0,1,1,3
90,0,3,2,2,0,1,1,7
90,0,3,3,0,0,1,1,1
90,0,3,3,1,0,1,1,3
90,0,3,3,2,0,1,1,7
90,0,4,1,0,0,1,1,1
90,0,4,1,1,0,1,1,3
90,0,4,1,2,0,1,1,7
90,0,4,2,0,0,1,1,1
90,0,4,2,1,0,1,1,3
90,0,4,2,2,0,1,1,7
90,0,4,3,0,0,1,1,1
90,0,4,3,1,0,1,1,3
90,0,4,3,2,0,1,1,7
90,0,5,1,0,1,1,1,1
90,0,5,1,1,1,1,1,1
90,0,5,1,2,1,1,1,1
90,0,5,2,0,0,1,1,1
90,0,5,2,1,1,1,1,3
90,0,5,2,2,1,1,1,4
90,0,5,3,0,0,1,1,1
90,0,5,3,1,1,1,1,3
90,0,5,3,2,1,1,1,4
90,0,6,1,0,0,1,1,1
90,0,6,1,1,0,1,1,3
90,0,6,1,2,0,1,1,7
90,0,6,2,0,1,1,1,1
90,0,6,2,1,1,1,1,1
90,0,6,2,2,1,1,1,1
90,0,6,3,0,0,1,1,1
90,0,6,3,1,0,1,1,3
90,0,6,3,2,0,1,1,7
90,0,7,1,0,0,1,1,1
90,0,7,1,1,1,1,1,2
90,0,7,1,2,1,1,1,2
90,0,7,2,0,1,1,1,1
90,0,7,2,1,1,1,1,1
90,0,7,2,2,1,1,1,1
90,0,7,3,0,0,1,1,1
90,0,7,3,1,1,1,1,2
90,0,7,3,2,1,1,1,2
90,0,8,1,0,1,1,1,1
90,0,8,1,1,1,1,1,1
90,0,8,1,2,1,1,1,1
90,0,8,2,0,1,1,1,1
90,0,8,2,1,1,1,1,1
90,0,8,2,2,1,1,1,1
90,0,8,3,0,1,1,1,1
90,0,8,3,1,1,1,1,1
90,0,8,3,2,1,1,1,1
90,1,0,1,0,0,1,1,1
90,1,0,1,1,0,1,1,3
90,1,0,1,2,0,1,1,7
90,1,0,2,0,0,1,1,1
90,1,0,2,1,0,1,1,3
90,1,0,2,2,0,1,1,7
90,1,0,3,0,0,1,1,1
90,1,0,3,1,0,1,1,3
90,1,0,3,2,0,1,1,7
90,1,1,1,0,0,1,1,1
90,1,1,1,1,0,1,1,3
90,1,1,1,2,0,1,1,7
90,1,1,2,0,0,1,1,1
90,1,1,2,1,0,1,1,3
90,1,1,2,2,0,1,1,7
90,1,1,3,0,0,1,1,1
90,1,1,3,1,0,1,1,3
90,1,1,3,2,0,1,1,7
90,1,2,1,0,1,1,1,1
90,1,2,1,1,1,1,1,1
90,1,2,1,2,1,1,1,1
90,1,2,2,0,0,1,1,1
90,1,2,2,1,0,1,1,3
90,1,2,2,2,0,1,1,7
90,1,2,3,0,0,1,1,1
90,1,2,3,1,0,1,1,3
90,1,2,3,2,0,1,1,7
90,1,3,1,0,0,1,1,1
90,1,3,1,1,0,1,1,3
90,1,3,1,2,0,1,1,7
90,1,3,2,0,0,1,1,1
90,1,3,2,1,0,1,1,3
90,1,3,2,2,0,1,1,7
90,1,3,3,0,0,1,1,1
90,1,3,3,1,0,1,1,3
90,1,3,3,2,0,1,1,7
90,1,4,1,0,0,1,1,1
90,1,4,1,1,0,1,1,3
90,1,4,1,2,0,1,1,7
90,1,4,2,0,0,1,1,1
90,1,4,2,1,0,1,1,3
90,1,4,2,2,0,1,1,7
90,1,4,3,0,0,1,1,1
90,1,4,3,1,0,1,1,3
90,1,4,3,2,0,1,1,7
90,1,5,1,0,1,1,1,1
90,1,5,1,1,1,1,1,1
90,1,5,1,2,1,1,1,1
90,1,5,2,0,0,1,1,1
90,1,5,2,1,1,1,1,3
90,1,5,2,2,1,1,1,4
90,1,5,3,0,0,1,1,1
90,1,5,3,1,1,1,1,3
90,1,5,3,2,1,1,1,4
90,1,6,1,0,0,1,1,1
90,1,6,1,1,0,1,1,3
90,1,6,1,2,0,1,1,7
90,1,6,2,0,1,1,1,1
90,1,6,2,1,1,1,1,1
90,1,6,2,2,1,1,1,1
90,1,6,3,0,0,1,1,1
90,1,6,3,1,0,1,1,3
90,1,6,3,2,0,1,1,7
90,1,7,1,0,0,1,1,1
90,1,7,1,1,1,1,1,2
90,1,7,1,2,1,1,1,2
90,1,7,2,0,1,1,1,1
90,1,7,2,1,1,1,1,1
90,1,7,2,2,1,1,1,1
90,1,7,3,0,0,1,1,1
90,1,7,3,1,1,1,1,2
90,1,7,3,2,1,1,1,2
90,1,8,1,0,1,1,1,1
90,1,8,1,1,1,1,1,1
90,1,8,1,2,1,1,1,1
90,1,8,2,0,1,1,1,1
90,1,8,2,1,1,1,1,1
90,1,8,2,2,1,1,1,1
90,1,8,3,0,1,1,1,1
90,1,8,3,1,1,1,1,1
90,1,8,3,2,1,1,1,1
91,0,0,1,0,0,1,1,1
91,0,0,1,1,0,1,1,3
91,0,0,1,2,0,1,1,7
91,0,0,2,0,0,1,1,1
91,0,0,2,1,0,1,1,3
91,0,0,2,2,0,1,1,7
91,0,0,3,0,0,1,1,1
91,0,0,3,1,0,1,1,3
91,0,0,3,2,0,1,1,7
91,0,1,1,0,0,1,1,1
91,0,1,1,1,0,1,1,3
91,0,1,1,2,0,1,1,7
91,0,1,2,0,0,1,1,1
91,0,1,2,1,0,1,1,3
91,0,1,2,2,0,1,1,7
91,0,1,3,0,0,1,1,1
91,0,1,3,1,0,1,1,3
91,0,1,3,2,0,1,1,7
91,0,2,1,0,1,1,1,1
91,0,2,1,1,1,1,1,1
91,0,2,1,2,1,1,1,1
91,0,2,2,0,0,1,1,1
91,0,2,2,1,0,1,1,3
91,0,2,2,2,0,1,1,7
91,0,2,3,0,0,1,1,1
91,0,2,3,1,0,1,1,3
91,0,2,3,2,0,1,1,7
91,0,3,1,0,0,1,1,1
91,0,3,1,1,0,1,1,3
91,0,3,1,2,0,1,1,7
91,0,3,2,0,0,1,1,1
91,0,3,2,1,0,1,1,3
91,0,3,2,2,0,1,1,7
91,0,3,3,0,0,1,1,1
91,0,3,3,1,0,1,1,3
91,0,3,3,2,0,1,1,7
91,0,4,1,0,0,1,1,1
91,0,4,1,1,0,1,1,3
91,0,4,1,2,0,1,1,7
91,0,4,2,0,0,1,1,1
91,0,4,2,1,0,1,1,3
91,0,4,2,2,0,1,1,7
91,0,4,3,0,0,1,1,1
91,0,4,3,1,0,1,1,3
91,0,4,3,2,0,1,1,7
91,0,5,1,0,1,1,1,1
91,0,5,1,1,1,1,1,1
91,0,5,1,2,1,1,1,1
91,0,5,2,0,0,1,1,1
91,0,5,2,1,1,1,1,3
91,0,5,2,2,1,1,1,4
91,0,5,3,0,0,1,1,1
91,0,5,3,1,1,1,1,3
91,0,5,3,2,1,1,1,4
91,0,6,1,0,0,1,1,1
91,0,6,1,1,0,1,1,3
91,0,6,1,2,0,1,1,7
91,0,6,2,0,1,1,1,1
91,0,6,2,1,1,1,1,1
91,0,6,2,2,1,1,1,1
91,0,6,3,0,0,1,1,1
91,0,6,3,1,0,1,1,3
91,0,6,3,2,0,1,1,7
91,0,7,1,0,0,1,1,1
91,0,7,1,1,0,1,1,3
91,0,7,1,2,0,1,1,7
91,0,7,2,0,1,1,1,1
91,0,7,2,1,1,1,1,1
91,0,7,2,2,1,1,1,1
91,0,7,3,0,0,1,1,1
91,0,7,3,1,0,1,1,3
91,0,7,3,2,0,1,1,7
91,0,8,1,0,1,1,1,1
91,0,8,1,1,1,1,1,1
91,0,8,1,2,1,1,1,1
91,0,8,2,0,1,1,1,1
91,0,8,2,1,1,1,1,1
91,0,8,2,2,1,1,1,1
91,0,8,3,0,1,1,1,1
91,0,8,3,1,1,1,1,1
91,0,8,3,2,1,1,1,1
91,1,0,1,0,0,1,1,1
91,1,0,1,1,0,1,1,3
91,1,0,1,2,0,1,1,13
91,1,0,2,0,0,1,1,1
91,1,0,2,1,0,1,1,3
91,1,0,2,2,0,1,1,13
91,1,0,3,0,0,1,1,1
91,1,0,3,1,0,1,1,3
91,1,0,3,2,0,1,1,13
91,1,1,1,0,0,1,1,1
91,1,1,1,1,0,1,1,3
91,1,1,1,2,0,1,1,13
91,1,1,2,0,0,1,1,1
91,1,1,2,1,0,1,1,3
91,1,1,2,2,0,1,1,13
91,1,1,3,0,0,1,1,1
91,1,1,3,1,0,1,1,3
91,1,1,3,2,0,1,1,13
91,1,2,1,0,1,1,1,1
91,1,2,1,1,1,1,1,1
91,1,2,1,2,1,1,1,1
91,1,2,2,0,0,1,1,1
91,1,2,2,1,0,1,1,3
91,1,2,2,2,0,1,1,13
91,1,2,3,0,0,1,1,1
91,1,2,3,1,0,1,1,3
91,1,2,3,2,0,1,1,13
91,1,3,1,0,0,1,1,1
91,1,3,1,1,0,1,1,3
91,1,3,1,2,0,1,1,13
91,1,3,2,0,0,1,1,1
91,1,3,2,1,0,1,1,3
91,1,3,2,2,0,1,1,13
91,1,3,3,0,0,1,1,1
91,1,3,3,1,0,1,1,3
91,1,3,3,2,0,1,1,13
91,1,4,1,0,0,1,1,1
91,1,4,1,1,0,1,1,3
91,1,4,1,2,0,1,1,13
91,1,4,2,0,0,1,1,1
91,1,4,2,1,0,1,1,3
91,1,4,2,2,0,1,1,13
91,1,4,3,0,0,1,1,1
91,1,4,3,1,0,1,1,3
91,1,4,3,2,0,1,1,13
91,1,5,1,0,1,1,1,1
91,1,5,1,1,1,1,1,1
91,1,5,1,2,1,1,1,1
91,1,5,2,0,0,1,1,1
91,1,5,2,1,1,1,1,3
91,1,5,2,2,1,1,1,4
91,1,5,3,0,0,1,1,1
91,1,5,3,1,1,1,1,3
91,1,5,3,2,1,1,1,4
91,1,6,1,0,0,1,1,1
91,1,6,1,1,0,1,1,3
91,1,6,1,2,0,1,1,13
91,1,6,2,0,1,1,1,1
91,1,6,2,1,1,1,1,1
91,1,6,2,2,1,1,1,1
91,1,6,3,0,0,1,1,1
91,1,6,3,1,0,1,1,3
91,1,6,3,2,0,1,1,13
91,1,7,1,0,0,1,1,1
91,1,7,1,1,0,1,1,3
91,1,7,1,2,0,1,1,13
91,1,7,2,0,1,1,1,1
91,1,7,2,1,1,1,1,1
91,1,7,2,2,1,1,1,1
91,1,7,3,0,0,1,1,1
91,1,7,3,1,0,1,1,3
91,1,7,3,2,0,1,1,13
91,1,8,1,0,1,1,1,1
91,1,8,1,1,1,1,1,1
91,1,8,1,2,1,1,1,1
91,1,8,2,0,1,1,1,1
91,1,8,2,1,1,1,1,1
91,1,8,2,2,1,1,1,1
91,1,8,3,0,1,1,1,1
91,1,8,3,1,1,1,1,1
91,1,8,3,2,1,1,1,1
92,0,0,1,0,0,1,1,1
92,0,0,1,1,0,1,1,3
92,0,0,1,2,0,1,1,7
92,0,0,2,0,0,1,1,1
92,0,0,2,1,0,1,1,3
92,0,0,2,2,0,1,1,7
92,0,0,3,0,0,1,1,1
92,0,0,3,1,0,1,1,3
92,0,0,3,2,0,1,1,7
92,0,1,1,0,0,1,1,1
92,0,1,1,1,0,1,1,3
92,0,1,1,2,0,1,1,7
92,0,1,2,0,0,1,1,1
92,0,1,2,1,0,1,1,3
92,0,1,2,2,0,1,1,7
92,0,1,3,0,0,1,1,1
92,0,1,3,1,0,1,1,3
92,0,1,3,2,0,1,1,7
92,0,2,1,0,1,1,1,1
92,0,2,1,1,1,1,1,1
92,0,2,1,2,1,1,1,1
92,0,2,2,0,0,1,1,1
92,0,2,2,1,0,1,1,3
92,0,2,2,2,0,1,1,7
92,0,2,3,0,0,1,1,1
92,0,2,3,1,0,1,1,3
92,0,2,3,2,0,1,1,7
92,0,3,1,0,0,1,1,1
92,0,3,1,1,0,1,1,3
92,0,3,1,2,0,1,1,7
92,0,3,2,0,0,1,1,1
92,0,3,2,1,0,1,1,3
92,0,3,2,2,0,1,1,7
92,0,3,3,0,0,1,1,1
92,0,3,3,1,0,1,1,3
92,0,3,3,2,0,1,1,7
92,0,4,1,0,0,1,1,1
92,0,4,1,1,0,1,1,3
92,0,4,1,2,0,1,1,7
92,0,4,2,0,0,1,1,1
92,0,4,2,1,0,1,1,3
92,0,4,2,2,0,1,1,7
92,0,4,3,0,0,1,1,1
92,0,4,3,1,0,1,1,3
92,0,4,3,2,0,1,1,7
92,0,5,1,0,1,1,1,1
92,0,5,1,1,1,1,1,1
92,0,5,1,2,1,1,1,1
92,0,5,2,0,0,1,1,1
92,0,5,2,1,1,1,1,3
92,0,5,2,2,1,1,1,4
92,0,5,3,0,0,1,1,1
92,0,5,3,1,1,1,1,3
92,0,5,3,2,1,1,1,5
92,0,6,1,0,0,1,1,1
92,0,6,1,1,0,1,1,3
92,0,6,1,2,0,1,1,7
92,0,6,2,0,1,1,1,1
92,0,6,2,1,1,1,1,1
92,0,6,2,2,1,1,1,1
92,0,6,3,0,0,1,1,1
92,0,6,3,1,0,1,1,3
92,0,6,3,2,0,1,1,7
92,0,7,1,0,0,1,1,1
92,0,7,1,1,0,1,1,3
92,0,7,1,2,0,1,1,7
92,0,7,2,0,1,1,1,1
92,0,7,2,1,1,1,1,1
92,0,7,2,2,1,1,1,1
92,0,7,3,0,0,1,1,1
92,0,7,3,1,0,1,1,3
92,0,7,3,2,0,1,1,7
92,0,8,1,0,1,1,1,1
92,0,8,1,1,1,1,1,1
92,0,8,1,2,1,1,1,1
92,0,8,2,0,1,1,1,1
92,0,8,2,1,1,1,1,1
92,0,8,2,2,1,1,1,1
92,0,8,3,0,1,1,1,1
92,0,8,3,1,1,1,1,1
92,0,8,3,2,1,1,1,1
92,1,0,1,0,0,1,1,1
92,1,0,1,1,0,1,1,3
92,1,0,1,2,0,1,1,13
92,1,0,2,0,0,1,1,1
92,1,0,2,1,0,1,1,3
92,1,0,2,2,0,1,1,13
92,1,0,3,0,0,1,1,1
92,1,0,3,1,0,1,1,3
92,1,0,3,2,0,1,1,13
92,1,1,1,0,0,1,1,1
92,1,1,1,1,0,1,1,3
92,1,1,1,2,0,1,1,13
92,1,1,2,0,0,1,1,1
92,1,1,2,1,0,1,1,3
92,1,1,2,2,0,1,1,13
92,1,1,3,0,0,1,1,1
92,1,1,3,1,0,1,1,3
92,1,1,3,2,0,1,1,13
92,1,2,1,0,1,1,1,1
92,1,2,1,1,1,1,1,1
92,1,2,1,2,1,1,1,1
92,1,2,2,0,0,1,1,1
92,1,2,2,1,0,1,1,3
92,1,2,2,2,0,1,1,13
92,1,2,3,0,0,1,1,1
92,1,2,3,1,0,1,1,3
92,1,2,3,2,0,1,1,13
92,1,3,1,0,0,1,1,1
92,1,3,1,1,0,1,1,3
92,1,3,1,2,0,1,1,13
92,1,3,2,0,0,1,1,1
92,1,3,2,1,0,1,1,3
92,1,3,2,2,0,1,1,13
92,1,3,3,0,0,1,1,1
92,1,3,3,1,0,1,1,3
92,1,3,3,2,0,1,1,13
92,1,4,1,0,0,1,1,1
92,1,4,1,1,0,1,1,3
92,1,4,1,2,0,1,1,13
92,1,4,2,0,0,1,1,1
92,1,4,2,1,0,1,1,3
92,1,4,2,2,0,1,1,13
92,1,4,3,0,0,1,1,1
92,1,4,3,1,0,1,1,3
92,1,4,3,2,0,1,1,13
92,1,5,1,0,1,1,1,1
92,1,5,1,1,1,1,1,1
92,1,5,1,2,1,1,1,1
92,1,5,2,0,0,1,1,1
92,1,5,2,1,1,1,1,3
92,1,5,2,2,1,1,1,4
92,1,5,3,0,0,1,1,1
92,1,5,3,1,1,1,1,3
92,1,5,3,2,1,1,1,11
92,1,6,1,0,0,1,1,1
92,1,6,1,1,0,1,1,3
92,1,6,1,2,0,1,1,13
92,1,6,2,0,1,1,1,1
92,1,6,2,1,1,1,1,1
92,1,6,2,2,1,1,1,1
92,1,6,3,0,0,1,1,1
92,1,6,3,1,0,1,1,3
92,1,6,3,2,0,1,1,13
92,1,7,1,0,0,1,1,1
92,1,7,1,1,0,1,1,3
92,1,7,1,2,0,1,1,13
92,1,7,2,0,1,1,1,1
92,1,7,2,1,1,1,1,1
92,1,7,2,2,1,1,1,1
92,1,7,3,0,0,1,1,1
92,1,7,3,1,0,1,1,3
92,1,7,3,2,0,1,1,13
92,1,8,1,0,1,1,1,1
92,1,8,1,1,1,1,1,1
92,1,8,1,2,1,1,1,1
92,1,8,2,0,1,1,1,1
92,1,8,2,1,1,1,1,1
92,1,8,2,2,1,1,1,1
92,1,8,3,0,1,1,1,1
92,1,8,3,1,1,1,1,1
92,1,8,3,2,1,1,1,1
93,0,0,1,0,0,1,1,1
93,0,0,1,1,0,1,1,3
93,0,0,1,2,0,1,1,7
93,0,0,2,0,0,1,1,1
93,0,0,2,1,0,1,1,3
93,0,0,2,2,0,1,1,7
93,0,0,3,0,0,1,1,1
93,0,0,3,1,0,1,1,3
93,0,0,3,2,0,1,1,7
93,0,1,1,0,0,1,1,1
93,0,1,1,1,0,1,1,3
93,0,1,1,2,0,1,1,7
93,0,1,2,0,0,1,1,1
93,0,1,2,1,0,1,1,3
93,0,1,2,2,0,1,1,7
93,0,1,3,0,0,1,1,1
93,0,1,3,1,0,1,1,3
93,0,1,3,2,0,1,1,7
93,0,2,1,0,1,1,1,1
93,0,2,1,1,1,1,1,1
93,0,2,1,2,1,1,1,1
93,0,2,2,0,0,1,1,1
93,0,2,2,1,0,1,1,3
93,0,2,2,2,0,1,1,7
93,0,2,3,0,0,1,1,1
93,0,2,3,1,0,1,1,3
93,0,2,3,2,0,1,1,7
93,0,3,1,0,0,1,1,1
93,0,3,1,1,0,1,1,3
93,0,3,1,2,0,1,1,7
93,0,3,2,0,0,1,1,1
93,0,3,2,1,0,1,1,3
93,0,3,2,2,0,1,1,7
93,0,3,3,0,0,1,1,1
93,0,3,3,1,0,1,1,3
93,0,3,3,2,0,1,1,7
93,0,4,1,0,0,1,1,1
93,0,4,1,1,0,1,1,3
93,0,4,1,2,0,1,1,7
93,0,4,2,0,0,1,1,1
93,0,4,2,1,0,1,1,3
93,0,4,2,2,0,1,1,7
93,0,4,3,0,0,1,1,1
93,0,4,3,1,0,1,1,3
93,0,4,3,2,0,1,1,7
93,0,5,1,0,1,1,1,1
93,0,5,1,1,1,1,1,1
93,0,5,1,2,1,1,1,1
93,0,5,2,0,0,1,1,1
93,0,5,2,1,1,1,1,3
93,0,5,2,2,1,1,1,4
93,0,5,3,0,0,1,1,1
93,0,5,3,1,1,1,1,3
93,0,5,3,2,1,1,1,4
93,0,6,1,0,0,1,1,1
93,0,6,1,1,0,1,1,3
93,0,6,1,2,0,1,1,7
93,0,6,2,0,1,1,1,1
93,0,6,2,1,1,1,1,1
93,0,6,2,2,1,1,1,1
93,0,6,3,0,0,1,1,1
93,0,6,3,1,0,1,1,3
93,0,6,3,2,0,1,1,7
93,0,7,1,0,0,1,1,1
93,0,7,1,1,0,1,1,3
93,0,7,1,2,0,1,1,7
93,0,7,2,0,1,1,1,1
93,0,7,2,1,1,1,1,1
93,0,7,2,2,1,1,1,1
93,0,7,3,0,0,1,1,1
93,0,7,3,1,0,1,1,3
93,0,7,3,2,0,1,1,7
93,0,8,1,0,1,1,1,1
93,0,8,1,1,1,1,1,1
93,0,8,1,2,1,1,1,1
93,0,8,2,0,1,1,1,1
93,0,8,2,1,1,1,1,1
93,0,8,2,2,1,1,1,1
93,0,8,3,0,1,1,1,1
93,0,8,3,1,1,1,1,1
93,0,8,3,2,1,1,1,1
93,1,0,1,0,0,1,1,1
93,1,0,1,1,0,1,1,3
93,1,0,1,2,0,1,1,13
93,1,0,2,0,0,1,1,1
93,1,0,2,1,0,1,1,3
93,1,0,2,2,0,1,1,13
93,1,0,3,0,0,1,1,1
93,1,0,3,1,0,1,1,3
93,1,0,3,2,0,1,1,13
93,1,1,1,0,0,1,1,1
93,1,1,1,1,0,1,1,3
93,1,1,1,2,0,1,1,13
93,1,1,2,0,0,1,1,1
93,1,1,2,1,0,1,1,3
93,1,1,2,2,0,1,1,13
93,1,1,3,0,0,1,1,1
93,1,1,3,1,0,1,1,3
93,1,1,3,2,0,1,1,13
93,1,2,1,0,1,1,1,1
93,1,2,1,1,1,1,1,1
93,1,2,1,2,1,1,1,1
93,1,2,2,0,0,1,1,1
93,1,2,2,1,0,1,1,3
93,1,2,2,2,0,1,1,13
93,1,2,3,0,0,1,1,1
93,1,2,3,1,0,1,1,3
93,1,2,3,2,0,1,1,13
93,1,3,1,0,0,1,1,1
93,1,3,1,1,0,1,1,3
93,1,3,1,2,0,1,1,13
93,1,3,2,0,0,1,1,1
93,1,3,2,1,0,1,1,3
93,1,3,2,2,0,1,1,13
93,1,3,3,0,0,1,1,1
93,1,3,3,1,0,1,1,3
93,1,3,3,2,0,1,1,13
93,1,4,1,0,0,1,1,1
93,1,4,1,1,0,1,1,3
93,1,4,1,2,0,1,1,13
93,1,4,2,0,0,1,1,1
93,1,4,2,1,0,1,1,3
93,1,4,2,2,0,1,1,13
93,1,4,3,0,0,1,1,1
93,1,4,3,1,0,1,1,3
93,1,4,3,2,0,1,1,13
93,1,5,1,0,1,1,1,1
93,1,5,1,1,1,1,1,1
93,1,5,1,2,1,1,1,1
93,1,5,2,0,0,1,1,1
93,1,5,2,1,1,1,1,3
93,1,5,2,2,1,1,1,4
93,1,5,3,0,0,1,1,1
93,1,5,3,1,1,1,1,3
93,1,5,3,2,1,1,1,4
93,1,6,1,0,0,1,1,1
93,1,6,1,1,0,1,1,3
93,1,6,1,2,0,1,1,13
93,1,6,2,0,1,1,1,1
93,1,6,2,1,1,1,1,1
93,1,6,2,2,1,1,1,1
93,1,6,3,0,0,1,1,1
93,1,6,3,1,0,1,1,3
93,1,6,3,2,0,1,1,13
93,1,7,1,0,0,1,1,1
93,1,7,1,1,0,1,1,3
93,1,7,1,2,0,1,1,13
93,1,7,2,0,1,1,1,1
93,1,7,2,1,1,1,1,1
93,1,7,2,2,1,1,1,1
93,1,7,3,0,0,1,1,1
93,1,7,3,1,0,1,1,3
93,1,7,3,2,0,1,1,13
93,1,8,1,0,1,1,1,1
93,1,8,1,1,1,1,1,1
93,1,8,1,2,1,1,1,1
93,1,8,2,0,1,1,1,1
93,1,8,2,1,1,1,1,1
93,1,8,2,2,1,1,1,1
93,1,8,3,0,1,1,1,1
93,1,8,3,1,1,1,1,1
93,1,8,3,2,1,1,1,1
94,0,0,1,0,0,1,1,1
94,0,0,1,1,0,1,1,3
94,0,0,1,2,0,1,1,7
94,0,0,2,0,0,1,1,1
94,0,0,2,1,0,1,1,3
94,0,0,2,2,0,1,1,7
94,0,0,3,0,0,1,1,1
94,0,0,3,1,0,1,1,3
94,0,0,3,2,0,1,1,7
94,0,1,1,0,0,1,1,1
94,0,1,1,1,0,1,1,3
94,0,1,1,2,0,1,1,7
94,0,1,2,0,0,1,1,1
94,0,1,2,1,0,1,1,3
94,0,1,2,2,0,1,1,7
94,0,1,3,0,0,1,1,1
94,0,1,3,1,0,1,1,3
94,0,1,3,2,0,1,1,7
94,0,2,1,0,1,1,1,1
94,0,2,1,1,1,1,1,1
94,0,2,1,2,1,1,1,1
94,0,2,2,0,0,1,1,1
94,0,2,2,1,0,1,1,3
94,0,2,2,2,0,1,1,7
94,0,2,3,0,0,1,1,1
94,0,2,3,1,0,1,1,3
94,0,2,3,2,0,1,1,7
94,0,3,1,0,0,1,1,1
94,0,3,1,1,0,1,1,3
94,0,3,1,2,0,1,1,7
94,0,3,2,0,0,1,1,1
94,0,3,2,1,0,1,1,3
94,0,3,2,2,0,1,1,7
94,0,3,3,0,0,1,1,1
94,0,3,3,1,0,1,1,3
94,0,3,3,2,0,1,1,7
94,0,4,1,0,0,1,1,1
94,0,4,1,1,0,1,1,3
94,0,4,1,2,0,1,1,7
94,0,4,2,0,0,1,1,1
94,0,4,2,1,0,1,1,3
94,0,4,2,2,0,1,1,7
94,0,4,3,0,0,1,1,1
94,0,4,3,1,0,1,1,3
94,0,4,3,2,0,1,1,7
94,0,5,1,0,1,1,1,1
94,0,5,1,1,1,1,1,1
94,0,5,1,2,1,1,1,1
94,0,5,2,0,0,1,1,1
94,0,5,2,1,1,1,1,3
94,0,5,2,2,1,1,1,4
94,0,5,3,0,0,1,1,1
94,0,5,3,1,1,1,1,3
94,0,5,3,2,1,1,1,4
94,0,6,1,0,0,1,1,1
94,0,6,1,1,0,1,1,3
94,0,6,1,2,0,1,1,7
94,0,6,2,0,1,1,1,1
94,0,6,2,1,1,1,1,1
94,0,6,2,2,1,1,1,1
94,0,6,3,0,0,1,1,1
94,0,6,3,1,0,1,1,3
94,0,6,3,2,0,1,1,7
94,0,7,1,0,0,1,1,1
94,0,7,1,1,1,1,1,2
94,0,7,1,2,1,1,1,2
94,0,7,2,0,1,1,1,1
94,0,7,2,1,1,1,1,1
94,0,7,2,2,1,1,1,1
94,0,7,3,0,0,1,1,1
94,0,7,3,1,0,1,1,3
94,0,7,3,2,1,1,1,6
94,0,8,1,0,1,1,1,1
94,0,8,1,1,1,1,1,1
94,0,8,1,2,1,1,1,1
94,0,8,2,0,1,1,1,1
94,0,8,2,1,1,1,1,1
94,0,8,2,2,1,1,1,1
94,0,8,3,0,1,1,1,1
94,0,8,3,1,1,1,1,1
94,0,8,3,2,1,1,1,1
94,1,0,1,0,0,1,1,1
94,1,0,1,1,0,1,1,3
94,1,0,1,2,0,1,1,13
94,1,0,2,0,0,1,1,1
94,1,0,2,1,0,1,1,3
94,1,0,2,2,0,1,1,13
94,1,0,3,0,0,1,1,1
94,1,0,3,1,0,1,1,3
94,1,0,3,2,0,1,1,13
94,1,1,1,0,0,1,1,1
94,1,1,1,1,0,1,1,3
94,1,1,1,2,0,1,1,13
94,1,1,2,0,0,1,1,1
94,1,1,2,1,0,1,1,3
94,1,1,2,2,0,1,1,13
94,1,1,3,0,0,1,1,1
94,1,1,3,1,0,1,1,3
94,1,1,3,2,0,1,1,13
94,1,2,1,0,1,1,1,1
94,1,2,1,1,1,1,1,1
94,1,2,1,2,1,1,1,1
94,1,2,2,0,0,1,1,1
94,1,2,2,1,0,1,1,3
94,1,2,2,2,0,1,1,13
94,1,2,3,0,0,1,1,1
94,1,2,3,1,0,1,1,3
94,1,2,3,2,0,1,1,13
94,1,3,1,0,0,1,1,1
94,1,3,1,1,0,1,1,3
94,1,3,1,2,0,1,1,13
94,1,3,2,0,0,1,1,1
94,1,3,2,1,0,1,1,3
94,1,3,2,2,0,1,1,13
94,1,3,3,0,0,1,1,1
94,1,3,3,1,0,1,1,3
94,1,3,3,2,0,1,1,13
94,1,4,1,0,0,1,1,1
94,1,4,1,1,0,1,1,3
94,1,4,1,2,0,1,1,13
94,1,4,2,0,0,1,1,1
94,1,4,2,1,0,1,1,3
94,1,4,2,2,0,1,1,13
94,1,4,3,0,0,1,1,1
94,1,4,3,1,0,1,1,3
94,1,4,3,2,0,1,1,13
94,1,5,1,0,1,1,1,1
94,1,5,1,1,1,1,1,1
94,1,5,1,2,1,1,1,1
94,1,5,2,0,0,1,1,1
94,1,5,2,1,1,1,1,3
94,1,5,2,2,1,1,1,4
94,1,5,3,0,0,1,1,1
94,1,5,3,1,1,1,1,3
94,1,5,3,2,1,1,1,4
94,1,6,1,0,0,1,1,1
94,1,6,1,1,0,1,1,3
94,1,6,1,2,0,1,1,13
94,1,6,2,0,1,1,1,1
94,1,6,2,1,1,1,1,1
94,1,6,2,2,1,1,1,1
94,1,6,3,0,0,1,1,1
94,1,6,3,1,0,1,1,3
94,1,6,3,2,0,1,1,13
94,1,7,1,0,0,1,1,1
94,1,7,1,1,1,1,1,2
94,1,7,1,2,1,1,1,2
94,1,7,2,0,1,1,1,1
94,1,7,2,1,1,1,1,1
94,1,7,2,2,1,1,1,1
94,1,7,3,0,0,1,1,1
94,1,7,3,1,0,1,1,3
94,1,7,3,2,1,1,1,5
94,1,8,1,0,1,1,1,1
94,1,8,1,1,1,1,1,1
94,1,8,1,2,1,1,1,1
94,1,8,2,0,1,1,1,1
94,1,8,2,1,1,1,1,1
94,1,8,2,2,1,1,1,1
94,1,8,3,0,1,1,1,1
94,1,8,3,1,1,1,1,1
94,1,8,3,2,1,1,1,1
95,0,0,1,0,0,1,1,1
95,0,0,1,1,0,1,1,3
95,0,0,1,2,0,1,1,7
95,0,0,2,0,0,1,1,1
95,0,0,2,1,0,1,1,3
95,0,0,2,2,0,1,1,7
95,0,0,3,0,0,1,1,1
95,0,0,3,1,0,1,1,3
95,0,0,3,2,0,1,1,7
95,0,1,1,0,0,1,1,1
95,0,1,1,1,0,1,1,3
95,0,1,1,2,0,1,1,7
95,0,1,2,0,0,1,1,1
95,0,1,2,1,0,1,1,3
95,0,1,2,2,0,1,1,7
95,0,1,3,0,0,1,1,1
95,0,1,3,1,0,1,1,3
95,0,1,3,2,0,1,1,7
95,0,2,1,0,1,1,1,1
95,0,2,1,1,1,1,1,1
95,0,2,1,2,1,1,1,1
95,0,2,2,0,0,1,1,1
95,0,2,2,1,0,1,1,3
95,0,2,2,2,0,1,1,7
95,0,2,3,0,0,1,1,1
95,0,2,3,1,0,1,1,3
95,0,2,3,2,0,1,1,7
95,0,3,1,0,0,1,1,1
95,0,3,1,1,0,1,1,3
95,0,3,1,2,0,1,1,7
95,0,3,2,0,0,1,1,1
95,0,3,2,1,0,1,1,3
95,0,3,2,2,0,1,1,7
95,0,3,3,0,0,1,1,1
95,0,3,3,1,0,1,1,3
95,0,3,3,2,0,1,1,7
95,0,4,1,0,0,1,1,1
95,0,4,1,1,0,1,1,3
95,0,4,1,2,0,1,1,7
95,0,4,2,0,0,1,1,1
95,0,4,2,1,0,1,1,3
95,0,4,2,2,0,1,1,7
95,0,4,3,0,0,1,1,1
95,0,4,3,1,0,1,1,3
95,0,4,3,2,0,1,1,7
95,0,5,1,0,1,1,1,1
95,0,5,1,1,1,1,1,1
95,0,5,1,2,1,1,1,1
95,0,5,2,0,0,1,1,1
95,0,5,2,1,1,1,1,3
95,0,5,2,2,1,1,1,4
95,0,5,3,0,0,1,1,1
95,0,5,3,1,1,1,1,3
95,0,5,3,2,1,1,1,4
95,0,6,1,0,0,1,1,1
95,0,6,1,1,0,1,1,3
95,0,6,1,2,0,1,1,7
95,0,6,2,0,1,1,1,1
95,0,6,2,1,1,1,1,1
95,0,6,2,2,1,1,1,1
95,0,6,3,0,0,1,1,1
95,0,6,3,1,0,1,1,3
95,0,6,3,2,0,1,1,7
95,0,7,1,0,0,1,1,1
95,0,7,1,1,0,1,1,3
95,0,7,1,2,0,1,1,7
95,0,7,2,0,1,1,1,1
95,0,7,2,1,1,1,1,1
95,0,7,2,2,1,1,1,1
95,0,7,3,0,0,1,1,1
95,0,7,3,1,0,1,1,3
95,0,7,3,2,0,1,1,7
95,0,8,1,0,1,1,1,1
95,0,8,1,1,1,1,1,1
95,0,8,1,2,1,1,1,1
95,0,8,2,0,1,1,1,1
95,0,8,2,1,1,1,1,1
95,0,8,2,2,1,1,1,1
95,0,8,3,0,1,1,1,1
95,0,8,3,1,1,1,1,1
95,0,8,3,2,1,1,1,1
95,1,0,1,0,0,1,1,1
95,1,0,1,1,0,1,1,3
95,1,0,1,2,0,1,1,13
95,1,0,2,0,0,1,1,1
95,1,0,2,1,0,1,1,3
95,1,0,2,2,0,1,1,13
95,1,0,3,0,0,1,1,1
95,1,0,3,1,0,1,1,3
95,1,0,3,2,0,1,1,13
95,1,1,1,0,0,1,1,1
95,1,1,1,1,0,1,1,3
95,1,1,1,2,0,1,1,13
95,1,1,2,0,0,1,1,1
95,1,1,2,1,0,1,1,3
95,1,1,2,2,0,1,1,13
95,1,1,3,0,0,1,1,1
95,1,1,3,1,0,1,1,3
95,1,1,3,2,0,1,1,13
95,1,2,1,0,1,1,1,1
95,1,2,1,1,1,1,1,1
95,1,2,1,2,1,1,1,1
95,1,2,2,0,0,1,1,1
95,1,2,2,1,0,1,1,3
95,1,2,2,2,0,1,1,13
95,1,2,3,0,0,1,1,1
95,1,2,3,1,0,1,1,3
95,1,2,3,2,0,1,1,13
95,1,3,1,0,0,1,1,1
95,1,3,1,1,0,1,1,3
95,1,3,1,2,0,1,1,13
95,1,3,2,0,0,1,1,1
95,1,3,2,1,0,1,1,3
95,1,3,2,2,0,1,1,13
95,1,3,3,0,0,1,1,1
95,1,3,3,1,0,1,1,3
95,1,3,3,2,0,1,1,13
95,1,4,1,0,0,1,1,1
95,1,4,1,1,0,1,1,3
95,1,4,1,2,0,1,1,13
95,1,4,2,0,0,1,1,1
95,1,4,2,1,0,1,1,3
95,1,4,2,2,0,1,1,13
95,1,4,3,0,0,1,1,1
95,1,4,3,1,0,1,1,3
95,1,4,3,2,0,1,1,13
95,1,5,1,0,1,1,1,1
95,1,5,1,1,1,1,1,1
95,1,5,1,2,1,1,1,1
95,1,5,2,0,0,1,1,1
95,1,5,2,1,1,1,1,3
95,1,5,2,2,1,1,1,4
95,1,5,3,0,0,1,1,1
95,1,5,3,1,1,1,1,3
95,1,5,3,2,1,1,1,4
95,1,6,1,0,0,1,1,1
95,1,6,1,1,0,1,1,3
95,1,6,1,2,0,1,1,13
95,1,6,2,0,1,1,1,1
95,1,6,2,1,1,1,1,1
95,1,6,2,2,1,1,1,1
95,1,6,3,0,0,1,1,1
95,1,6,3,1,0,1,1,3
95,1,6,3,2,0,1,1,13
95,1,7,1,0,0,1,1,1
95,1,7,1,1,0,1,1,3
95,1,7,1,2,0,1,1,13
95,1,7,2,0,1,1,1,1
95,1,7,2,1,1,1,1,1
95,1,7,2,2,1,1,1,1
95,1,7,3,0,0,1,1,1
95,1,7,3,1,0,1,1,3
95,1,7,3,2,0,1,1,13
95,1,8,1,0,1,1,1,1
95,1,8,1,1,1,1,1,1
95,1,8,1,2,1,1,1,1
95,1,8,2,0,1,1,1,1
95,1,8,2,1,1,1,1,1
95,1,8,2,2,1,1,1,1
95,1,8,3,0,1,1,1,1
95,1,8,3,1,1,1,1,1
95,1,8,3,2,1,1,1,1
