transition_code,observation_map,role_code,belief_mask,horizon,winning,oracle_agrees,checker_agrees,programs_examined
32,0,0,1,0,0,1,1,1
32,0,0,1,1,0,1,1,3
32,0,0,1,2,0,1,1,5
32,0,0,2,0,0,1,1,1
32,0,0,2,1,0,1,1,3
32,0,0,2,2,0,1,1,5
32,0,0,3,0,0,1,1,1
32,0,0,3,1,0,1,1,3
32,0,0,3,2,0,1,1,5
32,0,1,1,0,0,1,1,1
32,0,1,1,1,0,1,1,3
32,0,1,1,2,0,1,1,5
32,0,1,2,0,0,1,1,1
32,0,1,2,1,0,1,1,3
32,0,1,2,2,0,1,1,5
32,0,1,3,0,0,1,1,1
32,0,1,3,1,0,1,1,3
32,0,1,3,2,0,1,1,5
32,0,2,1,0,1,1,1,1
32,0,2,1,1,1,1,1,1
32,0,2,1,2,1,1,1,1
32,0,2,2,0,0,1,1,1
32,0,2,2,1,0,1,1,3
32,0,2,2,2,0,1,1,5
32,0,2,3,0,0,1,1,1
32,0,2,3,1,0,1,1,3
32,0,2,3,2,0,1,1,5
32,0,3,1,0,0,1,1,1
32,0,3,1,1,0,1,1,3
32,0,3,1,2,0,1,1,5
32,0,3,2,0,0,1,1,1
32,0,3,2,1,0,1,1,3
32,0,3,2,2,0,1,1,5
32,0,3,3,0,0,1,1,1
32,0,3,3,1,0,1,1,3
32,0,3,3,2,0,1,1,5
32,0,4,1,0,0,1,1,1
32,0,4,1,1,0,1,1,3
32,0,4,1,2,0,1,1,5
32,0,4,2,0,0,1,1,1
32,0,4,2,1,0,1,1,3
32,0,4,2,2,0,1,1,5
32,0,4,3,0,0,1,1,1
32,0,4,3,1,0,1,1,3
32,0,4,3,2,0,1,1,5
32,0,5,1,0,1,1,1,1
32,0,5,1,1,1,1,1,1
32,0,5,1,2,1,1,1,1
32,0,5,2,0,0,1,1,1
32,0,5,2,1,0,1,1,3
32,0,5,2,2,0,1,1,5
32,0,5,3,0,0,1,1,1
32,0,5,3,1,0,1,1,3
32,0,5,3,2,0,1,1,5
32,0,6,1,0,0,1,1,1
32,0,6,1,1,0,1,1,3
32,0,6,1,2,0,1,1,5
32,0,6,2,0,1,1,1,1
32,0,6,2,1,1,1,1,1
32,0,6,2,2,1,1,1,1
32,0,6,3,0,0,1,1,1
32,0,6,3,1,0,1,1,3
32,0,6,3,2,0,1,1,5
32,0,7,1,0,0,1,1,1
32,0,7,1,1,1,1,1,3
32,0,7,1,2,1,1,1,3
32,0,7,2,0,1,1,1,1
32,0,7,2,1,1,1,1,1
32,0,7,2,2,1,1,1,1
32,0,7,3,0,0,1,1,1
32,0,7,3,1,0,1,1,3
32,0,7,3,2,0,1,1,5
32,0,8,1,0,1,1,1,1
32,0,8,1,1,1,1,1,1
32,0,8,1,2,1,1,1,1
32,0,8,2,0,1,1,1,1
32,0,8,2,1,1,1,1,1
32,0,8,2,2,1,1,1,1
32,0,8,3,0,1,1,1,1
32,0,8,3,1,1,1,1,1
32,0,8,3,2,1,1,1,1
32,1,0,1,0,0,1,1,1
32,1,0,1,1,0,1,1,3
32,1,0,1,2,0,1,1,5
32,1,0,2,0,0,1,1,1
32,1,0,2,1,0,1,1,3
32,1,0,2,2,0,1,1,5
32,1,0,3,0,0,1,1,1
32,1,0,3,1,0,1,1,3
32,1,0,3,2,0,1,1,5
32,1,1,1,0,0,1,1,1
32,1,1,1,1,0,1,1,3
32,1,1,1,2,0,1,1,5
32,1,1,2,0,0,1,1,1
32,1,1,2,1,0,1,1,3
32,1,1,2,2,0,1,1,5
32,1,1,3,0,0,1,1,1
32,1,1,3,1,0,1,1,3
32,1,1,3,2,0,1,1,5
32,1,2,1,0,1,1,1,1
32,1,2,1,1,1,1,1,1
32,1,2,1,2,1,1,1,1
32,1,2,2,0,0,1,1,1
32,1,2,2,1,0,1,1,3
32,1,2,2,2,0,1,1,5
32,1,2,3,0,0,1,1,1
32,1,2,3,1,0,1,1,3
32,1,2,3,2,0,1,1,5
32,1,3,1,0,0,1,1,1
32,1,3,1,1,0,1,1,3
32,1,3,1,2,0,1,1,5
32,1,3,2,0,0,1,1,1
32,1,3,2,1,0,1,1,3
32,1,3,2,2,0,1,1,5
32,1,3,3,0,0,1,1,1
32,1,3,3,1,0,1,1,3
32,1,3,3,2,0,1,1,5
32,1,4,1,0,0,1,1,1
32,1,4,1,1,0,1,1,3
32,1,4,1,2,0,1,1,5
32,1,4,2,0,0,1,1,1
32,1,4,2,1,0,1,1,3
32,1,4,2,2,0,1,1,5
32,1,4,3,0,0,1,1,1
32,1,4,3,1,0,1,1,3
32,1,4,3,2,0,1,1,5
32,1,5,1,0,1,1,1,1
32,1,5,1,1,1,1,1,1
32,1,5,1,2,1,1,1,1
32,1,5,2,0,0,1,1,1
32,1,5,2,1,0,1,1,3
32,1,5,2,2,0,1,1,5
32,1,5,3,0,0,1,1,1
32,1,5,3,1,0,1,1,3
32,1,5,3,2,0,1,1,5
32,1,6,1,0,0,1,1,1
32,1,6,1,1,0,1,1,3
32,1,6,1,2,0,1,1,5
32,1,6,2,0,1,1,1,1
32,1,6,2,1,1,1,1,1
32,1,6,2,2,1,1,1,1
32,1,6,3,0,0,1,1,1
32,1,6,3,1,0,1,1,3
32,1,6,3,2,0,1,1,5
32,1,7,1,0,0,1,1,1
32,1,7,1,1,1,1,1,3
32,1,7,1,2,1,1,1,3
32,1,7,2,0,1,1,1,1
32,1,7,2,1,1,1,1,1
32,1,7,2,2,1,1,1,1
32,1,7,3,0,0,1,1,1
32,1,7,3,1,0,1,1,3
32,1,7,3,2,0,1,1,5
32,1,8,1,0,1,1,1,1
32,1,8,1,1,1,1,1,1
32,1,8,1,2,1,1,1,1
32,1,8,2,0,1,1,1,1
32,1,8,2,1,1,1,1,1
32,1,8,2,2,1,1,1,1
32,1,8,3,0,1,1,1,1
32,1,8,3,1,1,1,1,1
32,1,8,3,2,1,1,1,1
33,0,0,1,0,0,1,1,1
33,0,0,1,1,0,1,1,3
33,0,0,1,2,0,1,1,7
33,0,0,2,0,0,1,1,1
33,0,0,2,1,0,1,1,3
33,0,0,2,2,0,1,1,7
33,0,0,3,0,0,1,1,1
33,0,0,3,1,0,1,1,3
33,0,0,3,2,0,1,1,7
33,0,1,1,0,0,1,1,1
33,0,1,1,1,0,1,1,3
33,0,1,1,2,0,1,1,7
33,0,1,2,0,0,1,1,1
33,0,1,2,1,0,1,1,3
33,0,1,2,2,0,1,1,7
33,0,1,3,0,0,1,1,1
33,0,1,3,1,0,1,1,3
33,0,1,3,2,0,1,1,7
33,0,2,1,0,1,1,1,1
33,0,2,1,1,1,1,1,1
33,0,2,1,2,1,1,1,1
33,0,2,2,0,0,1,1,1
33,0,2,2,1,0,1,1,3
33,0,2,2,2,0,1,1,7
33,0,2,3,0,0,1,1,1
33,0,2,3,1,0,1,1,3
33,0,2,3,2,0,1,1,7
33,0,3,1,0,0,1,1,1
33,0,3,1,1,0,1,1,3
33,0,3,1,2,0,1,1,7
33,0,3,2,0,0,1,1,1
33,0,3,2,1,0,1,1,3
33,0,3,2,2,0,1,1,7
33,0,3,3,0,0,1,1,1
33,0,3,3,1,0,1,1,3
33,0,3,3,2,0,1,1,7
33,0,4,1,0,0,1,1,1
33,0,4,1,1,0,1,1,3
33,0,4,1,2,0,1,1,7
33,0,4,2,0,0,1,1,1
33,0,4,2,1,0,1,1,3
33,0,4,2,2,0,1,1,7
33,0,4,3,0,0,1,1,1
33,0,4,3,1,0,1,1,3
33,0,4,3,2,0,1,1,7
33,0,5,1,0,1,1,1,1
33,0,5,1,1,1,1,1,1
33,0,5,1,2,1,1,1,1
33,0,5,2,0,0,1,1,1
33,0,5,2,1,0,1,1,3
33,0,5,2,2,0,1,1,7
33,0,5,3,0,0,1,1,1
33,0,5,3,1,0,1,1,3
33,0,5,3,2,0,1,1,7
33,0,6,1,0,0,1,1,1
33,0,6,1,1,0,1,1,3
33,0,6,1,2,0,1,1,7
33,0,6,2,0,1,1,1,1
33,0,6,2,1,1,1,1,1
33,0,6,2,2,1,1,1,1
33,0,6,3,0,0,1,1,1
33,0,6,3,1,0,1,1,3
33,0,6,3,2,0,1,1,7
33,0,7,1,0,0,1,1,1
33,0,7,1,1,1,1,1,3
33,0,7,1,2,1,1,1,4
33,0,7,2,0,1,1,1,1
33,0,7,2,1,1,1,1,1
33,0,7,2,2,1,1,1,1
33,0,7,3,0,0,1,1,1
33,0,7,3,1,0,1,1,3
33,0,7,3,2,0,1,1,7
33,0,8,1,0,1,1,1,1
33,0,8,1,1,1,1,1,1
33,0,8,1,2,1,1,1,1
33,0,8,2,0,1,1,1,1
33,0,8,2,1,1,1,1,1
33,0,8,2,2,1,1,1,1
33,0,8,3,0,1,1,1,1
33,0,8,3,1,1,1,1,1
33,0,8,3,2,1,1,1,1
33,1,0,1,0,0,1,1,1
33,1,0,1,1,0,1,1,3
33,1,0,1,2,0,1,1,7
33,1,0,2,0,0,1,1,1
33,1,0,2,1,0,1,1,3
33,1,0,2,2,0,1,1,7
33,1,0,3,0,0,1,1,1
33,1,0,3,1,0,1,1,3
33,1,0,3,2,0,1,1,7
33,1,1,1,0,0,1,1,1
33,1,1,1,1,0,1,1,3
33,1,1,1,2,0,1,1,7
33,1,1,2,0,0,1,1,1
33,1,1,2,1,0,1,1,3
33,1,1,2,2,0,1,1,7
33,1,1,3,0,0,1,1,1
33,1,1,3,1,0,1,1,3
33,1,1,3,2,0,1,1,7
33,1,2,1,0,1,1,1,1
33,1,2,1,1,1,1,1,1
33,1,2,1,2,1,1,1,1
33,1,2,2,0,0,1,1,1
33,1,2,2,1,0,1,1,3
33,1,2,2,2,0,1,1,7
33,1,2,3,0,0,1,1,1
33,1,2,3,1,0,1,1,3
33,1,2,3,2,0,1,1,7
33,1,3,1,0,0,1,1,1
33,1,3,1,1,0,1,1,3
33,1,3,1,2,0,1,1,7
33,1,3,2,0,0,1,1,1
33,1,3,2,1,0,1,1,3
33,1,3,2,2,0,1,1,7
33,1,3,3,0,0,1,1,1
33,1,3,3,1,0,1,1,3
33,1,3,3,2,0,1,1,7
33,1,4,1,0,0,1,1,1
33,1,4,1,1,0,1,1,3
33,1,4,1,2,0,1,1,7
33,1,4,2,0,0,1,1,1
33,1,4,2,1,0,1,1,3
33,1,4,2,2,0,1,1,7
33,1,4,3,0,0,1,1,1
33,1,4,3,1,0,1,1,3
33,1,4,3,2,0,1,1,7
33,1,5,1,0,1,1,1,1
33,1,5,1,1,1,1,1,1
33,1,5,1,2,1,1,1,1
33,1,5,2,0,0,1,1,1
33,1,5,2,1,0,1,1,3
33,1,5,2,2,0,1,1,7
33,1,5,3,0,0,1,1,1
33,1,5,3,1,0,1,1,3
33,1,5,3,2,0,1,1,7
33,1,6,1,0,0,1,1,1
33,1,6,1,1,0,1,1,3
33,1,6,1,2,0,1,1,7
33,1,6,2,0,1,1,1,1
33,1,6,2,1,1,1,1,1
33,1,6,2,2,1,1,1,1
33,1,6,3,0,0,1,1,1
33,1,6,3,1,0,1,1,3
33,1,6,3,2,0,1,1,7
33,1,7,1,0,0,1,1,1
33,1,7,1,1,1,1,1,3
33,1,7,1,2,1,1,1,4
33,1,7,2,0,1,1,1,1
33,1,7,2,1,1,1,1,1
33,1,7,2,2,1,1,1,1
33,1,7,3,0,0,1,1,1
33,1,7,3,1,0,1,1,3
33,1,7,3,2,0,1,1,7
33,1,8,1,0,1,1,1,1
33,1,8,1,1,1,1,1,1
33,1,8,1,2,1,1,1,1
33,1,8,2,0,1,1,1,1
33,1,8,2,1,1,1,1,1
33,1,8,2,2,1,1,1,1
33,1,8,3,0,1,1,1,1
33,1,8,3,1,1,1,1,1
33,1,8,3,2,1,1,1,1
34,0,0,1,0,0,1,1,1
34,0,0,1,1,0,1,1,3
34,0,0,1,2,0,1,1,7
34,0,0,2,0,0,1,1,1
34,0,0,2,1,0,1,1,3
34,0,0,2,2,0,1,1,7
34,0,0,3,0,0,1,1,1
34,0,0,3,1,0,1,1,3
34,0,0,3,2,0,1,1,7
34,0,1,1,0,0,1,1,1
34,0,1,1,1,0,1,1,3
34,0,1,1,2,0,1,1,7
34,0,1,2,0,0,1,1,1
34,0,1,2,1,0,1,1,3
34,0,1,2,2,0,1,1,7
34,0,1,3,0,0,1,1,1
34,0,1,3,1,0,1,1,3
34,0,1,3,2,0,1,1,7
34,0,2,1,0,1,1,1,1
34,0,2,1,1,1,1,1,1
34,0,2,1,2,1,1,1,1
34,0,2,2,0,0,1,1,1
34,0,2,2,1,0,1,1,3
34,0,2,2,2,0,1,1,7
34,0,2,3,0,0,1,1,1
34,0,2,3,1,0,1,1,3
34,0,2,3,2,0,1,1,7
34,0,3,1,0,0,1,1,1
34,0,3,1,1,0,1,1,3
34,0,3,1,2,0,1,1,7
34,0,3,2,0,0,1,1,1
34,0,3,2,1,0,1,1,3
34,0,3,2,2,0,1,1,7
34,0,3,3,0,0,1,1,1
34,0,3,3,1,0,1,1,3
34,0,3,3,2,0,1,1,7
34,0,4,1,0,0,1,1,1
34,0,4,1,1,0,1,1,3
34,0,4,1,2,0,1,1,7
34,0,4,2,0,0,1,1,1
34,0,4,2,1,0,1,1,3
34,0,4,2,2,0,1,1,7
34,0,4,3,0,0,1,1,1
34,0,4,3,1,0,1,1,3
34,0,4,3,2,0,1,1,7
34,0,5,1,0,1,1,1,1
34,0,5,1,1,1,1,1,1
34,0,5,1,2,1,1,1,1
34,0,5,2,0,0,1,1,1
34,0,5,2,1,0,1,1,3
34,0,5,2,2,0,1,1,7
34,0,5,3,0,0,1,1,1
34,0,5,3,1,0,1,1,3
34,0,5,3,2,0,1,1,7
34,0,6,1,0,0,1,1,1
34,0,6,1,1,0,1,1,3
34,0,6,1,2,0,1,1,7
34,0,6,2,0,1,1,1,1
34,0,6,2,1,1,1,1,1
34,0,6,2,2,1,1,1,1
34,0,6,3,0,0,1,1,1
34,0,6,3,1,0,1,1,3
34,0,6,3,2,0,1,1,7
34,0,7,1,0,0,1,1,1
34,0,7,1,1,1,1,1,2
34,0,7,1,2,1,1,1,2
34,0,7,2,0,1,1,1,1
34,0,7,2,1,1,1,1,1
34,0,7,2,2,1,1,1,1
34,0,7,3,0,0,1,1,1
34,0,7,3,1,0,1,1,3
34,0,7,3,2,0,1,1,7
34,0,8,1,0,1,1,1,1
34,0,8,1,1,1,1,1,1
34,0,8,1,2,1,1,1,1
34,0,8,2,0,1,1,1,1
34,0,8,2,1,1,1,1,1
34,0,8,2,2,1,1,1,1
34,0,8,3,0,1,1,1,1
34,0,8,3,1,1,1,1,1
34,0,8,3,2,1,1,1,1
34,1,0,1,0,0,1,1,1
34,1,0,1,1,0,1,1,3
34,1,0,1,2,0,1,1,7
34,1,0,2,0,0,1,1,1
34,1,0,2,1,0,1,1,3
34,1,0,2,2,0,1,1,7
34,1,0,3,0,0,1,1,1
34,1,0,3,1,0,1,1,3
34,1,0,3,2,0,1,1,7
34,1,1,1,0,0,1,1,1
34,1,1,1,1,0,1,1,3
34,1,1,1,2,0,1,1,7
34,1,1,2,0,0,1,1,1
34,1,1,2,1,0,1,1,3
34,1,1,2,2,0,1,1,7
34,1,1,3,0,0,1,1,1
34,1,1,3,1,0,1,1,3
34,1,1,3,2,0,1,1,7
34,1,2,1,0,1,1,1,1
34,1,2,1,1,1,1,1,1
34,1,2,1,2,1,1,1,1
34,1,2,2,0,0,1,1,1
34,1,2,2,1,0,1,1,3
34,1,2,2,2,0,1,1,7
34,1,2,3,0,0,1,1,1
34,1,2,3,1,0,1,1,3
34,1,2,3,2,0,1,1,7
34,1,3,1,0,0,1,1,1
34,1,3,1,1,0,1,1,3
34,1,3,1,2,0,1,1,7
34,1,3,2,0,0,1,1,1
34,1,3,2,1,0,1,1,3
34,1,3,2,2,0,1,1,7
34,1,3,3,0,0,1,1,1
34,1,3,3,1,0,1,1,3
34,1,3,3,2,0,1,1,7
34,1,4,1,0,0,1,1,1
34,1,4,1,1,0,1,1,3
34,1,4,1,2,0,1,1,7
34,1,4,2,0,0,1,1,1
34,1,4,2,1,0,1,1,3
34,1,4,2,2,0,1,1,7
34,1,4,3,0,0,1,1,1
34,1,4,3,1,0,1,1,3
34,1,4,3,2,0,1,1,7
34,1,5,1,0,1,1,1,1
34,1,5,1,1,1,1,1,1
34,1,5,1,2,1,1,1,1
34,1,5,2,0,0,1,1,1
34,1,5,2,1,0,1,1,3
34,1,5,2,2,0,1,1,7
34,1,5,3,0,0,1,1,1
34,1,5,3,1,0,1,1,3
34,1,5,3,2,0,1,1,7
34,1,6,1,0,0,1,1,1
34,1,6,1,1,0,1,1,3
34,1,6,1,2,0,1,1,7
34,1,6,2,0,1,1,1,1
34,1,6,2,1,1,1,1,1
34,1,6,2,2,1,1,1,1
34,1,6,3,0,0,1,1,1
34,1,6,3,1,0,1,1,3
34,1,6,3,2,0,1,1,7
34,1,7,1,0,0,1,1,1
34,1,7,1,1,1,1,1,2
34,1,7,1,2,1,1,1,2
34,1,7,2,0,1,1,1,1
34,1,7,2,1,1,1,1,1
34,1,7,2,2,1,1,1,1
34,1,7,3,0,0,1,1,1
34,1,7,3,1,0,1,1,3
34,1,7,3,2,0,1,1,7
34,1,8,1,0,1,1,1,1
34,1,8,1,1,1,1,1,1
34,1,8,1,2,1,1,1,1
34,1,8,2,0,1,1,1,1
34,1,8,2,1,1,1,1,1
34,1,8,2,2,1,1,1,1
34,1,8,3,0,1,1,1,1
34,1,8,3,1,1,1,1,1
34,1,8,3,2,1,1,1,1
35,0,0,1,0,0,1,1,1
35,0,0,1,1,0,1,1,3
35,0,0,1,2,0,1,1,7
35,0,0,2,0,0,1,1,1
35,0,0,2,1,0,1,1,3
35,0,0,2,2,0,1,1,7
35,0,0,3,0,0,1,1,1
35,0,0,3,1,0,1,1,3
35,0,0,3,2,0,1,1,7
35,0,1,1,0,0,1,1,1
35,0,1,1,1,0,1,1,3
35,0,1,1,2,0,1,1,7
35,0,1,2,0,0,1,1,1
35,0,1,2,1,0,1,1,3
35,0,1,2,2,0,1,1,7
35,0,1,3,0,0,1,1,1
35,0,1,3,1,0,1,1,3
35,0,1,3,2,0,1,1,7
35,0,2,1,0,1,1,1,1
35,0,2,1,1,1,1,1,1
35,0,2,1,2,1,1,1,1
35,0,2,2,0,0,1,1,1
35,0,2,2,1,0,1,1,3
35,0,2,2,2,0,1,1,7
35,0,2,3,0,0,1,1,1
35,0,2,3,1,0,1,1,3
35,0,2,3,2,0,1,1,7
35,0,3,1,0,0,1,1,1
35,0,3,1,1,0,1,1,3
35,0,3,1,2,0,1,1,7
35,0,3,2,0,0,1,1,1
35,0,3,2,1,0,1,1,3
35,0,3,2,2,0,1,1,7
35,0,3,3,0,0,1,1,1
35,0,3,3,1,0,1,1,3
35,0,3,3,2,0,1,1,7
35,0,4,1,0,0,1,1,1
35,0,4,1,1,0,1,1,3
35,0,4,1,2,0,1,1,7
35,0,4,2,0,0,1,1,1
35,0,4,2,1,0,1,1,3
35,0,4,2,2,0,1,1,7
35,0,4,3,0,0,1,1,1
35,0,4,3,1,0,1,1,3
35,0,4,3,2,0,1,1,7
35,0,5,1,0,1,1,1,1
35,0,5,1,1,1,1,1,1
35,0,5,1,2,1,1,1,1
35,0,5,2,0,0,1,1,1
35,0,5,2,1,0,1,1,3
35,0,5,2,2,0,1,1,7
35,0,5,3,0,0,1,1,1
35,0,5,3,1,0,1,1,3
35,0,5,3,2,0,1,1,7
35,0,6,1,0,0,1,1,1
35,0,6,1,1,0,1,1,3
35,0,6,1,2,0,1,1,7
35,0,6,2,0,1,1,1,1
35,0,6,2,1,1,1,1,1
35,0,6,2,2,1,1,1,1
35,0,6,3,0,0,1,1,1
35,0,6,3,1,0,1,1,3
35,0,6,3,2,0,1,1,7
35,0,7,1,0,0,1,1,1
35,0,7,1,1,1,1,1,3
35,0,7,1,2,1,1,1,5
35,0,7,2,0,1,1,1,1
35,0,7,2,1,1,1,1,1
35,0,7,2,2,1,1,1,1
35,0,7,3,0,0,1,1,1
35,0,7,3,1,0,1,1,3
35,0,7,3,2,0,1,1,7
35,0,8,1,0,1,1,1,1
35,0,8,1,1,1,1,1,1
35,0,8,1,2,1,1,1,1
35,0,8,2,0,1,1,1,1
35,0,8,2,1,1,1,1,1
35,0,8,2,2,1,1,1,1
35,0,8,3,0,1,1,1,1
35,0,8,3,1,1,1,1,1
35,0,8,3,2,1,1,1,1
35,1,0,1,0,0,1,1,1
35,1,0,1,1,0,1,1,3
35,1,0,1,2,0,1,1,13
35,1,0,2,0,0,1,1,1
35,1,0,2,1,0,1,1,3
35,1,0,2,2,0,1,1,13
35,1,0,3,0,0,1,1,1
35,1,0,3,1,0,1,1,3
35,1,0,3,2,0,1,1,13
35,1,1,1,0,0,1,1,1
35,1,1,1,1,0,1,1,3
35,1,1,1,2,0,1,1,13
35,1,1,2,0,0,1,1,1
35,1,1,2,1,0,1,1,3
35,1,1,2,2,0,1,1,13
35,1,1,3,0,0,1,1,1
35,1,1,3,1,0,1,1,3
35,1,1,3,2,0,1,1,13
35,1,2,1,0,1,1,1,1
35,1,2,1,1,1,1,1,1
35,1,2,1,2,1,1,1,1
35,1,2,2,0,0,1,1,1
35,1,2,2,1,0,1,1,3
35,1,2,2,2,0,1,1,13
35,1,2,3,0,0,1,1,1
35,1,2,3,1,0,1,1,3
35,1,2,3,2,0,1,1,13
35,1,3,1,0,0,1,1,1
35,1,3,1,1,0,1,1,3
35,1,3,1,2,0,1,1,13
35,1,3,2,0,0,1,1,1
35,1,3,2,1,0,1,1,3
35,1,3,2,2,0,1,1,13
35,1,3,3,0,0,1,1,1
35,1,3,3,1,0,1,1,3
35,1,3,3,2,0,1,1,13
35,1,4,1,0,0,1,1,1
35,1,4,1,1,0,1,1,3
35,1,4,1,2,0,1,1,13
35,1,4,2,0,0,1,1,1
35,1,4,2,1,0,1,1,3
35,1,4,2,2,0,1,1,13
35,1,4,3,0,0,1,1,1
35,1,4,3,1,0,1,1,3
35,1,4,3,2,0,1,1,13
35,1,5,1,0,1,1,1,1
35,1,5,1,1,1,1,1,1
35,1,5,1,2,1,1,1,1
35,1,5,2,0,0,1,1,1
35,1,5,2,1,0,1,1,3
35,1,5,2,2,0,1,1,13
35,1,5,3,0,0,1,1,1
35,1,5,3,1,0,1,1,3
35,1,5,3,2,0,1,1,13
35,1,6,1,0,0,1,1,1
35,1,6,1,1,0,1,1,3
35,1,6,1,2,0,1,1,13
35,1,6,2,0,1,1,1,1
35,1,6,2,1,1,1,1,1
35,1,6,2,2,1,1,1,1
35,1,6,3,0,0,1,1,1
35,1,6,3,1,0,1,1,3
35,1,6,3,2,0,1,1,13
35,1,7,1,0,0,1,1,1
35,1,7,1,1,1,1,1,3
35,1,7,1,2,1,1,1,8
35,1,7,2,0,1,1,1,1
35,1,7,2,1,1,1,1,1
35,1,7,2,2,1,1,1,1
35,1,7,3,0,0,1,1,1
35,1,7,3,1,0,1,1,3
35,1,7,3,2,0,1,1,13
35,1,8,1,0,1,1,1,1
35,1,8,1,1,1,1,1,1
35,1,8,1,2,1,1,1,1
35,1,8,2,0,1,1,1,1
35,1,8,2,1,1,1,1,1
35,1,8,2,2,1,1,1,1
35,1,8,3,0,1,1,1,1
35,1,8,3,1,1,1,1,1
35,1,8,3,2,1,1,1,1
36,0,0,1,0,0,1,1,1
36,0,0,1,1,0,1,1,3
36,0,0,1,2,0,1,1,7
36,0,0,2,0,0,1,1,1
36,0,0,2,1,0,1,1,3
36,0,0,2,2,0,1,1,7
36,0,0,3,0,0,1,1,1
36,0,0,3,1,0,1,1,3
36,0,0,3,2,0,1,1,7
36,0,1,1,0,0,1,1,1
36,0,1,1,1,0,1,1,3
36,0,1,1,2,0,1,1,7
36,0,1,2,0,0,1,1,1
36,0,1,2,1,0,1,1,3
36,0,1,2,2,0,1,1,7
36,0,1,3,0,0,1,1,1
36,0,1,3,1,0,1,1,3
36,0,1,3,2,0,1,1,7
36,0,2,1,0,1,1,1,1
36,0,2,1,1,1,1,1,1
36,0,2,1,2,1,1,1,1
36,0,2,2,0,0,1,1,1
36,0,2,2,1,0,1,1,3
36,0,2,2,2,0,1,1,7
36,0,2,3,0,0,1,1,1
36,0,2,3,1,0,1,1,3
36,0,2,3,2,0,1,1,7
36,0,3,1,0,0,1,1,1
36,0,3,1,1,0,1,1,3
36,0,3,1,2,0,1,1,7
36,0,3,2,0,0,1,1,1
36,0,3,2,1,0,1,1,3
36,0,3,2,2,0,1,1,7
36,0,3,3,0,0,1,1,1
36,0,3,3,1,0,1,1,3
36,0,3,3,2,0,1,1,7
36,0,4,1,0,0,1,1,1
36,0,4,1,1,0,1,1,3
36,0,4,1,2,0,1,1,7
36,0,4,2,0,0,1,1,1
36,0,4,2,1,0,1,1,3
36,0,4,2,2,0,1,1,7
36,0,4,3,0,0,1,1,1
36,0,4,3,1,0,1,1,3
36,0,4,3,2,0,1,1,7
36,0,5,1,0,1,1,1,1
36,0,5,1,1,1,1,1,1
36,0,5,1,2,1,1,1,1
36,0,5,2,0,0,1,1,1
36,0,5,2,1,1,1,1,2
36,0,5,2,2,1,1,1,2
36,0,5,3,0,0,1,1,1
36,0,5,3,1,0,1,1,3
36,0,5,3,2,0,1,1,7
36,0,6,1,0,0,1,1,1
36,0,6,1,1,0,1,1,3
36,0,6,1,2,0,1,1,7
36,0,6,2,0,1,1,1,1
36,0,6,2,1,1,1,1,1
36,0,6,2,2,1,1,1,1
36,0,6,3,0,0,1,1,1
36,0,6,3,1,0,1,1,3
36,0,6,3,2,0,1,1,7
36,0,7,1,0,0,1,1,1
36,0,7,1,1,1,1,1,3
36,0,7,1,2,1,1,1,5
36,0,7,2,0,1,1,1,1
36,0,7,2,1,1,1,1,1
36,0,7,2,2,1,1,1,1
36,0,7,3,0,0,1,1,1
36,0,7,3,1,0,1,1,3
36,0,7,3,2,0,1,1,7
36,0,8,1,0,1,1,1,1
36,0,8,1,1,1,1,1,1
36,0,8,1,2,1,1,1,1
36,0,8,2,0,1,1,1,1
36,0,8,2,1,1,1,1,1
36,0,8,2,2,1,1,1,1
36,0,8,3,0,1,1,1,1
36,0,8,3,1,1,1,1,1
36,0,8,3,2,1,1,1,1
36,1,0,1,0,0,1,1,1
36,1,0,1,1,0,1,1,3
36,1,0,1,2,0,1,1,7
36,1,0,2,0,0,1,1,1
36,1,0,2,1,0,1,1,3
36,1,0,2,2,0,1,1,7
36,1,0,3,0,0,1,1,1
36,1,0,3,1,0,1,1,3
36,1,0,3,2,0,1,1,7
36,1,1,1,0,0,1,1,1
36,1,1,1,1,0,1,1,3
36,1,1,1,2,0,1,1,7
36,1,1,2,0,0,1,1,1
36,1,1,2,1,0,1,1,3
36,1,1,2,2,0,1,1,7
36,1,1,3,0,0,1,1,1
36,1,1,3,1,0,1,1,3
36,1,1,3,2,0,1,1,7
36,1,2,1,0,1,1,1,1
36,1,2,1,1,1,1,1,1
36,1,2,1,2,1,1,1,1
36,1,2,2,0,0,1,1,1
36,1,2,2,1,0,1,1,3
36,1,2,2,2,0,1,1,7
36,1,2,3,0,0,1,1,1
36,1,2,3,1,0,1,1,3
36,1,2,3,2,0,1,1,7
36,1,3,1,0,0,1,1,1
36,1,3,1,1,0,1,1,3
36,1,3,1,2,0,1,1,7
36,1,3,2,0,0,1,1,1
36,1,3,2,1,0,1,1,3
36,1,3,2,2,0,1,1,7
36,1,3,3,0,0,1,1,1
36,1,3,3,1,0,1,1,3
36,1,3,3,2,0,1,1,7
36,1,4,1,0,0,1,1,1
36,1,4,1,1,0,1,1,3
36,1,4,1,2,0,1,1,7
36,1,4,2,0,0,1,1,1
36,1,4,2,1,0,1,1,3
36,1,4,2,2,0,1,1,7
36,1,4,3,0,0,1,1,1
36,1,4,3,1,0,1,1,3
36,1,4,3,2,0,1,1,7
36,1,5,1,0,1,1,1,1
36,1,5,1,1,1,1,1,1
36,1,5,1,2,1,1,1,1
36,1,5,2,0,0,1,1,1
36,1,5,2,1,1,1,1,2
36,1,5,2,2,1,1,1,2
36,1,5,3,0,0,1,1,1
36,1,5,3,1,0,1,1,3
36,1,5,3,2,0,1,1,7
36,1,6,1,0,0,1,1,1
36,1,6,1,1,0,1,1,3
36,1,6,1,2,0,1,1,7
36,1,6,2,0,1,1,1,1
36,1,6,2,1,1,1,1,1
36,1,6,2,2,1,1,1,1
36,1,6,3,0,0,1,1,1
36,1,6,3,1,0,1,1,3
36,1,6,3,2,0,1,1,7
36,1,7,1,0,0,1,1,1
36,1,7,1,1,1,1,1,3
36,1,7,1,2,1,1,1,5
36,1,7,2,0,1,1,1,1
36,1,7,2,1,1,1,1,1
36,1,7,2,2,1,1,1,1
36,1,7,3,0,0,1,1,1
36,1,7,3,1,0,1,1,3
36,1,7,3,2,0,1,1,7
36,1,8,1,0,1,1,1,1
36,1,8,1,1,1,1,1,1
36,1,8,1,2,1,1,1,1
36,1,8,2,0,1,1,1,1
36,1,8,2,1,1,1,1,1
36,1,8,2,2,1,1,1,1
36,1,8,3,0,1,1,1,1
36,1,8,3,1,1,1,1,1
36,1,8,3,2,1,1,1,1
37,0,0,1,0,0,1,1,1
37,0,0,1,1,0,1,1,3
37,0,0,1,2,0,1,1,7
37,0,0,2,0,0,1,1,1
37,0,0,2,1,0,1,1,3
37,0,0,2,2,0,1,1,7
37,0,0,3,0,0,1,1,1
37,0,0,3,1,0,1,1,3
37,0,0,3,2,0,1,1,7
37,0,1,1,0,0,1,1,1
37,0,1,1,1,0,1,1,3
37,0,1,1,2,0,1,1,7
37,0,1,2,0,0,1,1,1
37,0,1,2,1,0,1,1,3
37,0,1,2,2,0,1,1,7
37,0,1,3,0,0,1,1,1
37,0,1,3,1,0,1,1,3
37,0,1,3,2,0,1,1,7
37,0,2,1,0,1,1,1,1
37,0,2,1,1,1,1,1,1
37,0,2,1,2,1,1,1,1
37,0,2,2,0,0,1,1,1
37,0,2,2,1,0,1,1,3
37,0,2,2,2,0,1,1,7
37,0,2,3,0,0,1,1,1
37,0,2,3,1,0,1,1,3
37,0,2,3,2,0,1,1,7
37,0,3,1,0,0,1,1,1
37,0,3,1,1,0,1,1,3
37,0,3,1,2,0,1,1,7
37,0,3,2,0,0,1,1,1
37,0,3,2,1,0,1,1,3
37,0,3,2,2,0,1,1,7
37,0,3,3,0,0,1,1,1
37,0,3,3,1,0,1,1,3
37,0,3,3,2,0,1,1,7
37,0,4,1,0,0,1,1,1
37,0,4,1,1,0,1,1,3
37,0,4,1,2,0,1,1,7
37,0,4,2,0,0,1,1,1
37,0,4,2,1,0,1,1,3
37,0,4,2,2,0,1,1,7
37,0,4,3,0,0,1,1,1
37,0,4,3,1,0,1,1,3
37,0,4,3,2,0,1,1,7
37,0,5,1,0,1,1,1,1
37,0,5,1,1,1,1,1,1
37,0,5,1,2,1,1,1,1
37,0,5,2,0,0,1,1,1
37,0,5,2,1,1,1,1,2
37,0,5,2,2,1,1,1,2
37,0,5,3,0,0,1,1,1
37,0,5,3,1,1,1,1,2
37,0,5,3,2,1,1,1,2
37,0,6,1,0,0,1,1,1
37,0,6,1,1,0,1,1,3
37,0,6,1,2,0,1,1,7
37,0,6,2,0,1,1,1,1
37,0,6,2,1,1,1,1,1
37,0,6,2,2,1,1,1,1
37,0,6,3,0,0,1,1,1
37,0,6,3,1,0,1,1,3
37,0,6,3,2,0,1,1,7
37,0,7,1,0,0,1,1,1
37,0,7,1,1,1,1,1,3
37,0,7,1,2,1,1,1,4
37,0,7,2,0,1,1,1,1
37,0,7,2,1,1,1,1,1
37,0,7,2,2,1,1,1,1
37,0,7,3,0,0,1,1,1
37,0,7,3,1,0,1,1,3
37,0,7,3,2,1,1,1,4
37,0,8,1,0,1,1,1,1
37,0,8,1,1,1,1,1,1
37,0,8,1,2,1,1,1,1
37,0,8,2,0,1,1,1,1
37,0,8,2,1,1,1,1,1
37,0,8,2,2,1,1,1,1
37,0,8,3,0,1,1,1,1
37,0,8,3,1,1,1,1,1
37,0,8,3,2,1,1,1,1
37,1,0,1,0,0,1,1,1
37,1,0,1,1,0,1,1,3
37,1,0,1,2,0,1,1,7
37,1,0,2,0,0,1,1,1
37,1,0,2,1,0,1,1,3
37,1,0,2,2,0,1,1,7
37,1,0,3,0,0,1,1,1
37,1,0,3,1,0,1,1,3
37,1,0,3,2,0,1,1,7
37,1,1,1,0,0,1,1,1
37,1,1,1,1,0,1,1,3
37,1,1,1,2,0,1,1,7
37,1,1,2,0,0,1,1,1
37,1,1,2,1,0,1,1,3
37,1,1,2,2,0,1,1,7
37,1,1,3,0,0,1,1,1
37,1,1,3,1,0,1,1,3
37,1,1,3,2,0,1,1,7
37,1,2,1,0,1,1,1,1
37,1,2,1,1,1,1,1,1
37,1,2,1,2,1,1,1,1
37,1,2,2,0,0,1,1,1
37,1,2,2,1,0,1,1,3
37,1,2,2,2,0,1,1,7
37,1,2,3,0,0,1,1,1
37,1,2,3,1,0,1,1,3
37,1,2,3,2,0,1,1,7
37,1,3,1,0,0,1,1,1
37,1,3,1,1,0,1,1,3
37,1,3,1,2,0,1,1,7
37,1,3,2,0,0,1,1,1
37,1,3,2,1,0,1,1,3
37,1,3,2,2,0,1,1,7
37,1,3,3,0,0,1,1,1
37,1,3,3,1,0,1,1,3
37,1,3,3,2,0,1,1,7
37,1,4,1,0,0,1,1,1
37,1,4,1,1,0,1,1,3
37,1,4,1,2,0,1,1,7
37,1,4,2,0,0,1,1,1
37,1,4,2,1,0,1,1,3
37,1,4,2,2,0,1,1,7
37,1,4,3,0,0,1,1,1
37,1,4,3,1,0,1,1,3
37,1,4,3,2,0,1,1,7
37,1,5,1,0,1,1,1,1
37,1,5,1,1,1,1,1,1
37,1,5,1,2,1,1,1,1
37,1,5,2,0,0,1,1,1
37,1,5,2,1,1,1,1,2
37,1,5,2,2,1,1,1,2
37,1,5,3,0,0,1,1,1
37,1,5,3,1,1,1,1,2
37,1,5,3,2,1,1,1,2
37,1,6,1,0,0,1,1,1
37,1,6,1,1,0,1,1,3
37,1,6,1,2,0,1,1,7
37,1,6,2,0,1,1,1,1
37,1,6,2,1,1,1,1,1
37,1,6,2,2,1,1,1,1
37,1,6,3,0,0,1,1,1
37,1,6,3,1,0,1,1,3
37,1,6,3,2,0,1,1,7
37,1,7,1,0,0,1,1,1
37,1,7,1,1,1,1,1,3
37,1,7,1,2,1,1,1,4
37,1,7,2,0,1,1,1,1
37,1,7,2,1,1,1,1,1
37,1,7,2,2,1,1,1,1
37,1,7,3,0,0,1,1,1
37,1,7,3,1,0,1,1,3
37,1,7,3,2,1,1,1,4
37,1,8,1,0,1,1,1,1
37,1,8,1,1,1,1,1,1
37,1,8,1,2,1,1,1,1
37,1,8,2,0,1,1,1,1
37,1,8,2,1,1,1,1,1
37,1,8,2,2,1,1,1,1
37,1,8,3,0,1,1,1,1
37,1,8,3,1,1,1,1,1
37,1,8,3,2,1,1,1,1
38,0,0,1,0,0,1,1,1
38,0,0,1,1,0,1,1,3
38,0,0,1,2,0,1,1,7
38,0,0,2,0,0,1,1,1
38,0,0,2,1,0,1,1,3
38,0,0,2,2,0,1,1,7
38,0,0,3,0,0,1,1,1
38,0,0,3,1,0,1,1,3
38,0,0,3,2,0,1,1,7
38,0,1,1,0,0,1,1,1
38,0,1,1,1,0,1,1,3
38,0,1,1,2,0,1,1,7
38,0,1,2,0,0,1,1,1
38,0,1,2,1,0,1,1,3
38,0,1,2,2,0,1,1,7
38,0,1,3,0,0,1,1,1
38,0,1,3,1,0,1,1,3
38,0,1,3,2,0,1,1,7
38,0,2,1,0,1,1,1,1
38,0,2,1,1,1,1,1,1
38,0,2,1,2,1,1,1,1
38,0,2,2,0,0,1,1,1
38,0,2,2,1,0,1,1,3
38,0,2,2,2,0,1,1,7
38,0,2,3,0,0,1,1,1
38,0,2,3,1,0,1,1,3
38,0,2,3,2,0,1,1,7
38,0,3,1,0,0,1,1,1
38,0,3,1,1,0,1,1,3
38,0,3,1,2,0,1,1,7
38,0,3,2,0,0,1,1,1
38,0,3,2,1,0,1,1,3
38,0,3,2,2,0,1,1,7
38,0,3,3,0,0,1,1,1
38,0,3,3,1,0,1,1,3
38,0,3,3,2,0,1,1,7
38,0,4,1,0,0,1,1,1
38,0,4,1,1,0,1,1,3
38,0,4,1,2,0,1,1,7
38,0,4,2,0,0,1,1,1
38,0,4,2,1,0,1,1,3
38,0,4,2,2,0,1,1,7
38,0,4,3,0,0,1,1,1
38,0,4,3,1,0,1,1,3
38,0,4,3,2,0,1,1,7
38,0,5,1,0,1,1,1,1
38,0,5,1,1,1,1,1,1
38,0,5,1,2,1,1,1,1
38,0,5,2,0,0,1,1,1
38,0,5,2,1,1,1,1,2
38,0,5,2,2,1,1,1,2
38,0,5,3,0,0,1,1,1
38,0,5,3,1,0,1,1,3
38,0,5,3,2,0,1,1,7
38,0,6,1,0,0,1,1,1
38,0,6,1,1,0,1,1,3
38,0,6,1,2,0,1,1,7
38,0,6,2,0,1,1,1,1
38,0,6,2,1,1,1,1,1
38,0,6,2,2,1,1,1,1
38,0,6,3,0,0,1,1,1
38,0,6,3,1,0,1,1,3
38,0,6,3,2,0,1,1,7
38,0,7,1,0,0,1,1,1
38,0,7,1,1,1,1,1,2
38,0,7,1,2,1,1,1,2
38,0,7,2,0,1,1,1,1
38,0,7,2,1,1,1,1,1
38,0,7,2,2,1,1,1,1
38,0,7,3,0,0,1,1,1
38,0,7,3,1,0,1,1,3
38,0,7,3,2,0,1,1,7
38,0,8,1,0,1,1,1,1
38,0,8,1,1,1,1,1,1
38,0,8,1,2,1,1,1,1
38,0,8,2,0,1,1,1,1
38,0,8,2,1,1,1,1,1
38,0,8,2,2,1,1,1,1
38,0,8,3,0,1,1,1,1
38,0,8,3,1,1,1,1,1
38,0,8,3,2,1,1,1,1
38,1,0,1,0,0,1,1,1
38,1,0,1,1,0,1,1,3
38,1,0,1,2,0,1,1,13
38,1,0,2,0,0,1,1,1
38,1,0,2,1,0,1,1,3
38,1,0,2,2,0,1,1,13
38,1,0,3,0,0,1,1,1
38,1,0,3,1,0,1,1,3
38,1,0,3,2,0,1,1,13
38,1,1,1,0,0,1,1,1
38,1,1,1,1,0,1,1,3
38,1,1,1,2,0,1,1,13
38,1,1,2,0,0,1,1,1
38,1,1,2,1,0,1,1,3
38,1,1,2,2,0,1,1,13
38,1,1,3,0,0,1,1,1
38,1,1,3,1,0,1,1,3
38,1,1,3,2,0,1,1,13
38,1,2,1,0,1,1,1,1
38,1,2,1,1,1,1,1,1
38,1,2,1,2,1,1,1,1
38,1,2,2,0,0,1,1,1
38,1,2,2,1,0,1,1,3
38,1,2,2,2,0,1,1,13
38,1,2,3,0,0,1,1,1
38,1,2,3,1,0,1,1,3
38,1,2,3,2,0,1,1,13
38,1,3,1,0,0,1,1,1
38,1,3,1,1,0,1,1,3
38,1,3,1,2,0,1,1,13
38,1,3,2,0,0,1,1,1
38,1,3,2,1,0,1,1,3
38,1,3,2,2,0,1,1,13
38,1,3,3,0,0,1,1,1
38,1,3,3,1,0,1,1,3
38,1,3,3,2,0,1,1,13
38,1,4,1,0,0,1,1,1
38,1,4,1,1,0,1,1,3
38,1,4,1,2,0,1,1,13
38,1,4,2,0,0,1,1,1
38,1,4,2,1,0,1,1,3
38,1,4,2,2,0,1,1,13
38,1,4,3,0,0,1,1,1
38,1,4,3,1,0,1,1,3
38,1,4,3,2,0,1,1,13
38,1,5,1,0,1,1,1,1
38,1,5,1,1,1,1,1,1
38,1,5,1,2,1,1,1,1
38,1,5,2,0,0,1,1,1
38,1,5,2,1,1,1,1,2
38,1,5,2,2,1,1,1,2
38,1,5,3,0,0,1,1,1
38,1,5,3,1,0,1,1,3
38,1,5,3,2,1,1,1,3
38,1,6,1,0,0,1,1,1
38,1,6,1,1,0,1,1,3
38,1,6,1,2,0,1,1,13
38,1,6,2,0,1,1,1,1
38,1,6,2,1,1,1,1,1
38,1,6,2,2,1,1,1,1
38,1,6,3,0,0,1,1,1
38,1,6,3,1,0,1,1,3
38,1,6,3,2,0,1,1,13
38,1,7,1,0,0,1,1,1
38,1,7,1,1,1,1,1,2
38,1,7,1,2,1,1,1,2
38,1,7,2,0,1,1,1,1
38,1,7,2,1,1,1,1,1
38,1,7,2,2,1,1,1,1
38,1,7,3,0,0,1,1,1
38,1,7,3,1,0,1,1,3
38,1,7,3,2,1,1,1,5
38,1,8,1,0,1,1,1,1
38,1,8,1,1,1,1,1,1
38,1,8,1,2,1,1,1,1
38,1,8,2,0,1,1,1,1
38,1,8,2,1,1,1,1,1
38,1,8,2,2,1,1,1,1
38,1,8,3,0,1,1,1,1
38,1,8,3,1,1,1,1,1
38,1,8,3,2,1,1,1,1
39,0,0,1,0,0,1,1,1
39,0,0,1,1,0,1,1,3
39,0,0,1,2,0,1,1,7
39,0,0,2,0,0,1,1,1
39,0,0,2,1,0,1,1,3
39,0,0,2,2,0,1,1,7
39,0,0,3,0,0,1,1,1
39,0,0,3,1,0,1,1,3
39,0,0,3,2,0,1,1,7
39,0,1,1,0,0,1,1,1
39,0,1,1,1,0,1,1,3
39,0,1,1,2,0,1,1,7
39,0,1,2,0,0,1,1,1
39,0,1,2,1,0,1,1,3
39,0,1,2,2,0,1,1,7
39,0,1,3,0,0,1,1,1
39,0,1,3,1,0,1,1,3
39,0,1,3,2,0,1,1,7
39,0,2,1,0,1,1,1,1
39,0,2,1,1,1,1,1,1
39,0,2,1,2,1,1,1,1
39,0,2,2,0,0,1,1,1
39,0,2,2,1,0,1,1,3
39,0,2,2,2,0,1,1,7
39,0,2,3,0,0,1,1,1
39,0,2,3,1,0,1,1,3
39,0,2,3,2,0,1,1,7
39,0,3,1,0,0,1,1,1
39,0,3,1,1,0,1,1,3
39,0,3,1,2,0,1,1,7
39,0,3,2,0,0,1,1,1
39,0,3,2,1,0,1,1,3
39,0,3,2,2,0,1,1,7
39,0,3,3,0,0,1,1,1
39,0,3,3,1,0,1,1,3
39,0,3,3,2,0,1,1,7
39,0,4,1,0,0,1,1,1
39,0,4,1,1,0,1,1,3
39,0,4,1,2,0,1,1,7
39,0,4,2,0,0,1,1,1
39,0,4,2,1,0,1,1,3
39,0,4,2,2,0,1,1,7
39,0,4,3,0,0,1,1,1
39,0,4,3,1,0,1,1,3
39,0,4,3,2,0,1,1,7
39,0,5,1,0,1,1,1,1
39,0,5,1,1,1,1,1,1
39,0,5,1,2,1,1,1,1
39,0,5,2,0,0,1,1,1
39,0,5,2,1,1,1,1,2
39,0,5,2,2,1,1,1,2
39,0,5,3,0,0,1,1,1
39,0,5,3,1,0,1,1,3
39,0,5,3,2,0,1,1,7
39,0,6,1,0,0,1,1,1
39,0,6,1,1,0,1,1,3
39,0,6,1,2,0,1,1,7
39,0,6,2,0,1,1,1,1
39,0,6,2,1,1,1,1,1
39,0,6,2,2,1,1,1,1
39,0,6,3,0,0,1,1,1
39,0,6,3,1,0,1,1,3
39,0,6,3,2,0,1,1,7
39,0,7,1,0,0,1,1,1
39,0,7,1,1,1,1,1,3
39,0,7,1,2,1,1,1,5
39,0,7,2,0,1,1,1,1
39,0,7,2,1,1,1,1,1
39,0,7,2,2,1,1,1,1
39,0,7,3,0,0,1,1,1
39,0,7,3,1,0,1,1,3
39,0,7,3,2,0,1,1,7
39,0,8,1,0,1,1,1,1
39,0,8,1,1,1,1,1,1
39,0,8,1,2,1,1,1,1
39,0,8,2,0,1,1,1,1
39,0,8,2,1,1,1,1,1
39,0,8,2,2,1,1,1,1
39,0,8,3,0,1,1,1,1
39,0,8,3,1,1,1,1,1
39,0,8,3,2,1,1,1,1
39,1,0,1,0,0,1,1,1
39,1,0,1,1,0,1,1,3
39,1,0,1,2,0,1,1,13
39,1,0,2,0,0,1,1,1
39,1,0,2,1,0,1,1,3
39,1,0,2,2,0,1,1,13
39,1,0,3,0,0,1,1,1
39,1,0,3,1,0,1,1,3
39,1,0,3,2,0,1,1,13
39,1,1,1,0,0,1,1,1
39,1,1,1,1,0,1,1,3
39,1,1,1,2,0,1,1,13
39,1,1,2,0,0,1,1,1
39,1,1,2,1,0,1,1,3
39,1,1,2,2,0,1,1,13
39,1,1,3,0,0,1,1,1
39,1,1,3,1,0,1,1,3
39,1,1,3,2,0,1,1,13
39,1,2,1,0,1,1,1,1
39,1,2,1,1,1,1,1,1
39,1,2,1,2,1,1,1,1
39,1,2,2,0,0,1,1,1
39,1,2,2,1,0,1,1,3
39,1,2,2,2,0,1,1,13
39,1,2,3,0,0,1,1,1
39,1,2,3,1,0,1,1,3
39,1,2,3,2,0,1,1,13
39,1,3,1,0,0,1,1,1
39,1,3,1,1,0,1,1,3
39,1,3,1,2,0,1,1,13
39,1,3,2,0,0,1,1,1
39,1,3,2,1,0,1,1,3
39,1,3,2,2,0,1,1,13
39,1,3,3,0,0,1,1,1
39,1,3,3,1,0,1,1,3
39,1,3,3,2,0,1,1,13
39,1,4,1,0,0,1,1,1
39,1,4,1,1,0,1,1,3
39,1,4,1,2,0,1,1,13
39,1,4,2,0,0,1,1,1
39,1,4,2,1,0,1,1,3
39,1,4,2,2,0,1,1,13
39,1,4,3,0,0,1,1,1
39,1,4,3,1,0,1,1,3
39,1,4,3,2,0,1,1,13
39,1,5,1,0,1,1,1,1
39,1,5,1,1,1,1,1,1
39,1,5,1,2,1,1,1,1
39,1,5,2,0,0,1,1,1
39,1,5,2,1,1,1,1,2
39,1,5,2,2,1,1,1,2
39,1,5,3,0,0,1,1,1
39,1,5,3,1,0,1,1,3
39,1,5,3,2,1,1,1,3
39,1,6,1,0,0,1,1,1
39,1,6,1,1,0,1,1,3
39,1,6,1,2,0,1,1,13
39,1,6,2,0,1,1,1,1
39,1,6,2,1,1,1,1,1
39,1,6,2,2,1,1,1,1
39,1,6,3,0,0,1,1,1
39,1,6,3,1,0,1,1,3
39,1,6,3,2,0,1,1,13
39,1,7,1,0,0,1,1,1
39,1,7,1,1,1,1,1,3
39,1,7,1,2,1,1,1,8
39,1,7,2,0,1,1,1,1
39,1,7,2,1,1,1,1,1
39,1,7,2,2,1,1,1,1
39,1,7,3,0,0,1,1,1
39,1,7,3,1,0,1,1,3
39,1,7,3,2,1,1,1,8
39,1,8,1,0,1,1,1,1
39,1,8,1,1,1,1,1,1
39,1,8,1,2,1,1,1,1
39,1,8,2,0,1,1,1,1
39,1,8,2,1,1,1,1,1
39,1,8,2,2,1,1,1,1
39,1,8,3,0,1,1,1,1
39,1,8,3,1,1,1,1,1
39,1,8,3,2,1,1,1,1
40,0,0,1,0,0,1,1,1
40,0,0,1,1,0,1,1,3
40,0,0,1,2,0,1,1,7
40,0,0,2,0,0,1,1,1
40,0,0,2,1,0,1,1,3
40,0,0,2,2,0,1,1,7
40,0,0,3,0,0,1,1,1
40,0,0,3,1,0,1,1,3
40,0,0,3,2,0,1,1,7
40,0,1,1,0,0,1,1,1
40,0,1,1,1,0,1,1,3
40,0,1,1,2,0,1,1,7
40,0,1,2,0,0,1,1,1
40,0,1,2,1,0,1,1,3
40,0,1,2,2,0,1,1,7
40,0,1,3,0,0,1,1,1
40,0,1,3,1,0,1,1,3
40,0,1,3,2,0,1,1,7
40,0,2,1,0,1,1,1,1
40,0,2,1,1,1,1,1,1
40,0,2,1,2,1,1,1,1
40,0,2,2,0,0,1,1,1
40,0,2,2,1,0,1,1,3
40,0,2,2,2,0,1,1,7
40,0,2,3,0,0,1,1,1
40,0,2,3,1,0,1,1,3
40,0,2,3,2,0,1,1,7
40,0,3,1,0,0,1,1,1
40,0,3,1,1,0,1,1,3
40,0,3,1,2,0,1,1,7
40,0,3,2,0,0,1,1,1
40,0,3,2,1,0,1,1,3
40,0,3,2,2,0,1,1,7
40,0,3,3,0,0,1,1,1
40,0,3,3,1,0,1,1,3
40,0,3,3,2,0,1,1,7
40,0,4,1,0,0,1,1,1
40,0,4,1,1,0,1,1,3
40,0,4,1,2,0,1,1,7
40,0,4,2,0,0,1,1,1
40,0,4,2,1,0,1,1,3
40,0,4,2,2,0,1,1,7
40,0,4,3,0,0,1,1,1
40,0,4,3,1,0,1,1,3
40,0,4,3,2,0,1,1,7
40,0,5,1,0,1,1,1,1
40,0,5,1,1,1,1,1,1
40,0,5,1,2,1,1,1,1
40,0,5,2,0,0,1,1,1
40,0,5,2,1,0,1,1,3
40,0,5,2,2,0,1,1,7
40,0,5,3,0,0,1,1,1
40,0,5,3,1,0,1,1,3
40,0,5,3,2,0,1,1,7
40,0,6,1,0,0,1,1,1
40,0,6,1,1,0,1,1,3
40,0,6,1,2,0,1,1,7
40,0,6,2,0,1,1,1,1
40,0,6,2,1,1,1,1,1
40,0,6,2,2,1,1,1,1
40,0,6,3,0,0,1,1,1
40,0,6,3,1,0,1,1,3
40,0,6,3,2,0,1,1,7
40,0,7,1,0,0,1,1,1
40,0,7,1,1,1,1,1,3
40,0,7,1,2,1,1,1,5
40,0,7,2,0,1,1,1,1
40,0,7,2,1,1,1,1,1
40,0,7,2,2,1,1,1,1
40,0,7,3,0,0,1,1,1
40,0,7,3,1,0,1,1,3
40,0,7,3,2,0,1,1,7
40,0,8,1,0,1,1,1,1
40,0,8,1,1,1,1,1,1
40,0,8,1,2,1,1,1,1
40,0,8,2,0,1,1,1,1
40,0,8,2,1,1,1,1,1
40,0,8,2,2,1,1,1,1
40,0,8,3,0,1,1,1,1
40,0,8,3,1,1,1,1,1
40,0,8,3,2,1,1,1,1
40,1,0,1,0,0,1,1,1
40,1,0,1,1,0,1,1,3
40,1,0,1,2,0,1,1,7
40,1,0,2,0,0,1,1,1
40,1,0,2,1,0,1,1,3
40,1,0,2,2,0,1,1,7
40,1,0,3,0,0,1,1,1
40,1,0,3,1,0,1,1,3
40,1,0,3,2,0,1,1,7
40,1,1,1,0,0,1,1,1
40,1,1,1,1,0,1,1,3
40,1,1,1,2,0,1,1,7
40,1,1,2,0,0,1,1,1
40,1,1,2,1,0,1,1,3
40,1,1,2,2,0,1,1,7
40,1,1,3,0,0,1,1,1
40,1,1,3,1,0,1,1,3
40,1,1,3,2,0,1,1,7
40,1,2,1,0,1,1,1,1
40,1,2,1,1,1,1,1,1
40,1,2,1,2,1,1,1,1
40,1,2,2,0,0,1,1,1
40,1,2,2,1,0,1,1,3
40,1,2,2,2,0,1,1,7
40,1,2,3,0,0,1,1,1
40,1,2,3,1,0,1,1,3
40,1,2,3,2,0,1,1,7
40,1,3,1,0,0,1,1,1
40,1,3,1,1,0,1,1,3
40,1,3,1,2,0,1,1,7
40,1,3,2,0,0,1,1,1
40,1,3,2,1,0,1,1,3
40,1,3,2,2,0,1,1,7
40,1,3,3,0,0,1,1,1
40,1,3,3,1,0,1,1,3
40,1,3,3,2,0,1,1,7
40,1,4,1,0,0,1,1,1
40,1,4,1,1,0,1,1,3
40,1,4,1,2,0,1,1,7
40,1,4,2,0,0,1,1,1
40,1,4,2,1,0,1,1,3
40,1,4,2,2,0,1,1,7
40,1,4,3,0,0,1,1,1
40,1,4,3,1,0,1,1,3
40,1,4,3,2,0,1,1,7
40,1,5,1,0,1,1,1,1
40,1,5,1,1,1,1,1,1
40,1,5,1,2,1,1,1,1
40,1,5,2,0,0,1,1,1
40,1,5,2,1,0,1,1,3
40,1,5,2,2,0,1,1,7
40,1,5,3,0,0,1,1,1
40,1,5,3,1,0,1,1,3
40,1,5,3,2,0,1,1,7
40,1,6,1,0,0,1,1,1
40,1,6,1,1,0,1,1,3
40,1,6,1,2,0,1,1,7
40,1,6,2,0,1,1,1,1
40,1,6,2,1,1,1,1,1
40,1,6,2,2,1,1,1,1
40,1,6,3,0,0,1,1,1
40,1,6,3,1,0,1,1,3
40,1,6,3,2,0,1,1,7
40,1,7,1,0,0,1,1,1
40,1,7,1,1,1,1,1,3
40,1,7,1,2,1,1,1,5
40,1,7,2,0,1,1,1,1
40,1,7,2,1,1,1,1,1
40,1,7,2,2,1,1,1,1
40,1,7,3,0,0,1,1,1
40,1,7,3,1,0,1,1,3
40,1,7,3,2,0,1,1,7
40,1,8,1,0,1,1,1,1
40,1,8,1,1,1,1,1,1
40,1,8,1,2,1,1,1,1
40,1,8,2,0,1,1,1,1
40,1,8,2,1,1,1,1,1
40,1,8,2,2,1,1,1,1
40,1,8,3,0,1,1,1,1
40,1,8,3,1,1,1,1,1
40,1,8,3,2,1,1,1,1
41,0,0,1,0,0,1,1,1
41,0,0,1,1,0,1,1,3
41,0,0,1,2,0,1,1,7
41,0,0,2,0,0,1,1,1
41,0,0,2,1,0,1,1,3
41,0,0,2,2,0,1,1,7
41,0,0,3,0,0,1,1,1
41,0,0,3,1,0,1,1,3
41,0,0,3,2,0,1,1,7
41,0,1,1,0,0,1,1,1
41,0,1,1,1,0,1,1,3
41,0,1,1,2,0,1,1,7
41,0,1,2,0,0,1,1,1
41,0,1,2,1,0,1,1,3
41,0,1,2,2,0,1,1,7
41,0,1,3,0,0,1,1,1
41,0,1,3,1,0,1,1,3
41,0,1,3,2,0,1,1,7
41,0,2,1,0,1,1,1,1
41,0,2,1,1,1,1,1,1
41,0,2,1,2,1,1,1,1
41,0,2,2,0,0,1,1,1
41,0,2,2,1,0,1,1,3
41,0,2,2,2,0,1,1,7
41,0,2,3,0,0,1,1,1
41,0,2,3,1,0,1,1,3
41,0,2,3,2,0,1,1,7
41,0,3,1,0,0,1,1,1
41,0,3,1,1,0,1,1,3
41,0,3,1,2,0,1,1,7
41,0,3,2,0,0,1,1,1
41,0,3,2,1,0,1,1,3
41,0,3,2,2,0,1,1,7
41,0,3,3,0,0,1,1,1
41,0,3,3,1,0,1,1,3
41,0,3,3,2,0,1,1,7
41,0,4,1,0,0,1,1,1
41,0,4,1,1,0,1,1,3
41,0,4,1,2,0,1,1,7
41,0,4,2,0,0,1,1,1
41,0,4,2,1,0,1,1,3
41,0,4,2,2,0,1,1,7
41,0,4,3,0,0,1,1,1
41,0,4,3,1,0,1,1,3
41,0,4,3,2,0,1,1,7
41,0,5,1,0,1,1,1,1
41,0,5,1,1,1,1,1,1
41,0,5,1,2,1,1,1,1
41,0,5,2,0,0,1,1,1
41,0,5,2,1,0,1,1,3
41,0,5,2,2,0,1,1,7
41,0,5,3,0,0,1,1,1
41,0,5,3,1,0,1,1,3
41,0,5,3,2,0,1,1,7
41,0,6,1,0,0,1,1,1
41,0,6,1,1,0,1,1,3
41,0,6,1,2,0,1,1,7
41,0,6,2,0,1,1,1,1
41,0,6,2,1,1,1,1,1
41,0,6,2,2,1,1,1,1
41,0,6,3,0,0,1,1,1
41,0,6,3,1,0,1,1,3
41,0,6,3,2,0,1,1,7
41,0,7,1,0,0,1,1,1
41,0,7,1,1,1,1,1,3
41,0,7,1,2,1,1,1,4
41,0,7,2,0,1,1,1,1
41,0,7,2,1,1,1,1,1
41,0,7,2,2,1,1,1,1
41,0,7,3,0,0,1,1,1
41,0,7,3,1,0,1,1,3
41,0,7,3,2,0,1,1,7
41,0,8,1,0,1,1,1,1
41,0,8,1,1,1,1,1,1
41,0,8,1,2,1,1,1,1
41,0,8,2,0,1,1,1,1
41,0,8,2,1,1,1,1,1
41,0,8,2,2,1,1,1,1
41,0,8,3,0,1,1,1,1
41,0,8,3,1,1,1,1,1
41,0,8,3,2,1,1,1,1
41,1,0,1,0,0,1,1,1
41,1,0,1,1,0,1,1,3
41,1,0,1,2,0,1,1,13
41,1,0,2,0,0,1,1,1
41,1,0,2,1,0,1,1,3
41,1,0,2,2,0,1,1,13
41,1,0,3,0,0,1,1,1
41,1,0,3,1,0,1,1,3
41,1,0,3,2,0,1,1,13
41,1,1,1,0,0,1,1,1
41,1,1,1,1,0,1,1,3
41,1,1,1,2,0,1,1,13
41,1,1,2,0,0,1,1,1
41,1,1,2,1,0,1,1,3
41,1,1,2,2,0,1,1,13
41,1,1,3,0,0,1,1,1
41,1,1,3,1,0,1,1,3
41,1,1,3,2,0,1,1,13
41,1,2,1,0,1,1,1,1
41,1,2,1,1,1,1,1,1
41,1,2,1,2,1,1,1,1
41,1,2,2,0,0,1,1,1
41,1,2,2,1,0,1,1,3
41,1,2,2,2,0,1,1,13
41,1,2,3,0,0,1,1,1
41,1,2,3,1,0,1,1,3
41,1,2,3,2,0,1,1,13
41,1,3,1,0,0,1,1,1
41,1,3,1,1,0,1,1,3
41,1,3,1,2,0,1,1,13
41,1,3,2,0,0,1,1,1
41,1,3,2,1,0,1,1,3
41,1,3,2,2,0,1,1,13
41,1,3,3,0,0,1,1,1
41,1,3,3,1,0,1,1,3
41,1,3,3,2,0,1,1,13
41,1,4,1,0,0,1,1,1
41,1,4,1,1,0,1,1,3
41,1,4,1,2,0,1,1,13
41,1,4,2,0,0,1,1,1
41,1,4,2,1,0,1,1,3
41,1,4,2,2,0,1,1,13
41,1,4,3,0,0,1,1,1
41,1,4,3,1,0,1,1,3
41,1,4,3,2,0,1,1,13
41,1,5,1,0,1,1,1,1
41,1,5,1,1,1,1,1,1
41,1,5,1,2,1,1,1,1
41,1,5,2,0,0,1,1,1
41,1,5,2,1,0,1,1,3
41,1,5,2,2,0,1,1,13
41,1,5,3,0,0,1,1,1
41,1,5,3,1,0,1,1,3
41,1,5,3,2,0,1,1,13
41,1,6,1,0,0,1,1,1
41,1,6,1,1,0,1,1,3
41,1,6,1,2,0,1,1,13
41,1,6,2,0,1,1,1,1
41,1,6,2,1,1,1,1,1
41,1,6,2,2,1,1,1,1
41,1,6,3,0,0,1,1,1
41,1,6,3,1,0,1,1,3
41,1,6,3,2,0,1,1,13
41,1,7,1,0,0,1,1,1
41,1,7,1,1,1,1,1,3
41,1,7,1,2,1,1,1,8
41,1,7,2,0,1,1,1,1
41,1,7,2,1,1,1,1,1
41,1,7,2,2,1,1,1,1
41,1,7,3,0,0,1,1,1
41,1,7,3,1,0,1,1,3
41,1,7,3,2,1,1,1,8
41,1,8,1,0,1,1,1,1
41,1,8,1,1,1,1,1,1
41,1,8,1,2,1,1,1,1
41,1,8,2,0,1,1,1,1
41,1,8,2,1,1,1,1,1
41,1,8,2,2,1,1,1,1
41,1,8,3,0,1,1,1,1
41,1,8,3,1,1,1,1,1
41,1,8,3,2,1,1,1,1
42,0,0,1,0,0,1,1,1
42,0,0,1,1,0,1,1,3
42,0,0,1,2,0,1,1,7
42,0,0,2,0,0,1,1,1
42,0,0,2,1,0,1,1,3
42,0,0,2,2,0,1,1,7
42,0,0,3,0,0,1,1,1
42,0,0,3,1,0,1,1,3
42,0,0,3,2,0,1,1,7
42,0,1,1,0,0,1,1,1
42,0,1,1,1,0,1,1,3
42,0,1,1,2,0,1,1,7
42,0,1,2,0,0,1,1,1
42,0,1,2,1,0,1,1,3
42,0,1,2,2,0,1,1,7
42,0,1,3,0,0,1,1,1
42,0,1,3,1,0,1,1,3
42,0,1,3,2,0,1,1,7
42,0,2,1,0,1,1,1,1
42,0,2,1,1,1,1,1,1
42,0,2,1,2,1,1,1,1
42,0,2,2,0,0,1,1,1
42,0,2,2,1,0,1,1,3
42,0,2,2,2,0,1,1,7
42,0,2,3,0,0,1,1,1
42,0,2,3,1,0,1,1,3
42,0,2,3,2,0,1,1,7
42,0,3,1,0,0,1,1,1
42,0,3,1,1,0,1,1,3
42,0,3,1,2,0,1,1,7
42,0,3,2,0,0,1,1,1
42,0,3,2,1,0,1,1,3
42,0,3,2,2,0,1,1,7
42,0,3,3,0,0,1,1,1
42,0,3,3,1,0,1,1,3
42,0,3,3,2,0,1,1,7
42,0,4,1,0,0,1,1,1
42,0,4,1,1,0,1,1,3
42,0,4,1,2,0,1,1,7
42,0,4,2,0,0,1,1,1
42,0,4,2,1,0,1,1,3
42,0,4,2,2,0,1,1,7
42,0,4,3,0,0,1,1,1
42,0,4,3,1,0,1,1,3
42,0,4,3,2,0,1,1,7
42,0,5,1,0,1,1,1,1
42,0,5,1,1,1,1,1,1
42,0,5,1,2,1,1,1,1
42,0,5,2,0,0,1,1,1
42,0,5,2,1,0,1,1,3
42,0,5,2,2,0,1,1,7
42,0,5,3,0,0,1,1,1
42,0,5,3,1,0,1,1,3
42,0,5,3,2,0,1,1,7
42,0,6,1,0,0,1,1,1
42,0,6,1,1,0,1,1,3
42,0,6,1,2,0,1,1,7
42,0,6,2,0,1,1,1,1
42,0,6,2,1,1,1,1,1
42,0,6,2,2,1,1,1,1
42,0,6,3,0,0,1,1,1
42,0,6,3,1,0,1,1,3
42,0,6,3,2,0,1,1,7
42,0,7,1,0,0,1,1,1
42,0,7,1,1,1,1,1,2
42,0,7,1,2,1,1,1,2
42,0,7,2,0,1,1,1,1
42,0,7,2,1,1,1,1,1
42,0,7,2,2,1,1,1,1
42,0,7,3,0,0,1,1,1
42,0,7,3,1,1,1,1,2
42,0,7,3,2,1,1,1,2
42,0,8,1,0,1,1,1,1
42,0,8,1,1,1,1,1,1
42,0,8,1,2,1,1,1,1
42,0,8,2,0,1,1,1,1
42,0,8,2,1,1,1,1,1
42,0,8,2,2,1,1,1,1
42,0,8,3,0,1,1,1,1
42,0,8,3,1,1,1,1,1
42,0,8,3,2,1,1,1,1
42,1,0,1,0,0,1,1,1
42,1,0,1,1,0,1,1,3
42,1,0,1,2,0,1,1,7
42,1,0,2,0,0,1,1,1
42,1,0,2,1,0,1,1,3
42,1,0,2,2,0,1,1,7
42,1,0,3,0,0,1,1,1
42,1,0,3,1,0,1,1,3
42,1,0,3,2,0,1,1,7
42,1,1,1,0,0,1,1,1
42,1,1,1,1,0,1,1,3
42,1,1,1,2,0,1,1,7
42,1,1,2,0,0,1,1,1
42,1,1,2,1,0,1,1,3
42,1,1,2,2,0,1,1,7
42,1,1,3,0,0,1,1,1
42,1,1,3,1,0,1,1,3
42,1,1,3,2,0,1,1,7
42,1,2,1,0,1,1,1,1
42,1,2,1,1,1,1,1,1
42,1,2,1,2,1,1,1,1
42,1,2,2,0,0,1,1,1
42,1,2,2,1,0,1,1,3
42,1,2,2,2,0,1,1,7
42,1,2,3,0,0,1,1,1
42,1,2,3,1,0,1,1,3
42,1,2,3,2,0,1,1,7
42,1,3,1,0,0,1,1,1
42,1,3,1,1,0,1,1,3
42,1,3,1,2,0,1,1,7
42,1,3,2,0,0,1,1,1
42,1,3,2,1,0,1,1,3
42,1,3,2,2,0,1,1,7
42,1,3,3,0,0,1,1,1
42,1,3,3,1,0,1,1,3
42,1,3,3,2,0,1,1,7
42,1,4,1,0,0,1,1,1
42,1,4,1,1,0,1,1,3
42,1,4,1,2,0,1,1,7
42,1,4,2,0,0,1,1,1
42,1,4,2,1,0,1,1,3
42,1,4,2,2,0,1,1,7
42,1,4,3,0,0,1,1,1
42,1,4,3,1,0,1,1,3
42,1,4,3,2,0,1,1,7
42,1,5,1,0,1,1,1,1
42,1,5,1,1,1,1,1,1
42,1,5,1,2,1,1,1,1
42,1,5,2,0,0,1,1,1
42,1,5,2,1,0,1,1,3
42,1,5,2,2,0,1,1,7
42,1,5,3,0,0,1,1,1
42,1,5,3,1,0,1,1,3
42,1,5,3,2,0,1,1,7
42,1,6,1,0,0,1,1,1
42,1,6,1,1,0,1,1,3
42,1,6,1,2,0,1,1,7
42,1,6,2,0,1,1,1,1
42,1,6,2,1,1,1,1,1
42,1,6,2,2,1,1,1,1
42,1,6,3,0,0,1,1,1
42,1,6,3,1,0,1,1,3
42,1,6,3,2,0,1,1,7
42,1,7,1,0,0,1,1,1
42,1,7,1,1,1,1,1,2
42,1,7,1,2,1,1,1,2
42,1,7,2,0,1,1,1,1
42,1,7,2,1,1,1,1,1
42,1,7,2,2,1,1,1,1
42,1,7,3,0,0,1,1,1
42,1,7,3,1,1,1,1,2
42,1,7,3,2,1,1,1,2
42,1,8,1,0,1,1,1,1
42,1,8,1,1,1,1,1,1
42,1,8,1,2,1,1,1,1
42,1,8,2,0,1,1,1,1
42,1,8,2,1,1,1,1,1
42,1,8,2,2,1,1,1,1
42,1,8,3,0,1,1,1,1
42,1,8,3,1,1,1,1,1
42,1,8,3,2,1,1,1,1
43,0,0,1,0,0,1,1,1
43,0,0,1,1,0,1,1,3
43,0,0,1,2,0,1,1,7
43,0,0,2,0,0,1,1,1
43,0,0,2,1,0,1,1,3
43,0,0,2,2,0,1,1,7
43,0,0,3,0,0,1,1,1
43,0,0,3,1,0,1,1,3
43,0,0,3,2,0,1,1,7
43,0,1,1,0,0,1,1,1
43,0,1,1,1,0,1,1,3
43,0,1,1,2,0,1,1,7
43,0,1,2,0,0,1,1,1
43,0,1,2,1,0,1,1,3
43,0,1,2,2,0,1,1,7
43,0,1,3,0,0,1,1,1
43,0,1,3,1,0,1,1,3
43,0,1,3,2,0,1,1,7
43,0,2,1,0,1,1,1,1
43,0,2,1,1,1,1,1,1
43,0,2,1,2,1,1,1,1
43,0,2,2,0,0,1,1,1
43,0,2,2,1,0,1,1,3
43,0,2,2,2,0,1,1,7
43,0,2,3,0,0,1,1,1
43,0,2,3,1,0,1,1,3
43,0,2,3,2,0,1,1,7
43,0,3,1,0,0,1,1,1
43,0,3,1,1,0,1,1,3
43,0,3,1,2,0,1,1,7
43,0,3,2,0,0,1,1,1
43,0,3,2,1,0,1,1,3
43,0,3,2,2,0,1,1,7
43,0,3,3,0,0,1,1,1
43,0,3,3,1,0,1,1,3
43,0,3,3,2,0,1,1,7
43,0,4,1,0,0,1,1,1
43,0,4,1,1,0,1,1,3
43,0,4,1,2,0,1,1,7
43,0,4,2,0,0,1,1,1
43,0,4,2,1,0,1,1,3
43,0,4,2,2,0,1,1,7
43,0,4,3,0,0,1,1,1
43,0,4,3,1,0,1,1,3
43,0,4,3,2,0,1,1,7
43,0,5,1,0,1,1,1,1
43,0,5,1,1,1,1,1,1
43,0,5,1,2,1,1,1,1
43,0,5,2,0,0,1,1,1
43,0,5,2,1,0,1,1,3
43,0,5,2,2,0,1,1,7
43,0,5,3,0,0,1,1,1
43,0,5,3,1,0,1,1,3
43,0,5,3,2,0,1,1,7
43,0,6,1,0,0,1,1,1
43,0,6,1,1,0,1,1,3
43,0,6,1,2,0,1,1,7
43,0,6,2,0,1,1,1,1
43,0,6,2,1,1,1,1,1
43,0,6,2,2,1,1,1,1
43,0,6,3,0,0,1,1,1
43,0,6,3,1,0,1,1,3
43,0,6,3,2,0,1,1,7
43,0,7,1,0,0,1,1,1
43,0,7,1,1,1,1,1,3
43,0,7,1,2,1,1,1,5
43,0,7,2,0,1,1,1,1
43,0,7,2,1,1,1,1,1
43,0,7,2,2,1,1,1,1
43,0,7,3,0,0,1,1,1
43,0,7,3,1,0,1,1,3
43,0,7,3,2,0,1,1,7
43,0,8,1,0,1,1,1,1
43,0,8,1,1,1,1,1,1
43,0,8,1,2,1,1,1,1
43,0,8,2,0,1,1,1,1
43,0,8,2,1,1,1,1,1
43,0,8,2,2,1,1,1,1
43,0,8,3,0,1,1,1,1
43,0,8,3,1,1,1,1,1
43,0,8,3,2,1,1,1,1
43,1,0,1,0,0,1,1,1
43,1,0,1,1,0,1,1,3
43,1,0,1,2,0,1,1,13
43,1,0,2,0,0,1,1,1
43,1,0,2,1,0,1,1,3
43,1,0,2,2,0,1,1,13
43,1,0,3,0,0,1,1,1
43,1,0,3,1,0,1,1,3
43,1,0,3,2,0,1,1,13
43,1,1,1,0,0,1,1,1
43,1,1,1,1,0,1,1,3
43,1,1,1,2,0,1,1,13
43,1,1,2,0,0,1,1,1
43,1,1,2,1,0,1,1,3
43,1,1,2,2,0,1,1,13
43,1,1,3,0,0,1,1,1
43,1,1,3,1,0,1,1,3
43,1,1,3,2,0,1,1,13
43,1,2,1,0,1,1,1,1
43,1,2,1,1,1,1,1,1
43,1,2,1,2,1,1,1,1
43,1,2,2,0,0,1,1,1
43,1,2,2,1,0,1,1,3
43,1,2,2,2,0,1,1,13
43,1,2,3,0,0,1,1,1
43,1,2,3,1,0,1,1,3
43,1,2,3,2,0,1,1,13
43,1,3,1,0,0,1,1,1
43,1,3,1,1,0,1,1,3
43,1,3,1,2,0,1,1,13
43,1,3,2,0,0,1,1,1
43,1,3,2,1,0,1,1,3
43,1,3,2,2,0,1,1,13
43,1,3,3,0,0,1,1,1
43,1,3,3,1,0,1,1,3
43,1,3,3,2,0,1,1,13
43,1,4,1,0,0,1,1,1
43,1,4,1,1,0,1,1,3
43,1,4,1,2,0,1,1,13
43,1,4,2,0,0,1,1,1
43,1,4,2,1,0,1,1,3
43,1,4,2,2,0,1,1,13
43,1,4,3,0,0,1,1,1
43,1,4,3,1,0,1,1,3
43,1,4,3,2,0,1,1,13
43,1,5,1,0,1,1,1,1
43,1,5,1,1,1,1,1,1
43,1,5,1,2,1,1,1,1
43,1,5,2,0,0,1,1,1
43,1,5,2,1,0,1,1,3
43,1,5,2,2,0,1,1,13
43,1,5,3,0,0,1,1,1
43,1,5,3,1,0,1,1,3
43,1,5,3,2,0,1,1,13
43,1,6,1,0,0,1,1,1
43,1,6,1,1,0,1,1,3
43,1,6,1,2,0,1,1,13
43,1,6,2,0,1,1,1,1
43,1,6,2,1,1,1,1,1
43,1,6,2,2,1,1,1,1
43,1,6,3,0,0,1,1,1
43,1,6,3,1,0,1,1,3
43,1,6,3,2,0,1,1,13
43,1,7,1,0,0,1,1,1
43,1,7,1,1,1,1,1,3
43,1,7,1,2,1,1,1,8
43,1,7,2,0,1,1,1,1
43,1,7,2,1,1,1,1,1
43,1,7,2,2,1,1,1,1
43,1,7,3,0,0,1,1,1
43,1,7,3,1,0,1,1,3
43,1,7,3,2,1,1,1,8
43,1,8,1,0,1,1,1,1
43,1,8,1,1,1,1,1,1
43,1,8,1,2,1,1,1,1
43,1,8,2,0,1,1,1,1
43,1,8,2,1,1,1,1,1
43,1,8,2,2,1,1,1,1
43,1,8,3,0,1,1,1,1
43,1,8,3,1,1,1,1,1
43,1,8,3,2,1,1,1,1
44,0,0,1,0,0,1,1,1
44,0,0,1,1,0,1,1,3
44,0,0,1,2,0,1,1,7
44,0,0,2,0,0,1,1,1
44,0,0,2,1,0,1,1,3
44,0,0,2,2,0,1,1,7
44,0,0,3,0,0,1,1,1
44,0,0,3,1,0,1,1,3
44,0,0,3,2,0,1,1,7
44,0,1,1,0,0,1,1,1
44,0,1,1,1,0,1,1,3
44,0,1,1,2,0,1,1,7
44,0,1,2,0,0,1,1,1
44,0,1,2,1,0,1,1,3
44,0,1,2,2,0,1,1,7
44,0,1,3,0,0,1,1,1
44,0,1,3,1,0,1,1,3
44,0,1,3,2,0,1,1,7
44,0,2,1,0,1,1,1,1
44,0,2,1,1,1,1,1,1
44,0,2,1,2,1,1,1,1
44,0,2,2,0,0,1,1,1
44,0,2,2,1,0,1,1,3
44,0,2,2,2,0,1,1,7
44,0,2,3,0,0,1,1,1
44,0,2,3,1,0,1,1,3
44,0,2,3,2,0,1,1,7
44,0,3,1,0,0,1,1,1
44,0,3,1,1,0,1,1,3
44,0,3,1,2,0,1,1,7
44,0,3,2,0,0,1,1,1
44,0,3,2,1,0,1,1,3
44,0,3,2,2,0,1,1,7
44,0,3,3,0,0,1,1,1
44,0,3,3,1,0,1,1,3
44,0,3,3,2,0,1,1,7
44,0,4,1,0,0,1,1,1
44,0,4,1,1,0,1,1,3
44,0,4,1,2,0,1,1,7
44,0,4,2,0,0,1,1,1
44,0,4,2,1,0,1,1,3
44,0,4,2,2,0,1,1,7
44,0,4,3,0,0,1,1,1
44,0,4,3,1,0,1,1,3
44,0,4,3,2,0,1,1,7
44,0,5,1,0,1,1,1,1
44,0,5,1,1,1,1,1,1
44,0,5,1,2,1,1,1,1
44,0,5,2,0,0,1,1,1
44,0,5,2,1,0,1,1,3
44,0,5,2,2,0,1,1,7
44,0,5,3,0,0,1,1,1
44,0,5,3,1,0,1,1,3
44,0,5,3,2,0,1,1,7
44,0,6,1,0,0,1,1,1
44,0,6,1,1,0,1,1,3
44,0,6,1,2,0,1,1,7
44,0,6,2,0,1,1,1,1
44,0,6,2,1,1,1,1,1
44,0,6,2,2,1,1,1,1
44,0,6,3,0,0,1,1,1
44,0,6,3,1,0,1,1,3
44,0,6,3,2,0,1,1,7
44,0,7,1,0,0,1,1,1
44,0,7,1,1,1,1,1,3
44,0,7,1,2,1,1,1,5
44,0,7,2,0,1,1,1,1
44,0,7,2,1,1,1,1,1
44,0,7,2,2,1,1,1,1
44,0,7,3,0,0,1,1,1
44,0,7,3,1,0,1,1,3
44,0,7,3,2,0,1,1,7
44,0,8,1,0,1,1,1,1
44,0,8,1,1,1,1,1,1
44,0,8,1,2,1,1,1,1
44,0,8,2,0,1,1,1,1
44,0,8,2,1,1,1,1,1
44,0,8,2,2,1,1,1,1
44,0,8,3,0,1,1,1,1
44,0,8,3,1,1,1,1,1
44,0,8,3,2,1,1,1,1
44,1,0,1,0,0,1,1,1
44,1,0,1,1,0,1,1,3
44,1,0,1,2,0,1,1,13
44,1,0,2,0,0,1,1,1
44,1,0,2,1,0,1,1,3
44,1,0,2,2,0,1,1,13
44,1,0,3,0,0,1,1,1
44,1,0,3,1,0,1,1,3
44,1,0,3,2,0,1,1,13
44,1,1,1,0,0,1,1,1
44,1,1,1,1,0,1,1,3
44,1,1,1,2,0,1,1,13
44,1,1,2,0,0,1,1,1
44,1,1,2,1,0,1,1,3
44,1,1,2,2,0,1,1,13
44,1,1,3,0,0,1,1,1
44,1,1,3,1,0,1,1,3
44,1,1,3,2,0,1,1,13
44,1,2,1,0,1,1,1,1
44,1,2,1,1,1,1,1,1
44,1,2,1,2,1,1,1,1
44,1,2,2,0,0,1,1,1
44,1,2,2,1,0,1,1,3
44,1,2,2,2,0,1,1,13
44,1,2,3,0,0,1,1,1
44,1,2,3,1,0,1,1,3
44,1,2,3,2,0,1,1,13
44,1,3,1,0,0,1,1,1
44,1,3,1,1,0,1,1,3
44,1,3,1,2,0,1,1,13
44,1,3,2,0,0,1,1,1
44,1,3,2,1,0,1,1,3
44,1,3,2,2,0,1,1,13
44,1,3,3,0,0,1,1,1
44,1,3,3,1,0,1,1,3
44,1,3,3,2,0,1,1,13
44,1,4,1,0,0,1,1,1
44,1,4,1,1,0,1,1,3
44,1,4,1,2,0,1,1,13
44,1,4,2,0,0,1,1,1
44,1,4,2,1,0,1,1,3
44,1,4,2,2,0,1,1,13
44,1,4,3,0,0,1,1,1
44,1,4,3,1,0,1,1,3
44,1,4,3,2,0,1,1,13
44,1,5,1,0,1,1,1,1
44,1,5,1,1,1,1,1,1
44,1,5,1,2,1,1,1,1
44,1,5,2,0,0,1,1,1
44,1,5,2,1,0,1,1,3
44,1,5,2,2,0,1,1,13
44,1,5,3,0,0,1,1,1
44,1,5,3,1,0,1,1,3
44,1,5,3,2,0,1,1,13
44,1,6,1,0,0,1,1,1
44,1,6,1,1,0,1,1,3
44,1,6,1,2,0,1,1,13
44,1,6,2,0,1,1,1,1
44,1,6,2,1,1,1,1,1
44,1,6,2,2,1,1,1,1
44,1,6,3,0,0,1,1,1
44,1,6,3,1,0,1,1,3
44,1,6,3,2,0,1,1,13
44,1,7,1,0,0,1,1,1
44,1,7,1,1,1,1,1,3
44,1,7,1,2,1,1,1,11
44,1,7,2,0,1,1,1,1
44,1,7,2,1,1,1,1,1
44,1,7,2,2,1,1,1,1
44,1,7,3,0,0,1,1,1
44,1,7,3,1,0,1,1,3
44,1,7,3,2,0,1,1,13
44,1,8,1,0,1,1,1,1
44,1,8,1,1,1,1,1,1
44,1,8,1,2,1,1,1,1
44,1,8,2,0,1,1,1,1
44,1,8,2,1,1,1,1,1
44,1,8,2,2,1,1,1,1
44,1,8,3,0,1,1,1,1
44,1,8,3,1,1,1,1,1
44,1,8,3,2,1,1,1,1
45,0,0,1,0,0,1,1,1
45,0,0,1,1,0,1,1,3
45,0,0,1,2,0,1,1,7
45,0,0,2,0,0,1,1,1
45,0,0,2,1,0,1,1,3
45,0,0,2,2,0,1,1,7
45,0,0,3,0,0,1,1,1
45,0,0,3,1,0,1,1,3
45,0,0,3,2,0,1,1,7
45,0,1,1,0,0,1,1,1
45,0,1,1,1,0,1,1,3
45,0,1,1,2,0,1,1,7
45,0,1,2,0,0,1,1,1
45,0,1,2,1,0,1,1,3
45,0,1,2,2,0,1,1,7
45,0,1,3,0,0,1,1,1
45,0,1,3,1,0,1,1,3
45,0,1,3,2,0,1,1,7
45,0,2,1,0,1,1,1,1
45,0,2,1,1,1,1,1,1
45,0,2,1,2,1,1,1,1
45,0,2,2,0,0,1,1,1
45,0,2,2,1,0,1,1,3
45,0,2,2,2,0,1,1,7
45,0,2,3,0,0,1,1,1
45,0,2,3,1,0,1,1,3
45,0,2,3,2,0,1,1,7
45,0,3,1,0,0,1,1,1
45,0,3,1,1,0,1,1,3
45,0,3,1,2,0,1,1,7
45,0,3,2,0,0,1,1,1
45,0,3,2,1,0,1,1,3
45,0,3,2,2,0,1,1,7
45,0,3,3,0,0,1,1,1
45,0,3,3,1,0,1,1,3
45,0,3,3,2,0,1,1,7
45,0,4,1,0,0,1,1,1
45,0,4,1,1,0,1,1,3
45,0,4,1,2,0,1,1,7
45,0,4,2,0,0,1,1,1
45,0,4,2,1,0,1,1,3
45,0,4,2,2,0,1,1,7
45,0,4,3,0,0,1,1,1
45,0,4,3,1,0,1,1,3
45,0,4,3,2,0,1,1,7
45,0,5,1,0,1,1,1,1
45,0,5,1,1,1,1,1,1
45,0,5,1,2,1,1,1,1
45,0,5,2,0,0,1,1,1
45,0,5,2,1,0,1,1,3
45,0,5,2,2,0,1,1,7
45,0,5,3,0,0,1,1,1
45,0,5,3,1,0,1,1,3
45,0,5,3,2,0,1,1,7
45,0,6,1,0,0,1,1,1
45,0,6,1,1,0,1,1,3
45,0,6,1,2,0,1,1,7
45,0,6,2,0,1,1,1,1
45,0,6,2,1,1,1,1,1
45,0,6,2,2,1,1,1,1
45,0,6,3,0,0,1,1,1
45,0,6,3,1,0,1,1,3
45,0,6,3,2,0,1,1,7
45,0,7,1,0,0,1,1,1
45,0,7,1,1,1,1,1,3
45,0,7,1,2,1,1,1,4
45,0,7,2,0,1,1,1,1
45,0,7,2,1,1,1,1,1
45,0,7,2,2,1,1,1,1
45,0,7,3,0,0,1,1,1
45,0,7,3,1,0,1,1,3
45,0,7,3,2,0,1,1,7
45,0,8,1,0,1,1,1,1
45,0,8,1,1,1,1,1,1
45,0,8,1,2,1,1,1,1
45,0,8,2,0,1,1,1,1
45,0,8,2,1,1,1,1,1
45,0,8,2,2,1,1,1,1
45,0,8,3,0,1,1,1,1
45,0,8,3,1,1,1,1,1
45,0,8,3,2,1,1,1,1
45,1,0,1,0,0,1,1,1
45,1,0,1,1,0,1,1,3
45,1,0,1,2,0,1,1,13
45,1,0,2,0,0,1,1,1
45,1,0,2,1,0,1,1,3
45,1,0,2,2,0,1,1,13
45,1,0,3,0,0,1,1,1
45,1,0,3,1,0,1,1,3
45,1,0,3,2,0,1,1,13
45,1,1,1,0,0,1,1,1
45,1,1,1,1,0,1,1,3
45,1,1,1,2,0,1,1,13
45,1,1,2,0,0,1,1,1
45,1,1,2,1,0,1,1,3
45,1,1,2,2,0,1,1,13
45,1,1,3,0,0,1,1,1
45,1,1,3,1,0,1,1,3
45,1,1,3,2,0,1,1,13
45,1,2,1,0,1,1,1,1
45,1,2,1,1,1,1,1,1
45,1,2,1,2,1,1,1,1
45,1,2,2,0,0,1,1,1
45,1,2,2,1,0,1,1,3
45,1,2,2,2,0,1,1,13
45,1,2,3,0,0,1,1,1
45,1,2,3,1,0,1,1,3
45,1,2,3,2,0,1,1,13
45,1,3,1,0,0,1,1,1
45,1,3,1,1,0,1,1,3
45,1,3,1,2,0,1,1,13
45,1,3,2,0,0,1,1,1
45,1,3,2,1,0,1,1,3
45,1,3,2,2,0,1,1,13
45,1,3,3,0,0,1,1,1
45,1,3,3,1,0,1,1,3
45,1,3,3,2,0,1,1,13
45,1,4,1,0,0,1,1,1
45,1,4,1,1,0,1,1,3
45,1,4,1,2,0,1,1,13
45,1,4,2,0,0,1,1,1
45,1,4,2,1,0,1,1,3
45,1,4,2,2,0,1,1,13
45,1,4,3,0,0,1,1,1
45,1,4,3,1,0,1,1,3
45,1,4,3,2,0,1,1,13
45,1,5,1,0,1,1,1,1
45,1,5,1,1,1,1,1,1
45,1,5,1,2,1,1,1,1
45,1,5,2,0,0,1,1,1
45,1,5,2,1,0,1,1,3
45,1,5,2,2,0,1,1,13
45,1,5,3,0,0,1,1,1
45,1,5,3,1,0,1,1,3
45,1,5,3,2,0,1,1,13
45,1,6,1,0,0,1,1,1
45,1,6,1,1,0,1,1,3
45,1,6,1,2,0,1,1,13
45,1,6,2,0,1,1,1,1
45,1,6,2,1,1,1,1,1
45,1,6,2,2,1,1,1,1
45,1,6,3,0,0,1,1,1
45,1,6,3,1,0,1,1,3
45,1,6,3,2,0,1,1,13
45,1,7,1,0,0,1,1,1
45,1,7,1,1,1,1,1,3
45,1,7,1,2,1,1,1,8
45,1,7,2,0,1,1,1,1
45,1,7,2,1,1,1,1,1
45,1,7,2,2,1,1,1,1
45,1,7,3,0,0,1,1,1
45,1,7,3,1,0,1,1,3
45,1,7,3,2,1,1,1,8
45,1,8,1,0,1,1,1,1
45,1,8,1,1,1,1,1,1
45,1,8,1,2,1,1,1,1
45,1,8,2,0,1,1,1,1
45,1,8,2,1,1,1,1,1
45,1,8,2,2,1,1,1,1
45,1,8,3,0,1,1,1,1
45,1,8,3,1,1,1,1,1
45,1,8,3,2,1,1,1,1
46,0,0,1,0,0,1,1,1
46,0,0,1,1,0,1,1,3
46,0,0,1,2,0,1,1,7
46,0,0,2,0,0,1,1,1
46,0,0,2,1,0,1,1,3
46,0,0,2,2,0,1,1,7
46,0,0,3,0,0,1,1,1
46,0,0,3,1,0,1,1,3
46,0,0,3,2,0,1,1,7
46,0,1,1,0,0,1,1,1
46,0,1,1,1,0,1,1,3
46,0,1,1,2,0,1,1,7
46,0,1,2,0,0,1,1,1
46,0,1,2,1,0,1,1,3
46,0,1,2,2,0,1,1,7
46,0,1,3,0,0,1,1,1
46,0,1,3,1,0,1,1,3
46,0,1,3,2,0,1,1,7
46,0,2,1,0,1,1,1,1
46,0,2,1,1,1,1,1,1
46,0,2,1,2,1,1,1,1
46,0,2,2,0,0,1,1,1
46,0,2,2,1,0,1,1,3
46,0,2,2,2,0,1,1,7
46,0,2,3,0,0,1,1,1
46,0,2,3,1,0,1,1,3
46,0,2,3,2,0,1,1,7
46,0,3,1,0,0,1,1,1
46,0,3,1,1,0,1,1,3
46,0,3,1,2,0,1,1,7
46,0,3,2,0,0,1,1,1
46,0,3,2,1,0,1,1,3
46,0,3,2,2,0,1,1,7
46,0,3,3,0,0,1,1,1
46,0,3,3,1,0,1,1,3
46,0,3,3,2,0,1,1,7
46,0,4,1,0,0,1,1,1
46,0,4,1,1,0,1,1,3
46,0,4,1,2,0,1,1,7
46,0,4,2,0,0,1,1,1
46,0,4,2,1,0,1,1,3
46,0,4,2,2,0,1,1,7
46,0,4,3,0,0,1,1,1
46,0,4,3,1,0,1,1,3
46,0,4,3,2,0,1,1,7
46,0,5,1,0,1,1,1,1
46,0,5,1,1,1,1,1,1
46,0,5,1,2,1,1,1,1
46,0,5,2,0,0,1,1,1
46,0,5,2,1,0,1,1,3
46,0,5,2,2,0,1,1,7
46,0,5,3,0,0,1,1,1
46,0,5,3,1,0,1,1,3
46,0,5,3,2,0,1,1,7
46,0,6,1,0,0,1,1,1
46,0,6,1,1,0,1,1,3
46,0,6,1,2,0,1,1,7
46,0,6,2,0,1,1,1,1
46,0,6,2,1,1,1,1,1
46,0,6,2,2,1,1,1,1
46,0,6,3,0,0,1,1,1
46,0,6,3,1,0,1,1,3
46,0,6,3,2,0,1,1,7
46,0,7,1,0,0,1,1,1
46,0,7,1,1,1,1,1,2
46,0,7,1,2,1,1,1,2
46,0,7,2,0,1,1,1,1
46,0,7,2,1,1,1,1,1
46,0,7,2,2,1,1,1,1
46,0,7,3,0,0,1,1,1
46,0,7,3,1,0,1,1,3
46,0,7,3,2,0,1,1,7
46,0,8,1,0,1,1,1,1
46,0,8,1,1,1,1,1,1
46,0,8,1,2,1,1,1,1
46,0,8,2,0,1,1,1,1
46,0,8,2,1,1,1,1,1
46,0,8,2,2,1,1,1,1
46,0,8,3,0,1,1,1,1
46,0,8,3,1,1,1,1,1
46,0,8,3,2,1,1,1,1
46,1,0,1,0,0,1,1,1
46,1,0,1,1,0,1,1,3
46,1,0,1,2,0,1,1,13
46,1,0,2,0,0,1,1,1
46,1,0,2,1,0,1,1,3
46,1,0,2,2,0,1,1,13
46,1,0,3,0,0,1,1,1
46,1,0,3,1,0,1,1,3
46,1,0,3,2,0,1,1,13
46,1,1,1,0,0,1,1,1
46,1,1,1,1,0,1,1,3
46,1,1,1,2,0,1,1,13
46,1,1,2,0,0,1,1,1
46,1,1,2,1,0,1,1,3
46,1,1,2,2,0,1,1,13
46,1,1,3,0,0,1,1,1
46,1,1,3,1,0,1,1,3
46,1,1,3,2,0,1,1,13
46,1,2,1,0,1,1,1,1
46,1,2,1,1,1,1,1,1
46,1,2,1,2,1,1,1,1
46,1,2,2,0,0,1,1,1
46,1,2,2,1,0,1,1,3
46,1,2,2,2,0,1,1,13
46,1,2,3,0,0,1,1,1
46,1,2,3,1,0,1,1,3
46,1,2,3,2,0,1,1,13
46,1,3,1,0,0,1,1,1
46,1,3,1,1,0,1,1,3
46,1,3,1,2,0,1,1,13
46,1,3,2,0,0,1,1,1
46,1,3,2,1,0,1,1,3
46,1,3,2,2,0,1,1,13
46,1,3,3,0,0,1,1,1
46,1,3,3,1,0,1,1,3
46,1,3,3,2,0,1,1,13
46,1,4,1,0,0,1,1,1
46,1,4,1,1,0,1,1,3
46,1,4,1,2,0,1,1,13
46,1,4,2,0,0,1,1,1
46,1,4,2,1,0,1,1,3
46,1,4,2,2,0,1,1,13
46,1,4,3,0,0,1,1,1
46,1,4,3,1,0,1,1,3
46,1,4,3,2,0,1,1,13
46,1,5,1,0,1,1,1,1
46,1,5,1,1,1,1,1,1
46,1,5,1,2,1,1,1,1
46,1,5,2,0,0,1,1,1
46,1,5,2,1,0,1,1,3
46,1,5,2,2,0,1,1,13
46,1,5,3,0,0,1,1,1
46,1,5,3,1,0,1,1,3
46,1,5,3,2,0,1,1,13
46,1,6,1,0,0,1,1,1
46,1,6,1,1,0,1,1,3
46,1,6,1,2,0,1,1,13
46,1,6,2,0,1,1,1,1
46,1,6,2,1,1,1,1,1
46,1,6,2,2,1,1,1,1
46,1,6,3,0,0,1,1,1
46,1,6,3,1,0,1,1,3
46,1,6,3,2,0,1,1,13
46,1,7,1,0,0,1,1,1
46,1,7,1,1,1,1,1,2
46,1,7,1,2,1,1,1,2
46,1,7,2,0,1,1,1,1
46,1,7,2,1,1,1,1,1
46,1,7,2,2,1,1,1,1
46,1,7,3,0,0,1,1,1
46,1,7,3,1,0,1,1,3
46,1,7,3,2,1,1,1,5
46,1,8,1,0,1,1,1,1
46,1,8,1,1,1,1,1,1
46,1,8,1,2,1,1,1,1
46,1,8,2,0,1,1,1,1
46,1,8,2,1,1,1,1,1
46,1,8,2,2,1,1,1,1
46,1,8,3,0,1,1,1,1
46,1,8,3,1,1,1,1,1
46,1,8,3,2,1,1,1,1
47,0,0,1,0,0,1,1,1
47,0,0,1,1,0,1,1,3
47,0,0,1,2,0,1,1,7
47,0,0,2,0,0,1,1,1
47,0,0,2,1,0,1,1,3
47,0,0,2,2,0,1,1,7
47,0,0,3,0,0,1,1,1
47,0,0,3,1,0,1,1,3
47,0,0,3,2,0,1,1,7
47,0,1,1,0,0,1,1,1
47,0,1,1,1,0,1,1,3
47,0,1,1,2,0,1,1,7
47,0,1,2,0,0,1,1,1
47,0,1,2,1,0,1,1,3
47,0,1,2,2,0,1,1,7
47,0,1,3,0,0,1,1,1
47,0,1,3,1,0,1,1,3
47,0,1,3,2,0,1,1,7
47,0,2,1,0,1,1,1,1
47,0,2,1,1,1,1,1,1
47,0,2,1,2,1,1,1,1
47,0,2,2,0,0,1,1,1
47,0,2,2,1,0,1,1,3
47,0,2,2,2,0,1,1,7
47,0,2,3,0,0,1,1,1
47,0,2,3,1,0,1,1,3
47,0,2,3,2,0,1,1,7
47,0,3,1,0,0,1,1,1
47,0,3,1,1,0,1,1,3
47,0,3,1,2,0,1,1,7
47,0,3,2,0,0,1,1,1
47,0,3,2,1,0,1,1,3
47,0,3,2,2,0,1,1,7
47,0,3,3,0,0,1,1,1
47,0,3,3,1,0,1,1,3
47,0,3,3,2,0,1,1,7
47,0,4,1,0,0,1,1,1
47,0,4,1,1,0,1,1,3
47,0,4,1,2,0,1,1,7
47,0,4,2,0,0,1,1,1
47,0,4,2,1,0,1,1,3
47,0,4,2,2,0,1,1,7
47,0,4,3,0,0,1,1,1
47,0,4,3,1,0,1,1,3
47,0,4,3,2,0,1,1,7
47,0,5,1,0,1,1,1,1
47,0,5,1,1,1,1,1,1
47,0,5,1,2,1,1,1,1
47,0,5,2,0,0,1,1,1
47,0,5,2,1,0,1,1,3
47,0,5,2,2,0,1,1,7
47,0,5,3,0,0,1,1,1
47,0,5,3,1,0,1,1,3
47,0,5,3,2,0,1,1,7
47,0,6,1,0,0,1,1,1
47,0,6,1,1,0,1,1,3
47,0,6,1,2,0,1,1,7
47,0,6,2,0,1,1,1,1
47,0,6,2,1,1,1,1,1
47,0,6,2,2,1,1,1,1
47,0,6,3,0,0,1,1,1
47,0,6,3,1,0,1,1,3
47,0,6,3,2,0,1,1,7
47,0,7,1,0,0,1,1,1
47,0,7,1,1,1,1,1,3
47,0,7,1,2,1,1,1,5
47,0,7,2,0,1,1,1,1
47,0,7,2,1,1,1,1,1
47,0,7,2,2,1,1,1,1
47,0,7,3,0,0,1,1,1
47,0,7,3,1,0,1,1,3
47,0,7,3,2,0,1,1,7
47,0,8,1,0,1,1,1,1
47,0,8,1,1,1,1,1,1
47,0,8,1,2,1,1,1,1
47,0,8,2,0,1,1,1,1
47,0,8,2,1,1,1,1,1
47,0,8,2,2,1,1,1,1
47,0,8,3,0,1,1,1,1
47,0,8,3,1,1,1,1,1
47,0,8,3,2,1,1,1,1
47,1,0,1,0,0,1,1,1
47,1,0,1,1,0,1,1,3
47,1,0,1,2,0,1,1,13
47,1,0,2,0,0,1,1,1
47,1,0,2,1,0,1,1,3
47,1,0,2,2,0,1,1,13
47,1,0,3,0,0,1,1,1
47,1,0,3,1,0,1,1,3
47,1,0,3,2,0,1,1,13
47,1,1,1,0,0,1,1,1
47,1,1,1,1,0,1,1,3
47,1,1,1,2,0,1,1,13
47,1,1,2,0,0,1,1,1
47,1,1,2,1,0,1,1,3
47,1,1,2,2,0,1,1,13
47,1,1,3,0,0,1,1,1
47,1,1,3,1,0,1,1,3
47,1,1,3,2,0,1,1,13
47,1,2,1,0,1,1,1,1
47,1,2,1,1,1,1,1,1
47,1,2,1,2,1,1,1,1
47,1,2,2,0,0,1,1,1
47,1,2,2,1,0,1,1,3
47,1,2,2,2,0,1,1,13
47,1,2,3,0,0,1,1,1
47,1,2,3,1,0,1,1,3
47,1,2,3,2,0,1,1,13
47,1,3,1,0,0,1,1,1
47,1,3,1,1,0,1,1,3
47,1,3,1,2,0,1,1,13
47,1,3,2,0,0,1,1,1
47,1,3,2,1,0,1,1,3
47,1,3,2,2,0,1,1,13
47,1,3,3,0,0,1,1,1
47,1,3,3,1,0,1,1,3
47,1,3,3,2,0,1,1,13
47,1,4,1,0,0,1,1,1
47,1,4,1,1,0,1,1,3
47,1,4,1,2,0,1,1,13
47,1,4,2,0,0,1,1,1
47,1,4,2,1,0,1,1,3
47,1,4,2,2,0,1,1,13
47,1,4,3,0,0,1,1,1
47,1,4,3,1,0,1,1,3
47,1,4,3,2,0,1,1,13
47,1,5,1,0,1,1,1,1
47,1,5,1,1,1,1,1,1
47,1,5,1,2,1,1,1,1
47,1,5,2,0,0,1,1,1
47,1,5,2,1,0,1,1,3
47,1,5,2,2,0,1,1,13
47,1,5,3,0,0,1,1,1
47,1,5,3,1,0,1,1,3
47,1,5,3,2,0,1,1,13
47,1,6,1,0,0,1,1,1
47,1,6,1,1,0,1,1,3
47,1,6,1,2,0,1,1,13
47,1,6,2,0,1,1,1,1
47,1,6,2,1,1,1,1,1
47,1,6,2,2,1,1,1,1
47,1,6,3,0,0,1,1,1
47,1,6,3,1,0,1,1,3
47,1,6,3,2,0,1,1,13
47,1,7,1,0,0,1,1,1
47,1,7,1,1,1,1,1,3
47,1,7,1,2,1,1,1,8
47,1,7,2,0,1,1,1,1
47,1,7,2,1,1,1,1,1
47,1,7,2,2,1,1,1,1
47,1,7,3,0,0,1,1,1
47,1,7,3,1,0,1,1,3
47,1,7,3,2,1,1,1,8
47,1,8,1,0,1,1,1,1
47,1,8,1,1,1,1,1,1
47,1,8,1,2,1,1,1,1
47,1,8,2,0,1,1,1,1
47,1,8,2,1,1,1,1,1
47,1,8,2,2,1,1,1,1
47,1,8,3,0,1,1,1,1
47,1,8,3,1,1,1,1,1
47,1,8,3,2,1,1,1,1
48,0,0,1,0,0,1,1,1
48,0,0,1,1,0,1,1,3
48,0,0,1,2,0,1,1,5
48,0,0,2,0,0,1,1,1
48,0,0,2,1,0,1,1,3
48,0,0,2,2,0,1,1,5
48,0,0,3,0,0,1,1,1
48,0,0,3,1,0,1,1,3
48,0,0,3,2,0,1,1,5
48,0,1,1,0,0,1,1,1
48,0,1,1,1,0,1,1,3
48,0,1,1,2,0,1,1,5
48,0,1,2,0,0,1,1,1
48,0,1,2,1,0,1,1,3
48,0,1,2,2,0,1,1,5
48,0,1,3,0,0,1,1,1
48,0,1,3,1,0,1,1,3
48,0,1,3,2,0,1,1,5
48,0,2,1,0,1,1,1,1
48,0,2,1,1,1,1,1,1
48,0,2,1,2,1,1,1,1
48,0,2,2,0,0,1,1,1
48,0,2,2,1,0,1,1,3
48,0,2,2,2,0,1,1,5
48,0,2,3,0,0,1,1,1
48,0,2,3,1,0,1,1,3
48,0,2,3,2,0,1,1,5
48,0,3,1,0,0,1,1,1
48,0,3,1,1,0,1,1,3
48,0,3,1,2,0,1,1,5
48,0,3,2,0,0,1,1,1
48,0,3,2,1,0,1,1,3
48,0,3,2,2,0,1,1,5
48,0,3,3,0,0,1,1,1
48,0,3,3,1,0,1,1,3
48,0,3,3,2,0,1,1,5
48,0,4,1,0,0,1,1,1
48,0,4,1,1,0,1,1,3
48,0,4,1,2,0,1,1,5
48,0,4,2,0,0,1,1,1
48,0,4,2,1,0,1,1,3
48,0,4,2,2,0,1,1,5
48,0,4,3,0,0,1,1,1
48,0,4,3,1,0,1,1,3
48,0,4,3,2,0,1,1,5
48,0,5,1,0,1,1,1,1
48,0,5,1,1,1,1,1,1
48,0,5,1,2,1,1,1,1
48,0,5,2,0,0,1,1,1
48,0,5,2,1,0,1,1,3
48,0,5,2,2,0,1,1,5
48,0,5,3,0,0,1,1,1
48,0,5,3,1,0,1,1,3
48,0,5,3,2,0,1,1,5
48,0,6,1,0,0,1,1,1
48,0,6,1,1,0,1,1,3
48,0,6,1,2,0,1,1,5
48,0,6,2,0,1,1,1,1
48,0,6,2,1,1,1,1,1
48,0,6,2,2,1,1,1,1
48,0,6,3,0,0,1,1,1
48,0,6,3,1,0,1,1,3
48,0,6,3,2,0,1,1,5
48,0,7,1,0,0,1,1,1
48,0,7,1,1,0,1,1,3
48,0,7,1,2,0,1,1,5
48,0,7,2,0,1,1,1,1
48,0,7,2,1,1,1,1,1
48,0,7,2,2,1,1,1,1
48,0,7,3,0,0,1,1,1
48,0,7,3,1,0,1,1,3
48,0,7,3,2,0,1,1,5
48,0,8,1,0,1,1,1,1
48,0,8,1,1,1,1,1,1
48,0,8,1,2,1,1,1,1
48,0,8,2,0,1,1,1,1
48,0,8,2,1,1,1,1,1
48,0,8,2,2,1,1,1,1
48,0,8,3,0,1,1,1,1
48,0,8,3,1,1,1,1,1
48,0,8,3,2,1,1,1,1
48,1,0,1,0,0,1,1,1
48,1,0,1,1,0,1,1,3
48,1,0,1,2,0,1,1,11
48,1,0,2,0,0,1,1,1
48,1,0,2,1,0,1,1,3
48,1,0,2,2,0,1,1,11
48,1,0,3,0,0,1,1,1
48,1,0,3,1,0,1,1,3
48,1,0,3,2,0,1,1,11
48,1,1,1,0,0,1,1,1
48,1,1,1,1,0,1,1,3
48,1,1,1,2,0,1,1,11
48,1,1,2,0,0,1,1,1
48,1,1,2,1,0,1,1,3
48,1,1,2,2,0,1,1,11
48,1,1,3,0,0,1,1,1
48,1,1,3,1,0,1,1,3
48,1,1,3,2,0,1,1,11
48,1,2,1,0,1,1,1,1
48,1,2,1,1,1,1,1,1
48,1,2,1,2,1,1,1,1
48,1,2,2,0,0,1,1,1
48,1,2,2,1,0,1,1,3
48,1,2,2,2,0,1,1,11
48,1,2,3,0,0,1,1,1
48,1,2,3,1,0,1,1,3
48,1,2,3,2,0,1,1,11
48,1,3,1,0,0,1,1,1
48,1,3,1,1,0,1,1,3
48,1,3,1,2,0,1,1,11
48,1,3,2,0,0,1,1,1
48,1,3,2,1,0,1,1,3
48,1,3,2,2,0,1,1,11
48,1,3,3,0,0,1,1,1
48,1,3,3,1,0,1,1,3
48,1,3,3,2,0,1,1,11
48,1,4,1,0,0,1,1,1
48,1,4,1,1,0,1,1,3
48,1,4,1,2,0,1,1,11
48,1,4,2,0,0,1,1,1
48,1,4,2,1,0,1,1,3
48,1,4,2,2,0,1,1,11
48,1,4,3,0,0,1,1,1
48,1,4,3,1,0,1,1,3
48,1,4,3,2,0,1,1,11
48,1,5,1,0,1,1,1,1
48,1,5,1,1,1,1,1,1
48,1,5,1,2,1,1,1,1
48,1,5,2,0,0,1,1,1
48,1,5,2,1,0,1,1,3
48,1,5,2,2,0,1,1,11
48,1,5,3,0,0,1,1,1
48,1,5,3,1,0,1,1,3
48,1,5,3,2,0,1,1,11
48,1,6,1,0,0,1,1,1
48,1,6,1,1,0,1,1,3
48,1,6,1,2,0,1,1,11
48,1,6,2,0,1,1,1,1
48,1,6,2,1,1,1,1,1
48,1,6,2,2,1,1,1,1
48,1,6,3,0,0,1,1,1
48,1,6,3,1,0,1,1,3
48,1,6,3,2,0,1,1,11
48,1,7,1,0,0,1,1,1
48,1,7,1,1,0,1,1,3
48,1,7,1,2,0,1,1,11
48,1,7,2,0,1,1,1,1
48,1,7,2,1,1,1,1,1
48,1,7,2,2,1,1,1,1
48,1,7,3,0,0,1,1,1
48,1,7,3,1,0,1,1,3
48,1,7,3,2,0,1,1,11
48,1,8,1,0,1,1,1,1
48,1,8,1,1,1,1,1,1
48,1,8,1,2,1,1,1,1
48,1,8,2,0,1,1,1,1
48,1,8,2,1,1,1,1,1
48,1,8,2,2,1,1,1,1
48,1,8,3,0,1,1,1,1
48,1,8,3,1,1,1,1,1
48,1,8,3,2,1,1,1,1
49,0,0,1,0,0,1,1,1
49,0,0,1,1,0,1,1,3
49,0,0,1,2,0,1,1,7
49,0,0,2,0,0,1,1,1
49,0,0,2,1,0,1,1,3
49,0,0,2,2,0,1,1,7
49,0,0,3,0,0,1,1,1
49,0,0,3,1,0,1,1,3
49,0,0,3,2,0,1,1,7
49,0,1,1,0,0,1,1,1
49,0,1,1,1,0,1,1,3
49,0,1,1,2,0,1,1,7
49,0,1,2,0,0,1,1,1
49,0,1,2,1,0,1,1,3
49,0,1,2,2,0,1,1,7
49,0,1,3,0,0,1,1,1
49,0,1,3,1,0,1,1,3
49,0,1,3,2,0,1,1,7
49,0,2,1,0,1,1,1,1
49,0,2,1,1,1,1,1,1
49,0,2,1,2,1,1,1,1
49,0,2,2,0,0,1,1,1
49,0,2,2,1,0,1,1,3
49,0,2,2,2,0,1,1,7
49,0,2,3,0,0,1,1,1
49,0,2,3,1,0,1,1,3
49,0,2,3,2,0,1,1,7
49,0,3,1,0,0,1,1,1
49,0,3,1,1,0,1,1,3
49,0,3,1,2,0,1,1,7
49,0,3,2,0,0,1,1,1
49,0,3,2,1,0,1,1,3
49,0,3,2,2,0,1,1,7
49,0,3,3,0,0,1,1,1
49,0,3,3,1,0,1,1,3
49,0,3,3,2,0,1,1,7
49,0,4,1,0,0,1,1,1
49,0,4,1,1,0,1,1,3
49,0,4,1,2,0,1,1,7
49,0,4,2,0,0,1,1,1
49,0,4,2,1,0,1,1,3
49,0,4,2,2,0,1,1,7
49,0,4,3,0,0,1,1,1
49,0,4,3,1,0,1,1,3
49,0,4,3,2,0,1,1,7
49,0,5,1,0,1,1,1,1
49,0,5,1,1,1,1,1,1
49,0,5,1,2,1,1,1,1
49,0,5,2,0,0,1,1,1
49,0,5,2,1,0,1,1,3
49,0,5,2,2,0,1,1,7
49,0,5,3,0,0,1,1,1
49,0,5,3,1,0,1,1,3
49,0,5,3,2,0,1,1,7
49,0,6,1,0,0,1,1,1
49,0,6,1,1,0,1,1,3
49,0,6,1,2,0,1,1,7
49,0,6,2,0,1,1,1,1
49,0,6,2,1,1,1,1,1
49,0,6,2,2,1,1,1,1
49,0,6,3,0,0,1,1,1
49,0,6,3,1,0,1,1,3
49,0,6,3,2,0,1,1,7
49,0,7,1,0,0,1,1,1
49,0,7,1,1,0,1,1,3
49,0,7,1,2,0,1,1,7
49,0,7,2,0,1,1,1,1
49,0,7,2,1,1,1,1,1
49,0,7,2,2,1,1,1,1
49,0,7,3,0,0,1,1,1
49,0,7,3,1,0,1,1,3
49,0,7,3,2,0,1,1,7
49,0,8,1,0,1,1,1,1
49,0,8,1,1,1,1,1,1
49,0,8,1,2,1,1,1,1
49,0,8,2,0,1,1,1,1
49,0,8,2,1,1,1,1,1
49,0,8,2,2,1,1,1,1
49,0,8,3,0,1,1,1,1
49,0,8,3,1,1,1,1,1
49,0,8,3,2,1,1,1,1
49,1,0,1,0,0,1,1,1
49,1,0,1,1,0,1,1,3
49,1,0,1,2,0,1,1,13
49,1,0,2,0,0,1,1,1
49,1,0,2,1,0,1,1,3
49,1,0,2,2,0,1,1,13
49,1,0,3,0,0,1,1,1
49,1,0,3,1,0,1,1,3
49,1,0,3,2,0,1,1,13
49,1,1,1,0,0,1,1,1
49,1,1,1,1,0,1,1,3
49,1,1,1,2,0,1,1,13
49,1,1,2,0,0,1,1,1
49,1,1,2,1,0,1,1,3
49,1,1,2,2,0,1,1,13
49,1,1,3,0,0,1,1,1
49,1,1,3,1,0,1,1,3
49,1,1,3,2,0,1,1,13
49,1,2,1,0,1,1,1,1
49,1,2,1,1,1,1,1,1
49,1,2,1,2,1,1,1,1
49,1,2,2,0,0,1,1,1
49,1,2,2,1,0,1,1,3
49,1,2,2,2,0,1,1,13
49,1,2,3,0,0,1,1,1
49,1,2,3,1,0,1,1,3
49,1,2,3,2,0,1,1,13
49,1,3,1,0,0,1,1,1
49,1,3,1,1,0,1,1,3
49,1,3,1,2,0,1,1,13
49,1,3,2,0,0,1,1,1
49,1,3,2,1,0,1,1,3
49,1,3,2,2,0,1,1,13
49,1,3,3,0,0,1,1,1
49,1,3,3,1,0,1,1,3
49,1,3,3,2,0,1,1,13
49,1,4,1,0,0,1,1,1
49,1,4,1,1,0,1,1,3
49,1,4,1,2,0,1,1,13
49,1,4,2,0,0,1,1,1
49,1,4,2,1,0,1,1,3
49,1,4,2,2,0,1,1,13
49,1,4,3,0,0,1,1,1
49,1,4,3,1,0,1,1,3
49,1,4,3,2,0,1,1,13
49,1,5,1,0,1,1,1,1
49,1,5,1,1,1,1,1,1
49,1,5,1,2,1,1,1,1
49,1,5,2,0,0,1,1,1
49,1,5,2,1,0,1,1,3
49,1,5,2,2,0,1,1,13
49,1,5,3,0,0,1,1,1
49,1,5,3,1,0,1,1,3
49,1,5,3,2,0,1,1,13
49,1,6,1,0,0,1,1,1
49,1,6,1,1,0,1,1,3
49,1,6,1,2,0,1,1,13
49,1,6,2,0,1,1,1,1
49,1,6,2,1,1,1,1,1
49,1,6,2,2,1,1,1,1
49,1,6,3,0,0,1,1,1
49,1,6,3,1,0,1,1,3
49,1,6,3,2,0,1,1,13
49,1,7,1,0,0,1,1,1
49,1,7,1,1,0,1,1,3
49,1,7,1,2,0,1,1,13
49,1,7,2,0,1,1,1,1
49,1,7,2,1,1,1,1,1
49,1,7,2,2,1,1,1,1
49,1,7,3,0,0,1,1,1
49,1,7,3,1,0,1,1,3
49,1,7,3,2,0,1,1,13
49,1,8,1,0,1,1,1,1
49,1,8,1,1,1,1,1,1
49,1,8,1,2,1,1,1,1
49,1,8,2,0,1,1,1,1
49,1,8,2,1,1,1,1,1
49,1,8,2,2,1,1,1,1
49,1,8,3,0,1,1,1,1
49,1,8,3,1,1,1,1,1
49,1,8,3,2,1,1,1,1
50,0,0,1,0,0,1,1,1
50,0,0,1,1,0,1,1,3
50,0,0,1,2,0,1,1,7
50,0,0,2,0,0,1,1,1
50,0,0,2,1,0,1,1,3
50,0,0,2,2,0,1,1,7
50,0,0,3,0,0,1,1,1
50,0,0,3,1,0,1,1,3
50,0,0,3,2,0,1,1,7
50,0,1,1,0,0,1,1,1
50,0,1,1,1,0,1,1,3
50,0,1,1,2,0,1,1,7
50,0,1,2,0,0,1,1,1
50,0,1,2,1,0,1,1,3
50,0,1,2,2,0,1,1,7
50,0,1,3,0,0,1,1,1
50,0,1,3,1,0,1,1,3
50,0,1,3,2,0,1,1,7
50,0,2,1,0,1,1,1,1
50,0,2,1,1,1,1,1,1
50,0,2,1,2,1,1,1,1
50,0,2,2,0,0,1,1,1
50,0,2,2,1,0,1,1,3
50,0,2,2,2,0,1,1,7
50,0,2,3,0,0,1,1,1
50,0,2,3,1,0,1,1,3
50,0,2,3,2,0,1,1,7
50,0,3,1,0,0,1,1,1
50,0,3,1,1,0,1,1,3
50,0,3,1,2,0,1,1,7
50,0,3,2,0,0,1,1,1
50,0,3,2,1,0,1,1,3
50,0,3,2,2,0,1,1,7
50,0,3,3,0,0,1,1,1
50,0,3,3,1,0,1,1,3
50,0,3,3,2,0,1,1,7
50,0,4,1,0,0,1,1,1
50,0,4,1,1,0,1,1,3
50,0,4,1,2,0,1,1,7
50,0,4,2,0,0,1,1,1
50,0,4,2,1,0,1,1,3
50,0,4,2,2,0,1,1,7
50,0,4,3,0,0,1,1,1
50,0,4,3,1,0,1,1,3
50,0,4,3,2,0,1,1,7
50,0,5,1,0,1,1,1,1
50,0,5,1,1,1,1,1,1
50,0,5,1,2,1,1,1,1
50,0,5,2,0,0,1,1,1
50,0,5,2,1,0,1,1,3
50,0,5,2,2,0,1,1,7
50,0,5,3,0,0,1,1,1
50,0,5,3,1,0,1,1,3
50,0,5,3,2,0,1,1,7
50,0,6,1,0,0,1,1,1
50,0,6,1,1,0,1,1,3
50,0,6,1,2,0,1,1,7
50,0,6,2,0,1,1,1,1
50,0,6,2,1,1,1,1,1
50,0,6,2,2,1,1,1,1
50,0,6,3,0,0,1,1,1
50,0,6,3,1,0,1,1,3
50,0,6,3,2,0,1,1,7
50,0,7,1,0,0,1,1,1
50,0,7,1,1,1,1,1,2
50,0,7,1,2,1,1,1,2
50,0,7,2,0,1,1,1,1
50,0,7,2,1,1,1,1,1
50,0,7,2,2,1,1,1,1
50,0,7,3,0,0,1,1,1
50,0,7,3,1,0,1,1,3
50,0,7,3,2,0,1,1,7
50,0,8,1,0,1,1,1,1
50,0,8,1,1,1,1,1,1
50,0,8,1,2,1,1,1,1
50,0,8,2,0,1,1,1,1
50,0,8,2,1,1,1,1,1
50,0,8,2,2,1,1,1,1
50,0,8,3,0,1,1,1,1
50,0,8,3,1,1,1,1,1
50,0,8,3,2,1,1,1,1
50,1,0,1,0,0,1,1,1
50,1,0,1,1,0,1,1,3
50,1,0,1,2,0,1,1,13
50,1,0,2,0,0,1,1,1
50,1,0,2,1,0,1,1,3
50,1,0,2,2,0,1,1,13
50,1,0,3,0,0,1,1,1
50,1,0,3,1,0,1,1,3
50,1,0,3,2,0,1,1,13
50,1,1,1,0,0,1,1,1
50,1,1,1,1,0,1,1,3
50,1,1,1,2,0,1,1,13
50,1,1,2,0,0,1,1,1
50,1,1,2,1,0,1,1,3
50,1,1,2,2,0,1,1,13
50,1,1,3,0,0,1,1,1
50,1,1,3,1,0,1,1,3
50,1,1,3,2,0,1,1,13
50,1,2,1,0,1,1,1,1
50,1,2,1,1,1,1,1,1
50,1,2,1,2,1,1,1,1
50,1,2,2,0,0,1,1,1
50,1,2,2,1,0,1,1,3
50,1,2,2,2,0,1,1,13
50,1,2,3,0,0,1,1,1
50,1,2,3,1,0,1,1,3
50,1,2,3,2,0,1,1,13
50,1,3,1,0,0,1,1,1
50,1,3,1,1,0,1,1,3
50,1,3,1,2,0,1,1,13
50,1,3,2,0,0,1,1,1
50,1,3,2,1,0,1,1,3
50,1,3,2,2,0,1,1,13
50,1,3,3,0,0,1,1,1
50,1,3,3,1,0,1,1,3
50,1,3,3,2,0,1,1,13
50,1,4,1,0,0,1,1,1
50,1,4,1,1,0,1,1,3
50,1,4,1,2,0,1,1,13
50,1,4,2,0,0,1,1,1
50,1,4,2,1,0,1,1,3
50,1,4,2,2,0,1,1,13
50,1,4,3,0,0,1,1,1
50,1,4,3,1,0,1,1,3
50,1,4,3,2,0,1,1,13
50,1,5,1,0,1,1,1,1
50,1,5,1,1,1,1,1,1
50,1,5,1,2,1,1,1,1
50,1,5,2,0,0,1,1,1
50,1,5,2,1,0,1,1,3
50,1,5,2,2,0,1,1,13
50,1,5,3,0,0,1,1,1
50,1,5,3,1,0,1,1,3
50,1,5,3,2,0,1,1,13
50,1,6,1,0,0,1,1,1
50,1,6,1,1,0,1,1,3
50,1,6,1,2,0,1,1,13
50,1,6,2,0,1,1,1,1
50,1,6,2,1,1,1,1,1
50,1,6,2,2,1,1,1,1
50,1,6,3,0,0,1,1,1
50,1,6,3,1,0,1,1,3
50,1,6,3,2,0,1,1,13
50,1,7,1,0,0,1,1,1
50,1,7,1,1,1,1,1,2
50,1,7,1,2,1,1,1,2
50,1,7,2,0,1,1,1,1
50,1,7,2,1,1,1,1,1
50,1,7,2,2,1,1,1,1
50,1,7,3,0,0,1,1,1
50,1,7,3,1,0,1,1,3
50,1,7,3,2,0,1,1,13
50,1,8,1,0,1,1,1,1
50,1,8,1,1,1,1,1,1
50,1,8,1,2,1,1,1,1
50,1,8,2,0,1,1,1,1
50,1,8,2,1,1,1,1,1
50,1,8,2,2,1,1,1,1
50,1,8,3,0,1,1,1,1
50,1,8,3,1,1,1,1,1
50,1,8,3,2,1,1,1,1
51,0,0,1,0,0,1,1,1
51,0,0,1,1,0,1,1,3
51,0,0,1,2,0,1,1,7
51,0,0,2,0,0,1,1,1
51,0,0,2,1,0,1,1,3
51,0,0,2,2,0,1,1,7
51,0,0,3,0,0,1,1,1
51,0,0,3,1,0,1,1,3
51,0,0,3,2,0,1,1,7
51,0,1,1,0,0,1,1,1
51,0,1,1,1,0,1,1,3
51,0,1,1,2,0,1,1,7
51,0,1,2,0,0,1,1,1
51,0,1,2,1,0,1,1,3
51,0,1,2,2,0,1,1,7
51,0,1,3,0,0,1,1,1
51,0,1,3,1,0,1,1,3
51,0,1,3,2,0,1,1,7
51,0,2,1,0,1,1,1,1
51,0,2,1,1,1,1,1,1
51,0,2,1,2,1,1,1,1
51,0,2,2,0,0,1,1,1
51,0,2,2,1,0,1,1,3
51,0,2,2,2,0,1,1,7
51,0,2,3,0,0,1,1,1
51,0,2,3,1,0,1,1,3
51,0,2,3,2,0,1,1,7
51,0,3,1,0,0,1,1,1
51,0,3,1,1,0,1,1,3
51,0,3,1,2,0,1,1,7
51,0,3,2,0,0,1,1,1
51,0,3,2,1,0,1,1,3
51,0,3,2,2,0,1,1,7
51,0,3,3,0,0,1,1,1
51,0,3,3,1,0,1,1,3
51,0,3,3,2,0,1,1,7
51,0,4,1,0,0,1,1,1
51,0,4,1,1,0,1,1,3
51,0,4,1,2,0,1,1,7
51,0,4,2,0,0,1,1,1
51,0,4,2,1,0,1,1,3
51,0,4,2,2,0,1,1,7
51,0,4,3,0,0,1,1,1
51,0,4,3,1,0,1,1,3
51,0,4,3,2,0,1,1,7
51,0,5,1,0,1,1,1,1
51,0,5,1,1,1,1,1,1
51,0,5,1,2,1,1,1,1
51,0,5,2,0,0,1,1,1
51,0,5,2,1,0,1,1,3
51,0,5,2,2,0,1,1,7
51,0,5,3,0,0,1,1,1
51,0,5,3,1,0,1,1,3
51,0,5,3,2,0,1,1,7
51,0,6,1,0,0,1,1,1
51,0,6,1,1,0,1,1,3
51,0,6,1,2,0,1,1,7
51,0,6,2,0,1,1,1,1
51,0,6,2,1,1,1,1,1
51,0,6,2,2,1,1,1,1
51,0,6,3,0,0,1,1,1
51,0,6,3,1,0,1,1,3
51,0,6,3,2,0,1,1,7
51,0,7,1,0,0,1,1,1
51,0,7,1,1,0,1,1,3
51,0,7,1,2,0,1,1,7
51,0,7,2,0,1,1,1,1
51,0,7,2,1,1,1,1,1
51,0,7,2,2,1,1,1,1
51,0,7,3,0,0,1,1,1
51,0,7,3,1,0,1,1,3
51,0,7,3,2,0,1,1,7
51,0,8,1,0,1,1,1,1
51,0,8,1,1,1,1,1,1
51,0,8,1,2,1,1,1,1
51,0,8,2,0,1,1,1,1
51,0,8,2,1,1,1,1,1
51,0,8,2,2,1,1,1,1
51,0,8,3,0,1,1,1,1
51,0,8,3,1,1,1,1,1
51,0,8,3,2,1,1,1,1
51,1,0,1,0,0,1,1,1
51,1,0,1,1,0,1,1,3
51,1,0,1,2,0,1,1,19
51,1,0,2,0,0,1,1,1
51,1,0,2,1,0,1,1,3
51,1,0,2,2,0,1,1,19
51,1,0,3,0,0,1,1,1
51,1,0,3,1,0,1,1,3
51,1,0,3,2,0,1,1,19
51,1,1,1,0,0,1,1,1
51,1,1,1,1,0,1,1,3
51,1,1,1,2,0,1,1,19
51,1,1,2,0,0,1,1,1
51,1,1,2,1,0,1,1,3
51,1,1,2,2,0,1,1,19
51,1,1,3,0,0,1,1,1
51,1,1,3,1,0,1,1,3
51,1,1,3,2,0,1,1,19
51,1,2,1,0,1,1,1,1
51,1,2,1,1,1,1,1,1
51,1,2,1,2,1,1,1,1
51,1,2,2,0,0,1,1,1
51,1,2,2,1,0,1,1,3
51,1,2,2,2,0,1,1,19
51,1,2,3,0,0,1,1,1
51,1,2,3,1,0,1,1,3
51,1,2,3,2,0,1,1,19
51,1,3,1,0,0,1,1,1
51,1,3,1,1,0,1,1,3
51,1,3,1,2,0,1,1,19
51,1,3,2,0,0,1,1,1
51,1,3,2,1,0,1,1,3
51,1,3,2,2,0,1,1,19
51,1,3,3,0,0,1,1,1
51,1,3,3,1,0,1,1,3
51,1,3,3,2,0,1,1,19
51,1,4,1,0,0,1,1,1
51,1,4,1,1,0,1,1,3
51,1,4,1,2,0,1,1,19
51,1,4,2,0,0,1,1,1
51,1,4,2,1,0,1,1,3
51,1,4,2,2,0,1,1,19
51,1,4,3,0,0,1,1,1
51,1,4,3,1,0,1,1,3
51,1,4,3,2,0,1,1,19
51,1,5,1,0,1,1,1,1
51,1,5,1,1,1,1,1,1
51,1,5,1,2,1,1,1,1
51,1,5,2,0,0,1,1,1
51,1,5,2,1,0,1,1,3
51,1,5,2,2,0,1,1,19
51,1,5,3,0,0,1,1,1
51,1,5,3,1,0,1,1,3
51,1,5,3,2,0,1,1,19
51,1,6,1,0,0,1,1,1
51,1,6,1,1,0,1,1,3
51,1,6,1,2,0,1,1,19
51,1,6,2,0,1,1,1,1
51,1,6,2,1,1,1,1,1
51,1,6,2,2,1,1,1,1
51,1,6,3,0,0,1,1,1
51,1,6,3,1,0,1,1,3
51,1,6,3,2,0,1,1,19
51,1,7,1,0,0,1,1,1
51,1,7,1,1,0,1,1,3
51,1,7,1,2,0,1,1,19
51,1,7,2,0,1,1,1,1
51,1,7,2,1,1,1,1,1
51,1,7,2,2,1,1,1,1
51,1,7,3,0,0,1,1,1
51,1,7,3,1,0,1,1,3
51,1,7,3,2,0,1,1,19
51,1,8,1,0,1,1,1,1
51,1,8,1,1,1,1,1,1
51,1,8,1,2,1,1,1,1
51,1,8,2,0,1,1,1,1
51,1,8,2,1,1,1,1,1
51,1,8,2,2,1,1,1,1
51,1,8,3,0,1,1,1,1
51,1,8,3,1,1,1,1,1
51,1,8,3,2,1,1,1,1
52,0,0,1,0,0,1,1,1
52,0,0,1,1,0,1,1,3
52,0,0,1,2,0,1,1,7
52,0,0,2,0,0,1,1,1
52,0,0,2,1,0,1,1,3
52,0,0,2,2,0,1,1,7
52,0,0,3,0,0,1,1,1
52,0,0,3,1,0,1,1,3
52,0,0,3,2,0,1,1,7
52,0,1,1,0,0,1,1,1
52,0,1,1,1,0,1,1,3
52,0,1,1,2,0,1,1,7
52,0,1,2,0,0,1,1,1
52,0,1,2,1,0,1,1,3
52,0,1,2,2,0,1,1,7
52,0,1,3,0,0,1,1,1
52,0,1,3,1,0,1,1,3
52,0,1,3,2,0,1,1,7
52,0,2,1,0,1,1,1,1
52,0,2,1,1,1,1,1,1
52,0,2,1,2,1,1,1,1
52,0,2,2,0,0,1,1,1
52,0,2,2,1,0,1,1,3
52,0,2,2,2,0,1,1,7
52,0,2,3,0,0,1,1,1
52,0,2,3,1,0,1,1,3
52,0,2,3,2,0,1,1,7
52,0,3,1,0,0,1,1,1
52,0,3,1,1,0,1,1,3
52,0,3,1,2,0,1,1,7
52,0,3,2,0,0,1,1,1
52,0,3,2,1,0,1,1,3
52,0,3,2,2,0,1,1,7
52,0,3,3,0,0,1,1,1
52,0,3,3,1,0,1,1,3
52,0,3,3,2,0,1,1,7
52,0,4,1,0,0,1,1,1
52,0,4,1,1,0,1,1,3
52,0,4,1,2,0,1,1,7
52,0,4,2,0,0,1,1,1
52,0,4,2,1,0,1,1,3
52,0,4,2,2,0,1,1,7
52,0,4,3,0,0,1,1,1
52,0,4,3,1,0,1,1,3
52,0,4,3,2,0,1,1,7
52,0,5,1,0,1,1,1,1
52,0,5,1,1,1,1,1,1
52,0,5,1,2,1,1,1,1
52,0,5,2,0,0,1,1,1
52,0,5,2,1,1,1,1,2
52,0,5,2,2,1,1,1,2
52,0,5,3,0,0,1,1,1
52,0,5,3,1,0,1,1,3
52,0,5,3,2,0,1,1,7
52,0,6,1,0,0,1,1,1
52,0,6,1,1,0,1,1,3
52,0,6,1,2,0,1,1,7
52,0,6,2,0,1,1,1,1
52,0,6,2,1,1,1,1,1
52,0,6,2,2,1,1,1,1
52,0,6,3,0,0,1,1,1
52,0,6,3,1,0,1,1,3
52,0,6,3,2,0,1,1,7
52,0,7,1,0,0,1,1,1
52,0,7,1,1,0,1,1,3
52,0,7,1,2,0,1,1,7
52,0,7,2,0,1,1,1,1
52,0,7,2,1,1,1,1,1
52,0,7,2,2,1,1,1,1
52,0,7,3,0,0,1,1,1
52,0,7,3,1,0,1,1,3
52,0,7,3,2,0,1,1,7
52,0,8,1,0,1,1,1,1
52,0,8,1,1,1,1,1,1
52,0,8,1,2,1,1,1,1
52,0,8,2,0,1,1,1,1
52,0,8,2,1,1,1,1,1
52,0,8,2,2,1,1,1,1
52,0,8,3,0,1,1,1,1
52,0,8,3,1,1,1,1,1
52,0,8,3,2,1,1,1,1
52,1,0,1,0,0,1,1,1
52,1,0,1,1,0,1,1,3
52,1,0,1,2,0,1,1,13
52,1,0,2,0,0,1,1,1
52,1,0,2,1,0,1,1,3
52,1,0,2,2,0,1,1,13
52,1,0,3,0,0,1,1,1
52,1,0,3,1,0,1,1,3
52,1,0,3,2,0,1,1,13
52,1,1,1,0,0,1,1,1
52,1,1,1,1,0,1,1,3
52,1,1,1,2,0,1,1,13
52,1,1,2,0,0,1,1,1
52,1,1,2,1,0,1,1,3
52,1,1,2,2,0,1,1,13
52,1,1,3,0,0,1,1,1
52,1,1,3,1,0,1,1,3
52,1,1,3,2,0,1,1,13
52,1,2,1,0,1,1,1,1
52,1,2,1,1,1,1,1,1
52,1,2,1,2,1,1,1,1
52,1,2,2,0,0,1,1,1
52,1,2,2,1,0,1,1,3
52,1,2,2,2,0,1,1,13
52,1,2,3,0,0,1,1,1
52,1,2,3,1,0,1,1,3
52,1,2,3,2,0,1,1,13
52,1,3,1,0,0,1,1,1
52,1,3,1,1,0,1,1,3
52,1,3,1,2,0,1,1,13
52,1,3,2,0,0,1,1,1
52,1,3,2,1,0,1,1,3
52,1,3,2,2,0,1,1,13
52,1,3,3,0,0,1,1,1
52,1,3,3,1,0,1,1,3
52,1,3,3,2,0,1,1,13
52,1,4,1,0,0,1,1,1
52,1,4,1,1,0,1,1,3
52,1,4,1,2,0,1,1,13
52,1,4,2,0,0,1,1,1
52,1,4,2,1,0,1,1,3
52,1,4,2,2,0,1,1,13
52,1,4,3,0,0,1,1,1
52,1,4,3,1,0,1,1,3
52,1,4,3,2,0,1,1,13
52,1,5,1,0,1,1,1,1
52,1,5,1,1,1,1,1,1
52,1,5,1,2,1,1,1,1
52,1,5,2,0,0,1,1,1
52,1,5,2,1,1,1,1,2
52,1,5,2,2,1,1,1,2
52,1,5,3,0,0,1,1,1
52,1,5,3,1,0,1,1,3
52,1,5,3,2,0,1,1,13
52,1,6,1,0,0,1,1,1
52,1,6,1,1,0,1,1,3
52,1,6,1,2,0,1,1,13
52,1,6,2,0,1,1,1,1
52,1,6,2,1,1,1,1,1
52,1,6,2,2,1,1,1,1
52,1,6,3,0,0,1,1,1
52,1,6,3,1,0,1,1,3
52,1,6,3,2,0,1,1,13
52,1,7,1,0,0,1,1,1
52,1,7,1,1,0,1,1,3
52,1,7,1,2,0,1,1,13
52,1,7,2,0,1,1,1,1
52,1,7,2,1,1,1,1,1
52,1,7,2,2,1,1,1,1
52,1,7,3,0,0,1,1,1
52,1,7,3,1,0,1,1,3
52,1,7,3,2,0,1,1,13
52,1,8,1,0,1,1,1,1
52,1,8,1,1,1,1,1,1
52,1,8,1,2,1,1,1,1
52,1,8,2,0,1,1,1,1
52,1,8,2,1,1,1,1,1
52,1,8,2,2,1,1,1,1
52,1,8,3,0,1,1,1,1
52,1,8,3,1,1,1,1,1
52,1,8,3,2,1,1,1,1
53,0,0,1,0,0,1,1,1
53,0,0,1,1,0,1,1,3
53,0,0,1,2,0,1,1,7
53,0,0,2,0,0,1,1,1
53,0,0,2,1,0,1,1,3
53,0,0,2,2,0,1,1,7
53,0,0,3,0,0,1,1,1
53,0,0,3,1,0,1,1,3
53,0,0,3,2,0,1,1,7
53,0,1,1,0,0,1,1,1
53,0,1,1,1,0,1,1,3
53,0,1,1,2,0,1,1,7
53,0,1,2,0,0,1,1,1
53,0,1,2,1,0,1,1,3
53,0,1,2,2,0,1,1,7
53,0,1,3,0,0,1,1,1
53,0,1,3,1,0,1,1,3
53,0,1,3,2,0,1,1,7
53,0,2,1,0,1,1,1,1
53,0,2,1,1,1,1,1,1
53,0,2,1,2,1,1,1,1
53,0,2,2,0,0,1,1,1
53,0,2,2,1,0,1,1,3
53,0,2,2,2,0,1,1,7
53,0,2,3,0,0,1,1,1
53,0,2,3,1,0,1,1,3
53,0,2,3,2,0,1,1,7
53,0,3,1,0,0,1,1,1
53,0,3,1,1,0,1,1,3
53,0,3,1,2,0,1,1,7
53,0,3,2,0,0,1,1,1
53,0,3,2,1,0,1,1,3
53,0,3,2,2,0,1,1,7
53,0,3,3,0,0,1,1,1
53,0,3,3,1,0,1,1,3
53,0,3,3,2,0,1,1,7
53,0,4,1,0,0,1,1,1
53,0,4,1,1,0,1,1,3
53,0,4,1,2,0,1,1,7
53,0,4,2,0,0,1,1,1
53,0,4,2,1,0,1,1,3
53,0,4,2,2,0,1,1,7
53,0,4,3,0,0,1,1,1
53,0,4,3,1,0,1,1,3
53,0,4,3,2,0,1,1,7
53,0,5,1,0,1,1,1,1
53,0,5,1,1,1,1,1,1
53,0,5,1,2,1,1,1,1
53,0,5,2,0,0,1,1,1
53,0,5,2,1,1,1,1,2
53,0,5,2,2,1,1,1,2
53,0,5,3,0,0,1,1,1
53,0,5,3,1,1,1,1,2
53,0,5,3,2,1,1,1,2
53,0,6,1,0,0,1,1,1
53,0,6,1,1,0,1,1,3
53,0,6,1,2,0,1,1,7
53,0,6,2,0,1,1,1,1
53,0,6,2,1,1,1,1,1
53,0,6,2,2,1,1,1,1
53,0,6,3,0,0,1,1,1
53,0,6,3,1,0,1,1,3
53,0,6,3,2,0,1,1,7
53,0,7,1,0,0,1,1,1
53,0,7,1,1,0,1,1,3
53,0,7,1,2,0,1,1,7
53,0,7,2,0,1,1,1,1
53,0,7,2,1,1,1,1,1
53,0,7,2,2,1,1,1,1
53,0,7,3,0,0,1,1,1
53,0,7,3,1,0,1,1,3
53,0,7,3,2,0,1,1,7
53,0,8,1,0,1,1,1,1
53,0,8,1,1,1,1,1,1
53,0,8,1,2,1,1,1,1
53,0,8,2,0,1,1,1,1
53,0,8,2,1,1,1,1,1
53,0,8,2,2,1,1,1,1
53,0,8,3,0,1,1,1,1
53,0,8,3,1,1,1,1,1
53,0,8,3,2,1,1,1,1
53,1,0,1,0,0,1,1,1
53,1,0,1,1,0,1,1,3
53,1,0,1,2,0,1,1,13
53,1,0,2,0,0,1,1,1
53,1,0,2,1,0,1,1,3
53,1,0,2,2,0,1,1,13
53,1,0,3,0,0,1,1,1
53,1,0,3,1,0,1,1,3
53,1,0,3,2,0,1,1,13
53,1,1,1,0,0,1,1,1
53,1,1,1,1,0,1,1,3
53,1,1,1,2,0,1,1,13
53,1,1,2,0,0,1,1,1
53,1,1,2,1,0,1,1,3
53,1,1,2,2,0,1,1,13
53,1,1,3,0,0,1,1,1
53,1,1,3,1,0,1,1,3
53,1,1,3,2,0,1,1,13
53,1,2,1,0,1,1,1,1
53,1,2,1,1,1,1,1,1
53,1,2,1,2,1,1,1,1
53,1,2,2,0,0,1,1,1
53,1,2,2,1,0,1,1,3
53,1,2,2,2,0,1,1,13
53,1,2,3,0,0,1,1,1
53,1,2,3,1,0,1,1,3
53,1,2,3,2,0,1,1,13
53,1,3,1,0,0,1,1,1
53,1,3,1,1,0,1,1,3
53,1,3,1,2,0,1,1,13
53,1,3,2,0,0,1,1,1
53,1,3,2,1,0,1,1,3
53,1,3,2,2,0,1,1,13
53,1,3,3,0,0,1,1,1
53,1,3,3,1,0,1,1,3
53,1,3,3,2,0,1,1,13
53,1,4,1,0,0,1,1,1
53,1,4,1,1,0,1,1,3
53,1,4,1,2,0,1,1,13
53,1,4,2,0,0,1,1,1
53,1,4,2,1,0,1,1,3
53,1,4,2,2,0,1,1,13
53,1,4,3,0,0,1,1,1
53,1,4,3,1,0,1,1,3
53,1,4,3,2,0,1,1,13
53,1,5,1,0,1,1,1,1
53,1,5,1,1,1,1,1,1
53,1,5,1,2,1,1,1,1
53,1,5,2,0,0,1,1,1
53,1,5,2,1,1,1,1,2
53,1,5,2,2,1,1,1,2
53,1,5,3,0,0,1,1,1
53,1,5,3,1,1,1,1,2
53,1,5,3,2,1,1,1,2
53,1,6,1,0,0,1,1,1
53,1,6,1,1,0,1,1,3
53,1,6,1,2,0,1,1,13
53,1,6,2,0,1,1,1,1
53,1,6,2,1,1,1,1,1
53,1,6,2,2,1,1,1,1
53,1,6,3,0,0,1,1,1
53,1,6,3,1,0,1,1,3
53,1,6,3,2,0,1,1,13
53,1,7,1,0,0,1,1,1
53,1,7,1,1,0,1,1,3
53,1,7,1,2,0,1,1,13
53,1,7,2,0,1,1,1,1
53,1,7,2,1,1,1,1,1
53,1,7,2,2,1,1,1,1
53,1,7,3,0,0,1,1,1
53,1,7,3,1,0,1,1,3
53,1,7,3,2,0,1,1,13
53,1,8,1,0,1,1,1,1
53,1,8,1,1,1,1,1,1
53,1,8,1,2,1,1,1,1
53,1,8,2,0,1,1,1,1
53,1,8,2,1,1,1,1,1
53,1,8,2,2,1,1,1,1
53,1,8,3,0,1,1,1,1
53,1,8,3,1,1,1,1,1
53,1,8,3,2,1,1,1,1
54,0,0,1,0,0,1,1,1
54,0,0,1,1,0,1,1,3
54,0,0,1,2,0,1,1,7
54,0,0,2,0,0,1,1,1
54,0,0,2,1,0,1,1,3
54,0,0,2,2,0,1,1,7
54,0,0,3,0,0,1,1,1
54,0,0,3,1,0,1,1,3
54,0,0,3,2,0,1,1,7
54,0,1,1,0,0,1,1,1
54,0,1,1,1,0,1,1,3
54,0,1,1,2,0,1,1,7
54,0,1,2,0,0,1,1,1
54,0,1,2,1,0,1,1,3
54,0,1,2,2,0,1,1,7
54,0,1,3,0,0,1,1,1
54,0,1,3,1,0,1,1,3
54,0,1,3,2,0,1,1,7
54,0,2,1,0,1,1,1,1
54,0,2,1,1,1,1,1,1
54,0,2,1,2,1,1,1,1
54,0,2,2,0,0,1,1,1
54,0,2,2,1,0,1,1,3
54,0,2,2,2,0,1,1,7
54,0,2,3,0,0,1,1,1
54,0,2,3,1,0,1,1,3
54,0,2,3,2,0,1,1,7
54,0,3,1,0,0,1,1,1
54,0,3,1,1,0,1,1,3
54,0,3,1,2,0,1,1,7
54,0,3,2,0,0,1,1,1
54,0,3,2,1,0,1,1,3
54,0,3,2,2,0,1,1,7
54,0,3,3,0,0,1,1,1
54,0,3,3,1,0,1,1,3
54,0,3,3,2,0,1,1,7
54,0,4,1,0,0,1,1,1
54,0,4,1,1,0,1,1,3
54,0,4,1,2,0,1,1,7
54,0,4,2,0,0,1,1,1
54,0,4,2,1,0,1,1,3
54,0,4,2,2,0,1,1,7
54,0,4,3,0,0,1,1,1
54,0,4,3,1,0,1,1,3
54,0,4,3,2,0,1,1,7
54,0,5,1,0,1,1,1,1
54,0,5,1,1,1,1,1,1
54,0,5,1,2,1,1,1,1
54,0,5,2,0,0,1,1,1
54,0,5,2,1,1,1,1,2
54,0,5,2,2,1,1,1,2
54,0,5,3,0,0,1,1,1
54,0,5,3,1,0,1,1,3
54,0,5,3,2,0,1,1,7
54,0,6,1,0,0,1,1,1
54,0,6,1,1,0,1,1,3
54,0,6,1,2,0,1,1,7
54,0,6,2,0,1,1,1,1
54,0,6,2,1,1,1,1,1
54,0,6,2,2,1,1,1,1
54,0,6,3,0,0,1,1,1
54,0,6,3,1,0,1,1,3
54,0,6,3,2,0,1,1,7
54,0,7,1,0,0,1,1,1
54,0,7,1,1,1,1,1,2
54,0,7,1,2,1,1,1,2
54,0,7,2,0,1,1,1,1
54,0,7,2,1,1,1,1,1
54,0,7,2,2,1,1,1,1
54,0,7,3,0,0,1,1,1
54,0,7,3,1,0,1,1,3
54,0,7,3,2,0,1,1,7
54,0,8,1,0,1,1,1,1
54,0,8,1,1,1,1,1,1
54,0,8,1,2,1,1,1,1
54,0,8,2,0,1,1,1,1
54,0,8,2,1,1,1,1,1
54,0,8,2,2,1,1,1,1
54,0,8,3,0,1,1,1,1
54,0,8,3,1,1,1,1,1
54,0,8,3,2,1,1,1,1
54,1,0,1,0,0,1,1,1
54,1,0,1,1,0,1,1,3
54,1,0,1,2,0,1,1,19
54,1,0,2,0,0,1,1,1
54,1,0,2,1,0,1,1,3
54,1,0,2,2,0,1,1,19
54,1,0,3,0,0,1,1,1
54,1,0,3,1,0,1,1,3
54,1,0,3,2,0,1,1,19
54,1,1,1,0,0,1,1,1
54,1,1,1,1,0,1,1,3
54,1,1,1,2,0,1,1,19
54,1,1,2,0,0,1,1,1
54,1,1,2,1,0,1,1,3
54,1,1,2,2,0,1,1,19
54,1,1,3,0,0,1,1,1
54,1,1,3,1,0,1,1,3
54,1,1,3,2,0,1,1,19
54,1,2,1,0,1,1,1,1
54,1,2,1,1,1,1,1,1
54,1,2,1,2,1,1,1,1
54,1,2,2,0,0,1,1,1
54,1,2,2,1,0,1,1,3
54,1,2,2,2,0,1,1,19
54,1,2,3,0,0,1,1,1
54,1,2,3,1,0,1,1,3
54,1,2,3,2,0,1,1,19
54,1,3,1,0,0,1,1,1
54,1,3,1,1,0,1,1,3
54,1,3,1,2,0,1,1,19
54,1,3,2,0,0,1,1,1
54,1,3,2,1,0,1,1,3
54,1,3,2,2,0,1,1,19
54,1,3,3,0,0,1,1,1
54,1,3,3,1,0,1,1,3
54,1,3,3,2,0,1,1,19
54,1,4,1,0,0,1,1,1
54,1,4,1,1,0,1,1,3
54,1,4,1,2,0,1,1,19
54,1,4,2,0,0,1,1,1
54,1,4,2,1,0,1,1,3
54,1,4,2,2,0,1,1,19
54,1,4,3,0,0,1,1,1
54,1,4,3,1,0,1,1,3
54,1,4,3,2,0,1,1,19
54,1,5,1,0,1,1,1,1
54,1,5,1,1,1,1,1,1
54,1,5,1,2,1,1,1,1
54,1,5,2,0,0,1,1,1
54,1,5,2,1,1,1,1,2
54,1,5,2,2,1,1,1,2
54,1,5,3,0,0,1,1,1
54,1,5,3,1,0,1,1,3
54,1,5,3,2,1,1,1,3
54,1,6,1,0,0,1,1,1
54,1,6,1,1,0,1,1,3
54,1,6,1,2,0,1,1,19
54,1,6,2,0,1,1,1,1
54,1,6,2,1,1,1,1,1
54,1,6,2,2,1,1,1,1
54,1,6,3,0,0,1,1,1
54,1,6,3,1,0,1,1,3
54,1,6,3,2,0,1,1,19
54,1,7,1,0,0,1,1,1
54,1,7,1,1,1,1,1,2
54,1,7,1,2,1,1,1,2
54,1,7,2,0,1,1,1,1
54,1,7,2,1,1,1,1,1
54,1,7,2,2,1,1,1,1
54,1,7,3,0,0,1,1,1
54,1,7,3,1,0,1,1,3
54,1,7,3,2,1,1,1,5
54,1,8,1,0,1,1,1,1
54,1,8,1,1,1,1,1,1
54,1,8,1,2,1,1,1,1
54,1,8,2,0,1,1,1,1
54,1,8,2,1,1,1,1,1
54,1,8,2,2,1,1,1,1
54,1,8,3,0,1,1,1,1
54,1,8,3,1,1,1,1,1
54,1,8,3,2,1,1,1,1
55,0,0,1,0,0,1,1,1
55,0,0,1,1,0,1,1,3
55,0,0,1,2,0,1,1,7
55,0,0,2,0,0,1,1,1
55,0,0,2,1,0,1,1,3
55,0,0,2,2,0,1,1,7
55,0,0,3,0,0,1,1,1
55,0,0,3,1,0,1,1,3
55,0,0,3,2,0,1,1,7
55,0,1,1,0,0,1,1,1
55,0,1,1,1,0,1,1,3
55,0,1,1,2,0,1,1,7
55,0,1,2,0,0,1,1,1
55,0,1,2,1,0,1,1,3
55,0,1,2,2,0,1,1,7
55,0,1,3,0,0,1,1,1
55,0,1,3,1,0,1,1,3
55,0,1,3,2,0,1,1,7
55,0,2,1,0,1,1,1,1
55,0,2,1,1,1,1,1,1
55,0,2,1,2,1,1,1,1
55,0,2,2,0,0,1,1,1
55,0,2,2,1,0,1,1,3
55,0,2,2,2,0,1,1,7
55,0,2,3,0,0,1,1,1
55,0,2,3,1,0,1,1,3
55,0,2,3,2,0,1,1,7
55,0,3,1,0,0,1,1,1
55,0,3,1,1,0,1,1,3
55,0,3,1,2,0,1,1,7
55,0,3,2,0,0,1,1,1
55,0,3,2,1,0,1,1,3
55,0,3,2,2,0,1,1,7
55,0,3,3,0,0,1,1,1
55,0,3,3,1,0,1,1,3
55,0,3,3,2,0,1,1,7
55,0,4,1,0,0,1,1,1
55,0,4,1,1,0,1,1,3
55,0,4,1,2,0,1,1,7
55,0,4,2,0,0,1,1,1
55,0,4,2,1,0,1,1,3
55,0,4,2,2,0,1,1,7
55,0,4,3,0,0,1,1,1
55,0,4,3,1,0,1,1,3
55,0,4,3,2,0,1,1,7
55,0,5,1,0,1,1,1,1
55,0,5,1,1,1,1,1,1
55,0,5,1,2,1,1,1,1
55,0,5,2,0,0,1,1,1
55,0,5,2,1,1,1,1,2
55,0,5,2,2,1,1,1,2
55,0,5,3,0,0,1,1,1
55,0,5,3,1,0,1,1,3
55,0,5,3,2,0,1,1,7
55,0,6,1,0,0,1,1,1
55,0,6,1,1,0,1,1,3
55,0,6,1,2,0,1,1,7
55,0,6,2,0,1,1,1,1
55,0,6,2,1,1,1,1,1
55,0,6,2,2,1,1,1,1
55,0,6,3,0,0,1,1,1
55,0,6,3,1,0,1,1,3
55,0,6,3,2,0,1,1,7
55,0,7,1,0,0,1,1,1
55,0,7,1,1,0,1,1,3
55,0,7,1,2,0,1,1,7
55,0,7,2,0,1,1,1,1
55,0,7,2,1,1,1,1,1
55,0,7,2,2,1,1,1,1
55,0,7,3,0,0,1,1,1
55,0,7,3,1,0,1,1,3
55,0,7,3,2,0,1,1,7
55,0,8,1,0,1,1,1,1
55,0,8,1,1,1,1,1,1
55,0,8,1,2,1,1,1,1
55,0,8,2,0,1,1,1,1
55,0,8,2,1,1,1,1,1
55,0,8,2,2,1,1,1,1
55,0,8,3,0,1,1,1,1
55,0,8,3,1,1,1,1,1
55,0,8,3,2,1,1,1,1
55,1,0,1,0,0,1,1,1
55,1,0,1,1,0,1,1,3
55,1,0,1,2,0,1,1,19
55,1,0,2,0,0,1,1,1
55,1,0,2,1,0,1,1,3
55,1,0,2,2,0,1,1,19
55,1,0,3,0,0,1,1,1
55,1,0,3,1,0,1,1,3
55,1,0,3,2,0,1,1,19
55,1,1,1,0,0,1,1,1
55,1,1,1,1,0,1,1,3
55,1,1,1,2,0,1,1,19
55,1,1,2,0,0,1,1,1
55,1,1,2,1,0,1,1,3
55,1,1,2,2,0,1,1,19
55,1,1,3,0,0,1,1,1
55,1,1,3,1,0,1,1,3
55,1,1,3,2,0,1,1,19
55,1,2,1,0,1,1,1,1
55,1,2,1,1,1,1,1,1
55,1,2,1,2,1,1,1,1
55,1,2,2,0,0,1,1,1
55,1,2,2,1,0,1,1,3
55,1,2,2,2,0,1,1,19
55,1,2,3,0,0,1,1,1
55,1,2,3,1,0,1,1,3
55,1,2,3,2,0,1,1,19
55,1,3,1,0,0,1,1,1
55,1,3,1,1,0,1,1,3
55,1,3,1,2,0,1,1,19
55,1,3,2,0,0,1,1,1
55,1,3,2,1,0,1,1,3
55,1,3,2,2,0,1,1,19
55,1,3,3,0,0,1,1,1
55,1,3,3,1,0,1,1,3
55,1,3,3,2,0,1,1,19
55,1,4,1,0,0,1,1,1
55,1,4,1,1,0,1,1,3
55,1,4,1,2,0,1,1,19
55,1,4,2,0,0,1,1,1
55,1,4,2,1,0,1,1,3
55,1,4,2,2,0,1,1,19
55,1,4,3,0,0,1,1,1
55,1,4,3,1,0,1,1,3
55,1,4,3,2,0,1,1,19
55,1,5,1,0,1,1,1,1
55,1,5,1,1,1,1,1,1
55,1,5,1,2,1,1,1,1
55,1,5,2,0,0,1,1,1
55,1,5,2,1,1,1,1,2
55,1,5,2,2,1,1,1,2
55,1,5,3,0,0,1,1,1
55,1,5,3,1,0,1,1,3
55,1,5,3,2,1,1,1,3
55,1,6,1,0,0,1,1,1
55,1,6,1,1,0,1,1,3
55,1,6,1,2,0,1,1,19
55,1,6,2,0,1,1,1,1
55,1,6,2,1,1,1,1,1
55,1,6,2,2,1,1,1,1
55,1,6,3,0,0,1,1,1
55,1,6,3,1,0,1,1,3
55,1,6,3,2,0,1,1,19
55,1,7,1,0,0,1,1,1
55,1,7,1,1,0,1,1,3
55,1,7,1,2,0,1,1,19
55,1,7,2,0,1,1,1,1
55,1,7,2,1,1,1,1,1
55,1,7,2,2,1,1,1,1
55,1,7,3,0,0,1,1,1
55,1,7,3,1,0,1,1,3
55,1,7,3,2,0,1,1,19
55,1,8,1,0,1,1,1,1
55,1,8,1,1,1,1,1,1
55,1,8,1,2,1,1,1,1
55,1,8,2,0,1,1,1,1
55,1,8,2,1,1,1,1,1
55,1,8,2,2,1,1,1,1
55,1,8,3,0,1,1,1,1
55,1,8,3,1,1,1,1,1
55,1,8,3,2,1,1,1,1
56,0,0,1,0,0,1,1,1
56,0,0,1,1,0,1,1,3
56,0,0,1,2,0,1,1,7
56,0,0,2,0,0,1,1,1
56,0,0,2,1,0,1,1,3
56,0,0,2,2,0,1,1,7
56,0,0,3,0,0,1,1,1
56,0,0,3,1,0,1,1,3
56,0,0,3,2,0,1,1,7
56,0,1,1,0,0,1,1,1
56,0,1,1,1,0,1,1,3
56,0,1,1,2,0,1,1,7
56,0,1,2,0,0,1,1,1
56,0,1,2,1,0,1,1,3
56,0,1,2,2,0,1,1,7
56,0,1,3,0,0,1,1,1
56,0,1,3,1,0,1,1,3
56,0,1,3,2,0,1,1,7
56,0,2,1,0,1,1,1,1
56,0,2,1,1,1,1,1,1
56,0,2,1,2,1,1,1,1
56,0,2,2,0,0,1,1,1
56,0,2,2,1,0,1,1,3
56,0,2,2,2,0,1,1,7
56,0,2,3,0,0,1,1,1
56,0,2,3,1,0,1,1,3
56,0,2,3,2,0,1,1,7
56,0,3,1,0,0,1,1,1
56,0,3,1,1,0,1,1,3
56,0,3,1,2,0,1,1,7
56,0,3,2,0,0,1,1,1
56,0,3,2,1,0,1,1,3
56,0,3,2,2,0,1,1,7
56,0,3,3,0,0,1,1,1
56,0,3,3,1,0,1,1,3
56,0,3,3,2,0,1,1,7
56,0,4,1,0,0,1,1,1
56,0,4,1,1,0,1,1,3
56,0,4,1,2,0,1,1,7
56,0,4,2,0,0,1,1,1
56,0,4,2,1,0,1,1,3
56,0,4,2,2,0,1,1,7
56,0,4,3,0,0,1,1,1
56,0,4,3,1,0,1,1,3
56,0,4,3,2,0,1,1,7
56,0,5,1,0,1,1,1,1
56,0,5,1,1,1,1,1,1
56,0,5,1,2,1,1,1,1
56,0,5,2,0,0,1,1,1
56,0,5,2,1,0,1,1,3
56,0,5,2,2,0,1,1,7
56,0,5,3,0,0,1,1,1
56,0,5,3,1,0,1,1,3
56,0,5,3,2,0,1,1,7
56,0,6,1,0,0,1,1,1
56,0,6,1,1,0,1,1,3
56,0,6,1,2,0,1,1,7
56,0,6,2,0,1,1,1,1
56,0,6,2,1,1,1,1,1
56,0,6,2,2,1,1,1,1
56,0,6,3,0,0,1,1,1
56,0,6,3,1,0,1,1,3
56,0,6,3,2,0,1,1,7
56,0,7,1,0,0,1,1,1
56,0,7,1,1,0,1,1,3
56,0,7,1,2,0,1,1,7
56,0,7,2,0,1,1,1,1
56,0,7,2,1,1,1,1,1
56,0,7,2,2,1,1,1,1
56,0,7,3,0,0,1,1,1
56,0,7,3,1,0,1,1,3
56,0,7,3,2,0,1,1,7
56,0,8,1,0,1,1,1,1
56,0,8,1,1,1,1,1,1
56,0,8,1,2,1,1,1,1
56,0,8,2,0,1,1,1,1
56,0,8,2,1,1,1,1,1
56,0,8,2,2,1,1,1,1
56,0,8,3,0,1,1,1,1
56,0,8,3,1,1,1,1,1
56,0,8,3,2,1,1,1,1
56,1,0,1,0,0,1,1,1
56,1,0,1,1,0,1,1,3
56,1,0,1,2,0,1,1,13
56,1,0,2,0,0,1,1,1
56,1,0,2,1,0,1,1,3
56,1,0,2,2,0,1,1,13
56,1,0,3,0,0,1,1,1
56,1,0,3,1,0,1,1,3
56,1,0,3,2,0,1,1,13
56,1,1,1,0,0,1,1,1
56,1,1,1,1,0,1,1,3
56,1,1,1,2,0,1,1,13
56,1,1,2,0,0,1,1,1
56,1,1,2,1,0,1,1,3
56,1,1,2,2,0,1,1,13
56,1,1,3,0,0,1,1,1
56,1,1,3,1,0,1,1,3
56,1,1,3,2,0,1,1,13
56,1,2,1,0,1,1,1,1
56,1,2,1,1,1,1,1,1
56,1,2,1,2,1,1,1,1
56,1,2,2,0,0,1,1,1
56,1,2,2,1,0,1,1,3
56,1,2,2,2,0,1,1,13
56,1,2,3,0,0,1,1,1
56,1,2,3,1,0,1,1,3
56,1,2,3,2,0,1,1,13
56,1,3,1,0,0,1,1,1
56,1,3,1,1,0,1,1,3
56,1,3,1,2,0,1,1,13
56,1,3,2,0,0,1,1,1
56,1,3,2,1,0,1,1,3
56,1,3,2,2,0,1,1,13
56,1,3,3,0,0,1,1,1
56,1,3,3,1,0,1,1,3
56,1,3,3,2,0,1,1,13
56,1,4,1,0,0,1,1,1
56,1,4,1,1,0,1,1,3
56,1,4,1,2,0,1,1,13
56,1,4,2,0,0,1,1,1
56,1,4,2,1,0,1,1,3
56,1,4,2,2,0,1,1,13
56,1,4,3,0,0,1,1,1
56,1,4,3,1,0,1,1,3
56,1,4,3,2,0,1,1,13
56,1,5,1,0,1,1,1,1
56,1,5,1,1,1,1,1,1
56,1,5,1,2,1,1,1,1
56,1,5,2,0,0,1,1,1
56,1,5,2,1,0,1,1,3
56,1,5,2,2,0,1,1,13
56,1,5,3,0,0,1,1,1
56,1,5,3,1,0,1,1,3
56,1,5,3,2,0,1,1,13
56,1,6,1,0,0,1,1,1
56,1,6,1,1,0,1,1,3
56,1,6,1,2,0,1,1,13
56,1,6,2,0,1,1,1,1
56,1,6,2,1,1,1,1,1
56,1,6,2,2,1,1,1,1
56,1,6,3,0,0,1,1,1
56,1,6,3,1,0,1,1,3
56,1,6,3,2,0,1,1,13
56,1,7,1,0,0,1,1,1
56,1,7,1,1,0,1,1,3
56,1,7,1,2,0,1,1,13
56,1,7,2,0,1,1,1,1
56,1,7,2,1,1,1,1,1
56,1,7,2,2,1,1,1,1
56,1,7,3,0,0,1,1,1
56,1,7,3,1,0,1,1,3
56,1,7,3,2,0,1,1,13
56,1,8,1,0,1,1,1,1
56,1,8,1,1,1,1,1,1
56,1,8,1,2,1,1,1,1
56,1,8,2,0,1,1,1,1
56,1,8,2,1,1,1,1,1
56,1,8,2,2,1,1,1,1
56,1,8,3,0,1,1,1,1
56,1,8,3,1,1,1,1,1
56,1,8,3,2,1,1,1,1
57,0,0,1,0,0,1,1,1
57,0,0,1,1,0,1,1,3
57,0,0,1,2,0,1,1,7
57,0,0,2,0,0,1,1,1
57,0,0,2,1,0,1,1,3
57,0,0,2,2,0,1,1,7
57,0,0,3,0,0,1,1,1
57,0,0,3,1,0,1,1,3
57,0,0,3,2,0,1,1,7
57,0,1,1,0,0,1,1,1
57,0,1,1,1,0,1,1,3
57,0,1,1,2,0,1,1,7
57,0,1,2,0,0,1,1,1
57,0,1,2,1,0,1,1,3
57,0,1,2,2,0,1,1,7
57,0,1,3,0,0,1,1,1
57,0,1,3,1,0,1,1,3
57,0,1,3,2,0,1,1,7
57,0,2,1,0,1,1,1,1
57,0,2,1,1,1,1,1,1
57,0,2,1,2,1,1,1,1
57,0,2,2,0,0,1,1,1
57,0,2,2,1,0,1,1,3
57,0,2,2,2,0,1,1,7
57,0,2,3,0,0,1,1,1
57,0,2,3,1,0,1,1,3
57,0,2,3,2,0,1,1,7
57,0,3,1,0,0,1,1,1
57,0,3,1,1,0,1,1,3
57,0,3,1,2,0,1,1,7
57,0,3,2,0,0,1,1,1
57,0,3,2,1,0,1,1,3
57,0,3,2,2,0,1,1,7
57,0,3,3,0,0,1,1,1
57,0,3,3,1,0,1,1,3
57,0,3,3,2,0,1,1,7
57,0,4,1,0,0,1,1,1
57,0,4,1,1,0,1,1,3
57,0,4,1,2,0,1,1,7
57,0,4,2,0,0,1,1,1
57,0,4,2,1,0,1,1,3
57,0,4,2,2,0,1,1,7
57,0,4,3,0,0,1,1,1
57,0,4,3,1,0,1,1,3
57,0,4,3,2,0,1,1,7
57,0,5,1,0,1,1,1,1
57,0,5,1,1,1,1,1,1
57,0,5,1,2,1,1,1,1
57,0,5,2,0,0,1,1,1
57,0,5,2,1,0,1,1,3
57,0,5,2,2,0,1,1,7
57,0,5,3,0,0,1,1,1
57,0,5,3,1,0,1,1,3
57,0,5,3,2,0,1,1,7
57,0,6,1,0,0,1,1,1
57,0,6,1,1,0,1,1,3
57,0,6,1,2,0,1,1,7
57,0,6,2,0,1,1,1,1
57,0,6,2,1,1,1,1,1
57,0,6,2,2,1,1,1,1
57,0,6,3,0,0,1,1,1
57,0,6,3,1,0,1,1,3
57,0,6,3,2,0,1,1,7
57,0,7,1,0,0,1,1,1
57,0,7,1,1,0,1,1,3
57,0,7,1,2,0,1,1,7
57,0,7,2,0,1,1,1,1
57,0,7,2,1,1,1,1,1
57,0,7,2,2,1,1,1,1
57,0,7,3,0,0,1,1,1
57,0,7,3,1,0,1,1,3
57,0,7,3,2,0,1,1,7
57,0,8,1,0,1,1,1,1
57,0,8,1,1,1,1,1,1
57,0,8,1,2,1,1,1,1
57,0,8,2,0,1,1,1,1
57,0,8,2,1,1,1,1,1
57,0,8,2,2,1,1,1,1
57,0,8,3,0,1,1,1,1
57,0,8,3,1,1,1,1,1
57,0,8,3,2,1,1,1,1
57,1,0,1,0,0,1,1,1
57,1,0,1,1,0,1,1,3
57,1,0,1,2,0,1,1,19
57,1,0,2,0,0,1,1,1
57,1,0,2,1,0,1,1,3
57,1,0,2,2,0,1,1,19
57,1,0,3,0,0,1,1,1
57,1,0,3,1,0,1,1,3
57,1,0,3,2,0,1,1,19
57,1,1,1,0,0,1,1,1
57,1,1,1,1,0,1,1,3
57,1,1,1,2,0,1,1,19
57,1,1,2,0,0,1,1,1
57,1,1,2,1,0,1,1,3
57,1,1,2,2,0,1,1,19
57,1,1,3,0,0,1,1,1
57,1,1,3,1,0,1,1,3
57,1,1,3,2,0,1,1,19
57,1,2,1,0,1,1,1,1
57,1,2,1,1,1,1,1,1
57,1,2,1,2,1,1,1,1
57,1,2,2,0,0,1,1,1
57,1,2,2,1,0,1,1,3
57,1,2,2,2,0,1,1,19
57,1,2,3,0,0,1,1,1
57,1,2,3,1,0,1,1,3
57,1,2,3,2,0,1,1,19
57,1,3,1,0,0,1,1,1
57,1,3,1,1,0,1,1,3
57,1,3,1,2,0,1,1,19
57,1,3,2,0,0,1,1,1
57,1,3,2,1,0,1,1,3
57,1,3,2,2,0,1,1,19
57,1,3,3,0,0,1,1,1
57,1,3,3,1,0,1,1,3
57,1,3,3,2,0,1,1,19
57,1,4,1,0,0,1,1,1
57,1,4,1,1,0,1,1,3
57,1,4,1,2,0,1,1,19
57,1,4,2,0,0,1,1,1
57,1,4,2,1,0,1,1,3
57,1,4,2,2,0,1,1,19
57,1,4,3,0,0,1,1,1
57,1,4,3,1,0,1,1,3
57,1,4,3,2,0,1,1,19
57,1,5,1,0,1,1,1,1
57,1,5,1,1,1,1,1,1
57,1,5,1,2,1,1,1,1
57,1,5,2,0,0,1,1,1
57,1,5,2,1,0,1,1,3
57,1,5,2,2,0,1,1,19
57,1,5,3,0,0,1,1,1
57,1,5,3,1,0,1,1,3
57,1,5,3,2,0,1,1,19
57,1,6,1,0,0,1,1,1
57,1,6,1,1,0,1,1,3
57,1,6,1,2,0,1,1,19
57,1,6,2,0,1,1,1,1
57,1,6,2,1,1,1,1,1
57,1,6,2,2,1,1,1,1
57,1,6,3,0,0,1,1,1
57,1,6,3,1,0,1,1,3
57,1,6,3,2,0,1,1,19
57,1,7,1,0,0,1,1,1
57,1,7,1,1,0,1,1,3
57,1,7,1,2,0,1,1,19
57,1,7,2,0,1,1,1,1
57,1,7,2,1,1,1,1,1
57,1,7,2,2,1,1,1,1
57,1,7,3,0,0,1,1,1
57,1,7,3,1,0,1,1,3
57,1,7,3,2,0,1,1,19
57,1,8,1,0,1,1,1,1
57,1,8,1,1,1,1,1,1
57,1,8,1,2,1,1,1,1
57,1,8,2,0,1,1,1,1
57,1,8,2,1,1,1,1,1
57,1,8,2,2,1,1,1,1
57,1,8,3,0,1,1,1,1
57,1,8,3,1,1,1,1,1
57,1,8,3,2,1,1,1,1
58,0,0,1,0,0,1,1,1
58,0,0,1,1,0,1,1,3
58,0,0,1,2,0,1,1,7
58,0,0,2,0,0,1,1,1
58,0,0,2,1,0,1,1,3
58,0,0,2,2,0,1,1,7
58,0,0,3,0,0,1,1,1
58,0,0,3,1,0,1,1,3
58,0,0,3,2,0,1,1,7
58,0,1,1,0,0,1,1,1
58,0,1,1,1,0,1,1,3
58,0,1,1,2,0,1,1,7
58,0,1,2,0,0,1,1,1
58,0,1,2,1,0,1,1,3
58,0,1,2,2,0,1,1,7
58,0,1,3,0,0,1,1,1
58,0,1,3,1,0,1,1,3
58,0,1,3,2,0,1,1,7
58,0,2,1,0,1,1,1,1
58,0,2,1,1,1,1,1,1
58,0,2,1,2,1,1,1,1
58,0,2,2,0,0,1,1,1
58,0,2,2,1,0,1,1,3
58,0,2,2,2,0,1,1,7
58,0,2,3,0,0,1,1,1
58,0,2,3,1,0,1,1,3
58,0,2,3,2,0,1,1,7
58,0,3,1,0,0,1,1,1
58,0,3,1,1,0,1,1,3
58,0,3,1,2,0,1,1,7
58,0,3,2,0,0,1,1,1
58,0,3,2,1,0,1,1,3
58,0,3,2,2,0,1,1,7
58,0,3,3,0,0,1,1,1
58,0,3,3,1,0,1,1,3
58,0,3,3,2,0,1,1,7
58,0,4,1,0,0,1,1,1
58,0,4,1,1,0,1,1,3
58,0,4,1,2,0,1,1,7
58,0,4,2,0,0,1,1,1
58,0,4,2,1,0,1,1,3
58,0,4,2,2,0,1,1,7
58,0,4,3,0,0,1,1,1
58,0,4,3,1,0,1,1,3
58,0,4,3,2,0,1,1,7
58,0,5,1,0,1,1,1,1
58,0,5,1,1,1,1,1,1
58,0,5,1,2,1,1,1,1
58,0,5,2,0,0,1,1,1
58,0,5,2,1,0,1,1,3
58,0,5,2,2,0,1,1,7
58,0,5,3,0,0,1,1,1
58,0,5,3,1,0,1,1,3
58,0,5,3,2,0,1,1,7
58,0,6,1,0,0,1,1,1
58,0,6,1,1,0,1,1,3
58,0,6,1,2,0,1,1,7
58,0,6,2,0,1,1,1,1
58,0,6,2,1,1,1,1,1
58,0,6,2,2,1,1,1,1
58,0,6,3,0,0,1,1,1
58,0,6,3,1,0,1,1,3
58,0,6,3,2,0,1,1,7
58,0,7,1,0,0,1,1,1
58,0,7,1,1,1,1,1,2
58,0,7,1,2,1,1,1,2
58,0,7,2,0,1,1,1,1
58,0,7,2,1,1,1,1,1
58,0,7,2,2,1,1,1,1
58,0,7,3,0,0,1,1,1
58,0,7,3,1,1,1,1,2
58,0,7,3,2,1,1,1,2
58,0,8,1,0,1,1,1,1
58,0,8,1,1,1,1,1,1
58,0,8,1,2,1,1,1,1
58,0,8,2,0,1,1,1,1
58,0,8,2,1,1,1,1,1
58,0,8,2,2,1,1,1,1
58,0,8,3,0,1,1,1,1
58,0,8,3,1,1,1,1,1
58,0,8,3,2,1,1,1,1
58,1,0,1,0,0,1,1,1
58,1,0,1,1,0,1,1,3
58,1,0,1,2,0,1,1,13
58,1,0,2,0,0,1,1,1
58,1,0,2,1,0,1,1,3
58,1,0,2,2,0,1,1,13
58,1,0,3,0,0,1,1,1
58,1,0,3,1,0,1,1,3
58,1,0,3,2,0,1,1,13
58,1,1,1,0,0,1,1,1
58,1,1,1,1,0,1,1,3
58,1,1,1,2,0,1,1,13
58,1,1,2,0,0,1,1,1
58,1,1,2,1,0,1,1,3
58,1,1,2,2,0,1,1,13
58,1,1,3,0,0,1,1,1
58,1,1,3,1,0,1,1,3
58,1,1,3,2,0,1,1,13
58,1,2,1,0,1,1,1,1
58,1,2,1,1,1,1,1,1
58,1,2,1,2,1,1,1,1
58,1,2,2,0,0,1,1,1
58,1,2,2,1,0,1,1,3
58,1,2,2,2,0,1,1,13
58,1,2,3,0,0,1,1,1
58,1,2,3,1,0,1,1,3
58,1,2,3,2,0,1,1,13
58,1,3,1,0,0,1,1,1
58,1,3,1,1,0,1,1,3
58,1,3,1,2,0,1,1,13
58,1,3,2,0,0,1,1,1
58,1,3,2,1,0,1,1,3
58,1,3,2,2,0,1,1,13
58,1,3,3,0,0,1,1,1
58,1,3,3,1,0,1,1,3
58,1,3,3,2,0,1,1,13
58,1,4,1,0,0,1,1,1
58,1,4,1,1,0,1,1,3
58,1,4,1,2,0,1,1,13
58,1,4,2,0,0,1,1,1
58,1,4,2,1,0,1,1,3
58,1,4,2,2,0,1,1,13
58,1,4,3,0,0,1,1,1
58,1,4,3,1,0,1,1,3
58,1,4,3,2,0,1,1,13
58,1,5,1,0,1,1,1,1
58,1,5,1,1,1,1,1,1
58,1,5,1,2,1,1,1,1
58,1,5,2,0,0,1,1,1
58,1,5,2,1,0,1,1,3
58,1,5,2,2,0,1,1,13
58,1,5,3,0,0,1,1,1
58,1,5,3,1,0,1,1,3
58,1,5,3,2,0,1,1,13
58,1,6,1,0,0,1,1,1
58,1,6,1,1,0,1,1,3
58,1,6,1,2,0,1,1,13
58,1,6,2,0,1,1,1,1
58,1,6,2,1,1,1,1,1
58,1,6,2,2,1,1,1,1
58,1,6,3,0,0,1,1,1
58,1,6,3,1,0,1,1,3
58,1,6,3,2,0,1,1,13
58,1,7,1,0,0,1,1,1
58,1,7,1,1,1,1,1,2
58,1,7,1,2,1,1,1,2
58,1,7,2,0,1,1,1,1
58,1,7,2,1,1,1,1,1
58,1,7,2,2,1,1,1,1
58,1,7,3,0,0,1,1,1
58,1,7,3,1,1,1,1,2
58,1,7,3,2,1,1,1,2
58,1,8,1,0,1,1,1,1
58,1,8,1,1,1,1,1,1
58,1,8,1,2,1,1,1,1
58,1,8,2,0,1,1,1,1
58,1,8,2,1,1,1,1,1
58,1,8,2,2,1,1,1,1
58,1,8,3,0,1,1,1,1
58,1,8,3,1,1,1,1,1
58,1,8,3,2,1,1,1,1
59,0,0,1,0,0,1,1,1
59,0,0,1,1,0,1,1,3
59,0,0,1,2,0,1,1,7
59,0,0,2,0,0,1,1,1
59,0,0,2,1,0,1,1,3
59,0,0,2,2,0,1,1,7
59,0,0,3,0,0,1,1,1
59,0,0,3,1,0,1,1,3
59,0,0,3,2,0,1,1,7
59,0,1,1,0,0,1,1,1
59,0,1,1,1,0,1,1,3
59,0,1,1,2,0,1,1,7
59,0,1,2,0,0,1,1,1
59,0,1,2,1,0,1,1,3
59,0,1,2,2,0,1,1,7
59,0,1,3,0,0,1,1,1
59,0,1,3,1,0,1,1,3
59,0,1,3,2,0,1,1,7
59,0,2,1,0,1,1,1,1
59,0,2,1,1,1,1,1,1
59,0,2,1,2,1,1,1,1
59,0,2,2,0,0,1,1,1
59,0,2,2,1,0,1,1,3
59,0,2,2,2,0,1,1,7
59,0,2,3,0,0,1,1,1
59,0,2,3,1,0,1,1,3
59,0,2,3,2,0,1,1,7
59,0,3,1,0,0,1,1,1
59,0,3,1,1,0,1,1,3
59,0,3,1,2,0,1,1,7
59,0,3,2,0,0,1,1,1
59,0,3,2,1,0,1,1,3
59,0,3,2,2,0,1,1,7
59,0,3,3,0,0,1,1,1
59,0,3,3,1,0,1,1,3
59,0,3,3,2,0,1,1,7
59,0,4,1,0,0,1,1,1
59,0,4,1,1,0,1,1,3
59,0,4,1,2,0,1,1,7
59,0,4,2,0,0,1,1,1
59,0,4,2,1,0,1,1,3
59,0,4,2,2,0,1,1,7
59,0,4,3,0,0,1,1,1
59,0,4,3,1,0,1,1,3
59,0,4,3,2,0,1,1,7
59,0,5,1,0,1,1,1,1
59,0,5,1,1,1,1,1,1
59,0,5,1,2,1,1,1,1
59,0,5,2,0,0,1,1,1
59,0,5,2,1,0,1,1,3
59,0,5,2,2,0,1,1,7
59,0,5,3,0,0,1,1,1
59,0,5,3,1,0,1,1,3
59,0,5,3,2,0,1,1,7
59,0,6,1,0,0,1,1,1
59,0,6,1,1,0,1,1,3
59,0,6,1,2,0,1,1,7
59,0,6,2,0,1,1,1,1
59,0,6,2,1,1,1,1,1
59,0,6,2,2,1,1,1,1
59,0,6,3,0,0,1,1,1
59,0,6,3,1,0,1,1,3
59,0,6,3,2,0,1,1,7
59,0,7,1,0,0,1,1,1
59,0,7,1,1,0,1,1,3
59,0,7,1,2,0,1,1,7
59,0,7,2,0,1,1,1,1
59,0,7,2,1,1,1,1,1
59,0,7,2,2,1,1,1,1
59,0,7,3,0,0,1,1,1
59,0,7,3,1,0,1,1,3
59,0,7,3,2,0,1,1,7
59,0,8,1,0,1,1,1,1
59,0,8,1,1,1,1,1,1
59,0,8,1,2,1,1,1,1
59,0,8,2,0,1,1,1,1
59,0,8,2,1,1,1,1,1
59,0,8,2,2,1,1,1,1
59,0,8,3,0,1,1,1,1
59,0,8,3,1,1,1,1,1
59,0,8,3,2,1,1,1,1
59,1,0,1,0,0,1,1,1
59,1,0,1,1,0,1,1,3
59,1,0,1,2,0,1,1,19
59,1,0,2,0,0,1,1,1
59,1,0,2,1,0,1,1,3
59,1,0,2,2,0,1,1,19
59,1,0,3,0,0,1,1,1
59,1,0,3,1,0,1,1,3
59,1,0,3,2,0,1,1,19
59,1,1,1,0,0,1,1,1
59,1,1,1,1,0,1,1,3
59,1,1,1,2,0,1,1,19
59,1,1,2,0,0,1,1,1
59,1,1,2,1,0,1,1,3
59,1,1,2,2,0,1,1,19
59,1,1,3,0,0,1,1,1
59,1,1,3,1,0,1,1,3
59,1,1,3,2,0,1,1,19
59,1,2,1,0,1,1,1,1
59,1,2,1,1,1,1,1,1
59,1,2,1,2,1,1,1,1
59,1,2,2,0,0,1,1,1
59,1,2,2,1,0,1,1,3
59,1,2,2,2,0,1,1,19
59,1,2,3,0,0,1,1,1
59,1,2,3,1,0,1,1,3
59,1,2,3,2,0,1,1,19
59,1,3,1,0,0,1,1,1
59,1,3,1,1,0,1,1,3
59,1,3,1,2,0,1,1,19
59,1,3,2,0,0,1,1,1
59,1,3,2,1,0,1,1,3
59,1,3,2,2,0,1,1,19
59,1,3,3,0,0,1,1,1
59,1,3,3,1,0,1,1,3
59,1,3,3,2,0,1,1,19
59,1,4,1,0,0,1,1,1
59,1,4,1,1,0,1,1,3
59,1,4,1,2,0,1,1,19
59,1,4,2,0,0,1,1,1
59,1,4,2,1,0,1,1,3
59,1,4,2,2,0,1,1,19
59,1,4,3,0,0,1,1,1
59,1,4,3,1,0,1,1,3
59,1,4,3,2,0,1,1,19
59,1,5,1,0,1,1,1,1
59,1,5,1,1,1,1,1,1
59,1,5,1,2,1,1,1,1
59,1,5,2,0,0,1,1,1
59,1,5,2,1,0,1,1,3
59,1,5,2,2,0,1,1,19
59,1,5,3,0,0,1,1,1
59,1,5,3,1,0,1,1,3
59,1,5,3,2,0,1,1,19
59,1,6,1,0,0,1,1,1
59,1,6,1,1,0,1,1,3
59,1,6,1,2,0,1,1,19
59,1,6,2,0,1,1,1,1
59,1,6,2,1,1,1,1,1
59,1,6,2,2,1,1,1,1
59,1,6,3,0,0,1,1,1
59,1,6,3,1,0,1,1,3
59,1,6,3,2,0,1,1,19
59,1,7,1,0,0,1,1,1
59,1,7,1,1,0,1,1,3
59,1,7,1,2,0,1,1,19
59,1,7,2,0,1,1,1,1
59,1,7,2,1,1,1,1,1
59,1,7,2,2,1,1,1,1
59,1,7,3,0,0,1,1,1
59,1,7,3,1,0,1,1,3
59,1,7,3,2,0,1,1,19
59,1,8,1,0,1,1,1,1
59,1,8,1,1,1,1,1,1
59,1,8,1,2,1,1,1,1
59,1,8,2,0,1,1,1,1
59,1,8,2,1,1,1,1,1
59,1,8,2,2,1,1,1,1
59,1,8,3,0,1,1,1,1
59,1,8,3,1,1,1,1,1
59,1,8,3,2,1,1,1,1
60,0,0,1,0,0,1,1,1
60,0,0,1,1,0,1,1,3
60,0,0,1,2,0,1,1,7
60,0,0,2,0,0,1,1,1
60,0,0,2,1,0,1,1,3
60,0,0,2,2,0,1,1,7
60,0,0,3,0,0,1,1,1
60,0,0,3,1,0,1,1,3
60,0,0,3,2,0,1,1,7
60,0,1,1,0,0,1,1,1
60,0,1,1,1,0,1,1,3
60,0,1,1,2,0,1,1,7
60,0,1,2,0,0,1,1,1
60,0,1,2,1,0,1,1,3
60,0,1,2,2,0,1,1,7
60,0,1,3,0,0,1,1,1
60,0,1,3,1,0,1,1,3
60,0,1,3,2,0,1,1,7
60,0,2,1,0,1,1,1,1
60,0,2,1,1,1,1,1,1
60,0,2,1,2,1,1,1,1
60,0,2,2,0,0,1,1,1
60,0,2,2,1,0,1,1,3
60,0,2,2,2,0,1,1,7
60,0,2,3,0,0,1,1,1
60,0,2,3,1,0,1,1,3
60,0,2,3,2,0,1,1,7
60,0,3,1,0,0,1,1,1
60,0,3,1,1,0,1,1,3
60,0,3,1,2,0,1,1,7
60,0,3,2,0,0,1,1,1
60,0,3,2,1,0,1,1,3
60,0,3,2,2,0,1,1,7
60,0,3,3,0,0,1,1,1
60,0,3,3,1,0,1,1,3
60,0,3,3,2,0,1,1,7
60,0,4,1,0,0,1,1,1
60,0,4,1,1,0,1,1,3
60,0,4,1,2,0,1,1,7
60,0,4,2,0,0,1,1,1
60,0,4,2,1,0,1,1,3
60,0,4,2,2,0,1,1,7
60,0,4,3,0,0,1,1,1
60,0,4,3,1,0,1,1,3
60,0,4,3,2,0,1,1,7
60,0,5,1,0,1,1,1,1
60,0,5,1,1,1,1,1,1
60,0,5,1,2,1,1,1,1
60,0,5,2,0,0,1,1,1
60,0,5,2,1,0,1,1,3
60,0,5,2,2,0,1,1,7
60,0,5,3,0,0,1,1,1
60,0,5,3,1,0,1,1,3
60,0,5,3,2,0,1,1,7
60,0,6,1,0,0,1,1,1
60,0,6,1,1,0,1,1,3
60,0,6,1,2,0,1,1,7
60,0,6,2,0,1,1,1,1
60,0,6,2,1,1,1,1,1
60,0,6,2,2,1,1,1,1
60,0,6,3,0,0,1,1,1
60,0,6,3,1,0,1,1,3
60,0,6,3,2,0,1,1,7
60,0,7,1,0,0,1,1,1
60,0,7,1,1,0,1,1,3
60,0,7,1,2,0,1,1,7
60,0,7,2,0,1,1,1,1
60,0,7,2,1,1,1,1,1
60,0,7,2,2,1,1,1,1
60,0,7,3,0,0,1,1,1
60,0,7,3,1,0,1,1,3
60,0,7,3,2,0,1,1,7
60,0,8,1,0,1,1,1,1
60,0,8,1,1,1,1,1,1
60,0,8,1,2,1,1,1,1
60,0,8,2,0,1,1,1,1
60,0,8,2,1,1,1,1,1
60,0,8,2,2,1,1,1,1
60,0,8,3,0,1,1,1,1
60,0,8,3,1,1,1,1,1
60,0,8,3,2,1,1,1,1
60,1,0,1,0,0,1,1,1
60,1,0,1,1,0,1,1,3
60,1,0,1,2,0,1,1,19
60,1,0,2,0,0,1,1,1
60,1,0,2,1,0,1,1,3
60,1,0,2,2,0,1,1,19
60,1,0,3,0,0,1,1,1
60,1,0,3,1,0,1,1,3
60,1,0,3,2,0,1,1,19
60,1,1,1,0,0,1,1,1
60,1,1,1,1,0,1,1,3
60,1,1,1,2,0,1,1,19
60,1,1,2,0,0,1,1,1
60,1,1,2,1,0,1,1,3
60,1,1,2,2,0,1,1,19
60,1,1,3,0,0,1,1,1
60,1,1,3,1,0,1,1,3
60,1,1,3,2,0,1,1,19
60,1,2,1,0,1,1,1,1
60,1,2,1,1,1,1,1,1
60,1,2,1,2,1,1,1,1
60,1,2,2,0,0,1,1,1
60,1,2,2,1,0,1,1,3
60,1,2,2,2,0,1,1,19
60,1,2,3,0,0,1,1,1
60,1,2,3,1,0,1,1,3
60,1,2,3,2,0,1,1,19
60,1,3,1,0,0,1,1,1
60,1,3,1,1,0,1,1,3
60,1,3,1,2,0,1,1,19
60,1,3,2,0,0,1,1,1
60,1,3,2,1,0,1,1,3
60,1,3,2,2,0,1,1,19
60,1,3,3,0,0,1,1,1
60,1,3,3,1,0,1,1,3
60,1,3,3,2,0,1,1,19
60,1,4,1,0,0,1,1,1
60,1,4,1,1,0,1,1,3
60,1,4,1,2,0,1,1,19
60,1,4,2,0,0,1,1,1
60,1,4,2,1,0,1,1,3
60,1,4,2,2,0,1,1,19
60,1,4,3,0,0,1,1,1
60,1,4,3,1,0,1,1,3
60,1,4,3,2,0,1,1,19
60,1,5,1,0,1,1,1,1
60,1,5,1,1,1,1,1,1
60,1,5,1,2,1,1,1,1
60,1,5,2,0,0,1,1,1
60,1,5,2,1,0,1,1,3
60,1,5,2,2,0,1,1,19
60,1,5,3,0,0,1,1,1
60,1,5,3,1,0,1,1,3
60,1,5,3,2,0,1,1,19
60,1,6,1,0,0,1,1,1
60,1,6,1,1,0,1,1,3
60,1,6,1,2,0,1,1,19
60,1,6,2,0,1,1,1,1
60,1,6,2,1,1,1,1,1
60,1,6,2,2,1,1,1,1
60,1,6,3,0,0,1,1,1
60,1,6,3,1,0,1,1,3
60,1,6,3,2,0,1,1,19
60,1,7,1,0,0,1,1,1
60,1,7,1,1,0,1,1,3
60,1,7,1,2,0,1,1,19
60,1,7,2,0,1,1,1,1
60,1,7,2,1,1,1,1,1
60,1,7,2,2,1,1,1,1
60,1,7,3,0,0,1,1,1
60,1,7,3,1,0,1,1,3
60,1,7,3,2,0,1,1,19
60,1,8,1,0,1,1,1,1
60,1,8,1,1,1,1,1,1
60,1,8,1,2,1,1,1,1
60,1,8,2,0,1,1,1,1
60,1,8,2,1,1,1,1,1
60,1,8,2,2,1,1,1,1
60,1,8,3,0,1,1,1,1
60,1,8,3,1,1,1,1,1
60,1,8,3,2,1,1,1,1
61,0,0,1,0,0,1,1,1
61,0,0,1,1,0,1,1,3
61,0,0,1,2,0,1,1,7
61,0,0,2,0,0,1,1,1
61,0,0,2,1,0,1,1,3
61,0,0,2,2,0,1,1,7
61,0,0,3,0,0,1,1,1
61,0,0,3,1,0,1,1,3
61,0,0,3,2,0,1,1,7
61,0,1,1,0,0,1,1,1
61,0,1,1,1,0,1,1,3
61,0,1,1,2,0,1,1,7
61,0,1,2,0,0,1,1,1
61,0,1,2,1,0,1,1,3
61,0,1,2,2,0,1,1,7
61,0,1,3,0,0,1,1,1
61,0,1,3,1,0,1,1,3
61,0,1,3,2,0,1,1,7
61,0,2,1,0,1,1,1,1
61,0,2,1,1,1,1,1,1
61,0,2,1,2,1,1,1,1
61,0,2,2,0,0,1,1,1
61,0,2,2,1,0,1,1,3
61,0,2,2,2,0,1,1,7
61,0,2,3,0,0,1,1,1
61,0,2,3,1,0,1,1,3
61,0,2,3,2,0,1,1,7
61,0,3,1,0,0,1,1,1
61,0,3,1,1,0,1,1,3
61,0,3,1,2,0,1,1,7
61,0,3,2,0,0,1,1,1
61,0,3,2,1,0,1,1,3
61,0,3,2,2,0,1,1,7
61,0,3,3,0,0,1,1,1
61,0,3,3,1,0,1,1,3
61,0,3,3,2,0,1,1,7
61,0,4,1,0,0,1,1,1
61,0,4,1,1,0,1,1,3
61,0,4,1,2,0,1,1,7
61,0,4,2,0,0,1,1,1
61,0,4,2,1,0,1,1,3
61,0,4,2,2,0,1,1,7
61,0,4,3,0,0,1,1,1
61,0,4,3,1,0,1,1,3
61,0,4,3,2,0,1,1,7
61,0,5,1,0,1,1,1,1
61,0,5,1,1,1,1,1,1
61,0,5,1,2,1,1,1,1
61,0,5,2,0,0,1,1,1
61,0,5,2,1,0,1,1,3
61,0,5,2,2,0,1,1,7
61,0,5,3,0,0,1,1,1
61,0,5,3,1,0,1,1,3
61,0,5,3,2,0,1,1,7
61,0,6,1,0,0,1,1,1
61,0,6,1,1,0,1,1,3
61,0,6,1,2,0,1,1,7
61,0,6,2,0,1,1,1,1
61,0,6,2,1,1,1,1,1
61,0,6,2,2,1,1,1,1
61,0,6,3,0,0,1,1,1
61,0,6,3,1,0,1,1,3
61,0,6,3,2,0,1,1,7
61,0,7,1,0,0,1,1,1
61,0,7,1,1,0,1,1,3
61,0,7,1,2,0,1,1,7
61,0,7,2,0,1,1,1,1
61,0,7,2,1,1,1,1,1
61,0,7,2,2,1,1,1,1
61,0,7,3,0,0,1,1,1
61,0,7,3,1,0,1,1,3
61,0,7,3,2,0,1,1,7
61,0,8,1,0,1,1,1,1
61,0,8,1,1,1,1,1,1
61,0,8,1,2,1,1,1,1
61,0,8,2,0,1,1,1,1
61,0,8,2,1,1,1,1,1
61,0,8,2,2,1,1,1,1
61,0,8,3,0,1,1,1,1
61,0,8,3,1,1,1,1,1
61,0,8,3,2,1,1,1,1
61,1,0,1,0,0,1,1,1
61,1,0,1,1,0,1,1,3
61,1,0,1,2,0,1,1,19
61,1,0,2,0,0,1,1,1
61,1,0,2,1,0,1,1,3
61,1,0,2,2,0,1,1,19
61,1,0,3,0,0,1,1,1
61,1,0,3,1,0,1,1,3
61,1,0,3,2,0,1,1,19
61,1,1,1,0,0,1,1,1
61,1,1,1,1,0,1,1,3
61,1,1,1,2,0,1,1,19
61,1,1,2,0,0,1,1,1
61,1,1,2,1,0,1,1,3
61,1,1,2,2,0,1,1,19
61,1,1,3,0,0,1,1,1
61,1,1,3,1,0,1,1,3
61,1,1,3,2,0,1,1,19
61,1,2,1,0,1,1,1,1
61,1,2,1,1,1,1,1,1
61,1,2,1,2,1,1,1,1
61,1,2,2,0,0,1,1,1
61,1,2,2,1,0,1,1,3
61,1,2,2,2,0,1,1,19
61,1,2,3,0,0,1,1,1
61,1,2,3,1,0,1,1,3
61,1,2,3,2,0,1,1,19
61,1,3,1,0,0,1,1,1
61,1,3,1,1,0,1,1,3
61,1,3,1,2,0,1,1,19
61,1,3,2,0,0,1,1,1
61,1,3,2,1,0,1,1,3
61,1,3,2,2,0,1,1,19
61,1,3,3,0,0,1,1,1
61,1,3,3,1,0,1,1,3
61,1,3,3,2,0,1,1,19
61,1,4,1,0,0,1,1,1
61,1,4,1,1,0,1,1,3
61,1,4,1,2,0,1,1,19
61,1,4,2,0,0,1,1,1
61,1,4,2,1,0,1,1,3
61,1,4,2,2,0,1,1,19
61,1,4,3,0,0,1,1,1
61,1,4,3,1,0,1,1,3
61,1,4,3,2,0,1,1,19
61,1,5,1,0,1,1,1,1
61,1,5,1,1,1,1,1,1
61,1,5,1,2,1,1,1,1
61,1,5,2,0,0,1,1,1
61,1,5,2,1,0,1,1,3
61,1,5,2,2,0,1,1,19
61,1,5,3,0,0,1,1,1
61,1,5,3,1,0,1,1,3
61,1,5,3,2,0,1,1,19
61,1,6,1,0,0,1,1,1
61,1,6,1,1,0,1,1,3
61,1,6,1,2,0,1,1,19
61,1,6,2,0,1,1,1,1
61,1,6,2,1,1,1,1,1
61,1,6,2,2,1,1,1,1
61,1,6,3,0,0,1,1,1
61,1,6,3,1,0,1,1,3
61,1,6,3,2,0,1,1,19
61,1,7,1,0,0,1,1,1
61,1,7,1,1,0,1,1,3
61,1,7,1,2,0,1,1,19
61,1,7,2,0,1,1,1,1
61,1,7,2,1,1,1,1,1
61,1,7,2,2,1,1,1,1
61,1,7,3,0,0,1,1,1
61,1,7,3,1,0,1,1,3
61,1,7,3,2,0,1,1,19
61,1,8,1,0,1,1,1,1
61,1,8,1,1,1,1,1,1
61,1,8,1,2,1,1,1,1
61,1,8,2,0,1,1,1,1
61,1,8,2,1,1,1,1,1
61,1,8,2,2,1,1,1,1
61,1,8,3,0,1,1,1,1
61,1,8,3,1,1,1,1,1
61,1,8,3,2,1,1,1,1
62,0,0,1,0,0,1,1,1
62,0,0,1,1,0,1,1,3
62,0,0,1,2,0,1,1,7
62,0,0,2,0,0,1,1,1
62,0,0,2,1,0,1,1,3
62,0,0,2,2,0,1,1,7
62,0,0,3,0,0,1,1,1
62,0,0,3,1,0,1,1,3
62,0,0,3,2,0,1,1,7
62,0,1,1,0,0,1,1,1
62,0,1,1,1,0,1,1,3
62,0,1,1,2,0,1,1,7
62,0,1,2,0,0,1,1,1
62,0,1,2,1,0,1,1,3
62,0,1,2,2,0,1,1,7
62,0,1,3,0,0,1,1,1
62,0,1,3,1,0,1,1,3
62,0,1,3,2,0,1,1,7
62,0,2,1,0,1,1,1,1
62,0,2,1,1,1,1,1,1
62,0,2,1,2,1,1,1,1
62,0,2,2,0,0,1,1,1
62,0,2,2,1,0,1,1,3
62,0,2,2,2,0,1,1,7
62,0,2,3,0,0,1,1,1
62,0,2,3,1,0,1,1,3
62,0,2,3,2,0,1,1,7
62,0,3,1,0,0,1,1,1
62,0,3,1,1,0,1,1,3
62,0,3,1,2,0,1,1,7
62,0,3,2,0,0,1,1,1
62,0,3,2,1,0,1,1,3
62,0,3,2,2,0,1,1,7
62,0,3,3,0,0,1,1,1
62,0,3,3,1,0,1,1,3
62,0,3,3,2,0,1,1,7
62,0,4,1,0,0,1,1,1
62,0,4,1,1,0,1,1,3
62,0,4,1,2,0,1,1,7
62,0,4,2,0,0,1,1,1
62,0,4,2,1,0,1,1,3
62,0,4,2,2,0,1,1,7
62,0,4,3,0,0,1,1,1
62,0,4,3,1,0,1,1,3
62,0,4,3,2,0,1,1,7
62,0,5,1,0,1,1,1,1
62,0,5,1,1,1,1,1,1
62,0,5,1,2,1,1,1,1
62,0,5,2,0,0,1,1,1
62,0,5,2,1,0,1,1,3
62,0,5,2,2,0,1,1,7
62,0,5,3,0,0,1,1,1
62,0,5,3,1,0,1,1,3
62,0,5,3,2,0,1,1,7
62,0,6,1,0,0,1,1,1
62,0,6,1,1,0,1,1,3
62,0,6,1,2,0,1,1,7
62,0,6,2,0,1,1,1,1
62,0,6,2,1,1,1,1,1
62,0,6,2,2,1,1,1,1
62,0,6,3,0,0,1,1,1
62,0,6,3,1,0,1,1,3
62,0,6,3,2,0,1,1,7
62,0,7,1,0,0,1,1,1
62,0,7,1,1,1,1,1,2
62,0,7,1,2,1,1,1,2
62,0,7,2,0,1,1,1,1
62,0,7,2,1,1,1,1,1
62,0,7,2,2,1,1,1,1
62,0,7,3,0,0,1,1,1
62,0,7,3,1,0,1,1,3
62,0,7,3,2,0,1,1,7
62,0,8,1,0,1,1,1,1
62,0,8,1,1,1,1,1,1
62,0,8,1,2,1,1,1,1
62,0,8,2,0,1,1,1,1
62,0,8,2,1,1,1,1,1
62,0,8,2,2,1,1,1,1
62,0,8,3,0,1,1,1,1
62,0,8,3,1,1,1,1,1
62,0,8,3,2,1,1,1,1
62,1,0,1,0,0,1,1,1
62,1,0,1,1,0,1,1,3
62,1,0,1,2,0,1,1,19
62,1,0,2,0,0,1,1,1
62,1,0,2,1,0,1,1,3
62,1,0,2,2,0,1,1,19
62,1,0,3,0,0,1,1,1
62,1,0,3,1,0,1,1,3
62,1,0,3,2,0,1,1,19
62,1,1,1,0,0,1,1,1
62,1,1,1,1,0,1,1,3
62,1,1,1,2,0,1,1,19
62,1,1,2,0,0,1,1,1
62,1,1,2,1,0,1,1,3
62,1,1,2,2,0,1,1,19
62,1,1,3,0,0,1,1,1
62,1,1,3,1,0,1,1,3
62,1,1,3,2,0,1,1,19
62,1,2,1,0,1,1,1,1
62,1,2,1,1,1,1,1,1
62,1,2,1,2,1,1,1,1
62,1,2,2,0,0,1,1,1
62,1,2,2,1,0,1,1,3
62,1,2,2,2,0,1,1,19
62,1,2,3,0,0,1,1,1
62,1,2,3,1,0,1,1,3
62,1,2,3,2,0,1,1,19
62,1,3,1,0,0,1,1,1
62,1,3,1,1,0,1,1,3
62,1,3,1,2,0,1,1,19
62,1,3,2,0,0,1,1,1
62,1,3,2,1,0,1,1,3
62,1,3,2,2,0,1,1,19
62,1,3,3,0,0,1,1,1
62,1,3,3,1,0,1,1,3
62,1,3,3,2,0,1,1,19
62,1,4,1,0,0,1,1,1
62,1,4,1,1,0,1,1,3
62,1,4,1,2,0,1,1,19
62,1,4,2,0,0,1,1,1
62,1,4,2,1,0,1,1,3
62,1,4,2,2,0,1,1,19
62,1,4,3,0,0,1,1,1
62,1,4,3,1,0,1,1,3
62,1,4,3,2,0,1,1,19
62,1,5,1,0,1,1,1,1
62,1,5,1,1,1,1,1,1
62,1,5,1,2,1,1,1,1
62,1,5,2,0,0,1,1,1
62,1,5,2,1,0,1,1,3
62,1,5,2,2,0,1,1,19
62,1,5,3,0,0,1,1,1
62,1,5,3,1,0,1,1,3
62,1,5,3,2,0,1,1,19
62,1,6,1,0,0,1,1,1
62,1,6,1,1,0,1,1,3
62,1,6,1,2,0,1,1,19
62,1,6,2,0,1,1,1,1
62,1,6,2,1,1,1,1,1
62,1,6,2,2,1,1,1,1
62,1,6,3,0,0,1,1,1
62,1,6,3,1,0,1,1,3
62,1,6,3,2,0,1,1,19
62,1,7,1,0,0,1,1,1
62,1,7,1,1,1,1,1,2
62,1,7,1,2,1,1,1,2
62,1,7,2,0,1,1,1,1
62,1,7,2,1,1,1,1,1
62,1,7,2,2,1,1,1,1
62,1,7,3,0,0,1,1,1
62,1,7,3,1,0,1,1,3
62,1,7,3,2,1,1,1,5
62,1,8,1,0,1,1,1,1
62,1,8,1,1,1,1,1,1
62,1,8,1,2,1,1,1,1
62,1,8,2,0,1,1,1,1
62,1,8,2,1,1,1,1,1
62,1,8,2,2,1,1,1,1
62,1,8,3,0,1,1,1,1
62,1,8,3,1,1,1,1,1
62,1,8,3,2,1,1,1,1
63,0,0,1,0,0,1,1,1
63,0,0,1,1,0,1,1,3
63,0,0,1,2,0,1,1,7
63,0,0,2,0,0,1,1,1
63,0,0,2,1,0,1,1,3
63,0,0,2,2,0,1,1,7
63,0,0,3,0,0,1,1,1
63,0,0,3,1,0,1,1,3
63,0,0,3,2,0,1,1,7
63,0,1,1,0,0,1,1,1
63,0,1,1,1,0,1,1,3
63,0,1,1,2,0,1,1,7
63,0,1,2,0,0,1,1,1
63,0,1,2,1,0,1,1,3
63,0,1,2,2,0,1,1,7
63,0,1,3,0,0,1,1,1
63,0,1,3,1,0,1,1,3
63,0,1,3,2,0,1,1,7
63,0,2,1,0,1,1,1,1
63,0,2,1,1,1,1,1,1
63,0,2,1,2,1,1,1,1
63,0,2,2,0,0,1,1,1
63,0,2,2,1,0,1,1,3
63,0,2,2,2,0,1,1,7
63,0,2,3,0,0,1,1,1
63,0,2,3,1,0,1,1,3
63,0,2,3,2,0,1,1,7
63,0,3,1,0,0,1,1,1
63,0,3,1,1,0,1,1,3
63,0,3,1,2,0,1,1,7
63,0,3,2,0,0,1,1,1
63,0,3,2,1,0,1,1,3
63,0,3,2,2,0,1,1,7
63,0,3,3,0,0,1,1,1
63,0,3,3,1,0,1,1,3
63,0,3,3,2,0,1,1,7
63,0,4,1,0,0,1,1,1
63,0,4,1,1,0,1,1,3
63,0,4,1,2,0,1,1,7
63,0,4,2,0,0,1,1,1
63,0,4,2,1,0,1,1,3
63,0,4,2,2,0,1,1,7
63,0,4,3,0,0,1,1,1
63,0,4,3,1,0,1,1,3
63,0,4,3,2,0,1,1,7
63,0,5,1,0,1,1,1,1
63,0,5,1,1,1,1,1,1
63,0,5,1,2,1,1,1,1
63,0,5,2,0,0,1,1,1
63,0,5,2,1,0,1,1,3
63,0,5,2,2,0,1,1,7
63,0,5,3,0,0,1,1,1
63,0,5,3,1,0,1,1,3
63,0,5,3,2,0,1,1,7
63,0,6,1,0,0,1,1,1
63,0,6,1,1,0,1,1,3
63,0,6,1,2,0,1,1,7
63,0,6,2,0,1,1,1,1
63,0,6,2,1,1,1,1,1
63,0,6,2,2,1,1,1,1
63,0,6,3,0,0,1,1,1
63,0,6,3,1,0,1,1,3
63,0,6,3,2,0,1,1,7
63,0,7,1,0,0,1,1,1
63,0,7,1,1,0,1,1,3
63,0,7,1,2,0,1,1,7
63,0,7,2,0,1,1,1,1
63,0,7,2,1,1,1,1,1
63,0,7,2,2,1,1,1,1
63,0,7,3,0,0,1,1,1
63,0,7,3,1,0,1,1,3
63,0,7,3,2,0,1,1,7
63,0,8,1,0,1,1,1,1
63,0,8,1,1,1,1,1,1
63,0,8,1,2,1,1,1,1
63,0,8,2,0,1,1,1,1
63,0,8,2,1,1,1,1,1
63,0,8,2,2,1,1,1,1
63,0,8,3,0,1,1,1,1
63,0,8,3,1,1,1,1,1
63,0,8,3,2,1,1,1,1
63,1,0,1,0,0,1,1,1
63,1,0,1,1,0,1,1,3
63,1,0,1,2,0,1,1,19
63,1,0,2,0,0,1,1,1
63,1,0,2,1,0,1,1,3
63,1,0,2,2,0,1,1,19
63,1,0,3,0,0,1,1,1
63,1,0,3,1,0,1,1,3
63,1,0,3,2,0,1,1,19
63,1,1,1,0,0,1,1,1
63,1,1,1,1,0,1,1,3
63,1,1,1,2,0,1,1,19
63,1,1,2,0,0,1,1,1
63,1,1,2,1,0,1,1,3
63,1,1,2,2,0,1,1,19
63,1,1,3,0,0,1,1,1
63,1,1,3,1,0,1,1,3
63,1,1,3,2,0,1,1,19
63,1,2,1,0,1,1,1,1
63,1,2,1,1,1,1,1,1
63,1,2,1,2,1,1,1,1
63,1,2,2,0,0,1,1,1
63,1,2,2,1,0,1,1,3
63,1,2,2,2,0,1,1,19
63,1,2,3,0,0,1,1,1
63,1,2,3,1,0,1,1,3
63,1,2,3,2,0,1,1,19
63,1,3,1,0,0,1,1,1
63,1,3,1,1,0,1,1,3
63,1,3,1,2,0,1,1,19
63,1,3,2,0,0,1,1,1
63,1,3,2,1,0,1,1,3
63,1,3,2,2,0,1,1,19
63,1,3,3,0,0,1,1,1
63,1,3,3,1,0,1,1,3
63,1,3,3,2,0,1,1,19
63,1,4,1,0,0,1,1,1
63,1,4,1,1,0,1,1,3
63,1,4,1,2,0,1,1,19
63,1,4,2,0,0,1,1,1
63,1,4,2,1,0,1,1,3
63,1,4,2,2,0,1,1,19
63,1,4,3,0,0,1,1,1
63,1,4,3,1,0,1,1,3
63,1,4,3,2,0,1,1,19
63,1,5,1,0,1,1,1,1
63,1,5,1,1,1,1,1,1
63,1,5,1,2,1,1,1,1
63,1,5,2,0,0,1,1,1
63,1,5,2,1,0,1,1,3
63,1,5,2,2,0,1,1,19
63,1,5,3,0,0,1,1,1
63,1,5,3,1,0,1,1,3
63,1,5,3,2,0,1,1,19
63,1,6,1,0,0,1,1,1
63,1,6,1,1,0,1,1,3
63,1,6,1,2,0,1,1,19
63,1,6,2,0,1,1,1,1
63,1,6,2,1,1,1,1,1
63,1,6,2,2,1,1,1,1
63,1,6,3,0,0,1,1,1
63,1,6,3,1,0,1,1,3
63,1,6,3,2,0,1,1,19
63,1,7,1,0,0,1,1,1
63,1,7,1,1,0,1,1,3
63,1,7,1,2,0,1,1,19
63,1,7,2,0,1,1,1,1
63,1,7,2,1,1,1,1,1
63,1,7,2,2,1,1,1,1
63,1,7,3,0,0,1,1,1
63,1,7,3,1,0,1,1,3
63,1,7,3,2,0,1,1,19
63,1,8,1,0,1,1,1,1
63,1,8,1,1,1,1,1,1
63,1,8,1,2,1,1,1,1
63,1,8,2,0,1,1,1,1
63,1,8,2,1,1,1,1,1
63,1,8,2,2,1,1,1,1
63,1,8,3,0,1,1,1,1
63,1,8,3,1,1,1,1,1
63,1,8,3,2,1,1,1,1
