transition_code,observation_map,role_code,belief_mask,horizon,winning,oracle_agrees,checker_agrees,programs_examined
224,0,0,1,0,0,1,1,1
224,0,0,1,1,0,1,1,3
224,0,0,1,2,0,1,1,5
224,0,0,2,0,0,1,1,1
224,0,0,2,1,0,1,1,3
224,0,0,2,2,0,1,1,5
224,0,0,3,0,0,1,1,1
224,0,0,3,1,0,1,1,3
224,0,0,3,2,0,1,1,5
224,0,1,1,0,0,1,1,1
224,0,1,1,1,0,1,1,3
224,0,1,1,2,0,1,1,5
224,0,1,2,0,0,1,1,1
224,0,1,2,1,0,1,1,3
224,0,1,2,2,0,1,1,5
224,0,1,3,0,0,1,1,1
224,0,1,3,1,0,1,1,3
224,0,1,3,2,0,1,1,5
224,0,2,1,0,1,1,1,1
224,0,2,1,1,1,1,1,1
224,0,2,1,2,1,1,1,1
224,0,2,2,0,0,1,1,1
224,0,2,2,1,0,1,1,3
224,0,2,2,2,0,1,1,5
224,0,2,3,0,0,1,1,1
224,0,2,3,1,0,1,1,3
224,0,2,3,2,0,1,1,5
224,0,3,1,0,0,1,1,1
224,0,3,1,1,0,1,1,3
224,0,3,1,2,0,1,1,5
224,0,3,2,0,0,1,1,1
224,0,3,2,1,0,1,1,3
224,0,3,2,2,0,1,1,5
224,0,3,3,0,0,1,1,1
224,0,3,3,1,0,1,1,3
224,0,3,3,2,0,1,1,5
224,0,4,1,0,0,1,1,1
224,0,4,1,1,0,1,1,3
224,0,4,1,2,0,1,1,5
224,0,4,2,0,0,1,1,1
224,0,4,2,1,0,1,1,3
224,0,4,2,2,0,1,1,5
224,0,4,3,0,0,1,1,1
224,0,4,3,1,0,1,1,3
224,0,4,3,2,0,1,1,5
224,0,5,1,0,1,1,1,1
224,0,5,1,1,1,1,1,1
224,0,5,1,2,1,1,1,1
224,0,5,2,0,0,1,1,1
224,0,5,2,1,0,1,1,3
224,0,5,2,2,0,1,1,5
224,0,5,3,0,0,1,1,1
224,0,5,3,1,0,1,1,3
224,0,5,3,2,0,1,1,5
224,0,6,1,0,0,1,1,1
224,0,6,1,1,0,1,1,3
224,0,6,1,2,0,1,1,5
224,0,6,2,0,1,1,1,1
224,0,6,2,1,1,1,1,1
224,0,6,2,2,1,1,1,1
224,0,6,3,0,0,1,1,1
224,0,6,3,1,0,1,1,3
224,0,6,3,2,0,1,1,5
224,0,7,1,0,0,1,1,1
224,0,7,1,1,1,1,1,3
224,0,7,1,2,1,1,1,3
224,0,7,2,0,1,1,1,1
224,0,7,2,1,1,1,1,1
224,0,7,2,2,1,1,1,1
224,0,7,3,0,0,1,1,1
224,0,7,3,1,0,1,1,3
224,0,7,3,2,0,1,1,5
224,0,8,1,0,1,1,1,1
224,0,8,1,1,1,1,1,1
224,0,8,1,2,1,1,1,1
224,0,8,2,0,1,1,1,1
224,0,8,2,1,1,1,1,1
224,0,8,2,2,1,1,1,1
224,0,8,3,0,1,1,1,1
224,0,8,3,1,1,1,1,1
224,0,8,3,2,1,1,1,1
224,1,0,1,0,0,1,1,1
224,1,0,1,1,0,1,1,3
224,1,0,1,2,0,1,1,11
224,1,0,2,0,0,1,1,1
224,1,0,2,1,0,1,1,3
224,1,0,2,2,0,1,1,11
224,1,0,3,0,0,1,1,1
224,1,0,3,1,0,1,1,3
224,1,0,3,2,0,1,1,11
224,1,1,1,0,0,1,1,1
224,1,1,1,1,0,1,1,3
224,1,1,1,2,0,1,1,11
224,1,1,2,0,0,1,1,1
224,1,1,2,1,0,1,1,3
224,1,1,2,2,0,1,1,11
224,1,1,3,0,0,1,1,1
224,1,1,3,1,0,1,1,3
224,1,1,3,2,0,1,1,11
224,1,2,1,0,1,1,1,1
224,1,2,1,1,1,1,1,1
224,1,2,1,2,1,1,1,1
224,1,2,2,0,0,1,1,1
224,1,2,2,1,0,1,1,3
224,1,2,2,2,0,1,1,11
224,1,2,3,0,0,1,1,1
224,1,2,3,1,0,1,1,3
224,1,2,3,2,0,1,1,11
224,1,3,1,0,0,1,1,1
224,1,3,1,1,0,1,1,3
224,1,3,1,2,0,1,1,11
224,1,3,2,0,0,1,1,1
224,1,3,2,1,0,1,1,3
224,1,3,2,2,0,1,1,11
224,1,3,3,0,0,1,1,1
224,1,3,3,1,0,1,1,3
224,1,3,3,2,0,1,1,11
224,1,4,1,0,0,1,1,1
224,1,4,1,1,0,1,1,3
224,1,4,1,2,0,1,1,11
224,1,4,2,0,0,1,1,1
224,1,4,2,1,0,1,1,3
224,1,4,2,2,0,1,1,11
224,1,4,3,0,0,1,1,1
224,1,4,3,1,0,1,1,3
224,1,4,3,2,0,1,1,11
224,1,5,1,0,1,1,1,1
224,1,5,1,1,1,1,1,1
224,1,5,1,2,1,1,1,1
224,1,5,2,0,0,1,1,1
224,1,5,2,1,0,1,1,3
224,1,5,2,2,0,1,1,11
224,1,5,3,0,0,1,1,1
224,1,5,3,1,0,1,1,3
224,1,5,3,2,0,1,1,11
224,1,6,1,0,0,1,1,1
224,1,6,1,1,0,1,1,3
224,1,6,1,2,0,1,1,11
224,1,6,2,0,1,1,1,1
224,1,6,2,1,1,1,1,1
224,1,6,2,2,1,1,1,1
224,1,6,3,0,0,1,1,1
224,1,6,3,1,0,1,1,3
224,1,6,3,2,0,1,1,11
224,1,7,1,0,0,1,1,1
224,1,7,1,1,1,1,1,3
224,1,7,1,2,1,1,1,3
224,1,7,2,0,1,1,1,1
224,1,7,2,1,1,1,1,1
224,1,7,2,2,1,1,1,1
224,1,7,3,0,0,1,1,1
224,1,7,3,1,0,1,1,3
224,1,7,3,2,1,1,1,9
224,1,8,1,0,1,1,1,1
224,1,8,1,1,1,1,1,1
224,1,8,1,2,1,1,1,1
224,1,8,2,0,1,1,1,1
224,1,8,2,1,1,1,1,1
224,1,8,2,2,1,1,1,1
224,1,8,3,0,1,1,1,1
224,1,8,3,1,1,1,1,1
224,1,8,3,2,1,1,1,1
225,0,0,1,0,0,1,1,1
225,0,0,1,1,0,1,1,3
225,0,0,1,2,0,1,1,7
225,0,0,2,0,0,1,1,1
225,0,0,2,1,0,1,1,3
225,0,0,2,2,0,1,1,7
225,0,0,3,0,0,1,1,1
225,0,0,3,1,0,1,1,3
225,0,0,3,2,0,1,1,7
225,0,1,1,0,0,1,1,1
225,0,1,1,1,0,1,1,3
225,0,1,1,2,0,1,1,7
225,0,1,2,0,0,1,1,1
225,0,1,2,1,0,1,1,3
225,0,1,2,2,0,1,1,7
225,0,1,3,0,0,1,1,1
225,0,1,3,1,0,1,1,3
225,0,1,3,2,0,1,1,7
225,0,2,1,0,1,1,1,1
225,0,2,1,1,1,1,1,1
225,0,2,1,2,1,1,1,1
225,0,2,2,0,0,1,1,1
225,0,2,2,1,0,1,1,3
225,0,2,2,2,0,1,1,7
225,0,2,3,0,0,1,1,1
225,0,2,3,1,0,1,1,3
225,0,2,3,2,0,1,1,7
225,0,3,1,0,0,1,1,1
225,0,3,1,1,0,1,1,3
225,0,3,1,2,0,1,1,7
225,0,3,2,0,0,1,1,1
225,0,3,2,1,0,1,1,3
225,0,3,2,2,0,1,1,7
225,0,3,3,0,0,1,1,1
225,0,3,3,1,0,1,1,3
225,0,3,3,2,0,1,1,7
225,0,4,1,0,0,1,1,1
225,0,4,1,1,0,1,1,3
225,0,4,1,2,0,1,1,7
225,0,4,2,0,0,1,1,1
225,0,4,2,1,0,1,1,3
225,0,4,2,2,0,1,1,7
225,0,4,3,0,0,1,1,1
225,0,4,3,1,0,1,1,3
225,0,4,3,2,0,1,1,7
225,0,5,1,0,1,1,1,1
225,0,5,1,1,1,1,1,1
225,0,5,1,2,1,1,1,1
225,0,5,2,0,0,1,1,1
225,0,5,2,1,0,1,1,3
225,0,5,2,2,0,1,1,7
225,0,5,3,0,0,1,1,1
225,0,5,3,1,0,1,1,3
225,0,5,3,2,0,1,1,7
225,0,6,1,0,0,1,1,1
225,0,6,1,1,0,1,1,3
225,0,6,1,2,0,1,1,7
225,0,6,2,0,1,1,1,1
225,0,6,2,1,1,1,1,1
225,0,6,2,2,1,1,1,1
225,0,6,3,0,0,1,1,1
225,0,6,3,1,0,1,1,3
225,0,6,3,2,0,1,1,7
225,0,7,1,0,0,1,1,1
225,0,7,1,1,1,1,1,3
225,0,7,1,2,1,1,1,4
225,0,7,2,0,1,1,1,1
225,0,7,2,1,1,1,1,1
225,0,7,2,2,1,1,1,1
225,0,7,3,0,0,1,1,1
225,0,7,3,1,0,1,1,3
225,0,7,3,2,0,1,1,7
225,0,8,1,0,1,1,1,1
225,0,8,1,1,1,1,1,1
225,0,8,1,2,1,1,1,1
225,0,8,2,0,1,1,1,1
225,0,8,2,1,1,1,1,1
225,0,8,2,2,1,1,1,1
225,0,8,3,0,1,1,1,1
225,0,8,3,1,1,1,1,1
225,0,8,3,2,1,1,1,1
225,1,0,1,0,0,1,1,1
225,1,0,1,1,0,1,1,3
225,1,0,1,2,0,1,1,13
225,1,0,2,0,0,1,1,1
225,1,0,2,1,0,1,1,3
225,1,0,2,2,0,1,1,13
225,1,0,3,0,0,1,1,1
225,1,0,3,1,0,1,1,3
225,1,0,3,2,0,1,1,13
225,1,1,1,0,0,1,1,1
225,1,1,1,1,0,1,1,3
225,1,1,1,2,0,1,1,13
225,1,1,2,0,0,1,1,1
225,1,1,2,1,0,1,1,3
225,1,1,2,2,0,1,1,13
225,1,1,3,0,0,1,1,1
225,1,1,3,1,0,1,1,3
225,1,1,3,2,0,1,1,13
225,1,2,1,0,1,1,1,1
225,1,2,1,1,1,1,1,1
225,1,2,1,2,1,1,1,1
225,1,2,2,0,0,1,1,1
225,1,2,2,1,0,1,1,3
225,1,2,2,2,0,1,1,13
225,1,2,3,0,0,1,1,1
225,1,2,3,1,0,1,1,3
225,1,2,3,2,0,1,1,13
225,1,3,1,0,0,1,1,1
225,1,3,1,1,0,1,1,3
225,1,3,1,2,0,1,1,13
225,1,3,2,0,0,1,1,1
225,1,3,2,1,0,1,1,3
225,1,3,2,2,0,1,1,13
225,1,3,3,0,0,1,1,1
225,1,3,3,1,0,1,1,3
225,1,3,3,2,0,1,1,13
225,1,4,1,0,0,1,1,1
225,1,4,1,1,0,1,1,3
225,1,4,1,2,0,1,1,13
225,1,4,2,0,0,1,1,1
225,1,4,2,1,0,1,1,3
225,1,4,2,2,0,1,1,13
225,1,4,3,0,0,1,1,1
225,1,4,3,1,0,1,1,3
225,1,4,3,2,0,1,1,13
225,1,5,1,0,1,1,1,1
225,1,5,1,1,1,1,1,1
225,1,5,1,2,1,1,1,1
225,1,5,2,0,0,1,1,1
225,1,5,2,1,0,1,1,3
225,1,5,2,2,0,1,1,13
225,1,5,3,0,0,1,1,1
225,1,5,3,1,0,1,1,3
225,1,5,3,2,0,1,1,13
225,1,6,1,0,0,1,1,1
225,1,6,1,1,0,1,1,3
225,1,6,1,2,0,1,1,13
225,1,6,2,0,1,1,1,1
225,1,6,2,1,1,1,1,1
225,1,6,2,2,1,1,1,1
225,1,6,3,0,0,1,1,1
225,1,6,3,1,0,1,1,3
225,1,6,3,2,0,1,1,13
225,1,7,1,0,0,1,1,1
225,1,7,1,1,1,1,1,3
225,1,7,1,2,1,1,1,4
225,1,7,2,0,1,1,1,1
225,1,7,2,1,1,1,1,1
225,1,7,2,2,1,1,1,1
225,1,7,3,0,0,1,1,1
225,1,7,3,1,0,1,1,3
225,1,7,3,2,1,1,1,11
225,1,8,1,0,1,1,1,1
225,1,8,1,1,1,1,1,1
225,1,8,1,2,1,1,1,1
225,1,8,2,0,1,1,1,1
225,1,8,2,1,1,1,1,1
225,1,8,2,2,1,1,1,1
225,1,8,3,0,1,1,1,1
225,1,8,3,1,1,1,1,1
225,1,8,3,2,1,1,1,1
226,0,0,1,0,0,1,1,1
226,0,0,1,1,0,1,1,3
226,0,0,1,2,0,1,1,7
226,0,0,2,0,0,1,1,1
226,0,0,2,1,0,1,1,3
226,0,0,2,2,0,1,1,7
226,0,0,3,0,0,1,1,1
226,0,0,3,1,0,1,1,3
226,0,0,3,2,0,1,1,7
226,0,1,1,0,0,1,1,1
226,0,1,1,1,0,1,1,3
226,0,1,1,2,0,1,1,7
226,0,1,2,0,0,1,1,1
226,0,1,2,1,0,1,1,3
226,0,1,2,2,0,1,1,7
226,0,1,3,0,0,1,1,1
226,0,1,3,1,0,1,1,3
226,0,1,3,2,0,1,1,7
226,0,2,1,0,1,1,1,1
226,0,2,1,1,1,1,1,1
226,0,2,1,2,1,1,1,1
226,0,2,2,0,0,1,1,1
226,0,2,2,1,0,1,1,3
226,0,2,2,2,0,1,1,7
226,0,2,3,0,0,1,1,1
226,0,2,3,1,0,1,1,3
226,0,2,3,2,0,1,1,7
226,0,3,1,0,0,1,1,1
226,0,3,1,1,0,1,1,3
226,0,3,1,2,0,1,1,7
226,0,3,2,0,0,1,1,1
226,0,3,2,1,0,1,1,3
226,0,3,2,2,0,1,1,7
226,0,3,3,0,0,1,1,1
226,0,3,3,1,0,1,1,3
226,0,3,3,2,0,1,1,7
226,0,4,1,0,0,1,1,1
226,0,4,1,1,0,1,1,3
226,0,4,1,2,0,1,1,7
226,0,4,2,0,0,1,1,1
226,0,4,2,1,0,1,1,3
226,0,4,2,2,0,1,1,7
226,0,4,3,0,0,1,1,1
226,0,4,3,1,0,1,1,3
226,0,4,3,2,0,1,1,7
226,0,5,1,0,1,1,1,1
226,0,5,1,1,1,1,1,1
226,0,5,1,2,1,1,1,1
226,0,5,2,0,0,1,1,1
226,0,5,2,1,0,1,1,3
226,0,5,2,2,0,1,1,7
226,0,5,3,0,0,1,1,1
226,0,5,3,1,0,1,1,3
226,0,5,3,2,0,1,1,7
226,0,6,1,0,0,1,1,1
226,0,6,1,1,0,1,1,3
226,0,6,1,2,0,1,1,7
226,0,6,2,0,1,1,1,1
226,0,6,2,1,1,1,1,1
226,0,6,2,2,1,1,1,1
226,0,6,3,0,0,1,1,1
226,0,6,3,1,0,1,1,3
226,0,6,3,2,0,1,1,7
226,0,7,1,0,0,1,1,1
226,0,7,1,1,1,1,1,2
226,0,7,1,2,1,1,1,2
226,0,7,2,0,1,1,1,1
226,0,7,2,1,1,1,1,1
226,0,7,2,2,1,1,1,1
226,0,7,3,0,0,1,1,1
226,0,7,3,1,0,1,1,3
226,0,7,3,2,0,1,1,7
226,0,8,1,0,1,1,1,1
226,0,8,1,1,1,1,1,1
226,0,8,1,2,1,1,1,1
226,0,8,2,0,1,1,1,1
226,0,8,2,1,1,1,1,1
226,0,8,2,2,1,1,1,1
226,0,8,3,0,1,1,1,1
226,0,8,3,1,1,1,1,1
226,0,8,3,2,1,1,1,1
226,1,0,1,0,0,1,1,1
226,1,0,1,1,0,1,1,3
226,1,0,1,2,0,1,1,13
226,1,0,2,0,0,1,1,1
226,1,0,2,1,0,1,1,3
226,1,0,2,2,0,1,1,13
226,1,0,3,0,0,1,1,1
226,1,0,3,1,0,1,1,3
226,1,0,3,2,0,1,1,13
226,1,1,1,0,0,1,1,1
226,1,1,1,1,0,1,1,3
226,1,1,1,2,0,1,1,13
226,1,1,2,0,0,1,1,1
226,1,1,2,1,0,1,1,3
226,1,1,2,2,0,1,1,13
226,1,1,3,0,0,1,1,1
226,1,1,3,1,0,1,1,3
226,1,1,3,2,0,1,1,13
226,1,2,1,0,1,1,1,1
226,1,2,1,1,1,1,1,1
226,1,2,1,2,1,1,1,1
226,1,2,2,0,0,1,1,1
226,1,2,2,1,0,1,1,3
226,1,2,2,2,0,1,1,13
226,1,2,3,0,0,1,1,1
226,1,2,3,1,0,1,1,3
226,1,2,3,2,0,1,1,13
226,1,3,1,0,0,1,1,1
226,1,3,1,1,0,1,1,3
226,1,3,1,2,0,1,1,13
226,1,3,2,0,0,1,1,1
226,1,3,2,1,0,1,1,3
226,1,3,2,2,0,1,1,13
226,1,3,3,0,0,1,1,1
226,1,3,3,1,0,1,1,3
226,1,3,3,2,0,1,1,13
226,1,4,1,0,0,1,1,1
226,1,4,1,1,0,1,1,3
226,1,4,1,2,0,1,1,13
226,1,4,2,0,0,1,1,1
226,1,4,2,1,0,1,1,3
226,1,4,2,2,0,1,1,13
226,1,4,3,0,0,1,1,1
226,1,4,3,1,0,1,1,3
226,1,4,3,2,0,1,1,13
226,1,5,1,0,1,1,1,1
226,1,5,1,1,1,1,1,1
226,1,5,1,2,1,1,1,1
226,1,5,2,0,0,1,1,1
226,1,5,2,1,0,1,1,3
226,1,5,2,2,0,1,1,13
226,1,5,3,0,0,1,1,1
226,1,5,3,1,0,1,1,3
226,1,5,3,2,0,1,1,13
226,1,6,1,0,0,1,1,1
226,1,6,1,1,0,1,1,3
226,1,6,1,2,0,1,1,13
226,1,6,2,0,1,1,1,1
226,1,6,2,1,1,1,1,1
226,1,6,2,2,1,1,1,1
226,1,6,3,0,0,1,1,1
226,1,6,3,1,0,1,1,3
226,1,6,3,2,0,1,1,13
226,1,7,1,0,0,1,1,1
226,1,7,1,1,1,1,1,2
226,1,7,1,2,1,1,1,2
226,1,7,2,0,1,1,1,1
226,1,7,2,1,1,1,1,1
226,1,7,2,2,1,1,1,1
226,1,7,3,0,0,1,1,1
226,1,7,3,1,0,1,1,3
226,1,7,3,2,1,1,1,8
226,1,8,1,0,1,1,1,1
226,1,8,1,1,1,1,1,1
226,1,8,1,2,1,1,1,1
226,1,8,2,0,1,1,1,1
226,1,8,2,1,1,1,1,1
226,1,8,2,2,1,1,1,1
226,1,8,3,0,1,1,1,1
226,1,8,3,1,1,1,1,1
226,1,8,3,2,1,1,1,1
227,0,0,1,0,0,1,1,1
227,0,0,1,1,0,1,1,3
227,0,0,1,2,0,1,1,7
227,0,0,2,0,0,1,1,1
227,0,0,2,1,0,1,1,3
227,0,0,2,2,0,1,1,7
227,0,0,3,0,0,1,1,1
227,0,0,3,1,0,1,1,3
227,0,0,3,2,0,1,1,7
227,0,1,1,0,0,1,1,1
227,0,1,1,1,0,1,1,3
227,0,1,1,2,0,1,1,7
227,0,1,2,0,0,1,1,1
227,0,1,2,1,0,1,1,3
227,0,1,2,2,0,1,1,7
227,0,1,3,0,0,1,1,1
227,0,1,3,1,0,1,1,3
227,0,1,3,2,0,1,1,7
227,0,2,1,0,1,1,1,1
227,0,2,1,1,1,1,1,1
227,0,2,1,2,1,1,1,1
227,0,2,2,0,0,1,1,1
227,0,2,2,1,0,1,1,3
227,0,2,2,2,0,1,1,7
227,0,2,3,0,0,1,1,1
227,0,2,3,1,0,1,1,3
227,0,2,3,2,0,1,1,7
227,0,3,1,0,0,1,1,1
227,0,3,1,1,0,1,1,3
227,0,3,1,2,0,1,1,7
227,0,3,2,0,0,1,1,1
227,0,3,2,1,0,1,1,3
227,0,3,2,2,0,1,1,7
227,0,3,3,0,0,1,1,1
227,0,3,3,1,0,1,1,3
227,0,3,3,2,0,1,1,7
227,0,4,1,0,0,1,1,1
227,0,4,1,1,0,1,1,3
227,0,4,1,2,0,1,1,7
227,0,4,2,0,0,1,1,1
227,0,4,2,1,0,1,1,3
227,0,4,2,2,0,1,1,7
227,0,4,3,0,0,1,1,1
227,0,4,3,1,0,1,1,3
227,0,4,3,2,0,1,1,7
227,0,5,1,0,1,1,1,1
227,0,5,1,1,1,1,1,1
227,0,5,1,2,1,1,1,1
227,0,5,2,0,0,1,1,1
227,0,5,2,1,0,1,1,3
227,0,5,2,2,0,1,1,7
227,0,5,3,0,0,1,1,1
227,0,5,3,1,0,1,1,3
227,0,5,3,2,0,1,1,7
227,0,6,1,0,0,1,1,1
227,0,6,1,1,0,1,1,3
227,0,6,1,2,0,1,1,7
227,0,6,2,0,1,1,1,1
227,0,6,2,1,1,1,1,1
227,0,6,2,2,1,1,1,1
227,0,6,3,0,0,1,1,1
227,0,6,3,1,0,1,1,3
227,0,6,3,2,0,1,1,7
227,0,7,1,0,0,1,1,1
227,0,7,1,1,1,1,1,3
227,0,7,1,2,1,1,1,5
227,0,7,2,0,1,1,1,1
227,0,7,2,1,1,1,1,1
227,0,7,2,2,1,1,1,1
227,0,7,3,0,0,1,1,1
227,0,7,3,1,0,1,1,3
227,0,7,3,2,0,1,1,7
227,0,8,1,0,1,1,1,1
227,0,8,1,1,1,1,1,1
227,0,8,1,2,1,1,1,1
227,0,8,2,0,1,1,1,1
227,0,8,2,1,1,1,1,1
227,0,8,2,2,1,1,1,1
227,0,8,3,0,1,1,1,1
227,0,8,3,1,1,1,1,1
227,0,8,3,2,1,1,1,1
227,1,0,1,0,0,1,1,1
227,1,0,1,1,0,1,1,3
227,1,0,1,2,0,1,1,19
227,1,0,2,0,0,1,1,1
227,1,0,2,1,0,1,1,3
227,1,0,2,2,0,1,1,19
227,1,0,3,0,0,1,1,1
227,1,0,3,1,0,1,1,3
227,1,0,3,2,0,1,1,19
227,1,1,1,0,0,1,1,1
227,1,1,1,1,0,1,1,3
227,1,1,1,2,0,1,1,19
227,1,1,2,0,0,1,1,1
227,1,1,2,1,0,1,1,3
227,1,1,2,2,0,1,1,19
227,1,1,3,0,0,1,1,1
227,1,1,3,1,0,1,1,3
227,1,1,3,2,0,1,1,19
227,1,2,1,0,1,1,1,1
227,1,2,1,1,1,1,1,1
227,1,2,1,2,1,1,1,1
227,1,2,2,0,0,1,1,1
227,1,2,2,1,0,1,1,3
227,1,2,2,2,0,1,1,19
227,1,2,3,0,0,1,1,1
227,1,2,3,1,0,1,1,3
227,1,2,3,2,0,1,1,19
227,1,3,1,0,0,1,1,1
227,1,3,1,1,0,1,1,3
227,1,3,1,2,0,1,1,19
227,1,3,2,0,0,1,1,1
227,1,3,2,1,0,1,1,3
227,1,3,2,2,0,1,1,19
227,1,3,3,0,0,1,1,1
227,1,3,3,1,0,1,1,3
227,1,3,3,2,0,1,1,19
227,1,4,1,0,0,1,1,1
227,1,4,1,1,0,1,1,3
227,1,4,1,2,0,1,1,19
227,1,4,2,0,0,1,1,1
227,1,4,2,1,0,1,1,3
227,1,4,2,2,0,1,1,19
227,1,4,3,0,0,1,1,1
227,1,4,3,1,0,1,1,3
227,1,4,3,2,0,1,1,19
227,1,5,1,0,1,1,1,1
227,1,5,1,1,1,1,1,1
227,1,5,1,2,1,1,1,1
227,1,5,2,0,0,1,1,1
227,1,5,2,1,0,1,1,3
227,1,5,2,2,0,1,1,19
227,1,5,3,0,0,1,1,1
227,1,5,3,1,0,1,1,3
227,1,5,3,2,0,1,1,19
227,1,6,1,0,0,1,1,1
227,1,6,1,1,0,1,1,3
227,1,6,1,2,0,1,1,19
227,1,6,2,0,1,1,1,1
227,1,6,2,1,1,1,1,1
227,1,6,2,2,1,1,1,1
227,1,6,3,0,0,1,1,1
227,1,6,3,1,0,1,1,3
227,1,6,3,2,0,1,1,19
227,1,7,1,0,0,1,1,1
227,1,7,1,1,1,1,1,3
227,1,7,1,2,1,1,1,8
227,1,7,2,0,1,1,1,1
227,1,7,2,1,1,1,1,1
227,1,7,2,2,1,1,1,1
227,1,7,3,0,0,1,1,1
227,1,7,3,1,0,1,1,3
227,1,7,3,2,1,1,1,17
227,1,8,1,0,1,1,1,1
227,1,8,1,1,1,1,1,1
227,1,8,1,2,1,1,1,1
227,1,8,2,0,1,1,1,1
227,1,8,2,1,1,1,1,1
227,1,8,2,2,1,1,1,1
227,1,8,3,0,1,1,1,1
227,1,8,3,1,1,1,1,1
227,1,8,3,2,1,1,1,1
228,0,0,1,0,0,1,1,1
228,0,0,1,1,0,1,1,3
228,0,0,1,2,0,1,1,7
228,0,0,2,0,0,1,1,1
228,0,0,2,1,0,1,1,3
228,0,0,2,2,0,1,1,7
228,0,0,3,0,0,1,1,1
228,0,0,3,1,0,1,1,3
228,0,0,3,2,0,1,1,7
228,0,1,1,0,0,1,1,1
228,0,1,1,1,0,1,1,3
228,0,1,1,2,0,1,1,7
228,0,1,2,0,0,1,1,1
228,0,1,2,1,0,1,1,3
228,0,1,2,2,0,1,1,7
228,0,1,3,0,0,1,1,1
228,0,1,3,1,0,1,1,3
228,0,1,3,2,0,1,1,7
228,0,2,1,0,1,1,1,1
228,0,2,1,1,1,1,1,1
228,0,2,1,2,1,1,1,1
228,0,2,2,0,0,1,1,1
228,0,2,2,1,0,1,1,3
228,0,2,2,2,0,1,1,7
228,0,2,3,0,0,1,1,1
228,0,2,3,1,0,1,1,3
228,0,2,3,2,0,1,1,7
228,0,3,1,0,0,1,1,1
228,0,3,1,1,0,1,1,3
228,0,3,1,2,0,1,1,7
228,0,3,2,0,0,1,1,1
228,0,3,2,1,0,1,1,3
228,0,3,2,2,0,1,1,7
228,0,3,3,0,0,1,1,1
228,0,3,3,1,0,1,1,3
228,0,3,3,2,0,1,1,7
228,0,4,1,0,0,1,1,1
228,0,4,1,1,0,1,1,3
228,0,4,1,2,0,1,1,7
228,0,4,2,0,0,1,1,1
228,0,4,2,1,0,1,1,3
228,0,4,2,2,0,1,1,7
228,0,4,3,0,0,1,1,1
228,0,4,3,1,0,1,1,3
228,0,4,3,2,0,1,1,7
228,0,5,1,0,1,1,1,1
228,0,5,1,1,1,1,1,1
228,0,5,1,2,1,1,1,1
228,0,5,2,0,0,1,1,1
228,0,5,2,1,1,1,1,2
228,0,5,2,2,1,1,1,2
228,0,5,3,0,0,1,1,1
228,0,5,3,1,0,1,1,3
228,0,5,3,2,0,1,1,7
228,0,6,1,0,0,1,1,1
228,0,6,1,1,0,1,1,3
228,0,6,1,2,0,1,1,7
228,0,6,2,0,1,1,1,1
228,0,6,2,1,1,1,1,1
228,0,6,2,2,1,1,1,1
228,0,6,3,0,0,1,1,1
228,0,6,3,1,0,1,1,3
228,0,6,3,2,0,1,1,7
228,0,7,1,0,0,1,1,1
228,0,7,1,1,1,1,1,3
228,0,7,1,2,1,1,1,5
228,0,7,2,0,1,1,1,1
228,0,7,2,1,1,1,1,1
228,0,7,2,2,1,1,1,1
228,0,7,3,0,0,1,1,1
228,0,7,3,1,0,1,1,3
228,0,7,3,2,0,1,1,7
228,0,8,1,0,1,1,1,1
228,0,8,1,1,1,1,1,1
228,0,8,1,2,1,1,1,1
228,0,8,2,0,1,1,1,1
228,0,8,2,1,1,1,1,1
228,0,8,2,2,1,1,1,1
228,0,8,3,0,1,1,1,1
228,0,8,3,1,1,1,1,1
228,0,8,3,2,1,1,1,1
228,1,0,1,0,0,1,1,1
228,1,0,1,1,0,1,1,3
228,1,0,1,2,0,1,1,13
228,1,0,2,0,0,1,1,1
228,1,0,2,1,0,1,1,3
228,1,0,2,2,0,1,1,13
228,1,0,3,0,0,1,1,1
228,1,0,3,1,0,1,1,3
228,1,0,3,2,0,1,1,13
228,1,1,1,0,0,1,1,1
228,1,1,1,1,0,1,1,3
228,1,1,1,2,0,1,1,13
228,1,1,2,0,0,1,1,1
228,1,1,2,1,0,1,1,3
228,1,1,2,2,0,1,1,13
228,1,1,3,0,0,1,1,1
228,1,1,3,1,0,1,1,3
228,1,1,3,2,0,1,1,13
228,1,2,1,0,1,1,1,1
228,1,2,1,1,1,1,1,1
228,1,2,1,2,1,1,1,1
228,1,2,2,0,0,1,1,1
228,1,2,2,1,0,1,1,3
228,1,2,2,2,0,1,1,13
228,1,2,3,0,0,1,1,1
228,1,2,3,1,0,1,1,3
228,1,2,3,2,0,1,1,13
228,1,3,1,0,0,1,1,1
228,1,3,1,1,0,1,1,3
228,1,3,1,2,0,1,1,13
228,1,3,2,0,0,1,1,1
228,1,3,2,1,0,1,1,3
228,1,3,2,2,0,1,1,13
228,1,3,3,0,0,1,1,1
228,1,3,3,1,0,1,1,3
228,1,3,3,2,0,1,1,13
228,1,4,1,0,0,1,1,1
228,1,4,1,1,0,1,1,3
228,1,4,1,2,0,1,1,13
228,1,4,2,0,0,1,1,1
228,1,4,2,1,0,1,1,3
228,1,4,2,2,0,1,1,13
228,1,4,3,0,0,1,1,1
228,1,4,3,1,0,1,1,3
228,1,4,3,2,0,1,1,13
228,1,5,1,0,1,1,1,1
228,1,5,1,1,1,1,1,1
228,1,5,1,2,1,1,1,1
228,1,5,2,0,0,1,1,1
228,1,5,2,1,1,1,1,2
228,1,5,2,2,1,1,1,2
228,1,5,3,0,0,1,1,1
228,1,5,3,1,0,1,1,3
228,1,5,3,2,1,1,1,6
228,1,6,1,0,0,1,1,1
228,1,6,1,1,0,1,1,3
228,1,6,1,2,0,1,1,13
228,1,6,2,0,1,1,1,1
228,1,6,2,1,1,1,1,1
228,1,6,2,2,1,1,1,1
228,1,6,3,0,0,1,1,1
228,1,6,3,1,0,1,1,3
228,1,6,3,2,0,1,1,13
228,1,7,1,0,0,1,1,1
228,1,7,1,1,1,1,1,3
228,1,7,1,2,1,1,1,5
228,1,7,2,0,1,1,1,1
228,1,7,2,1,1,1,1,1
228,1,7,2,2,1,1,1,1
228,1,7,3,0,0,1,1,1
228,1,7,3,1,0,1,1,3
228,1,7,3,2,1,1,1,11
228,1,8,1,0,1,1,1,1
228,1,8,1,1,1,1,1,1
228,1,8,1,2,1,1,1,1
228,1,8,2,0,1,1,1,1
228,1,8,2,1,1,1,1,1
228,1,8,2,2,1,1,1,1
228,1,8,3,0,1,1,1,1
228,1,8,3,1,1,1,1,1
228,1,8,3,2,1,1,1,1
229,0,0,1,0,0,1,1,1
229,0,0,1,1,0,1,1,3
229,0,0,1,2,0,1,1,7
229,0,0,2,0,0,1,1,1
229,0,0,2,1,0,1,1,3
229,0,0,2,2,0,1,1,7
229,0,0,3,0,0,1,1,1
229,0,0,3,1,0,1,1,3
229,0,0,3,2,0,1,1,7
229,0,1,1,0,0,1,1,1
229,0,1,1,1,0,1,1,3
229,0,1,1,2,0,1,1,7
229,0,1,2,0,0,1,1,1
229,0,1,2,1,0,1,1,3
229,0,1,2,2,0,1,1,7
229,0,1,3,0,0,1,1,1
229,0,1,3,1,0,1,1,3
229,0,1,3,2,0,1,1,7
229,0,2,1,0,1,1,1,1
229,0,2,1,1,1,1,1,1
229,0,2,1,2,1,1,1,1
229,0,2,2,0,0,1,1,1
229,0,2,2,1,0,1,1,3
229,0,2,2,2,0,1,1,7
229,0,2,3,0,0,1,1,1
229,0,2,3,1,0,1,1,3
229,0,2,3,2,0,1,1,7
229,0,3,1,0,0,1,1,1
229,0,3,1,1,0,1,1,3
229,0,3,1,2,0,1,1,7
229,0,3,2,0,0,1,1,1
229,0,3,2,1,0,1,1,3
229,0,3,2,2,0,1,1,7
229,0,3,3,0,0,1,1,1
229,0,3,3,1,0,1,1,3
229,0,3,3,2,0,1,1,7
229,0,4,1,0,0,1,1,1
229,0,4,1,1,0,1,1,3
229,0,4,1,2,0,1,1,7
229,0,4,2,0,0,1,1,1
229,0,4,2,1,0,1,1,3
229,0,4,2,2,0,1,1,7
229,0,4,3,0,0,1,1,1
229,0,4,3,1,0,1,1,3
229,0,4,3,2,0,1,1,7
229,0,5,1,0,1,1,1,1
229,0,5,1,1,1,1,1,1
229,0,5,1,2,1,1,1,1
229,0,5,2,0,0,1,1,1
229,0,5,2,1,1,1,1,2
229,0,5,2,2,1,1,1,2
229,0,5,3,0,0,1,1,1
229,0,5,3,1,1,1,1,2
229,0,5,3,2,1,1,1,2
229,0,6,1,0,0,1,1,1
229,0,6,1,1,0,1,1,3
229,0,6,1,2,0,1,1,7
229,0,6,2,0,1,1,1,1
229,0,6,2,1,1,1,1,1
229,0,6,2,2,1,1,1,1
229,0,6,3,0,0,1,1,1
229,0,6,3,1,0,1,1,3
229,0,6,3,2,0,1,1,7
229,0,7,1,0,0,1,1,1
229,0,7,1,1,1,1,1,3
229,0,7,1,2,1,1,1,4
229,0,7,2,0,1,1,1,1
229,0,7,2,1,1,1,1,1
229,0,7,2,2,1,1,1,1
229,0,7,3,0,0,1,1,1
229,0,7,3,1,0,1,1,3
229,0,7,3,2,1,1,1,4
229,0,8,1,0,1,1,1,1
229,0,8,1,1,1,1,1,1
229,0,8,1,2,1,1,1,1
229,0,8,2,0,1,1,1,1
229,0,8,2,1,1,1,1,1
229,0,8,2,2,1,1,1,1
229,0,8,3,0,1,1,1,1
229,0,8,3,1,1,1,1,1
229,0,8,3,2,1,1,1,1
229,1,0,1,0,0,1,1,1
229,1,0,1,1,0,1,1,3
229,1,0,1,2,0,1,1,13
229,1,0,2,0,0,1,1,1
229,1,0,2,1,0,1,1,3
229,1,0,2,2,0,1,1,13
229,1,0,3,0,0,1,1,1
229,1,0,3,1,0,1,1,3
229,1,0,3,2,0,1,1,13
229,1,1,1,0,0,1,1,1
229,1,1,1,1,0,1,1,3
229,1,1,1,2,0,1,1,13
229,1,1,2,0,0,1,1,1
229,1,1,2,1,0,1,1,3
229,1,1,2,2,0,1,1,13
229,1,1,3,0,0,1,1,1
229,1,1,3,1,0,1,1,3
229,1,1,3,2,0,1,1,13
229,1,2,1,0,1,1,1,1
229,1,2,1,1,1,1,1,1
229,1,2,1,2,1,1,1,1
229,1,2,2,0,0,1,1,1
229,1,2,2,1,0,1,1,3
229,1,2,2,2,0,1,1,13
229,1,2,3,0,0,1,1,1
229,1,2,3,1,0,1,1,3
229,1,2,3,2,0,1,1,13
229,1,3,1,0,0,1,1,1
229,1,3,1,1,0,1,1,3
229,1,3,1,2,0,1,1,13
229,1,3,2,0,0,1,1,1
229,1,3,2,1,0,1,1,3
229,1,3,2,2,0,1,1,13
229,1,3,3,0,0,1,1,1
229,1,3,3,1,0,1,1,3
229,1,3,3,2,0,1,1,13
229,1,4,1,0,0,1,1,1
229,1,4,1,1,0,1,1,3
229,1,4,1,2,0,1,1,13
229,1,4,2,0,0,1,1,1
229,1,4,2,1,0,1,1,3
229,1,4,2,2,0,1,1,13
229,1,4,3,0,0,1,1,1
229,1,4,3,1,0,1,1,3
229,1,4,3,2,0,1,1,13
229,1,5,1,0,1,1,1,1
229,1,5,1,1,1,1,1,1
229,1,5,1,2,1,1,1,1
229,1,5,2,0,0,1,1,1
229,1,5,2,1,1,1,1,2
229,1,5,2,2,1,1,1,2
229,1,5,3,0,0,1,1,1
229,1,5,3,1,1,1,1,2
229,1,5,3,2,1,1,1,2
229,1,6,1,0,0,1,1,1
229,1,6,1,1,0,1,1,3
229,1,6,1,2,0,1,1,13
229,1,6,2,0,1,1,1,1
229,1,6,2,1,1,1,1,1
229,1,6,2,2,1,1,1,1
229,1,6,3,0,0,1,1,1
229,1,6,3,1,0,1,1,3
229,1,6,3,2,0,1,1,13
229,1,7,1,0,0,1,1,1
229,1,7,1,1,1,1,1,3
229,1,7,1,2,1,1,1,4
229,1,7,2,0,1,1,1,1
229,1,7,2,1,1,1,1,1
229,1,7,2,2,1,1,1,1
229,1,7,3,0,0,1,1,1
229,1,7,3,1,0,1,1,3
229,1,7,3,2,1,1,1,4
229,1,8,1,0,1,1,1,1
229,1,8,1,1,1,1,1,1
229,1,8,1,2,1,1,1,1
229,1,8,2,0,1,1,1,1
229,1,8,2,1,1,1,1,1
229,1,8,2,2,1,1,1,1
229,1,8,3,0,1,1,1,1
229,1,8,3,1,1,1,1,1
229,1,8,3,2,1,1,1,1
230,0,0,1,0,0,1,1,1
230,0,0,1,1,0,1,1,3
230,0,0,1,2,0,1,1,7
230,0,0,2,0,0,1,1,1
230,0,0,2,1,0,1,1,3
230,0,0,2,2,0,1,1,7
230,0,0,3,0,0,1,1,1
230,0,0,3,1,0,1,1,3
230,0,0,3,2,0,1,1,7
230,0,1,1,0,0,1,1,1
230,0,1,1,1,0,1,1,3
230,0,1,1,2,0,1,1,7
230,0,1,2,0,0,1,1,1
230,0,1,2,1,0,1,1,3
230,0,1,2,2,0,1,1,7
230,0,1,3,0,0,1,1,1
230,0,1,3,1,0,1,1,3
230,0,1,3,2,0,1,1,7
230,0,2,1,0,1,1,1,1
230,0,2,1,1,1,1,1,1
230,0,2,1,2,1,1,1,1
230,0,2,2,0,0,1,1,1
230,0,2,2,1,0,1,1,3
230,0,2,2,2,0,1,1,7
230,0,2,3,0,0,1,1,1
230,0,2,3,1,0,1,1,3
230,0,2,3,2,0,1,1,7
230,0,3,1,0,0,1,1,1
230,0,3,1,1,0,1,1,3
230,0,3,1,2,0,1,1,7
230,0,3,2,0,0,1,1,1
230,0,3,2,1,0,1,1,3
230,0,3,2,2,0,1,1,7
230,0,3,3,0,0,1,1,1
230,0,3,3,1,0,1,1,3
230,0,3,3,2,0,1,1,7
230,0,4,1,0,0,1,1,1
230,0,4,1,1,0,1,1,3
230,0,4,1,2,0,1,1,7
230,0,4,2,0,0,1,1,1
230,0,4,2,1,0,1,1,3
230,0,4,2,2,0,1,1,7
230,0,4,3,0,0,1,1,1
230,0,4,3,1,0,1,1,3
230,0,4,3,2,0,1,1,7
230,0,5,1,0,1,1,1,1
230,0,5,1,1,1,1,1,1
230,0,5,1,2,1,1,1,1
230,0,5,2,0,0,1,1,1
230,0,5,2,1,1,1,1,2
230,0,5,2,2,1,1,1,2
230,0,5,3,0,0,1,1,1
230,0,5,3,1,0,1,1,3
230,0,5,3,2,0,1,1,7
230,0,6,1,0,0,1,1,1
230,0,6,1,1,0,1,1,3
230,0,6,1,2,0,1,1,7
230,0,6,2,0,1,1,1,1
230,0,6,2,1,1,1,1,1
230,0,6,2,2,1,1,1,1
230,0,6,3,0,0,1,1,1
230,0,6,3,1,0,1,1,3
230,0,6,3,2,0,1,1,7
230,0,7,1,0,0,1,1,1
230,0,7,1,1,1,1,1,2
230,0,7,1,2,1,1,1,2
230,0,7,2,0,1,1,1,1
230,0,7,2,1,1,1,1,1
230,0,7,2,2,1,1,1,1
230,0,7,3,0,0,1,1,1
230,0,7,3,1,0,1,1,3
230,0,7,3,2,0,1,1,7
230,0,8,1,0,1,1,1,1
230,0,8,1,1,1,1,1,1
230,0,8,1,2,1,1,1,1
230,0,8,2,0,1,1,1,1
230,0,8,2,1,1,1,1,1
230,0,8,2,2,1,1,1,1
230,0,8,3,0,1,1,1,1
230,0,8,3,1,1,1,1,1
230,0,8,3,2,1,1,1,1
230,1,0,1,0,0,1,1,1
230,1,0,1,1,0,1,1,3
230,1,0,1,2,0,1,1,19
230,1,0,2,0,0,1,1,1
230,1,0,2,1,0,1,1,3
230,1,0,2,2,0,1,1,19
230,1,0,3,0,0,1,1,1
230,1,0,3,1,0,1,1,3
230,1,0,3,2,0,1,1,19
230,1,1,1,0,0,1,1,1
230,1,1,1,1,0,1,1,3
230,1,1,1,2,0,1,1,19
230,1,1,2,0,0,1,1,1
230,1,1,2,1,0,1,1,3
230,1,1,2,2,0,1,1,19
230,1,1,3,0,0,1,1,1
230,1,1,3,1,0,1,1,3
230,1,1,3,2,0,1,1,19
230,1,2,1,0,1,1,1,1
230,1,2,1,1,1,1,1,1
230,1,2,1,2,1,1,1,1
230,1,2,2,0,0,1,1,1
230,1,2,2,1,0,1,1,3
230,1,2,2,2,0,1,1,19
230,1,2,3,0,0,1,1,1
230,1,2,3,1,0,1,1,3
230,1,2,3,2,0,1,1,19
230,1,3,1,0,0,1,1,1
230,1,3,1,1,0,1,1,3
230,1,3,1,2,0,1,1,19
230,1,3,2,0,0,1,1,1
230,1,3,2,1,0,1,1,3
230,1,3,2,2,0,1,1,19
230,1,3,3,0,0,1,1,1
230,1,3,3,1,0,1,1,3
230,1,3,3,2,0,1,1,19
230,1,4,1,0,0,1,1,1
230,1,4,1,1,0,1,1,3
230,1,4,1,2,0,1,1,19
230,1,4,2,0,0,1,1,1
230,1,4,2,1,0,1,1,3
230,1,4,2,2,0,1,1,19
230,1,4,3,0,0,1,1,1
230,1,4,3,1,0,1,1,3
230,1,4,3,2,0,1,1,19
230,1,5,1,0,1,1,1,1
230,1,5,1,1,1,1,1,1
230,1,5,1,2,1,1,1,1
230,1,5,2,0,0,1,1,1
230,1,5,2,1,1,1,1,2
230,1,5,2,2,1,1,1,2
230,1,5,3,0,0,1,1,1
230,1,5,3,1,0,1,1,3
230,1,5,3,2,1,1,1,3
230,1,6,1,0,0,1,1,1
230,1,6,1,1,0,1,1,3
230,1,6,1,2,0,1,1,19
230,1,6,2,0,1,1,1,1
230,1,6,2,1,1,1,1,1
230,1,6,2,2,1,1,1,1
230,1,6,3,0,0,1,1,1
230,1,6,3,1,0,1,1,3
230,1,6,3,2,0,1,1,19
230,1,7,1,0,0,1,1,1
230,1,7,1,1,1,1,1,2
230,1,7,1,2,1,1,1,2
230,1,7,2,0,1,1,1,1
230,1,7,2,1,1,1,1,1
230,1,7,2,2,1,1,1,1
230,1,7,3,0,0,1,1,1
230,1,7,3,1,0,1,1,3
230,1,7,3,2,1,1,1,5
230,1,8,1,0,1,1,1,1
230,1,8,1,1,1,1,1,1
230,1,8,1,2,1,1,1,1
230,1,8,2,0,1,1,1,1
230,1,8,2,1,1,1,1,1
230,1,8,2,2,1,1,1,1
230,1,8,3,0,1,1,1,1
230,1,8,3,1,1,1,1,1
230,1,8,3,2,1,1,1,1
231,0,0,1,0,0,1,1,1
231,0,0,1,1,0,1,1,3
231,0,0,1,2,0,1,1,7
231,0,0,2,0,0,1,1,1
231,0,0,2,1,0,1,1,3
231,0,0,2,2,0,1,1,7
231,0,0,3,0,0,1,1,1
231,0,0,3,1,0,1,1,3
231,0,0,3,2,0,1,1,7
231,0,1,1,0,0,1,1,1
231,0,1,1,1,0,1,1,3
231,0,1,1,2,0,1,1,7
231,0,1,2,0,0,1,1,1
231,0,1,2,1,0,1,1,3
231,0,1,2,2,0,1,1,7
231,0,1,3,0,0,1,1,1
231,0,1,3,1,0,1,1,3
231,0,1,3,2,0,1,1,7
231,0,2,1,0,1,1,1,1
231,0,2,1,1,1,1,1,1
231,0,2,1,2,1,1,1,1
231,0,2,2,0,0,1,1,1
231,0,2,2,1,0,1,1,3
231,0,2,2,2,0,1,1,7
231,0,2,3,0,0,1,1,1
231,0,2,3,1,0,1,1,3
231,0,2,3,2,0,1,1,7
231,0,3,1,0,0,1,1,1
231,0,3,1,1,0,1,1,3
231,0,3,1,2,0,1,1,7
231,0,3,2,0,0,1,1,1
231,0,3,2,1,0,1,1,3
231,0,3,2,2,0,1,1,7
231,0,3,3,0,0,1,1,1
231,0,3,3,1,0,1,1,3
231,0,3,3,2,0,1,1,7
231,0,4,1,0,0,1,1,1
231,0,4,1,1,0,1,1,3
231,0,4,1,2,0,1,1,7
231,0,4,2,0,0,1,1,1
231,0,4,2,1,0,1,1,3
231,0,4,2,2,0,1,1,7
231,0,4,3,0,0,1,1,1
231,0,4,3,1,0,1,1,3
231,0,4,3,2,0,1,1,7
231,0,5,1,0,1,1,1,1
231,0,5,1,1,1,1,1,1
231,0,5,1,2,1,1,1,1
231,0,5,2,0,0,1,1,1
231,0,5,2,1,1,1,1,2
231,0,5,2,2,1,1,1,2
231,0,5,3,0,0,1,1,1
231,0,5,3,1,0,1,1,3
231,0,5,3,2,0,1,1,7
231,0,6,1,0,0,1,1,1
231,0,6,1,1,0,1,1,3
231,0,6,1,2,0,1,1,7
231,0,6,2,0,1,1,1,1
231,0,6,2,1,1,1,1,1
231,0,6,2,2,1,1,1,1
231,0,6,3,0,0,1,1,1
231,0,6,3,1,0,1,1,3
231,0,6,3,2,0,1,1,7
231,0,7,1,0,0,1,1,1
231,0,7,1,1,1,1,1,3
231,0,7,1,2,1,1,1,5
231,0,7,2,0,1,1,1,1
231,0,7,2,1,1,1,1,1
231,0,7,2,2,1,1,1,1
231,0,7,3,0,0,1,1,1
231,0,7,3,1,0,1,1,3
231,0,7,3,2,0,1,1,7
231,0,8,1,0,1,1,1,1
231,0,8,1,1,1,1,1,1
231,0,8,1,2,1,1,1,1
231,0,8,2,0,1,1,1,1
231,0,8,2,1,1,1,1,1
231,0,8,2,2,1,1,1,1
231,0,8,3,0,1,1,1,1
231,0,8,3,1,1,1,1,1
231,0,8,3,2,1,1,1,1
231,1,0,1,0,0,1,1,1
231,1,0,1,1,0,1,1,3
231,1,0,1,2,0,1,1,19
231,1,0,2,0,0,1,1,1
231,1,0,2,1,0,1,1,3
231,1,0,2,2,0,1,1,19
231,1,0,3,0,0,1,1,1
231,1,0,3,1,0,1,1,3
231,1,0,3,2,0,1,1,19
231,1,1,1,0,0,1,1,1
231,1,1,1,1,0,1,1,3
231,1,1,1,2,0,1,1,19
231,1,1,2,0,0,1,1,1
231,1,1,2,1,0,1,1,3
231,1,1,2,2,0,1,1,19
231,1,1,3,0,0,1,1,1
231,1,1,3,1,0,1,1,3
231,1,1,3,2,0,1,1,19
231,1,2,1,0,1,1,1,1
231,1,2,1,1,1,1,1,1
231,1,2,1,2,1,1,1,1
231,1,2,2,0,0,1,1,1
231,1,2,2,1,0,1,1,3
231,1,2,2,2,0,1,1,19
231,1,2,3,0,0,1,1,1
231,1,2,3,1,0,1,1,3
231,1,2,3,2,0,1,1,19
231,1,3,1,0,0,1,1,1
231,1,3,1,1,0,1,1,3
231,1,3,1,2,0,1,1,19
231,1,3,2,0,0,1,1,1
231,1,3,2,1,0,1,1,3
231,1,3,2,2,0,1,1,19
231,1,3,3,0,0,1,1,1
231,1,3,3,1,0,1,1,3
231,1,3,3,2,0,1,1,19
231,1,4,1,0,0,1,1,1
231,1,4,1,1,0,1,1,3
231,1,4,1,2,0,1,1,19
231,1,4,2,0,0,1,1,1
231,1,4,2,1,0,1,1,3
231,1,4,2,2,0,1,1,19
231,1,4,3,0,0,1,1,1
231,1,4,3,1,0,1,1,3
231,1,4,3,2,0,1,1,19
231,1,5,1,0,1,1,1,1
231,1,5,1,1,1,1,1,1
231,1,5,1,2,1,1,1,1
231,1,5,2,0,0,1,1,1
231,1,5,2,1,1,1,1,2
231,1,5,2,2,1,1,1,2
231,1,5,3,0,0,1,1,1
231,1,5,3,1,0,1,1,3
231,1,5,3,2,1,1,1,3
231,1,6,1,0,0,1,1,1
231,1,6,1,1,0,1,1,3
231,1,6,1,2,0,1,1,19
231,1,6,2,0,1,1,1,1
231,1,6,2,1,1,1,1,1
231,1,6,2,2,1,1,1,1
231,1,6,3,0,0,1,1,1
231,1,6,3,1,0,1,1,3
231,1,6,3,2,0,1,1,19
231,1,7,1,0,0,1,1,1
231,1,7,1,1,1,1,1,3
231,1,7,1,2,1,1,1,8
231,1,7,2,0,1,1,1,1
231,1,7,2,1,1,1,1,1
231,1,7,2,2,1,1,1,1
231,1,7,3,0,0,1,1,1
231,1,7,3,1,0,1,1,3
231,1,7,3,2,1,1,1,8
231,1,8,1,0,1,1,1,1
231,1,8,1,1,1,1,1,1
231,1,8,1,2,1,1,1,1
231,1,8,2,0,1,1,1,1
231,1,8,2,1,1,1,1,1
231,1,8,2,2,1,1,1,1
231,1,8,3,0,1,1,1,1
231,1,8,3,1,1,1,1,1
231,1,8,3,2,1,1,1,1
232,0,0,1,0,0,1,1,1
232,0,0,1,1,0,1,1,3
232,0,0,1,2,0,1,1,7
232,0,0,2,0,0,1,1,1
232,0,0,2,1,0,1,1,3
232,0,0,2,2,0,1,1,7
232,0,0,3,0,0,1,1,1
232,0,0,3,1,0,1,1,3
232,0,0,3,2,0,1,1,7
232,0,1,1,0,0,1,1,1
232,0,1,1,1,0,1,1,3
232,0,1,1,2,0,1,1,7
232,0,1,2,0,0,1,1,1
232,0,1,2,1,0,1,1,3
232,0,1,2,2,0,1,1,7
232,0,1,3,0,0,1,1,1
232,0,1,3,1,0,1,1,3
232,0,1,3,2,0,1,1,7
232,0,2,1,0,1,1,1,1
232,0,2,1,1,1,1,1,1
232,0,2,1,2,1,1,1,1
232,0,2,2,0,0,1,1,1
232,0,2,2,1,0,1,1,3
232,0,2,2,2,0,1,1,7
232,0,2,3,0,0,1,1,1
232,0,2,3,1,0,1,1,3
232,0,2,3,2,0,1,1,7
232,0,3,1,0,0,1,1,1
232,0,3,1,1,0,1,1,3
232,0,3,1,2,0,1,1,7
232,0,3,2,0,0,1,1,1
232,0,3,2,1,0,1,1,3
232,0,3,2,2,0,1,1,7
232,0,3,3,0,0,1,1,1
232,0,3,3,1,0,1,1,3
232,0,3,3,2,0,1,1,7
232,0,4,1,0,0,1,1,1
232,0,4,1,1,0,1,1,3
232,0,4,1,2,0,1,1,7
232,0,4,2,0,0,1,1,1
232,0,4,2,1,0,1,1,3
232,0,4,2,2,0,1,1,7
232,0,4,3,0,0,1,1,1
232,0,4,3,1,0,1,1,3
232,0,4,3,2,0,1,1,7
232,0,5,1,0,1,1,1,1
232,0,5,1,1,1,1,1,1
232,0,5,1,2,1,1,1,1
232,0,5,2,0,0,1,1,1
232,0,5,2,1,0,1,1,3
232,0,5,2,2,0,1,1,7
232,0,5,3,0,0,1,1,1
232,0,5,3,1,0,1,1,3
232,0,5,3,2,0,1,1,7
232,0,6,1,0,0,1,1,1
232,0,6,1,1,0,1,1,3
232,0,6,1,2,0,1,1,7
232,0,6,2,0,1,1,1,1
232,0,6,2,1,1,1,1,1
232,0,6,2,2,1,1,1,1
232,0,6,3,0,0,1,1,1
232,0,6,3,1,0,1,1,3
232,0,6,3,2,0,1,1,7
232,0,7,1,0,0,1,1,1
232,0,7,1,1,1,1,1,3
232,0,7,1,2,1,1,1,5
232,0,7,2,0,1,1,1,1
232,0,7,2,1,1,1,1,1
232,0,7,2,2,1,1,1,1
232,0,7,3,0,0,1,1,1
232,0,7,3,1,0,1,1,3
232,0,7,3,2,0,1,1,7
232,0,8,1,0,1,1,1,1
232,0,8,1,1,1,1,1,1
232,0,8,1,2,1,1,1,1
232,0,8,2,0,1,1,1,1
232,0,8,2,1,1,1,1,1
232,0,8,2,2,1,1,1,1
232,0,8,3,0,1,1,1,1
232,0,8,3,1,1,1,1,1
232,0,8,3,2,1,1,1,1
232,1,0,1,0,0,1,1,1
232,1,0,1,1,0,1,1,3
232,1,0,1,2,0,1,1,13
232,1,0,2,0,0,1,1,1
232,1,0,2,1,0,1,1,3
232,1,0,2,2,0,1,1,13
232,1,0,3,0,0,1,1,1
232,1,0,3,1,0,1,1,3
232,1,0,3,2,0,1,1,13
232,1,1,1,0,0,1,1,1
232,1,1,1,1,0,1,1,3
232,1,1,1,2,0,1,1,13
232,1,1,2,0,0,1,1,1
232,1,1,2,1,0,1,1,3
232,1,1,2,2,0,1,1,13
232,1,1,3,0,0,1,1,1
232,1,1,3,1,0,1,1,3
232,1,1,3,2,0,1,1,13
232,1,2,1,0,1,1,1,1
232,1,2,1,1,1,1,1,1
232,1,2,1,2,1,1,1,1
232,1,2,2,0,0,1,1,1
232,1,2,2,1,0,1,1,3
232,1,2,2,2,0,1,1,13
232,1,2,3,0,0,1,1,1
232,1,2,3,1,0,1,1,3
232,1,2,3,2,0,1,1,13
232,1,3,1,0,0,1,1,1
232,1,3,1,1,0,1,1,3
232,1,3,1,2,0,1,1,13
232,1,3,2,0,0,1,1,1
232,1,3,2,1,0,1,1,3
232,1,3,2,2,0,1,1,13
232,1,3,3,0,0,1,1,1
232,1,3,3,1,0,1,1,3
232,1,3,3,2,0,1,1,13
232,1,4,1,0,0,1,1,1
232,1,4,1,1,0,1,1,3
232,1,4,1,2,0,1,1,13
232,1,4,2,0,0,1,1,1
232,1,4,2,1,0,1,1,3
232,1,4,2,2,0,1,1,13
232,1,4,3,0,0,1,1,1
232,1,4,3,1,0,1,1,3
232,1,4,3,2,0,1,1,13
232,1,5,1,0,1,1,1,1
232,1,5,1,1,1,1,1,1
232,1,5,1,2,1,1,1,1
232,1,5,2,0,0,1,1,1
232,1,5,2,1,0,1,1,3
232,1,5,2,2,0,1,1,13
232,1,5,3,0,0,1,1,1
232,1,5,3,1,0,1,1,3
232,1,5,3,2,0,1,1,13
232,1,6,1,0,0,1,1,1
232,1,6,1,1,0,1,1,3
232,1,6,1,2,0,1,1,13
232,1,6,2,0,1,1,1,1
232,1,6,2,1,1,1,1,1
232,1,6,2,2,1,1,1,1
232,1,6,3,0,0,1,1,1
232,1,6,3,1,0,1,1,3
232,1,6,3,2,0,1,1,13
232,1,7,1,0,0,1,1,1
232,1,7,1,1,1,1,1,3
232,1,7,1,2,1,1,1,5
232,1,7,2,0,1,1,1,1
232,1,7,2,1,1,1,1,1
232,1,7,2,2,1,1,1,1
232,1,7,3,0,0,1,1,1
232,1,7,3,1,0,1,1,3
232,1,7,3,2,1,1,1,11
232,1,8,1,0,1,1,1,1
232,1,8,1,1,1,1,1,1
232,1,8,1,2,1,1,1,1
232,1,8,2,0,1,1,1,1
232,1,8,2,1,1,1,1,1
232,1,8,2,2,1,1,1,1
232,1,8,3,0,1,1,1,1
232,1,8,3,1,1,1,1,1
232,1,8,3,2,1,1,1,1
233,0,0,1,0,0,1,1,1
233,0,0,1,1,0,1,1,3
233,0,0,1,2,0,1,1,7
233,0,0,2,0,0,1,1,1
233,0,0,2,1,0,1,1,3
233,0,0,2,2,0,1,1,7
233,0,0,3,0,0,1,1,1
233,0,0,3,1,0,1,1,3
233,0,0,3,2,0,1,1,7
233,0,1,1,0,0,1,1,1
233,0,1,1,1,0,1,1,3
233,0,1,1,2,0,1,1,7
233,0,1,2,0,0,1,1,1
233,0,1,2,1,0,1,1,3
233,0,1,2,2,0,1,1,7
233,0,1,3,0,0,1,1,1
233,0,1,3,1,0,1,1,3
233,0,1,3,2,0,1,1,7
233,0,2,1,0,1,1,1,1
233,0,2,1,1,1,1,1,1
233,0,2,1,2,1,1,1,1
233,0,2,2,0,0,1,1,1
233,0,2,2,1,0,1,1,3
233,0,2,2,2,0,1,1,7
233,0,2,3,0,0,1,1,1
233,0,2,3,1,0,1,1,3
233,0,2,3,2,0,1,1,7
233,0,3,1,0,0,1,1,1
233,0,3,1,1,0,1,1,3
233,0,3,1,2,0,1,1,7
233,0,3,2,0,0,1,1,1
233,0,3,2,1,0,1,1,3
233,0,3,2,2,0,1,1,7
233,0,3,3,0,0,1,1,1
233,0,3,3,1,0,1,1,3
233,0,3,3,2,0,1,1,7
233,0,4,1,0,0,1,1,1
233,0,4,1,1,0,1,1,3
233,0,4,1,2,0,1,1,7
233,0,4,2,0,0,1,1,1
233,0,4,2,1,0,1,1,3
233,0,4,2,2,0,1,1,7
233,0,4,3,0,0,1,1,1
233,0,4,3,1,0,1,1,3
233,0,4,3,2,0,1,1,7
233,0,5,1,0,1,1,1,1
233,0,5,1,1,1,1,1,1
233,0,5,1,2,1,1,1,1
233,0,5,2,0,0,1,1,1
233,0,5,2,1,0,1,1,3
233,0,5,2,2,0,1,1,7
233,0,5,3,0,0,1,1,1
233,0,5,3,1,0,1,1,3
233,0,5,3,2,0,1,1,7
233,0,6,1,0,0,1,1,1
233,0,6,1,1,0,1,1,3
233,0,6,1,2,0,1,1,7
233,0,6,2,0,1,1,1,1
233,0,6,2,1,1,1,1,1
233,0,6,2,2,1,1,1,1
233,0,6,3,0,0,1,1,1
233,0,6,3,1,0,1,1,3
233,0,6,3,2,0,1,1,7
233,0,7,1,0,0,1,1,1
233,0,7,1,1,1,1,1,3
233,0,7,1,2,1,1,1,4
233,0,7,2,0,1,1,1,1
233,0,7,2,1,1,1,1,1
233,0,7,2,2,1,1,1,1
233,0,7,3,0,0,1,1,1
233,0,7,3,1,0,1,1,3
233,0,7,3,2,0,1,1,7
233,0,8,1,0,1,1,1,1
233,0,8,1,1,1,1,1,1
233,0,8,1,2,1,1,1,1
233,0,8,2,0,1,1,1,1
233,0,8,2,1,1,1,1,1
233,0,8,2,2,1,1,1,1
233,0,8,3,0,1,1,1,1
233,0,8,3,1,1,1,1,1
233,0,8,3,2,1,1,1,1
233,1,0,1,0,0,1,1,1
233,1,0,1,1,0,1,1,3
233,1,0,1,2,0,1,1,19
233,1,0,2,0,0,1,1,1
233,1,0,2,1,0,1,1,3
233,1,0,2,2,0,1,1,19
233,1,0,3,0,0,1,1,1
233,1,0,3,1,0,1,1,3
233,1,0,3,2,0,1,1,19
233,1,1,1,0,0,1,1,1
233,1,1,1,1,0,1,1,3
233,1,1,1,2,0,1,1,19
233,1,1,2,0,0,1,1,1
233,1,1,2,1,0,1,1,3
233,1,1,2,2,0,1,1,19
233,1,1,3,0,0,1,1,1
233,1,1,3,1,0,1,1,3
233,1,1,3,2,0,1,1,19
233,1,2,1,0,1,1,1,1
233,1,2,1,1,1,1,1,1
233,1,2,1,2,1,1,1,1
233,1,2,2,0,0,1,1,1
233,1,2,2,1,0,1,1,3
233,1,2,2,2,0,1,1,19
233,1,2,3,0,0,1,1,1
233,1,2,3,1,0,1,1,3
233,1,2,3,2,0,1,1,19
233,1,3,1,0,0,1,1,1
233,1,3,1,1,0,1,1,3
233,1,3,1,2,0,1,1,19
233,1,3,2,0,0,1,1,1
233,1,3,2,1,0,1,1,3
233,1,3,2,2,0,1,1,19
233,1,3,3,0,0,1,1,1
233,1,3,3,1,0,1,1,3
233,1,3,3,2,0,1,1,19
233,1,4,1,0,0,1,1,1
233,1,4,1,1,0,1,1,3
233,1,4,1,2,0,1,1,19
233,1,4,2,0,0,1,1,1
233,1,4,2,1,0,1,1,3
233,1,4,2,2,0,1,1,19
233,1,4,3,0,0,1,1,1
233,1,4,3,1,0,1,1,3
233,1,4,3,2,0,1,1,19
233,1,5,1,0,1,1,1,1
233,1,5,1,1,1,1,1,1
233,1,5,1,2,1,1,1,1
233,1,5,2,0,0,1,1,1
233,1,5,2,1,0,1,1,3
233,1,5,2,2,0,1,1,19
233,1,5,3,0,0,1,1,1
233,1,5,3,1,0,1,1,3
233,1,5,3,2,0,1,1,19
233,1,6,1,0,0,1,1,1
233,1,6,1,1,0,1,1,3
233,1,6,1,2,0,1,1,19
233,1,6,2,0,1,1,1,1
233,1,6,2,1,1,1,1,1
233,1,6,2,2,1,1,1,1
233,1,6,3,0,0,1,1,1
233,1,6,3,1,0,1,1,3
233,1,6,3,2,0,1,1,19
233,1,7,1,0,0,1,1,1
233,1,7,1,1,1,1,1,3
233,1,7,1,2,1,1,1,8
233,1,7,2,0,1,1,1,1
233,1,7,2,1,1,1,1,1
233,1,7,2,2,1,1,1,1
233,1,7,3,0,0,1,1,1
233,1,7,3,1,0,1,1,3
233,1,7,3,2,1,1,1,8
233,1,8,1,0,1,1,1,1
233,1,8,1,1,1,1,1,1
233,1,8,1,2,1,1,1,1
233,1,8,2,0,1,1,1,1
233,1,8,2,1,1,1,1,1
233,1,8,2,2,1,1,1,1
233,1,8,3,0,1,1,1,1
233,1,8,3,1,1,1,1,1
233,1,8,3,2,1,1,1,1
234,0,0,1,0,0,1,1,1
234,0,0,1,1,0,1,1,3
234,0,0,1,2,0,1,1,7
234,0,0,2,0,0,1,1,1
234,0,0,2,1,0,1,1,3
234,0,0,2,2,0,1,1,7
234,0,0,3,0,0,1,1,1
234,0,0,3,1,0,1,1,3
234,0,0,3,2,0,1,1,7
234,0,1,1,0,0,1,1,1
234,0,1,1,1,0,1,1,3
234,0,1,1,2,0,1,1,7
234,0,1,2,0,0,1,1,1
234,0,1,2,1,0,1,1,3
234,0,1,2,2,0,1,1,7
234,0,1,3,0,0,1,1,1
234,0,1,3,1,0,1,1,3
234,0,1,3,2,0,1,1,7
234,0,2,1,0,1,1,1,1
234,0,2,1,1,1,1,1,1
234,0,2,1,2,1,1,1,1
234,0,2,2,0,0,1,1,1
234,0,2,2,1,0,1,1,3
234,0,2,2,2,0,1,1,7
234,0,2,3,0,0,1,1,1
234,0,2,3,1,0,1,1,3
234,0,2,3,2,0,1,1,7
234,0,3,1,0,0,1,1,1
234,0,3,1,1,0,1,1,3
234,0,3,1,2,0,1,1,7
234,0,3,2,0,0,1,1,1
234,0,3,2,1,0,1,1,3
234,0,3,2,2,0,1,1,7
234,0,3,3,0,0,1,1,1
234,0,3,3,1,0,1,1,3
234,0,3,3,2,0,1,1,7
234,0,4,1,0,0,1,1,1
234,0,4,1,1,0,1,1,3
234,0,4,1,2,0,1,1,7
234,0,4,2,0,0,1,1,1
234,0,4,2,1,0,1,1,3
234,0,4,2,2,0,1,1,7
234,0,4,3,0,0,1,1,1
234,0,4,3,1,0,1,1,3
234,0,4,3,2,0,1,1,7
234,0,5,1,0,1,1,1,1
234,0,5,1,1,1,1,1,1
234,0,5,1,2,1,1,1,1
234,0,5,2,0,0,1,1,1
234,0,5,2,1,0,1,1,3
234,0,5,2,2,0,1,1,7
234,0,5,3,0,0,1,1,1
234,0,5,3,1,0,1,1,3
234,0,5,3,2,0,1,1,7
234,0,6,1,0,0,1,1,1
234,0,6,1,1,0,1,1,3
234,0,6,1,2,0,1,1,7
234,0,6,2,0,1,1,1,1
234,0,6,2,1,1,1,1,1
234,0,6,2,2,1,1,1,1
234,0,6,3,0,0,1,1,1
234,0,6,3,1,0,1,1,3
234,0,6,3,2,0,1,1,7
234,0,7,1,0,0,1,1,1
234,0,7,1,1,1,1,1,2
234,0,7,1,2,1,1,1,2
234,0,7,2,0,1,1,1,1
234,0,7,2,1,1,1,1,1
234,0,7,2,2,1,1,1,1
234,0,7,3,0,0,1,1,1
234,0,7,3,1,1,1,1,2
234,0,7,3,2,1,1,1,2
234,0,8,1,0,1,1,1,1
234,0,8,1,1,1,1,1,1
234,0,8,1,2,1,1,1,1
234,0,8,2,0,1,1,1,1
234,0,8,2,1,1,1,1,1
234,0,8,2,2,1,1,1,1
234,0,8,3,0,1,1,1,1
234,0,8,3,1,1,1,1,1
234,0,8,3,2,1,1,1,1
234,1,0,1,0,0,1,1,1
234,1,0,1,1,0,1,1,3
234,1,0,1,2,0,1,1,13
234,1,0,2,0,0,1,1,1
234,1,0,2,1,0,1,1,3
234,1,0,2,2,0,1,1,13
234,1,0,3,0,0,1,1,1
234,1,0,3,1,0,1,1,3
234,1,0,3,2,0,1,1,13
234,1,1,1,0,0,1,1,1
234,1,1,1,1,0,1,1,3
234,1,1,1,2,0,1,1,13
234,1,1,2,0,0,1,1,1
234,1,1,2,1,0,1,1,3
234,1,1,2,2,0,1,1,13
234,1,1,3,0,0,1,1,1
234,1,1,3,1,0,1,1,3
234,1,1,3,2,0,1,1,13
234,1,2,1,0,1,1,1,1
234,1,2,1,1,1,1,1,1
234,1,2,1,2,1,1,1,1
234,1,2,2,0,0,1,1,1
234,1,2,2,1,0,1,1,3
234,1,2,2,2,0,1,1,13
234,1,2,3,0,0,1,1,1
234,1,2,3,1,0,1,1,3
234,1,2,3,2,0,1,1,13
234,1,3,1,0,0,1,1,1
234,1,3,1,1,0,1,1,3
234,1,3,1,2,0,1,1,13
234,1,3,2,0,0,1,1,1
234,1,3,2,1,0,1,1,3
234,1,3,2,2,0,1,1,13
234,1,3,3,0,0,1,1,1
234,1,3,3,1,0,1,1,3
234,1,3,3,2,0,1,1,13
234,1,4,1,0,0,1,1,1
234,1,4,1,1,0,1,1,3
234,1,4,1,2,0,1,1,13
234,1,4,2,0,0,1,1,1
234,1,4,2,1,0,1,1,3
234,1,4,2,2,0,1,1,13
234,1,4,3,0,0,1,1,1
234,1,4,3,1,0,1,1,3
234,1,4,3,2,0,1,1,13
234,1,5,1,0,1,1,1,1
234,1,5,1,1,1,1,1,1
234,1,5,1,2,1,1,1,1
234,1,5,2,0,0,1,1,1
234,1,5,2,1,0,1,1,3
234,1,5,2,2,0,1,1,13
234,1,5,3,0,0,1,1,1
234,1,5,3,1,0,1,1,3
234,1,5,3,2,0,1,1,13
234,1,6,1,0,0,1,1,1
234,1,6,1,1,0,1,1,3
234,1,6,1,2,0,1,1,13
234,1,6,2,0,1,1,1,1
234,1,6,2,1,1,1,1,1
234,1,6,2,2,1,1,1,1
234,1,6,3,0,0,1,1,1
234,1,6,3,1,0,1,1,3
234,1,6,3,2,0,1,1,13
234,1,7,1,0,0,1,1,1
234,1,7,1,1,1,1,1,2
234,1,7,1,2,1,1,1,2
234,1,7,2,0,1,1,1,1
234,1,7,2,1,1,1,1,1
234,1,7,2,2,1,1,1,1
234,1,7,3,0,0,1,1,1
234,1,7,3,1,1,1,1,2
234,1,7,3,2,1,1,1,2
234,1,8,1,0,1,1,1,1
234,1,8,1,1,1,1,1,1
234,1,8,1,2,1,1,1,1
234,1,8,2,0,1,1,1,1
234,1,8,2,1,1,1,1,1
234,1,8,2,2,1,1,1,1
234,1,8,3,0,1,1,1,1
234,1,8,3,1,1,1,1,1
234,1,8,3,2,1,1,1,1
235,0,0,1,0,0,1,1,1
235,0,0,1,1,0,1,1,3
235,0,0,1,2,0,1,1,7
235,0,0,2,0,0,1,1,1
235,0,0,2,1,0,1,1,3
235,0,0,2,2,0,1,1,7
235,0,0,3,0,0,1,1,1
235,0,0,3,1,0,1,1,3
235,0,0,3,2,0,1,1,7
235,0,1,1,0,0,1,1,1
235,0,1,1,1,0,1,1,3
235,0,1,1,2,0,1,1,7
235,0,1,2,0,0,1,1,1
235,0,1,2,1,0,1,1,3
235,0,1,2,2,0,1,1,7
235,0,1,3,0,0,1,1,1
235,0,1,3,1,0,1,1,3
235,0,1,3,2,0,1,1,7
235,0,2,1,0,1,1,1,1
235,0,2,1,1,1,1,1,1
235,0,2,1,2,1,1,1,1
235,0,2,2,0,0,1,1,1
235,0,2,2,1,0,1,1,3
235,0,2,2,2,0,1,1,7
235,0,2,3,0,0,1,1,1
235,0,2,3,1,0,1,1,3
235,0,2,3,2,0,1,1,7
235,0,3,1,0,0,1,1,1
235,0,3,1,1,0,1,1,3
235,0,3,1,2,0,1,1,7
235,0,3,2,0,0,1,1,1
235,0,3,2,1,0,1,1,3
235,0,3,2,2,0,1,1,7
235,0,3,3,0,0,1,1,1
235,0,3,3,1,0,1,1,3
235,0,3,3,2,0,1,1,7
235,0,4,1,0,0,1,1,1
235,0,4,1,1,0,1,1,3
235,0,4,1,2,0,1,1,7
235,0,4,2,0,0,1,1,1
235,0,4,2,1,0,1,1,3
235,0,4,2,2,0,1,1,7
235,0,4,3,0,0,1,1,1
235,0,4,3,1,0,1,1,3
235,0,4,3,2,0,1,1,7
235,0,5,1,0,1,1,1,1
235,0,5,1,1,1,1,1,1
235,0,5,1,2,1,1,1,1
235,0,5,2,0,0,1,1,1
235,0,5,2,1,0,1,1,3
235,0,5,2,2,0,1,1,7
235,0,5,3,0,0,1,1,1
235,0,5,3,1,0,1,1,3
235,0,5,3,2,0,1,1,7
235,0,6,1,0,0,1,1,1
235,0,6,1,1,0,1,1,3
235,0,6,1,2,0,1,1,7
235,0,6,2,0,1,1,1,1
235,0,6,2,1,1,1,1,1
235,0,6,2,2,1,1,1,1
235,0,6,3,0,0,1,1,1
235,0,6,3,1,0,1,1,3
235,0,6,3,2,0,1,1,7
235,0,7,1,0,0,1,1,1
235,0,7,1,1,1,1,1,3
235,0,7,1,2,1,1,1,5
235,0,7,2,0,1,1,1,1
235,0,7,2,1,1,1,1,1
235,0,7,2,2,1,1,1,1
235,0,7,3,0,0,1,1,1
235,0,7,3,1,0,1,1,3
235,0,7,3,2,0,1,1,7
235,0,8,1,0,1,1,1,1
235,0,8,1,1,1,1,1,1
235,0,8,1,2,1,1,1,1
235,0,8,2,0,1,1,1,1
235,0,8,2,1,1,1,1,1
235,0,8,2,2,1,1,1,1
235,0,8,3,0,1,1,1,1
235,0,8,3,1,1,1,1,1
235,0,8,3,2,1,1,1,1
235,1,0,1,0,0,1,1,1
235,1,0,1,1,0,1,1,3
235,1,0,1,2,0,1,1,19
235,1,0,2,0,0,1,1,1
235,1,0,2,1,0,1,1,3
235,1,0,2,2,0,1,1,19
235,1,0,3,0,0,1,1,1
235,1,0,3,1,0,1,1,3
235,1,0,3,2,0,1,1,19
235,1,1,1,0,0,1,1,1
235,1,1,1,1,0,1,1,3
235,1,1,1,2,0,1,1,19
235,1,1,2,0,0,1,1,1
235,1,1,2,1,0,1,1,3
235,1,1,2,2,0,1,1,19
235,1,1,3,0,0,1,1,1
235,1,1,3,1,0,1,1,3
235,1,1,3,2,0,1,1,19
235,1,2,1,0,1,1,1,1
235,1,2,1,1,1,1,1,1
235,1,2,1,2,1,1,1,1
235,1,2,2,0,0,1,1,1
235,1,2,2,1,0,1,1,3
235,1,2,2,2,0,1,1,19
235,1,2,3,0,0,1,1,1
235,1,2,3,1,0,1,1,3
235,1,2,3,2,0,1,1,19
235,1,3,1,0,0,1,1,1
235,1,3,1,1,0,1,1,3
235,1,3,1,2,0,1,1,19
235,1,3,2,0,0,1,1,1
235,1,3,2,1,0,1,1,3
235,1,3,2,2,0,1,1,19
235,1,3,3,0,0,1,1,1
235,1,3,3,1,0,1,1,3
235,1,3,3,2,0,1,1,19
235,1,4,1,0,0,1,1,1
235,1,4,1,1,0,1,1,3
235,1,4,1,2,0,1,1,19
235,1,4,2,0,0,1,1,1
235,1,4,2,1,0,1,1,3
235,1,4,2,2,0,1,1,19
235,1,4,3,0,0,1,1,1
235,1,4,3,1,0,1,1,3
235,1,4,3,2,0,1,1,19
235,1,5,1,0,1,1,1,1
235,1,5,1,1,1,1,1,1
235,1,5,1,2,1,1,1,1
235,1,5,2,0,0,1,1,1
235,1,5,2,1,0,1,1,3
235,1,5,2,2,0,1,1,19
235,1,5,3,0,0,1,1,1
235,1,5,3,1,0,1,1,3
235,1,5,3,2,0,1,1,19
235,1,6,1,0,0,1,1,1
235,1,6,1,1,0,1,1,3
235,1,6,1,2,0,1,1,19
235,1,6,2,0,1,1,1,1
235,1,6,2,1,1,1,1,1
235,1,6,2,2,1,1,1,1
235,1,6,3,0,0,1,1,1
235,1,6,3,1,0,1,1,3
235,1,6,3,2,0,1,1,19
235,1,7,1,0,0,1,1,1
235,1,7,1,1,1,1,1,3
235,1,7,1,2,1,1,1,8
235,1,7,2,0,1,1,1,1
235,1,7,2,1,1,1,1,1
235,1,7,2,2,1,1,1,1
235,1,7,3,0,0,1,1,1
235,1,7,3,1,0,1,1,3
235,1,7,3,2,1,1,1,8
235,1,8,1,0,1,1,1,1
235,1,8,1,1,1,1,1,1
235,1,8,1,2,1,1,1,1
235,1,8,2,0,1,1,1,1
235,1,8,2,1,1,1,1,1
235,1,8,2,2,1,1,1,1
235,1,8,3,0,1,1,1,1
235,1,8,3,1,1,1,1,1
235,1,8,3,2,1,1,1,1
236,0,0,1,0,0,1,1,1
236,0,0,1,1,0,1,1,3
236,0,0,1,2,0,1,1,7
236,0,0,2,0,0,1,1,1
236,0,0,2,1,0,1,1,3
236,0,0,2,2,0,1,1,7
236,0,0,3,0,0,1,1,1
236,0,0,3,1,0,1,1,3
236,0,0,3,2,0,1,1,7
236,0,1,1,0,0,1,1,1
236,0,1,1,1,0,1,1,3
236,0,1,1,2,0,1,1,7
236,0,1,2,0,0,1,1,1
236,0,1,2,1,0,1,1,3
236,0,1,2,2,0,1,1,7
236,0,1,3,0,0,1,1,1
236,0,1,3,1,0,1,1,3
236,0,1,3,2,0,1,1,7
236,0,2,1,0,1,1,1,1
236,0,2,1,1,1,1,1,1
236,0,2,1,2,1,1,1,1
236,0,2,2,0,0,1,1,1
236,0,2,2,1,0,1,1,3
236,0,2,2,2,0,1,1,7
236,0,2,3,0,0,1,1,1
236,0,2,3,1,0,1,1,3
236,0,2,3,2,0,1,1,7
236,0,3,1,0,0,1,1,1
236,0,3,1,1,0,1,1,3
236,0,3,1,2,0,1,1,7
236,0,3,2,0,0,1,1,1
236,0,3,2,1,0,1,1,3
236,0,3,2,2,0,1,1,7
236,0,3,3,0,0,1,1,1
236,0,3,3,1,0,1,1,3
236,0,3,3,2,0,1,1,7
236,0,4,1,0,0,1,1,1
236,0,4,1,1,0,1,1,3
236,0,4,1,2,0,1,1,7
236,0,4,2,0,0,1,1,1
236,0,4,2,1,0,1,1,3
236,0,4,2,2,0,1,1,7
236,0,4,3,0,0,1,1,1
236,0,4,3,1,0,1,1,3
236,0,4,3,2,0,1,1,7
236,0,5,1,0,1,1,1,1
236,0,5,1,1,1,1,1,1
236,0,5,1,2,1,1,1,1
236,0,5,2,0,0,1,1,1
236,0,5,2,1,0,1,1,3
236,0,5,2,2,0,1,1,7
236,0,5,3,0,0,1,1,1
236,0,5,3,1,0,1,1,3
236,0,5,3,2,0,1,1,7
236,0,6,1,0,0,1,1,1
236,0,6,1,1,0,1,1,3
236,0,6,1,2,0,1,1,7
236,0,6,2,0,1,1,1,1
236,0,6,2,1,1,1,1,1
236,0,6,2,2,1,1,1,1
236,0,6,3,0,0,1,1,1
236,0,6,3,1,0,1,1,3
236,0,6,3,2,0,1,1,7
236,0,7,1,0,0,1,1,1
236,0,7,1,1,1,1,1,3
236,0,7,1,2,1,1,1,5
236,0,7,2,0,1,1,1,1
236,0,7,2,1,1,1,1,1
236,0,7,2,2,1,1,1,1
236,0,7,3,0,0,1,1,1
236,0,7,3,1,0,1,1,3
236,0,7,3,2,0,1,1,7
236,0,8,1,0,1,1,1,1
236,0,8,1,1,1,1,1,1
236,0,8,1,2,1,1,1,1
236,0,8,2,0,1,1,1,1
236,0,8,2,1,1,1,1,1
236,0,8,2,2,1,1,1,1
236,0,8,3,0,1,1,1,1
236,0,8,3,1,1,1,1,1
236,0,8,3,2,1,1,1,1
236,1,0,1,0,0,1,1,1
236,1,0,1,1,0,1,1,3
236,1,0,1,2,0,1,1,19
236,1,0,2,0,0,1,1,1
236,1,0,2,1,0,1,1,3
236,1,0,2,2,0,1,1,19
236,1,0,3,0,0,1,1,1
236,1,0,3,1,0,1,1,3
236,1,0,3,2,0,1,1,19
236,1,1,1,0,0,1,1,1
236,1,1,1,1,0,1,1,3
236,1,1,1,2,0,1,1,19
236,1,1,2,0,0,1,1,1
236,1,1,2,1,0,1,1,3
236,1,1,2,2,0,1,1,19
236,1,1,3,0,0,1,1,1
236,1,1,3,1,0,1,1,3
236,1,1,3,2,0,1,1,19
236,1,2,1,0,1,1,1,1
236,1,2,1,1,1,1,1,1
236,1,2,1,2,1,1,1,1
236,1,2,2,0,0,1,1,1
236,1,2,2,1,0,1,1,3
236,1,2,2,2,0,1,1,19
236,1,2,3,0,0,1,1,1
236,1,2,3,1,0,1,1,3
236,1,2,3,2,0,1,1,19
236,1,3,1,0,0,1,1,1
236,1,3,1,1,0,1,1,3
236,1,3,1,2,0,1,1,19
236,1,3,2,0,0,1,1,1
236,1,3,2,1,0,1,1,3
236,1,3,2,2,0,1,1,19
236,1,3,3,0,0,1,1,1
236,1,3,3,1,0,1,1,3
236,1,3,3,2,0,1,1,19
236,1,4,1,0,0,1,1,1
236,1,4,1,1,0,1,1,3
236,1,4,1,2,0,1,1,19
236,1,4,2,0,0,1,1,1
236,1,4,2,1,0,1,1,3
236,1,4,2,2,0,1,1,19
236,1,4,3,0,0,1,1,1
236,1,4,3,1,0,1,1,3
236,1,4,3,2,0,1,1,19
236,1,5,1,0,1,1,1,1
236,1,5,1,1,1,1,1,1
236,1,5,1,2,1,1,1,1
236,1,5,2,0,0,1,1,1
236,1,5,2,1,0,1,1,3
236,1,5,2,2,0,1,1,19
236,1,5,3,0,0,1,1,1
236,1,5,3,1,0,1,1,3
236,1,5,3,2,0,1,1,19
236,1,6,1,0,0,1,1,1
236,1,6,1,1,0,1,1,3
236,1,6,1,2,0,1,1,19
236,1,6,2,0,1,1,1,1
236,1,6,2,1,1,1,1,1
236,1,6,2,2,1,1,1,1
236,1,6,3,0,0,1,1,1
236,1,6,3,1,0,1,1,3
236,1,6,3,2,0,1,1,19
236,1,7,1,0,0,1,1,1
236,1,7,1,1,1,1,1,3
236,1,7,1,2,1,1,1,11
236,1,7,2,0,1,1,1,1
236,1,7,2,1,1,1,1,1
236,1,7,2,2,1,1,1,1
236,1,7,3,0,0,1,1,1
236,1,7,3,1,0,1,1,3
236,1,7,3,2,1,1,1,17
236,1,8,1,0,1,1,1,1
236,1,8,1,1,1,1,1,1
236,1,8,1,2,1,1,1,1
236,1,8,2,0,1,1,1,1
236,1,8,2,1,1,1,1,1
236,1,8,2,2,1,1,1,1
236,1,8,3,0,1,1,1,1
236,1,8,3,1,1,1,1,1
236,1,8,3,2,1,1,1,1
237,0,0,1,0,0,1,1,1
237,0,0,1,1,0,1,1,3
237,0,0,1,2,0,1,1,7
237,0,0,2,0,0,1,1,1
237,0,0,2,1,0,1,1,3
237,0,0,2,2,0,1,1,7
237,0,0,3,0,0,1,1,1
237,0,0,3,1,0,1,1,3
237,0,0,3,2,0,1,1,7
237,0,1,1,0,0,1,1,1
237,0,1,1,1,0,1,1,3
237,0,1,1,2,0,1,1,7
237,0,1,2,0,0,1,1,1
237,0,1,2,1,0,1,1,3
237,0,1,2,2,0,1,1,7
237,0,1,3,0,0,1,1,1
237,0,1,3,1,0,1,1,3
237,0,1,3,2,0,1,1,7
237,0,2,1,0,1,1,1,1
237,0,2,1,1,1,1,1,1
237,0,2,1,2,1,1,1,1
237,0,2,2,0,0,1,1,1
237,0,2,2,1,0,1,1,3
237,0,2,2,2,0,1,1,7
237,0,2,3,0,0,1,1,1
237,0,2,3,1,0,1,1,3
237,0,2,3,2,0,1,1,7
237,0,3,1,0,0,1,1,1
237,0,3,1,1,0,1,1,3
237,0,3,1,2,0,1,1,7
237,0,3,2,0,0,1,1,1
237,0,3,2,1,0,1,1,3
237,0,3,2,2,0,1,1,7
237,0,3,3,0,0,1,1,1
237,0,3,3,1,0,1,1,3
237,0,3,3,2,0,1,1,7
237,0,4,1,0,0,1,1,1
237,0,4,1,1,0,1,1,3
237,0,4,1,2,0,1,1,7
237,0,4,2,0,0,1,1,1
237,0,4,2,1,0,1,1,3
237,0,4,2,2,0,1,1,7
237,0,4,3,0,0,1,1,1
237,0,4,3,1,0,1,1,3
237,0,4,3,2,0,1,1,7
237,0,5,1,0,1,1,1,1
237,0,5,1,1,1,1,1,1
237,0,5,1,2,1,1,1,1
237,0,5,2,0,0,1,1,1
237,0,5,2,1,0,1,1,3
237,0,5,2,2,0,1,1,7
237,0,5,3,0,0,1,1,1
237,0,5,3,1,0,1,1,3
237,0,5,3,2,0,1,1,7
237,0,6,1,0,0,1,1,1
237,0,6,1,1,0,1,1,3
237,0,6,1,2,0,1,1,7
237,0,6,2,0,1,1,1,1
237,0,6,2,1,1,1,1,1
237,0,6,2,2,1,1,1,1
237,0,6,3,0,0,1,1,1
237,0,6,3,1,0,1,1,3
237,0,6,3,2,0,1,1,7
237,0,7,1,0,0,1,1,1
237,0,7,1,1,1,1,1,3
237,0,7,1,2,1,1,1,4
237,0,7,2,0,1,1,1,1
237,0,7,2,1,1,1,1,1
237,0,7,2,2,1,1,1,1
237,0,7,3,0,0,1,1,1
237,0,7,3,1,0,1,1,3
237,0,7,3,2,0,1,1,7
237,0,8,1,0,1,1,1,1
237,0,8,1,1,1,1,1,1
237,0,8,1,2,1,1,1,1
237,0,8,2,0,1,1,1,1
237,0,8,2,1,1,1,1,1
237,0,8,2,2,1,1,1,1
237,0,8,3,0,1,1,1,1
237,0,8,3,1,1,1,1,1
237,0,8,3,2,1,1,1,1
237,1,0,1,0,0,1,1,1
237,1,0,1,1,0,1,1,3
237,1,0,1,2,0,1,1,19
237,1,0,2,0,0,1,1,1
237,1,0,2,1,0,1,1,3
237,1,0,2,2,0,1,1,19
237,1,0,3,0,0,1,1,1
237,1,0,3,1,0,1,1,3
237,1,0,3,2,0,1,1,19
237,1,1,1,0,0,1,1,1
237,1,1,1,1,0,1,1,3
237,1,1,1,2,0,1,1,19
237,1,1,2,0,0,1,1,1
237,1,1,2,1,0,1,1,3
237,1,1,2,2,0,1,1,19
237,1,1,3,0,0,1,1,1
237,1,1,3,1,0,1,1,3
237,1,1,3,2,0,1,1,19
237,1,2,1,0,1,1,1,1
237,1,2,1,1,1,1,1,1
237,1,2,1,2,1,1,1,1
237,1,2,2,0,0,1,1,1
237,1,2,2,1,0,1,1,3
237,1,2,2,2,0,1,1,19
237,1,2,3,0,0,1,1,1
237,1,2,3,1,0,1,1,3
237,1,2,3,2,0,1,1,19
237,1,3,1,0,0,1,1,1
237,1,3,1,1,0,1,1,3
237,1,3,1,2,0,1,1,19
237,1,3,2,0,0,1,1,1
237,1,3,2,1,0,1,1,3
237,1,3,2,2,0,1,1,19
237,1,3,3,0,0,1,1,1
237,1,3,3,1,0,1,1,3
237,1,3,3,2,0,1,1,19
237,1,4,1,0,0,1,1,1
237,1,4,1,1,0,1,1,3
237,1,4,1,2,0,1,1,19
237,1,4,2,0,0,1,1,1
237,1,4,2,1,0,1,1,3
237,1,4,2,2,0,1,1,19
237,1,4,3,0,0,1,1,1
237,1,4,3,1,0,1,1,3
237,1,4,3,2,0,1,1,19
237,1,5,1,0,1,1,1,1
237,1,5,1,1,1,1,1,1
237,1,5,1,2,1,1,1,1
237,1,5,2,0,0,1,1,1
237,1,5,2,1,0,1,1,3
237,1,5,2,2,0,1,1,19
237,1,5,3,0,0,1,1,1
237,1,5,3,1,0,1,1,3
237,1,5,3,2,0,1,1,19
237,1,6,1,0,0,1,1,1
237,1,6,1,1,0,1,1,3
237,1,6,1,2,0,1,1,19
237,1,6,2,0,1,1,1,1
237,1,6,2,1,1,1,1,1
237,1,6,2,2,1,1,1,1
237,1,6,3,0,0,1,1,1
237,1,6,3,1,0,1,1,3
237,1,6,3,2,0,1,1,19
237,1,7,1,0,0,1,1,1
237,1,7,1,1,1,1,1,3
237,1,7,1,2,1,1,1,8
237,1,7,2,0,1,1,1,1
237,1,7,2,1,1,1,1,1
237,1,7,2,2,1,1,1,1
237,1,7,3,0,0,1,1,1
237,1,7,3,1,0,1,1,3
237,1,7,3,2,1,1,1,8
237,1,8,1,0,1,1,1,1
237,1,8,1,1,1,1,1,1
237,1,8,1,2,1,1,1,1
237,1,8,2,0,1,1,1,1
237,1,8,2,1,1,1,1,1
237,1,8,2,2,1,1,1,1
237,1,8,3,0,1,1,1,1
237,1,8,3,1,1,1,1,1
237,1,8,3,2,1,1,1,1
238,0,0,1,0,0,1,1,1
238,0,0,1,1,0,1,1,3
238,0,0,1,2,0,1,1,7
238,0,0,2,0,0,1,1,1
238,0,0,2,1,0,1,1,3
238,0,0,2,2,0,1,1,7
238,0,0,3,0,0,1,1,1
238,0,0,3,1,0,1,1,3
238,0,0,3,2,0,1,1,7
238,0,1,1,0,0,1,1,1
238,0,1,1,1,0,1,1,3
238,0,1,1,2,0,1,1,7
238,0,1,2,0,0,1,1,1
238,0,1,2,1,0,1,1,3
238,0,1,2,2,0,1,1,7
238,0,1,3,0,0,1,1,1
238,0,1,3,1,0,1,1,3
238,0,1,3,2,0,1,1,7
238,0,2,1,0,1,1,1,1
238,0,2,1,1,1,1,1,1
238,0,2,1,2,1,1,1,1
238,0,2,2,0,0,1,1,1
238,0,2,2,1,0,1,1,3
238,0,2,2,2,0,1,1,7
238,0,2,3,0,0,1,1,1
238,0,2,3,1,0,1,1,3
238,0,2,3,2,0,1,1,7
238,0,3,1,0,0,1,1,1
238,0,3,1,1,0,1,1,3
238,0,3,1,2,0,1,1,7
238,0,3,2,0,0,1,1,1
238,0,3,2,1,0,1,1,3
238,0,3,2,2,0,1,1,7
238,0,3,3,0,0,1,1,1
238,0,3,3,1,0,1,1,3
238,0,3,3,2,0,1,1,7
238,0,4,1,0,0,1,1,1
238,0,4,1,1,0,1,1,3
238,0,4,1,2,0,1,1,7
238,0,4,2,0,0,1,1,1
238,0,4,2,1,0,1,1,3
238,0,4,2,2,0,1,1,7
238,0,4,3,0,0,1,1,1
238,0,4,3,1,0,1,1,3
238,0,4,3,2,0,1,1,7
238,0,5,1,0,1,1,1,1
238,0,5,1,1,1,1,1,1
238,0,5,1,2,1,1,1,1
238,0,5,2,0,0,1,1,1
238,0,5,2,1,0,1,1,3
238,0,5,2,2,0,1,1,7
238,0,5,3,0,0,1,1,1
238,0,5,3,1,0,1,1,3
238,0,5,3,2,0,1,1,7
238,0,6,1,0,0,1,1,1
238,0,6,1,1,0,1,1,3
238,0,6,1,2,0,1,1,7
238,0,6,2,0,1,1,1,1
238,0,6,2,1,1,1,1,1
238,0,6,2,2,1,1,1,1
238,0,6,3,0,0,1,1,1
238,0,6,3,1,0,1,1,3
238,0,6,3,2,0,1,1,7
238,0,7,1,0,0,1,1,1
238,0,7,1,1,1,1,1,2
238,0,7,1,2,1,1,1,2
238,0,7,2,0,1,1,1,1
238,0,7,2,1,1,1,1,1
238,0,7,2,2,1,1,1,1
238,0,7,3,0,0,1,1,1
238,0,7,3,1,0,1,1,3
238,0,7,3,2,0,1,1,7
238,0,8,1,0,1,1,1,1
238,0,8,1,1,1,1,1,1
238,0,8,1,2,1,1,1,1
238,0,8,2,0,1,1,1,1
238,0,8,2,1,1,1,1,1
238,0,8,2,2,1,1,1,1
238,0,8,3,0,1,1,1,1
238,0,8,3,1,1,1,1,1
238,0,8,3,2,1,1,1,1
238,1,0,1,0,0,1,1,1
238,1,0,1,1,0,1,1,3
238,1,0,1,2,0,1,1,19
238,1,0,2,0,0,1,1,1
238,1,0,2,1,0,1,1,3
238,1,0,2,2,0,1,1,19
238,1,0,3,0,0,1,1,1
238,1,0,3,1,0,1,1,3
238,1,0,3,2,0,1,1,19
238,1,1,1,0,0,1,1,1
238,1,1,1,1,0,1,1,3
238,1,1,1,2,0,1,1,19
238,1,1,2,0,0,1,1,1
238,1,1,2,1,0,1,1,3
238,1,1,2,2,0,1,1,19
238,1,1,3,0,0,1,1,1
238,1,1,3,1,0,1,1,3
238,1,1,3,2,0,1,1,19
238,1,2,1,0,1,1,1,1
238,1,2,1,1,1,1,1,1
238,1,2,1,2,1,1,1,1
238,1,2,2,0,0,1,1,1
238,1,2,2,1,0,1,1,3
238,1,2,2,2,0,1,1,19
238,1,2,3,0,0,1,1,1
238,1,2,3,1,0,1,1,3
238,1,2,3,2,0,1,1,19
238,1,3,1,0,0,1,1,1
238,1,3,1,1,0,1,1,3
238,1,3,1,2,0,1,1,19
238,1,3,2,0,0,1,1,1
238,1,3,2,1,0,1,1,3
238,1,3,2,2,0,1,1,19
238,1,3,3,0,0,1,1,1
238,1,3,3,1,0,1,1,3
238,1,3,3,2,0,1,1,19
238,1,4,1,0,0,1,1,1
238,1,4,1,1,0,1,1,3
238,1,4,1,2,0,1,1,19
238,1,4,2,0,0,1,1,1
238,1,4,2,1,0,1,1,3
238,1,4,2,2,0,1,1,19
238,1,4,3,0,0,1,1,1
238,1,4,3,1,0,1,1,3
238,1,4,3,2,0,1,1,19
238,1,5,1,0,1,1,1,1
238,1,5,1,1,1,1,1,1
238,1,5,1,2,1,1,1,1
238,1,5,2,0,0,1,1,1
238,1,5,2,1,0,1,1,3
238,1,5,2,2,0,1,1,19
238,1,5,3,0,0,1,1,1
238,1,5,3,1,0,1,1,3
238,1,5,3,2,0,1,1,19
238,1,6,1,0,0,1,1,1
238,1,6,1,1,0,1,1,3
238,1,6,1,2,0,1,1,19
238,1,6,2,0,1,1,1,1
238,1,6,2,1,1,1,1,1
238,1,6,2,2,1,1,1,1
238,1,6,3,0,0,1,1,1
238,1,6,3,1,0,1,1,3
238,1,6,3,2,0,1,1,19
238,1,7,1,0,0,1,1,1
238,1,7,1,1,1,1,1,2
238,1,7,1,2,1,1,1,2
238,1,7,2,0,1,1,1,1
238,1,7,2,1,1,1,1,1
238,1,7,2,2,1,1,1,1
238,1,7,3,0,0,1,1,1
238,1,7,3,1,0,1,1,3
238,1,7,3,2,1,1,1,5
238,1,8,1,0,1,1,1,1
238,1,8,1,1,1,1,1,1
238,1,8,1,2,1,1,1,1
238,1,8,2,0,1,1,1,1
238,1,8,2,1,1,1,1,1
238,1,8,2,2,1,1,1,1
238,1,8,3,0,1,1,1,1
238,1,8,3,1,1,1,1,1
238,1,8,3,2,1,1,1,1
239,0,0,1,0,0,1,1,1
239,0,0,1,1,0,1,1,3
239,0,0,1,2,0,1,1,7
239,0,0,2,0,0,1,1,1
239,0,0,2,1,0,1,1,3
239,0,0,2,2,0,1,1,7
239,0,0,3,0,0,1,1,1
239,0,0,3,1,0,1,1,3
239,0,0,3,2,0,1,1,7
239,0,1,1,0,0,1,1,1
239,0,1,1,1,0,1,1,3
239,0,1,1,2,0,1,1,7
239,0,1,2,0,0,1,1,1
239,0,1,2,1,0,1,1,3
239,0,1,2,2,0,1,1,7
239,0,1,3,0,0,1,1,1
239,0,1,3,1,0,1,1,3
239,0,1,3,2,0,1,1,7
239,0,2,1,0,1,1,1,1
239,0,2,1,1,1,1,1,1
239,0,2,1,2,1,1,1,1
239,0,2,2,0,0,1,1,1
239,0,2,2,1,0,1,1,3
239,0,2,2,2,0,1,1,7
239,0,2,3,0,0,1,1,1
239,0,2,3,1,0,1,1,3
239,0,2,3,2,0,1,1,7
239,0,3,1,0,0,1,1,1
239,0,3,1,1,0,1,1,3
239,0,3,1,2,0,1,1,7
239,0,3,2,0,0,1,1,1
239,0,3,2,1,0,1,1,3
239,0,3,2,2,0,1,1,7
239,0,3,3,0,0,1,1,1
239,0,3,3,1,0,1,1,3
239,0,3,3,2,0,1,1,7
239,0,4,1,0,0,1,1,1
239,0,4,1,1,0,1,1,3
239,0,4,1,2,0,1,1,7
239,0,4,2,0,0,1,1,1
239,0,4,2,1,0,1,1,3
239,0,4,2,2,0,1,1,7
239,0,4,3,0,0,1,1,1
239,0,4,3,1,0,1,1,3
239,0,4,3,2,0,1,1,7
239,0,5,1,0,1,1,1,1
239,0,5,1,1,1,1,1,1
239,0,5,1,2,1,1,1,1
239,0,5,2,0,0,1,1,1
239,0,5,2,1,0,1,1,3
239,0,5,2,2,0,1,1,7
239,0,5,3,0,0,1,1,1
239,0,5,3,1,0,1,1,3
239,0,5,3,2,0,1,1,7
239,0,6,1,0,0,1,1,1
239,0,6,1,1,0,1,1,3
239,0,6,1,2,0,1,1,7
239,0,6,2,0,1,1,1,1
239,0,6,2,1,1,1,1,1
239,0,6,2,2,1,1,1,1
239,0,6,3,0,0,1,1,1
239,0,6,3,1,0,1,1,3
239,0,6,3,2,0,1,1,7
239,0,7,1,0,0,1,1,1
239,0,7,1,1,1,1,1,3
239,0,7,1,2,1,1,1,5
239,0,7,2,0,1,1,1,1
239,0,7,2,1,1,1,1,1
239,0,7,2,2,1,1,1,1
239,0,7,3,0,0,1,1,1
239,0,7,3,1,0,1,1,3
239,0,7,3,2,0,1,1,7
239,0,8,1,0,1,1,1,1
239,0,8,1,1,1,1,1,1
239,0,8,1,2,1,1,1,1
239,0,8,2,0,1,1,1,1
239,0,8,2,1,1,1,1,1
239,0,8,2,2,1,1,1,1
239,0,8,3,0,1,1,1,1
239,0,8,3,1,1,1,1,1
239,0,8,3,2,1,1,1,1
239,1,0,1,0,0,1,1,1
239,1,0,1,1,0,1,1,3
239,1,0,1,2,0,1,1,19
239,1,0,2,0,0,1,1,1
239,1,0,2,1,0,1,1,3
239,1,0,2,2,0,1,1,19
239,1,0,3,0,0,1,1,1
239,1,0,3,1,0,1,1,3
239,1,0,3,2,0,1,1,19
239,1,1,1,0,0,1,1,1
239,1,1,1,1,0,1,1,3
239,1,1,1,2,0,1,1,19
239,1,1,2,0,0,1,1,1
239,1,1,2,1,0,1,1,3
239,1,1,2,2,0,1,1,19
239,1,1,3,0,0,1,1,1
239,1,1,3,1,0,1,1,3
239,1,1,3,2,0,1,1,19
239,1,2,1,0,1,1,1,1
239,1,2,1,1,1,1,1,1
239,1,2,1,2,1,1,1,1
239,1,2,2,0,0,1,1,1
239,1,2,2,1,0,1,1,3
239,1,2,2,2,0,1,1,19
239,1,2,3,0,0,1,1,1
239,1,2,3,1,0,1,1,3
239,1,2,3,2,0,1,1,19
239,1,3,1,0,0,1,1,1
239,1,3,1,1,0,1,1,3
239,1,3,1,2,0,1,1,19
239,1,3,2,0,0,1,1,1
239,1,3,2,1,0,1,1,3
239,1,3,2,2,0,1,1,19
239,1,3,3,0,0,1,1,1
239,1,3,3,1,0,1,1,3
239,1,3,3,2,0,1,1,19
239,1,4,1,0,0,1,1,1
239,1,4,1,1,0,1,1,3
239,1,4,1,2,0,1,1,19
239,1,4,2,0,0,1,1,1
239,1,4,2,1,0,1,1,3
239,1,4,2,2,0,1,1,19
239,1,4,3,0,0,1,1,1
239,1,4,3,1,0,1,1,3
239,1,4,3,2,0,1,1,19
239,1,5,1,0,1,1,1,1
239,1,5,1,1,1,1,1,1
239,1,5,1,2,1,1,1,1
239,1,5,2,0,0,1,1,1
239,1,5,2,1,0,1,1,3
239,1,5,2,2,0,1,1,19
239,1,5,3,0,0,1,1,1
239,1,5,3,1,0,1,1,3
239,1,5,3,2,0,1,1,19
239,1,6,1,0,0,1,1,1
239,1,6,1,1,0,1,1,3
239,1,6,1,2,0,1,1,19
239,1,6,2,0,1,1,1,1
239,1,6,2,1,1,1,1,1
239,1,6,2,2,1,1,1,1
239,1,6,3,0,0,1,1,1
239,1,6,3,1,0,1,1,3
239,1,6,3,2,0,1,1,19
239,1,7,1,0,0,1,1,1
239,1,7,1,1,1,1,1,3
239,1,7,1,2,1,1,1,8
239,1,7,2,0,1,1,1,1
239,1,7,2,1,1,1,1,1
239,1,7,2,2,1,1,1,1
239,1,7,3,0,0,1,1,1
239,1,7,3,1,0,1,1,3
239,1,7,3,2,1,1,1,8
239,1,8,1,0,1,1,1,1
239,1,8,1,1,1,1,1,1
239,1,8,1,2,1,1,1,1
239,1,8,2,0,1,1,1,1
239,1,8,2,1,1,1,1,1
239,1,8,2,2,1,1,1,1
239,1,8,3,0,1,1,1,1
239,1,8,3,1,1,1,1,1
239,1,8,3,2,1,1,1,1
240,0,0,1,0,0,1,1,1
240,0,0,1,1,0,1,1,3
240,0,0,1,2,0,1,1,5
240,0,0,2,0,0,1,1,1
240,0,0,2,1,0,1,1,3
240,0,0,2,2,0,1,1,5
240,0,0,3,0,0,1,1,1
240,0,0,3,1,0,1,1,3
240,0,0,3,2,0,1,1,5
240,0,1,1,0,0,1,1,1
240,0,1,1,1,0,1,1,3
240,0,1,1,2,0,1,1,5
240,0,1,2,0,0,1,1,1
240,0,1,2,1,0,1,1,3
240,0,1,2,2,0,1,1,5
240,0,1,3,0,0,1,1,1
240,0,1,3,1,0,1,1,3
240,0,1,3,2,0,1,1,5
240,0,2,1,0,1,1,1,1
240,0,2,1,1,1,1,1,1
240,0,2,1,2,1,1,1,1
240,0,2,2,0,0,1,1,1
240,0,2,2,1,0,1,1,3
240,0,2,2,2,0,1,1,5
240,0,2,3,0,0,1,1,1
240,0,2,3,1,0,1,1,3
240,0,2,3,2,0,1,1,5
240,0,3,1,0,0,1,1,1
240,0,3,1,1,0,1,1,3
240,0,3,1,2,0,1,1,5
240,0,3,2,0,0,1,1,1
240,0,3,2,1,0,1,1,3
240,0,3,2,2,0,1,1,5
240,0,3,3,0,0,1,1,1
240,0,3,3,1,0,1,1,3
240,0,3,3,2,0,1,1,5
240,0,4,1,0,0,1,1,1
240,0,4,1,1,0,1,1,3
240,0,4,1,2,0,1,1,5
240,0,4,2,0,0,1,1,1
240,0,4,2,1,0,1,1,3
240,0,4,2,2,0,1,1,5
240,0,4,3,0,0,1,1,1
240,0,4,3,1,0,1,1,3
240,0,4,3,2,0,1,1,5
240,0,5,1,0,1,1,1,1
240,0,5,1,1,1,1,1,1
240,0,5,1,2,1,1,1,1
240,0,5,2,0,0,1,1,1
240,0,5,2,1,0,1,1,3
240,0,5,2,2,0,1,1,5
240,0,5,3,0,0,1,1,1
240,0,5,3,1,0,1,1,3
240,0,5,3,2,0,1,1,5
240,0,6,1,0,0,1,1,1
240,0,6,1,1,0,1,1,3
240,0,6,1,2,0,1,1,5
240,0,6,2,0,1,1,1,1
240,0,6,2,1,1,1,1,1
240,0,6,2,2,1,1,1,1
240,0,6,3,0,0,1,1,1
240,0,6,3,1,0,1,1,3
240,0,6,3,2,0,1,1,5
240,0,7,1,0,0,1,1,1
240,0,7,1,1,0,1,1,3
240,0,7,1,2,0,1,1,5
240,0,7,2,0,1,1,1,1
240,0,7,2,1,1,1,1,1
240,0,7,2,2,1,1,1,1
240,0,7,3,0,0,1,1,1
240,0,7,3,1,0,1,1,3
240,0,7,3,2,0,1,1,5
240,0,8,1,0,1,1,1,1
240,0,8,1,1,1,1,1,1
240,0,8,1,2,1,1,1,1
240,0,8,2,0,1,1,1,1
240,0,8,2,1,1,1,1,1
240,0,8,2,2,1,1,1,1
240,0,8,3,0,1,1,1,1
240,0,8,3,1,1,1,1,1
240,0,8,3,2,1,1,1,1
240,1,0,1,0,0,1,1,1
240,1,0,1,1,0,1,1,3
240,1,0,1,2,0,1,1,11
240,1,0,2,0,0,1,1,1
240,1,0,2,1,0,1,1,3
240,1,0,2,2,0,1,1,11
240,1,0,3,0,0,1,1,1
240,1,0,3,1,0,1,1,3
240,1,0,3,2,0,1,1,11
240,1,1,1,0,0,1,1,1
240,1,1,1,1,0,1,1,3
240,1,1,1,2,0,1,1,11
240,1,1,2,0,0,1,1,1
240,1,1,2,1,0,1,1,3
240,1,1,2,2,0,1,1,11
240,1,1,3,0,0,1,1,1
240,1,1,3,1,0,1,1,3
240,1,1,3,2,0,1,1,11
240,1,2,1,0,1,1,1,1
240,1,2,1,1,1,1,1,1
240,1,2,1,2,1,1,1,1
240,1,2,2,0,0,1,1,1
240,1,2,2,1,0,1,1,3
240,1,2,2,2,0,1,1,11
240,1,2,3,0,0,1,1,1
240,1,2,3,1,0,1,1,3
240,1,2,3,2,0,1,1,11
240,1,3,1,0,0,1,1,1
240,1,3,1,1,0,1,1,3
240,1,3,1,2,0,1,1,11
240,1,3,2,0,0,1,1,1
240,1,3,2,1,0,1,1,3
240,1,3,2,2,0,1,1,11
240,1,3,3,0,0,1,1,1
240,1,3,3,1,0,1,1,3
240,1,3,3,2,0,1,1,11
240,1,4,1,0,0,1,1,1
240,1,4,1,1,0,1,1,3
240,1,4,1,2,0,1,1,11
240,1,4,2,0,0,1,1,1
240,1,4,2,1,0,1,1,3
240,1,4,2,2,0,1,1,11
240,1,4,3,0,0,1,1,1
240,1,4,3,1,0,1,1,3
240,1,4,3,2,0,1,1,11
240,1,5,1,0,1,1,1,1
240,1,5,1,1,1,1,1,1
240,1,5,1,2,1,1,1,1
240,1,5,2,0,0,1,1,1
240,1,5,2,1,0,1,1,3
240,1,5,2,2,0,1,1,11
240,1,5,3,0,0,1,1,1
240,1,5,3,1,0,1,1,3
240,1,5,3,2,0,1,1,11
240,1,6,1,0,0,1,1,1
240,1,6,1,1,0,1,1,3
240,1,6,1,2,0,1,1,11
240,1,6,2,0,1,1,1,1
240,1,6,2,1,1,1,1,1
240,1,6,2,2,1,1,1,1
240,1,6,3,0,0,1,1,1
240,1,6,3,1,0,1,1,3
240,1,6,3,2,0,1,1,11
240,1,7,1,0,0,1,1,1
240,1,7,1,1,0,1,1,3
240,1,7,1,2,0,1,1,11
240,1,7,2,0,1,1,1,1
240,1,7,2,1,1,1,1,1
240,1,7,2,2,1,1,1,1
240,1,7,3,0,0,1,1,1
240,1,7,3,1,0,1,1,3
240,1,7,3,2,0,1,1,11
240,1,8,1,0,1,1,1,1
240,1,8,1,1,1,1,1,1
240,1,8,1,2,1,1,1,1
240,1,8,2,0,1,1,1,1
240,1,8,2,1,1,1,1,1
240,1,8,2,2,1,1,1,1
240,1,8,3,0,1,1,1,1
240,1,8,3,1,1,1,1,1
240,1,8,3,2,1,1,1,1
241,0,0,1,0,0,1,1,1
241,0,0,1,1,0,1,1,3
241,0,0,1,2,0,1,1,7
241,0,0,2,0,0,1,1,1
241,0,0,2,1,0,1,1,3
241,0,0,2,2,0,1,1,7
241,0,0,3,0,0,1,1,1
241,0,0,3,1,0,1,1,3
241,0,0,3,2,0,1,1,7
241,0,1,1,0,0,1,1,1
241,0,1,1,1,0,1,1,3
241,0,1,1,2,0,1,1,7
241,0,1,2,0,0,1,1,1
241,0,1,2,1,0,1,1,3
241,0,1,2,2,0,1,1,7
241,0,1,3,0,0,1,1,1
241,0,1,3,1,0,1,1,3
241,0,1,3,2,0,1,1,7
241,0,2,1,0,1,1,1,1
241,0,2,1,1,1,1,1,1
241,0,2,1,2,1,1,1,1
241,0,2,2,0,0,1,1,1
241,0,2,2,1,0,1,1,3
241,0,2,2,2,0,1,1,7
241,0,2,3,0,0,1,1,1
241,0,2,3,1,0,1,1,3
241,0,2,3,2,0,1,1,7
241,0,3,1,0,0,1,1,1
241,0,3,1,1,0,1,1,3
241,0,3,1,2,0,1,1,7
241,0,3,2,0,0,1,1,1
241,0,3,2,1,0,1,1,3
241,0,3,2,2,0,1,1,7
241,0,3,3,0,0,1,1,1
241,0,3,3,1,0,1,1,3
241,0,3,3,2,0,1,1,7
241,0,4,1,0,0,1,1,1
241,0,4,1,1,0,1,1,3
241,0,4,1,2,0,1,1,7
241,0,4,2,0,0,1,1,1
241,0,4,2,1,0,1,1,3
241,0,4,2,2,0,1,1,7
241,0,4,3,0,0,1,1,1
241,0,4,3,1,0,1,1,3
241,0,4,3,2,0,1,1,7
241,0,5,1,0,1,1,1,1
241,0,5,1,1,1,1,1,1
241,0,5,1,2,1,1,1,1
241,0,5,2,0,0,1,1,1
241,0,5,2,1,0,1,1,3
241,0,5,2,2,0,1,1,7
241,0,5,3,0,0,1,1,1
241,0,5,3,1,0,1,1,3
241,0,5,3,2,0,1,1,7
241,0,6,1,0,0,1,1,1
241,0,6,1,1,0,1,1,3
241,0,6,1,2,0,1,1,7
241,0,6,2,0,1,1,1,1
241,0,6,2,1,1,1,1,1
241,0,6,2,2,1,1,1,1
241,0,6,3,0,0,1,1,1
241,0,6,3,1,0,1,1,3
241,0,6,3,2,0,1,1,7
241,0,7,1,0,0,1,1,1
241,0,7,1,1,0,1,1,3
241,0,7,1,2,0,1,1,7
241,0,7,2,0,1,1,1,1
241,0,7,2,1,1,1,1,1
241,0,7,2,2,1,1,1,1
241,0,7,3,0,0,1,1,1
241,0,7,3,1,0,1,1,3
241,0,7,3,2,0,1,1,7
241,0,8,1,0,1,1,1,1
241,0,8,1,1,1,1,1,1
241,0,8,1,2,1,1,1,1
241,0,8,2,0,1,1,1,1
241,0,8,2,1,1,1,1,1
241,0,8,2,2,1,1,1,1
241,0,8,3,0,1,1,1,1
241,0,8,3,1,1,1,1,1
241,0,8,3,2,1,1,1,1
241,1,0,1,0,0,1,1,1
241,1,0,1,1,0,1,1,3
241,1,0,1,2,0,1,1,13
241,1,0,2,0,0,1,1,1
241,1,0,2,1,0,1,1,3
241,1,0,2,2,0,1,1,13
241,1,0,3,0,0,1,1,1
241,1,0,3,1,0,1,1,3
241,1,0,3,2,0,1,1,13
241,1,1,1,0,0,1,1,1
241,1,1,1,1,0,1,1,3
241,1,1,1,2,0,1,1,13
241,1,1,2,0,0,1,1,1
241,1,1,2,1,0,1,1,3
241,1,1,2,2,0,1,1,13
241,1,1,3,0,0,1,1,1
241,1,1,3,1,0,1,1,3
241,1,1,3,2,0,1,1,13
241,1,2,1,0,1,1,1,1
241,1,2,1,1,1,1,1,1
241,1,2,1,2,1,1,1,1
241,1,2,2,0,0,1,1,1
241,1,2,2,1,0,1,1,3
241,1,2,2,2,0,1,1,13
241,1,2,3,0,0,1,1,1
241,1,2,3,1,0,1,1,3
241,1,2,3,2,0,1,1,13
241,1,3,1,0,0,1,1,1
241,1,3,1,1,0,1,1,3
241,1,3,1,2,0,1,1,13
241,1,3,2,0,0,1,1,1
241,1,3,2,1,0,1,1,3
241,1,3,2,2,0,1,1,13
241,1,3,3,0,0,1,1,1
241,1,3,3,1,0,1,1,3
241,1,3,3,2,0,1,1,13
241,1,4,1,0,0,1,1,1
241,1,4,1,1,0,1,1,3
241,1,4,1,2,0,1,1,13
241,1,4,2,0,0,1,1,1
241,1,4,2,1,0,1,1,3
241,1,4,2,2,0,1,1,13
241,1,4,3,0,0,1,1,1
241,1,4,3,1,0,1,1,3
241,1,4,3,2,0,1,1,13
241,1,5,1,0,1,1,1,1
241,1,5,1,1,1,1,1,1
241,1,5,1,2,1,1,1,1
241,1,5,2,0,0,1,1,1
241,1,5,2,1,0,1,1,3
241,1,5,2,2,0,1,1,13
241,1,5,3,0,0,1,1,1
241,1,5,3,1,0,1,1,3
241,1,5,3,2,0,1,1,13
241,1,6,1,0,0,1,1,1
241,1,6,1,1,0,1,1,3
241,1,6,1,2,0,1,1,13
241,1,6,2,0,1,1,1,1
241,1,6,2,1,1,1,1,1
241,1,6,2,2,1,1,1,1
241,1,6,3,0,0,1,1,1
241,1,6,3,1,0,1,1,3
241,1,6,3,2,0,1,1,13
241,1,7,1,0,0,1,1,1
241,1,7,1,1,0,1,1,3
241,1,7,1,2,0,1,1,13
241,1,7,2,0,1,1,1,1
241,1,7,2,1,1,1,1,1
241,1,7,2,2,1,1,1,1
241,1,7,3,0,0,1,1,1
241,1,7,3,1,0,1,1,3
241,1,7,3,2,0,1,1,13
241,1,8,1,0,1,1,1,1
241,1,8,1,1,1,1,1,1
241,1,8,1,2,1,1,1,1
241,1,8,2,0,1,1,1,1
241,1,8,2,1,1,1,1,1
241,1,8,2,2,1,1,1,1
241,1,8,3,0,1,1,1,1
241,1,8,3,1,1,1,1,1
241,1,8,3,2,1,1,1,1
242,0,0,1,0,0,1,1,1
242,0,0,1,1,0,1,1,3
242,0,0,1,2,0,1,1,7
242,0,0,2,0,0,1,1,1
242,0,0,2,1,0,1,1,3
242,0,0,2,2,0,1,1,7
242,0,0,3,0,0,1,1,1
242,0,0,3,1,0,1,1,3
242,0,0,3,2,0,1,1,7
242,0,1,1,0,0,1,1,1
242,0,1,1,1,0,1,1,3
242,0,1,1,2,0,1,1,7
242,0,1,2,0,0,1,1,1
242,0,1,2,1,0,1,1,3
242,0,1,2,2,0,1,1,7
242,0,1,3,0,0,1,1,1
242,0,1,3,1,0,1,1,3
242,0,1,3,2,0,1,1,7
242,0,2,1,0,1,1,1,1
242,0,2,1,1,1,1,1,1
242,0,2,1,2,1,1,1,1
242,0,2,2,0,0,1,1,1
242,0,2,2,1,0,1,1,3
242,0,2,2,2,0,1,1,7
242,0,2,3,0,0,1,1,1
242,0,2,3,1,0,1,1,3
242,0,2,3,2,0,1,1,7
242,0,3,1,0,0,1,1,1
242,0,3,1,1,0,1,1,3
242,0,3,1,2,0,1,1,7
242,0,3,2,0,0,1,1,1
242,0,3,2,1,0,1,1,3
242,0,3,2,2,0,1,1,7
242,0,3,3,0,0,1,1,1
242,0,3,3,1,0,1,1,3
242,0,3,3,2,0,1,1,7
242,0,4,1,0,0,1,1,1
242,0,4,1,1,0,1,1,3
242,0,4,1,2,0,1,1,7
242,0,4,2,0,0,1,1,1
242,0,4,2,1,0,1,1,3
242,0,4,2,2,0,1,1,7
242,0,4,3,0,0,1,1,1
242,0,4,3,1,0,1,1,3
242,0,4,3,2,0,1,1,7
242,0,5,1,0,1,1,1,1
242,0,5,1,1,1,1,1,1
242,0,5,1,2,1,1,1,1
242,0,5,2,0,0,1,1,1
242,0,5,2,1,0,1,1,3
242,0,5,2,2,0,1,1,7
242,0,5,3,0,0,1,1,1
242,0,5,3,1,0,1,1,3
242,0,5,3,2,0,1,1,7
242,0,6,1,0,0,1,1,1
242,0,6,1,1,0,1,1,3
242,0,6,1,2,0,1,1,7
242,0,6,2,0,1,1,1,1
242,0,6,2,1,1,1,1,1
242,0,6,2,2,1,1,1,1
242,0,6,3,0,0,1,1,1
242,0,6,3,1,0,1,1,3
242,0,6,3,2,0,1,1,7
242,0,7,1,0,0,1,1,1
242,0,7,1,1,1,1,1,2
242,0,7,1,2,1,1,1,2
242,0,7,2,0,1,1,1,1
242,0,7,2,1,1,1,1,1
242,0,7,2,2,1,1,1,1
242,0,7,3,0,0,1,1,1
242,0,7,3,1,0,1,1,3
242,0,7,3,2,0,1,1,7
242,0,8,1,0,1,1,1,1
242,0,8,1,1,1,1,1,1
242,0,8,1,2,1,1,1,1
242,0,8,2,0,1,1,1,1
242,0,8,2,1,1,1,1,1
242,0,8,2,2,1,1,1,1
242,0,8,3,0,1,1,1,1
242,0,8,3,1,1,1,1,1
242,0,8,3,2,1,1,1,1
242,1,0,1,0,0,1,1,1
242,1,0,1,1,0,1,1,3
242,1,0,1,2,0,1,1,13
242,1,0,2,0,0,1,1,1
242,1,0,2,1,0,1,1,3
242,1,0,2,2,0,1,1,13
242,1,0,3,0,0,1,1,1
242,1,0,3,1,0,1,1,3
242,1,0,3,2,0,1,1,13
242,1,1,1,0,0,1,1,1
242,1,1,1,1,0,1,1,3
242,1,1,1,2,0,1,1,13
242,1,1,2,0,0,1,1,1
242,1,1,2,1,0,1,1,3
242,1,1,2,2,0,1,1,13
242,1,1,3,0,0,1,1,1
242,1,1,3,1,0,1,1,3
242,1,1,3,2,0,1,1,13
242,1,2,1,0,1,1,1,1
242,1,2,1,1,1,1,1,1
242,1,2,1,2,1,1,1,1
242,1,2,2,0,0,1,1,1
242,1,2,2,1,0,1,1,3
242,1,2,2,2,0,1,1,13
242,1,2,3,0,0,1,1,1
242,1,2,3,1,0,1,1,3
242,1,2,3,2,0,1,1,13
242,1,3,1,0,0,1,1,1
242,1,3,1,1,0,1,1,3
242,1,3,1,2,0,1,1,13
242,1,3,2,0,0,1,1,1
242,1,3,2,1,0,1,1,3
242,1,3,2,2,0,1,1,13
242,1,3,3,0,0,1,1,1
242,1,3,3,1,0,1,1,3
242,1,3,3,2,0,1,1,13
242,1,4,1,0,0,1,1,1
242,1,4,1,1,0,1,1,3
242,1,4,1,2,0,1,1,13
242,1,4,2,0,0,1,1,1
242,1,4,2,1,0,1,1,3
242,1,4,2,2,0,1,1,13
242,1,4,3,0,0,1,1,1
242,1,4,3,1,0,1,1,3
242,1,4,3,2,0,1,1,13
242,1,5,1,0,1,1,1,1
242,1,5,1,1,1,1,1,1
242,1,5,1,2,1,1,1,1
242,1,5,2,0,0,1,1,1
242,1,5,2,1,0,1,1,3
242,1,5,2,2,0,1,1,13
242,1,5,3,0,0,1,1,1
242,1,5,3,1,0,1,1,3
242,1,5,3,2,0,1,1,13
242,1,6,1,0,0,1,1,1
242,1,6,1,1,0,1,1,3
242,1,6,1,2,0,1,1,13
242,1,6,2,0,1,1,1,1
242,1,6,2,1,1,1,1,1
242,1,6,2,2,1,1,1,1
242,1,6,3,0,0,1,1,1
242,1,6,3,1,0,1,1,3
242,1,6,3,2,0,1,1,13
242,1,7,1,0,0,1,1,1
242,1,7,1,1,1,1,1,2
242,1,7,1,2,1,1,1,2
242,1,7,2,0,1,1,1,1
242,1,7,2,1,1,1,1,1
242,1,7,2,2,1,1,1,1
242,1,7,3,0,0,1,1,1
242,1,7,3,1,0,1,1,3
242,1,7,3,2,1,1,1,8
242,1,8,1,0,1,1,1,1
242,1,8,1,1,1,1,1,1
242,1,8,1,2,1,1,1,1
242,1,8,2,0,1,1,1,1
242,1,8,2,1,1,1,1,1
242,1,8,2,2,1,1,1,1
242,1,8,3,0,1,1,1,1
242,1,8,3,1,1,1,1,1
242,1,8,3,2,1,1,1,1
243,0,0,1,0,0,1,1,1
243,0,0,1,1,0,1,1,3
243,0,0,1,2,0,1,1,7
243,0,0,2,0,0,1,1,1
243,0,0,2,1,0,1,1,3
243,0,0,2,2,0,1,1,7
243,0,0,3,0,0,1,1,1
243,0,0,3,1,0,1,1,3
243,0,0,3,2,0,1,1,7
243,0,1,1,0,0,1,1,1
243,0,1,1,1,0,1,1,3
243,0,1,1,2,0,1,1,7
243,0,1,2,0,0,1,1,1
243,0,1,2,1,0,1,1,3
243,0,1,2,2,0,1,1,7
243,0,1,3,0,0,1,1,1
243,0,1,3,1,0,1,1,3
243,0,1,3,2,0,1,1,7
243,0,2,1,0,1,1,1,1
243,0,2,1,1,1,1,1,1
243,0,2,1,2,1,1,1,1
243,0,2,2,0,0,1,1,1
243,0,2,2,1,0,1,1,3
243,0,2,2,2,0,1,1,7
243,0,2,3,0,0,1,1,1
243,0,2,3,1,0,1,1,3
243,0,2,3,2,0,1,1,7
243,0,3,1,0,0,1,1,1
243,0,3,1,1,0,1,1,3
243,0,3,1,2,0,1,1,7
243,0,3,2,0,0,1,1,1
243,0,3,2,1,0,1,1,3
243,0,3,2,2,0,1,1,7
243,0,3,3,0,0,1,1,1
243,0,3,3,1,0,1,1,3
243,0,3,3,2,0,1,1,7
243,0,4,1,0,0,1,1,1
243,0,4,1,1,0,1,1,3
243,0,4,1,2,0,1,1,7
243,0,4,2,0,0,1,1,1
243,0,4,2,1,0,1,1,3
243,0,4,2,2,0,1,1,7
243,0,4,3,0,0,1,1,1
243,0,4,3,1,0,1,1,3
243,0,4,3,2,0,1,1,7
243,0,5,1,0,1,1,1,1
243,0,5,1,1,1,1,1,1
243,0,5,1,2,1,1,1,1
243,0,5,2,0,0,1,1,1
243,0,5,2,1,0,1,1,3
243,0,5,2,2,0,1,1,7
243,0,5,3,0,0,1,1,1
243,0,5,3,1,0,1,1,3
243,0,5,3,2,0,1,1,7
243,0,6,1,0,0,1,1,1
243,0,6,1,1,0,1,1,3
243,0,6,1,2,0,1,1,7
243,0,6,2,0,1,1,1,1
243,0,6,2,1,1,1,1,1
243,0,6,2,2,1,1,1,1
243,0,6,3,0,0,1,1,1
243,0,6,3,1,0,1,1,3
243,0,6,3,2,0,1,1,7
243,0,7,1,0,0,1,1,1
243,0,7,1,1,0,1,1,3
243,0,7,1,2,0,1,1,7
243,0,7,2,0,1,1,1,1
243,0,7,2,1,1,1,1,1
243,0,7,2,2,1,1,1,1
243,0,7,3,0,0,1,1,1
243,0,7,3,1,0,1,1,3
243,0,7,3,2,0,1,1,7
243,0,8,1,0,1,1,1,1
243,0,8,1,1,1,1,1,1
243,0,8,1,2,1,1,1,1
243,0,8,2,0,1,1,1,1
243,0,8,2,1,1,1,1,1
243,0,8,2,2,1,1,1,1
243,0,8,3,0,1,1,1,1
243,0,8,3,1,1,1,1,1
243,0,8,3,2,1,1,1,1
243,1,0,1,0,0,1,1,1
243,1,0,1,1,0,1,1,3
243,1,0,1,2,0,1,1,19
243,1,0,2,0,0,1,1,1
243,1,0,2,1,0,1,1,3
243,1,0,2,2,0,1,1,19
243,1,0,3,0,0,1,1,1
243,1,0,3,1,0,1,1,3
243,1,0,3,2,0,1,1,19
243,1,1,1,0,0,1,1,1
243,1,1,1,1,0,1,1,3
243,1,1,1,2,0,1,1,19
243,1,1,2,0,0,1,1,1
243,1,1,2,1,0,1,1,3
243,1,1,2,2,0,1,1,19
243,1,1,3,0,0,1,1,1
243,1,1,3,1,0,1,1,3
243,1,1,3,2,0,1,1,19
243,1,2,1,0,1,1,1,1
243,1,2,1,1,1,1,1,1
243,1,2,1,2,1,1,1,1
243,1,2,2,0,0,1,1,1
243,1,2,2,1,0,1,1,3
243,1,2,2,2,0,1,1,19
243,1,2,3,0,0,1,1,1
243,1,2,3,1,0,1,1,3
243,1,2,3,2,0,1,1,19
243,1,3,1,0,0,1,1,1
243,1,3,1,1,0,1,1,3
243,1,3,1,2,0,1,1,19
243,1,3,2,0,0,1,1,1
243,1,3,2,1,0,1,1,3
243,1,3,2,2,0,1,1,19
243,1,3,3,0,0,1,1,1
243,1,3,3,1,0,1,1,3
243,1,3,3,2,0,1,1,19
243,1,4,1,0,0,1,1,1
243,1,4,1,1,0,1,1,3
243,1,4,1,2,0,1,1,19
243,1,4,2,0,0,1,1,1
243,1,4,2,1,0,1,1,3
243,1,4,2,2,0,1,1,19
243,1,4,3,0,0,1,1,1
243,1,4,3,1,0,1,1,3
243,1,4,3,2,0,1,1,19
243,1,5,1,0,1,1,1,1
243,1,5,1,1,1,1,1,1
243,1,5,1,2,1,1,1,1
243,1,5,2,0,0,1,1,1
243,1,5,2,1,0,1,1,3
243,1,5,2,2,0,1,1,19
243,1,5,3,0,0,1,1,1
243,1,5,3,1,0,1,1,3
243,1,5,3,2,0,1,1,19
243,1,6,1,0,0,1,1,1
243,1,6,1,1,0,1,1,3
243,1,6,1,2,0,1,1,19
243,1,6,2,0,1,1,1,1
243,1,6,2,1,1,1,1,1
243,1,6,2,2,1,1,1,1
243,1,6,3,0,0,1,1,1
243,1,6,3,1,0,1,1,3
243,1,6,3,2,0,1,1,19
243,1,7,1,0,0,1,1,1
243,1,7,1,1,0,1,1,3
243,1,7,1,2,0,1,1,19
243,1,7,2,0,1,1,1,1
243,1,7,2,1,1,1,1,1
243,1,7,2,2,1,1,1,1
243,1,7,3,0,0,1,1,1
243,1,7,3,1,0,1,1,3
243,1,7,3,2,0,1,1,19
243,1,8,1,0,1,1,1,1
243,1,8,1,1,1,1,1,1
243,1,8,1,2,1,1,1,1
243,1,8,2,0,1,1,1,1
243,1,8,2,1,1,1,1,1
243,1,8,2,2,1,1,1,1
243,1,8,3,0,1,1,1,1
243,1,8,3,1,1,1,1,1
243,1,8,3,2,1,1,1,1
244,0,0,1,0,0,1,1,1
244,0,0,1,1,0,1,1,3
244,0,0,1,2,0,1,1,7
244,0,0,2,0,0,1,1,1
244,0,0,2,1,0,1,1,3
244,0,0,2,2,0,1,1,7
244,0,0,3,0,0,1,1,1
244,0,0,3,1,0,1,1,3
244,0,0,3,2,0,1,1,7
244,0,1,1,0,0,1,1,1
244,0,1,1,1,0,1,1,3
244,0,1,1,2,0,1,1,7
244,0,1,2,0,0,1,1,1
244,0,1,2,1,0,1,1,3
244,0,1,2,2,0,1,1,7
244,0,1,3,0,0,1,1,1
244,0,1,3,1,0,1,1,3
244,0,1,3,2,0,1,1,7
244,0,2,1,0,1,1,1,1
244,0,2,1,1,1,1,1,1
244,0,2,1,2,1,1,1,1
244,0,2,2,0,0,1,1,1
244,0,2,2,1,0,1,1,3
244,0,2,2,2,0,1,1,7
244,0,2,3,0,0,1,1,1
244,0,2,3,1,0,1,1,3
244,0,2,3,2,0,1,1,7
244,0,3,1,0,0,1,1,1
244,0,3,1,1,0,1,1,3
244,0,3,1,2,0,1,1,7
244,0,3,2,0,0,1,1,1
244,0,3,2,1,0,1,1,3
244,0,3,2,2,0,1,1,7
244,0,3,3,0,0,1,1,1
244,0,3,3,1,0,1,1,3
244,0,3,3,2,0,1,1,7
244,0,4,1,0,0,1,1,1
244,0,4,1,1,0,1,1,3
244,0,4,1,2,0,1,1,7
244,0,4,2,0,0,1,1,1
244,0,4,2,1,0,1,1,3
244,0,4,2,2,0,1,1,7
244,0,4,3,0,0,1,1,1
244,0,4,3,1,0,1,1,3
244,0,4,3,2,0,1,1,7
244,0,5,1,0,1,1,1,1
244,0,5,1,1,1,1,1,1
244,0,5,1,2,1,1,1,1
244,0,5,2,0,0,1,1,1
244,0,5,2,1,1,1,1,2
244,0,5,2,2,1,1,1,2
244,0,5,3,0,0,1,1,1
244,0,5,3,1,0,1,1,3
244,0,5,3,2,0,1,1,7
244,0,6,1,0,0,1,1,1
244,0,6,1,1,0,1,1,3
244,0,6,1,2,0,1,1,7
244,0,6,2,0,1,1,1,1
244,0,6,2,1,1,1,1,1
244,0,6,2,2,1,1,1,1
244,0,6,3,0,0,1,1,1
244,0,6,3,1,0,1,1,3
244,0,6,3,2,0,1,1,7
244,0,7,1,0,0,1,1,1
244,0,7,1,1,0,1,1,3
244,0,7,1,2,0,1,1,7
244,0,7,2,0,1,1,1,1
244,0,7,2,1,1,1,1,1
244,0,7,2,2,1,1,1,1
244,0,7,3,0,0,1,1,1
244,0,7,3,1,0,1,1,3
244,0,7,3,2,0,1,1,7
244,0,8,1,0,1,1,1,1
244,0,8,1,1,1,1,1,1
244,0,8,1,2,1,1,1,1
244,0,8,2,0,1,1,1,1
244,0,8,2,1,1,1,1,1
244,0,8,2,2,1,1,1,1
244,0,8,3,0,1,1,1,1
244,0,8,3,1,1,1,1,1
244,0,8,3,2,1,1,1,1
244,1,0,1,0,0,1,1,1
244,1,0,1,1,0,1,1,3
244,1,0,1,2,0,1,1,13
244,1,0,2,0,0,1,1,1
244,1,0,2,1,0,1,1,3
244,1,0,2,2,0,1,1,13
244,1,0,3,0,0,1,1,1
244,1,0,3,1,0,1,1,3
244,1,0,3,2,0,1,1,13
244,1,1,1,0,0,1,1,1
244,1,1,1,1,0,1,1,3
244,1,1,1,2,0,1,1,13
244,1,1,2,0,0,1,1,1
244,1,1,2,1,0,1,1,3
244,1,1,2,2,0,1,1,13
244,1,1,3,0,0,1,1,1
244,1,1,3,1,0,1,1,3
244,1,1,3,2,0,1,1,13
244,1,2,1,0,1,1,1,1
244,1,2,1,1,1,1,1,1
244,1,2,1,2,1,1,1,1
244,1,2,2,0,0,1,1,1
244,1,2,2,1,0,1,1,3
244,1,2,2,2,0,1,1,13
244,1,2,3,0,0,1,1,1
244,1,2,3,1,0,1,1,3
244,1,2,3,2,0,1,1,13
244,1,3,1,0,0,1,1,1
244,1,3,1,1,0,1,1,3
244,1,3,1,2,0,1,1,13
244,1,3,2,0,0,1,1,1
244,1,3,2,1,0,1,1,3
244,1,3,2,2,0,1,1,13
244,1,3,3,0,0,1,1,1
244,1,3,3,1,0,1,1,3
244,1,3,3,2,0,1,1,13
244,1,4,1,0,0,1,1,1
244,1,4,1,1,0,1,1,3
244,1,4,1,2,0,1,1,13
244,1,4,2,0,0,1,1,1
244,1,4,2,1,0,1,1,3
244,1,4,2,2,0,1,1,13
244,1,4,3,0,0,1,1,1
244,1,4,3,1,0,1,1,3
244,1,4,3,2,0,1,1,13
244,1,5,1,0,1,1,1,1
244,1,5,1,1,1,1,1,1
244,1,5,1,2,1,1,1,1
244,1,5,2,0,0,1,1,1
244,1,5,2,1,1,1,1,2
244,1,5,2,2,1,1,1,2
244,1,5,3,0,0,1,1,1
244,1,5,3,1,0,1,1,3
244,1,5,3,2,1,1,1,6
244,1,6,1,0,0,1,1,1
244,1,6,1,1,0,1,1,3
244,1,6,1,2,0,1,1,13
244,1,6,2,0,1,1,1,1
244,1,6,2,1,1,1,1,1
244,1,6,2,2,1,1,1,1
244,1,6,3,0,0,1,1,1
244,1,6,3,1,0,1,1,3
244,1,6,3,2,0,1,1,13
244,1,7,1,0,0,1,1,1
244,1,7,1,1,0,1,1,3
244,1,7,1,2,0,1,1,13
244,1,7,2,0,1,1,1,1
244,1,7,2,1,1,1,1,1
244,1,7,2,2,1,1,1,1
244,1,7,3,0,0,1,1,1
244,1,7,3,1,0,1,1,3
244,1,7,3,2,0,1,1,13
244,1,8,1,0,1,1,1,1
244,1,8,1,1,1,1,1,1
244,1,8,1,2,1,1,1,1
244,1,8,2,0,1,1,1,1
244,1,8,2,1,1,1,1,1
244,1,8,2,2,1,1,1,1
244,1,8,3,0,1,1,1,1
244,1,8,3,1,1,1,1,1
244,1,8,3,2,1,1,1,1
245,0,0,1,0,0,1,1,1
245,0,0,1,1,0,1,1,3
245,0,0,1,2,0,1,1,7
245,0,0,2,0,0,1,1,1
245,0,0,2,1,0,1,1,3
245,0,0,2,2,0,1,1,7
245,0,0,3,0,0,1,1,1
245,0,0,3,1,0,1,1,3
245,0,0,3,2,0,1,1,7
245,0,1,1,0,0,1,1,1
245,0,1,1,1,0,1,1,3
245,0,1,1,2,0,1,1,7
245,0,1,2,0,0,1,1,1
245,0,1,2,1,0,1,1,3
245,0,1,2,2,0,1,1,7
245,0,1,3,0,0,1,1,1
245,0,1,3,1,0,1,1,3
245,0,1,3,2,0,1,1,7
245,0,2,1,0,1,1,1,1
245,0,2,1,1,1,1,1,1
245,0,2,1,2,1,1,1,1
245,0,2,2,0,0,1,1,1
245,0,2,2,1,0,1,1,3
245,0,2,2,2,0,1,1,7
245,0,2,3,0,0,1,1,1
245,0,2,3,1,0,1,1,3
245,0,2,3,2,0,1,1,7
245,0,3,1,0,0,1,1,1
245,0,3,1,1,0,1,1,3
245,0,3,1,2,0,1,1,7
245,0,3,2,0,0,1,1,1
245,0,3,2,1,0,1,1,3
245,0,3,2,2,0,1,1,7
245,0,3,3,0,0,1,1,1
245,0,3,3,1,0,1,1,3
245,0,3,3,2,0,1,1,7
245,0,4,1,0,0,1,1,1
245,0,4,1,1,0,1,1,3
245,0,4,1,2,0,1,1,7
245,0,4,2,0,0,1,1,1
245,0,4,2,1,0,1,1,3
245,0,4,2,2,0,1,1,7
245,0,4,3,0,0,1,1,1
245,0,4,3,1,0,1,1,3
245,0,4,3,2,0,1,1,7
245,0,5,1,0,1,1,1,1
245,0,5,1,1,1,1,1,1
245,0,5,1,2,1,1,1,1
245,0,5,2,0,0,1,1,1
245,0,5,2,1,1,1,1,2
245,0,5,2,2,1,1,1,2
245,0,5,3,0,0,1,1,1
245,0,5,3,1,1,1,1,2
245,0,5,3,2,1,1,1,2
245,0,6,1,0,0,1,1,1
245,0,6,1,1,0,1,1,3
245,0,6,1,2,0,1,1,7
245,0,6,2,0,1,1,1,1
245,0,6,2,1,1,1,1,1
245,0,6,2,2,1,1,1,1
245,0,6,3,0,0,1,1,1
245,0,6,3,1,0,1,1,3
245,0,6,3,2,0,1,1,7
245,0,7,1,0,0,1,1,1
245,0,7,1,1,0,1,1,3
245,0,7,1,2,0,1,1,7
245,0,7,2,0,1,1,1,1
245,0,7,2,1,1,1,1,1
245,0,7,2,2,1,1,1,1
245,0,7,3,0,0,1,1,1
245,0,7,3,1,0,1,1,3
245,0,7,3,2,0,1,1,7
245,0,8,1,0,1,1,1,1
245,0,8,1,1,1,1,1,1
245,0,8,1,2,1,1,1,1
245,0,8,2,0,1,1,1,1
245,0,8,2,1,1,1,1,1
245,0,8,2,2,1,1,1,1
245,0,8,3,0,1,1,1,1
245,0,8,3,1,1,1,1,1
245,0,8,3,2,1,1,1,1
245,1,0,1,0,0,1,1,1
245,1,0,1,1,0,1,1,3
245,1,0,1,2,0,1,1,13
245,1,0,2,0,0,1,1,1
245,1,0,2,1,0,1,1,3
245,1,0,2,2,0,1,1,13
245,1,0,3,0,0,1,1,1
245,1,0,3,1,0,1,1,3
245,1,0,3,2,0,1,1,13
245,1,1,1,0,0,1,1,1
245,1,1,1,1,0,1,1,3
245,1,1,1,2,0,1,1,13
245,1,1,2,0,0,1,1,1
245,1,1,2,1,0,1,1,3
245,1,1,2,2,0,1,1,13
245,1,1,3,0,0,1,1,1
245,1,1,3,1,0,1,1,3
245,1,1,3,2,0,1,1,13
245,1,2,1,0,1,1,1,1
245,1,2,1,1,1,1,1,1
245,1,2,1,2,1,1,1,1
245,1,2,2,0,0,1,1,1
245,1,2,2,1,0,1,1,3
245,1,2,2,2,0,1,1,13
245,1,2,3,0,0,1,1,1
245,1,2,3,1,0,1,1,3
245,1,2,3,2,0,1,1,13
245,1,3,1,0,0,1,1,1
245,1,3,1,1,0,1,1,3
245,1,3,1,2,0,1,1,13
245,1,3,2,0,0,1,1,1
245,1,3,2,1,0,1,1,3
245,1,3,2,2,0,1,1,13
245,1,3,3,0,0,1,1,1
245,1,3,3,1,0,1,1,3
245,1,3,3,2,0,1,1,13
245,1,4,1,0,0,1,1,1
245,1,4,1,1,0,1,1,3
245,1,4,1,2,0,1,1,13
245,1,4,2,0,0,1,1,1
245,1,4,2,1,0,1,1,3
245,1,4,2,2,0,1,1,13
245,1,4,3,0,0,1,1,1
245,1,4,3,1,0,1,1,3
245,1,4,3,2,0,1,1,13
245,1,5,1,0,1,1,1,1
245,1,5,1,1,1,1,1,1
245,1,5,1,2,1,1,1,1
245,1,5,2,0,0,1,1,1
245,1,5,2,1,1,1,1,2
245,1,5,2,2,1,1,1,2
245,1,5,3,0,0,1,1,1
245,1,5,3,1,1,1,1,2
245,1,5,3,2,1,1,1,2
245,1,6,1,0,0,1,1,1
245,1,6,1,1,0,1,1,3
245,1,6,1,2,0,1,1,13
245,1,6,2,0,1,1,1,1
245,1,6,2,1,1,1,1,1
245,1,6,2,2,1,1,1,1
245,1,6,3,0,0,1,1,1
245,1,6,3,1,0,1,1,3
245,1,6,3,2,0,1,1,13
245,1,7,1,0,0,1,1,1
245,1,7,1,1,0,1,1,3
245,1,7,1,2,0,1,1,13
245,1,7,2,0,1,1,1,1
245,1,7,2,1,1,1,1,1
245,1,7,2,2,1,1,1,1
245,1,7,3,0,0,1,1,1
245,1,7,3,1,0,1,1,3
245,1,7,3,2,0,1,1,13
245,1,8,1,0,1,1,1,1
245,1,8,1,1,1,1,1,1
245,1,8,1,2,1,1,1,1
245,1,8,2,0,1,1,1,1
245,1,8,2,1,1,1,1,1
245,1,8,2,2,1,1,1,1
245,1,8,3,0,1,1,1,1
245,1,8,3,1,1,1,1,1
245,1,8,3,2,1,1,1,1
246,0,0,1,0,0,1,1,1
246,0,0,1,1,0,1,1,3
246,0,0,1,2,0,1,1,7
246,0,0,2,0,0,1,1,1
246,0,0,2,1,0,1,1,3
246,0,0,2,2,0,1,1,7
246,0,0,3,0,0,1,1,1
246,0,0,3,1,0,1,1,3
246,0,0,3,2,0,1,1,7
246,0,1,1,0,0,1,1,1
246,0,1,1,1,0,1,1,3
246,0,1,1,2,0,1,1,7
246,0,1,2,0,0,1,1,1
246,0,1,2,1,0,1,1,3
246,0,1,2,2,0,1,1,7
246,0,1,3,0,0,1,1,1
246,0,1,3,1,0,1,1,3
246,0,1,3,2,0,1,1,7
246,0,2,1,0,1,1,1,1
246,0,2,1,1,1,1,1,1
246,0,2,1,2,1,1,1,1
246,0,2,2,0,0,1,1,1
246,0,2,2,1,0,1,1,3
246,0,2,2,2,0,1,1,7
246,0,2,3,0,0,1,1,1
246,0,2,3,1,0,1,1,3
246,0,2,3,2,0,1,1,7
246,0,3,1,0,0,1,1,1
246,0,3,1,1,0,1,1,3
246,0,3,1,2,0,1,1,7
246,0,3,2,0,0,1,1,1
246,0,3,2,1,0,1,1,3
246,0,3,2,2,0,1,1,7
246,0,3,3,0,0,1,1,1
246,0,3,3,1,0,1,1,3
246,0,3,3,2,0,1,1,7
246,0,4,1,0,0,1,1,1
246,0,4,1,1,0,1,1,3
246,0,4,1,2,0,1,1,7
246,0,4,2,0,0,1,1,1
246,0,4,2,1,0,1,1,3
246,0,4,2,2,0,1,1,7
246,0,4,3,0,0,1,1,1
246,0,4,3,1,0,1,1,3
246,0,4,3,2,0,1,1,7
246,0,5,1,0,1,1,1,1
246,0,5,1,1,1,1,1,1
246,0,5,1,2,1,1,1,1
246,0,5,2,0,0,1,1,1
246,0,5,2,1,1,1,1,2
246,0,5,2,2,1,1,1,2
246,0,5,3,0,0,1,1,1
246,0,5,3,1,0,1,1,3
246,0,5,3,2,0,1,1,7
246,0,6,1,0,0,1,1,1
246,0,6,1,1,0,1,1,3
246,0,6,1,2,0,1,1,7
246,0,6,2,0,1,1,1,1
246,0,6,2,1,1,1,1,1
246,0,6,2,2,1,1,1,1
246,0,6,3,0,0,1,1,1
246,0,6,3,1,0,1,1,3
246,0,6,3,2,0,1,1,7
246,0,7,1,0,0,1,1,1
246,0,7,1,1,1,1,1,2
246,0,7,1,2,1,1,1,2
246,0,7,2,0,1,1,1,1
246,0,7,2,1,1,1,1,1
246,0,7,2,2,1,1,1,1
246,0,7,3,0,0,1,1,1
246,0,7,3,1,0,1,1,3
246,0,7,3,2,0,1,1,7
246,0,8,1,0,1,1,1,1
246,0,8,1,1,1,1,1,1
246,0,8,1,2,1,1,1,1
246,0,8,2,0,1,1,1,1
246,0,8,2,1,1,1,1,1
246,0,8,2,2,1,1,1,1
246,0,8,3,0,1,1,1,1
246,0,8,3,1,1,1,1,1
246,0,8,3,2,1,1,1,1
246,1,0,1,0,0,1,1,1
246,1,0,1,1,0,1,1,3
246,1,0,1,2,0,1,1,19
246,1,0,2,0,0,1,1,1
246,1,0,2,1,0,1,1,3
246,1,0,2,2,0,1,1,19
246,1,0,3,0,0,1,1,1
246,1,0,3,1,0,1,1,3
246,1,0,3,2,0,1,1,19
246,1,1,1,0,0,1,1,1
246,1,1,1,1,0,1,1,3
246,1,1,1,2,0,1,1,19
246,1,1,2,0,0,1,1,1
246,1,1,2,1,0,1,1,3
246,1,1,2,2,0,1,1,19
246,1,1,3,0,0,1,1,1
246,1,1,3,1,0,1,1,3
246,1,1,3,2,0,1,1,19
246,1,2,1,0,1,1,1,1
246,1,2,1,1,1,1,1,1
246,1,2,1,2,1,1,1,1
246,1,2,2,0,0,1,1,1
246,1,2,2,1,0,1,1,3
246,1,2,2,2,0,1,1,19
246,1,2,3,0,0,1,1,1
246,1,2,3,1,0,1,1,3
246,1,2,3,2,0,1,1,19
246,1,3,1,0,0,1,1,1
246,1,3,1,1,0,1,1,3
246,1,3,1,2,0,1,1,19
246,1,3,2,0,0,1,1,1
246,1,3,2,1,0,1,1,3
246,1,3,2,2,0,1,1,19
246,1,3,3,0,0,1,1,1
246,1,3,3,1,0,1,1,3
246,1,3,3,2,0,1,1,19
246,1,4,1,0,0,1,1,1
246,1,4,1,1,0,1,1,3
246,1,4,1,2,0,1,1,19
246,1,4,2,0,0,1,1,1
246,1,4,2,1,0,1,1,3
246,1,4,2,2,0,1,1,19
246,1,4,3,0,0,1,1,1
246,1,4,3,1,0,1,1,3
246,1,4,3,2,0,1,1,19
246,1,5,1,0,1,1,1,1
246,1,5,1,1,1,1,1,1
246,1,5,1,2,1,1,1,1
246,1,5,2,0,0,1,1,1
246,1,5,2,1,1,1,1,2
246,1,5,2,2,1,1,1,2
246,1,5,3,0,0,1,1,1
246,1,5,3,1,0,1,1,3
246,1,5,3,2,1,1,1,3
246,1,6,1,0,0,1,1,1
246,1,6,1,1,0,1,1,3
246,1,6,1,2,0,1,1,19
246,1,6,2,0,1,1,1,1
246,1,6,2,1,1,1,1,1
246,1,6,2,2,1,1,1,1
246,1,6,3,0,0,1,1,1
246,1,6,3,1,0,1,1,3
246,1,6,3,2,0,1,1,19
246,1,7,1,0,0,1,1,1
246,1,7,1,1,1,1,1,2
246,1,7,1,2,1,1,1,2
246,1,7,2,0,1,1,1,1
246,1,7,2,1,1,1,1,1
246,1,7,2,2,1,1,1,1
246,1,7,3,0,0,1,1,1
246,1,7,3,1,0,1,1,3
246,1,7,3,2,1,1,1,5
246,1,8,1,0,1,1,1,1
246,1,8,1,1,1,1,1,1
246,1,8,1,2,1,1,1,1
246,1,8,2,0,1,1,1,1
246,1,8,2,1,1,1,1,1
246,1,8,2,2,1,1,1,1
246,1,8,3,0,1,1,1,1
246,1,8,3,1,1,1,1,1
246,1,8,3,2,1,1,1,1
247,0,0,1,0,0,1,1,1
247,0,0,1,1,0,1,1,3
247,0,0,1,2,0,1,1,7
247,0,0,2,0,0,1,1,1
247,0,0,2,1,0,1,1,3
247,0,0,2,2,0,1,1,7
247,0,0,3,0,0,1,1,1
247,0,0,3,1,0,1,1,3
247,0,0,3,2,0,1,1,7
247,0,1,1,0,0,1,1,1
247,0,1,1,1,0,1,1,3
247,0,1,1,2,0,1,1,7
247,0,1,2,0,0,1,1,1
247,0,1,2,1,0,1,1,3
247,0,1,2,2,0,1,1,7
247,0,1,3,0,0,1,1,1
247,0,1,3,1,0,1,1,3
247,0,1,3,2,0,1,1,7
247,0,2,1,0,1,1,1,1
247,0,2,1,1,1,1,1,1
247,0,2,1,2,1,1,1,1
247,0,2,2,0,0,1,1,1
247,0,2,2,1,0,1,1,3
247,0,2,2,2,0,1,1,7
247,0,2,3,0,0,1,1,1
247,0,2,3,1,0,1,1,3
247,0,2,3,2,0,1,1,7
247,0,3,1,0,0,1,1,1
247,0,3,1,1,0,1,1,3
247,0,3,1,2,0,1,1,7
247,0,3,2,0,0,1,1,1
247,0,3,2,1,0,1,1,3
247,0,3,2,2,0,1,1,7
247,0,3,3,0,0,1,1,1
247,0,3,3,1,0,1,1,3
247,0,3,3,2,0,1,1,7
247,0,4,1,0,0,1,1,1
247,0,4,1,1,0,1,1,3
247,0,4,1,2,0,1,1,7
247,0,4,2,0,0,1,1,1
247,0,4,2,1,0,1,1,3
247,0,4,2,2,0,1,1,7
247,0,4,3,0,0,1,1,1
247,0,4,3,1,0,1,1,3
247,0,4,3,2,0,1,1,7
247,0,5,1,0,1,1,1,1
247,0,5,1,1,1,1,1,1
247,0,5,1,2,1,1,1,1
247,0,5,2,0,0,1,1,1
247,0,5,2,1,1,1,1,2
247,0,5,2,2,1,1,1,2
247,0,5,3,0,0,1,1,1
247,0,5,3,1,0,1,1,3
247,0,5,3,2,0,1,1,7
247,0,6,1,0,0,1,1,1
247,0,6,1,1,0,1,1,3
247,0,6,1,2,0,1,1,7
247,0,6,2,0,1,1,1,1
247,0,6,2,1,1,1,1,1
247,0,6,2,2,1,1,1,1
247,0,6,3,0,0,1,1,1
247,0,6,3,1,0,1,1,3
247,0,6,3,2,0,1,1,7
247,0,7,1,0,0,1,1,1
247,0,7,1,1,0,1,1,3
247,0,7,1,2,0,1,1,7
247,0,7,2,0,1,1,1,1
247,0,7,2,1,1,1,1,1
247,0,7,2,2,1,1,1,1
247,0,7,3,0,0,1,1,1
247,0,7,3,1,0,1,1,3
247,0,7,3,2,0,1,1,7
247,0,8,1,0,1,1,1,1
247,0,8,1,1,1,1,1,1
247,0,8,1,2,1,1,1,1
247,0,8,2,0,1,1,1,1
247,0,8,2,1,1,1,1,1
247,0,8,2,2,1,1,1,1
247,0,8,3,0,1,1,1,1
247,0,8,3,1,1,1,1,1
247,0,8,3,2,1,1,1,1
247,1,0,1,0,0,1,1,1
247,1,0,1,1,0,1,1,3
247,1,0,1,2,0,1,1,19
247,1,0,2,0,0,1,1,1
247,1,0,2,1,0,1,1,3
247,1,0,2,2,0,1,1,19
247,1,0,3,0,0,1,1,1
247,1,0,3,1,0,1,1,3
247,1,0,3,2,0,1,1,19
247,1,1,1,0,0,1,1,1
247,1,1,1,1,0,1,1,3
247,1,1,1,2,0,1,1,19
247,1,1,2,0,0,1,1,1
247,1,1,2,1,0,1,1,3
247,1,1,2,2,0,1,1,19
247,1,1,3,0,0,1,1,1
247,1,1,3,1,0,1,1,3
247,1,1,3,2,0,1,1,19
247,1,2,1,0,1,1,1,1
247,1,2,1,1,1,1,1,1
247,1,2,1,2,1,1,1,1
247,1,2,2,0,0,1,1,1
247,1,2,2,1,0,1,1,3
247,1,2,2,2,0,1,1,19
247,1,2,3,0,0,1,1,1
247,1,2,3,1,0,1,1,3
247,1,2,3,2,0,1,1,19
247,1,3,1,0,0,1,1,1
247,1,3,1,1,0,1,1,3
247,1,3,1,2,0,1,1,19
247,1,3,2,0,0,1,1,1
247,1,3,2,1,0,1,1,3
247,1,3,2,2,0,1,1,19
247,1,3,3,0,0,1,1,1
247,1,3,3,1,0,1,1,3
247,1,3,3,2,0,1,1,19
247,1,4,1,0,0,1,1,1
247,1,4,1,1,0,1,1,3
247,1,4,1,2,0,1,1,19
247,1,4,2,0,0,1,1,1
247,1,4,2,1,0,1,1,3
247,1,4,2,2,0,1,1,19
247,1,4,3,0,0,1,1,1
247,1,4,3,1,0,1,1,3
247,1,4,3,2,0,1,1,19
247,1,5,1,0,1,1,1,1
247,1,5,1,1,1,1,1,1
247,1,5,1,2,1,1,1,1
247,1,5,2,0,0,1,1,1
247,1,5,2,1,1,1,1,2
247,1,5,2,2,1,1,1,2
247,1,5,3,0,0,1,1,1
247,1,5,3,1,0,1,1,3
247,1,5,3,2,1,1,1,3
247,1,6,1,0,0,1,1,1
247,1,6,1,1,0,1,1,3
247,1,6,1,2,0,1,1,19
247,1,6,2,0,1,1,1,1
247,1,6,2,1,1,1,1,1
247,1,6,2,2,1,1,1,1
247,1,6,3,0,0,1,1,1
247,1,6,3,1,0,1,1,3
247,1,6,3,2,0,1,1,19
247,1,7,1,0,0,1,1,1
247,1,7,1,1,0,1,1,3
247,1,7,1,2,0,1,1,19
247,1,7,2,0,1,1,1,1
247,1,7,2,1,1,1,1,1
247,1,7,2,2,1,1,1,1
247,1,7,3,0,0,1,1,1
247,1,7,3,1,0,1,1,3
247,1,7,3,2,0,1,1,19
247,1,8,1,0,1,1,1,1
247,1,8,1,1,1,1,1,1
247,1,8,1,2,1,1,1,1
247,1,8,2,0,1,1,1,1
247,1,8,2,1,1,1,1,1
247,1,8,2,2,1,1,1,1
247,1,8,3,0,1,1,1,1
247,1,8,3,1,1,1,1,1
247,1,8,3,2,1,1,1,1
248,0,0,1,0,0,1,1,1
248,0,0,1,1,0,1,1,3
248,0,0,1,2,0,1,1,7
248,0,0,2,0,0,1,1,1
248,0,0,2,1,0,1,1,3
248,0,0,2,2,0,1,1,7
248,0,0,3,0,0,1,1,1
248,0,0,3,1,0,1,1,3
248,0,0,3,2,0,1,1,7
248,0,1,1,0,0,1,1,1
248,0,1,1,1,0,1,1,3
248,0,1,1,2,0,1,1,7
248,0,1,2,0,0,1,1,1
248,0,1,2,1,0,1,1,3
248,0,1,2,2,0,1,1,7
248,0,1,3,0,0,1,1,1
248,0,1,3,1,0,1,1,3
248,0,1,3,2,0,1,1,7
248,0,2,1,0,1,1,1,1
248,0,2,1,1,1,1,1,1
248,0,2,1,2,1,1,1,1
248,0,2,2,0,0,1,1,1
248,0,2,2,1,0,1,1,3
248,0,2,2,2,0,1,1,7
248,0,2,3,0,0,1,1,1
248,0,2,3,1,0,1,1,3
248,0,2,3,2,0,1,1,7
248,0,3,1,0,0,1,1,1
248,0,3,1,1,0,1,1,3
248,0,3,1,2,0,1,1,7
248,0,3,2,0,0,1,1,1
248,0,3,2,1,0,1,1,3
248,0,3,2,2,0,1,1,7
248,0,3,3,0,0,1,1,1
248,0,3,3,1,0,1,1,3
248,0,3,3,2,0,1,1,7
248,0,4,1,0,0,1,1,1
248,0,4,1,1,0,1,1,3
248,0,4,1,2,0,1,1,7
248,0,4,2,0,0,1,1,1
248,0,4,2,1,0,1,1,3
248,0,4,2,2,0,1,1,7
248,0,4,3,0,0,1,1,1
248,0,4,3,1,0,1,1,3
248,0,4,3,2,0,1,1,7
248,0,5,1,0,1,1,1,1
248,0,5,1,1,1,1,1,1
248,0,5,1,2,1,1,1,1
248,0,5,2,0,0,1,1,1
248,0,5,2,1,0,1,1,3
248,0,5,2,2,0,1,1,7
248,0,5,3,0,0,1,1,1
248,0,5,3,1,0,1,1,3
248,0,5,3,2,0,1,1,7
248,0,6,1,0,0,1,1,1
248,0,6,1,1,0,1,1,3
248,0,6,1,2,0,1,1,7
248,0,6,2,0,1,1,1,1
248,0,6,2,1,1,1,1,1
248,0,6,2,2,1,1,1,1
248,0,6,3,0,0,1,1,1
248,0,6,3,1,0,1,1,3
248,0,6,3,2,0,1,1,7
248,0,7,1,0,0,1,1,1
248,0,7,1,1,0,1,1,3
248,0,7,1,2,0,1,1,7
248,0,7,2,0,1,1,1,1
248,0,7,2,1,1,1,1,1
248,0,7,2,2,1,1,1,1
248,0,7,3,0,0,1,1,1
248,0,7,3,1,0,1,1,3
248,0,7,3,2,0,1,1,7
248,0,8,1,0,1,1,1,1
248,0,8,1,1,1,1,1,1
248,0,8,1,2,1,1,1,1
248,0,8,2,0,1,1,1,1
248,0,8,2,1,1,1,1,1
248,0,8,2,2,1,1,1,1
248,0,8,3,0,1,1,1,1
248,0,8,3,1,1,1,1,1
248,0,8,3,2,1,1,1,1
248,1,0,1,0,0,1,1,1
248,1,0,1,1,0,1,1,3
248,1,0,1,2,0,1,1,13
248,1,0,2,0,0,1,1,1
248,1,0,2,1,0,1,1,3
248,1,0,2,2,0,1,1,13
248,1,0,3,0,0,1,1,1
248,1,0,3,1,0,1,1,3
248,1,0,3,2,0,1,1,13
248,1,1,1,0,0,1,1,1
248,1,1,1,1,0,1,1,3
248,1,1,1,2,0,1,1,13
248,1,1,2,0,0,1,1,1
248,1,1,2,1,0,1,1,3
248,1,1,2,2,0,1,1,13
248,1,1,3,0,0,1,1,1
248,1,1,3,1,0,1,1,3
248,1,1,3,2,0,1,1,13
248,1,2,1,0,1,1,1,1
248,1,2,1,1,1,1,1,1
248,1,2,1,2,1,1,1,1
248,1,2,2,0,0,1,1,1
248,1,2,2,1,0,1,1,3
248,1,2,2,2,0,1,1,13
248,1,2,3,0,0,1,1,1
248,1,2,3,1,0,1,1,3
248,1,2,3,2,0,1,1,13
248,1,3,1,0,0,1,1,1
248,1,3,1,1,0,1,1,3
248,1,3,1,2,0,1,1,13
248,1,3,2,0,0,1,1,1
248,1,3,2,1,0,1,1,3
248,1,3,2,2,0,1,1,13
248,1,3,3,0,0,1,1,1
248,1,3,3,1,0,1,1,3
248,1,3,3,2,0,1,1,13
248,1,4,1,0,0,1,1,1
248,1,4,1,1,0,1,1,3
248,1,4,1,2,0,1,1,13
248,1,4,2,0,0,1,1,1
248,1,4,2,1,0,1,1,3
248,1,4,2,2,0,1,1,13
248,1,4,3,0,0,1,1,1
248,1,4,3,1,0,1,1,3
248,1,4,3,2,0,1,1,13
248,1,5,1,0,1,1,1,1
248,1,5,1,1,1,1,1,1
248,1,5,1,2,1,1,1,1
248,1,5,2,0,0,1,1,1
248,1,5,2,1,0,1,1,3
248,1,5,2,2,0,1,1,13
248,1,5,3,0,0,1,1,1
248,1,5,3,1,0,1,1,3
248,1,5,3,2,0,1,1,13
248,1,6,1,0,0,1,1,1
248,1,6,1,1,0,1,1,3
248,1,6,1,2,0,1,1,13
248,1,6,2,0,1,1,1,1
248,1,6,2,1,1,1,1,1
248,1,6,2,2,1,1,1,1
248,1,6,3,0,0,1,1,1
248,1,6,3,1,0,1,1,3
248,1,6,3,2,0,1,1,13
248,1,7,1,0,0,1,1,1
248,1,7,1,1,0,1,1,3
248,1,7,1,2,0,1,1,13
248,1,7,2,0,1,1,1,1
248,1,7,2,1,1,1,1,1
248,1,7,2,2,1,1,1,1
248,1,7,3,0,0,1,1,1
248,1,7,3,1,0,1,1,3
248,1,7,3,2,0,1,1,13
248,1,8,1,0,1,1,1,1
248,1,8,1,1,1,1,1,1
248,1,8,1,2,1,1,1,1
248,1,8,2,0,1,1,1,1
248,1,8,2,1,1,1,1,1
248,1,8,2,2,1,1,1,1
248,1,8,3,0,1,1,1,1
248,1,8,3,1,1,1,1,1
248,1,8,3,2,1,1,1,1
249,0,0,1,0,0,1,1,1
249,0,0,1,1,0,1,1,3
249,0,0,1,2,0,1,1,7
249,0,0,2,0,0,1,1,1
249,0,0,2,1,0,1,1,3
249,0,0,2,2,0,1,1,7
249,0,0,3,0,0,1,1,1
249,0,0,3,1,0,1,1,3
249,0,0,3,2,0,1,1,7
249,0,1,1,0,0,1,1,1
249,0,1,1,1,0,1,1,3
249,0,1,1,2,0,1,1,7
249,0,1,2,0,0,1,1,1
249,0,1,2,1,0,1,1,3
249,0,1,2,2,0,1,1,7
249,0,1,3,0,0,1,1,1
249,0,1,3,1,0,1,1,3
249,0,1,3,2,0,1,1,7
249,0,2,1,0,1,1,1,1
249,0,2,1,1,1,1,1,1
249,0,2,1,2,1,1,1,1
249,0,2,2,0,0,1,1,1
249,0,2,2,1,0,1,1,3
249,0,2,2,2,0,1,1,7
249,0,2,3,0,0,1,1,1
249,0,2,3,1,0,1,1,3
249,0,2,3,2,0,1,1,7
249,0,3,1,0,0,1,1,1
249,0,3,1,1,0,1,1,3
249,0,3,1,2,0,1,1,7
249,0,3,2,0,0,1,1,1
249,0,3,2,1,0,1,1,3
249,0,3,2,2,0,1,1,7
249,0,3,3,0,0,1,1,1
249,0,3,3,1,0,1,1,3
249,0,3,3,2,0,1,1,7
249,0,4,1,0,0,1,1,1
249,0,4,1,1,0,1,1,3
249,0,4,1,2,0,1,1,7
249,0,4,2,0,0,1,1,1
249,0,4,2,1,0,1,1,3
249,0,4,2,2,0,1,1,7
249,0,4,3,0,0,1,1,1
249,0,4,3,1,0,1,1,3
249,0,4,3,2,0,1,1,7
249,0,5,1,0,1,1,1,1
249,0,5,1,1,1,1,1,1
249,0,5,1,2,1,1,1,1
249,0,5,2,0,0,1,1,1
249,0,5,2,1,0,1,1,3
249,0,5,2,2,0,1,1,7
249,0,5,3,0,0,1,1,1
249,0,5,3,1,0,1,1,3
249,0,5,3,2,0,1,1,7
249,0,6,1,0,0,1,1,1
249,0,6,1,1,0,1,1,3
249,0,6,1,2,0,1,1,7
249,0,6,2,0,1,1,1,1
249,0,6,2,1,1,1,1,1
249,0,6,2,2,1,1,1,1
249,0,6,3,0,0,1,1,1
249,0,6,3,1,0,1,1,3
249,0,6,3,2,0,1,1,7
249,0,7,1,0,0,1,1,1
249,0,7,1,1,0,1,1,3
249,0,7,1,2,0,1,1,7
249,0,7,2,0,1,1,1,1
249,0,7,2,1,1,1,1,1
249,0,7,2,2,1,1,1,1
249,0,7,3,0,0,1,1,1
249,0,7,3,1,0,1,1,3
249,0,7,3,2,0,1,1,7
249,0,8,1,0,1,1,1,1
249,0,8,1,1,1,1,1,1
249,0,8,1,2,1,1,1,1
249,0,8,2,0,1,1,1,1
249,0,8,2,1,1,1,1,1
249,0,8,2,2,1,1,1,1
249,0,8,3,0,1,1,1,1
249,0,8,3,1,1,1,1,1
249,0,8,3,2,1,1,1,1
249,1,0,1,0,0,1,1,1
249,1,0,1,1,0,1,1,3
249,1,0,1,2,0,1,1,19
249,1,0,2,0,0,1,1,1
249,1,0,2,1,0,1,1,3
249,1,0,2,2,0,1,1,19
249,1,0,3,0,0,1,1,1
249,1,0,3,1,0,1,1,3
249,1,0,3,2,0,1,1,19
249,1,1,1,0,0,1,1,1
249,1,1,1,1,0,1,1,3
249,1,1,1,2,0,1,1,19
249,1,1,2,0,0,1,1,1
249,1,1,2,1,0,1,1,3
249,1,1,2,2,0,1,1,19
249,1,1,3,0,0,1,1,1
249,1,1,3,1,0,1,1,3
249,1,1,3,2,0,1,1,19
249,1,2,1,0,1,1,1,1
249,1,2,1,1,1,1,1,1
249,1,2,1,2,1,1,1,1
249,1,2,2,0,0,1,1,1
249,1,2,2,1,0,1,1,3
249,1,2,2,2,0,1,1,19
249,1,2,3,0,0,1,1,1
249,1,2,3,1,0,1,1,3
249,1,2,3,2,0,1,1,19
249,1,3,1,0,0,1,1,1
249,1,3,1,1,0,1,1,3
249,1,3,1,2,0,1,1,19
249,1,3,2,0,0,1,1,1
249,1,3,2,1,0,1,1,3
249,1,3,2,2,0,1,1,19
249,1,3,3,0,0,1,1,1
249,1,3,3,1,0,1,1,3
249,1,3,3,2,0,1,1,19
249,1,4,1,0,0,1,1,1
249,1,4,1,1,0,1,1,3
249,1,4,1,2,0,1,1,19
249,1,4,2,0,0,1,1,1
249,1,4,2,1,0,1,1,3
249,1,4,2,2,0,1,1,19
249,1,4,3,0,0,1,1,1
249,1,4,3,1,0,1,1,3
249,1,4,3,2,0,1,1,19
249,1,5,1,0,1,1,1,1
249,1,5,1,1,1,1,1,1
249,1,5,1,2,1,1,1,1
249,1,5,2,0,0,1,1,1
249,1,5,2,1,0,1,1,3
249,1,5,2,2,0,1,1,19
249,1,5,3,0,0,1,1,1
249,1,5,3,1,0,1,1,3
249,1,5,3,2,0,1,1,19
249,1,6,1,0,0,1,1,1
249,1,6,1,1,0,1,1,3
249,1,6,1,2,0,1,1,19
249,1,6,2,0,1,1,1,1
249,1,6,2,1,1,1,1,1
249,1,6,2,2,1,1,1,1
249,1,6,3,0,0,1,1,1
249,1,6,3,1,0,1,1,3
249,1,6,3,2,0,1,1,19
249,1,7,1,0,0,1,1,1
249,1,7,1,1,0,1,1,3
249,1,7,1,2,0,1,1,19
249,1,7,2,0,1,1,1,1
249,1,7,2,1,1,1,1,1
249,1,7,2,2,1,1,1,1
249,1,7,3,0,0,1,1,1
249,1,7,3,1,0,1,1,3
249,1,7,3,2,0,1,1,19
249,1,8,1,0,1,1,1,1
249,1,8,1,1,1,1,1,1
249,1,8,1,2,1,1,1,1
249,1,8,2,0,1,1,1,1
249,1,8,2,1,1,1,1,1
249,1,8,2,2,1,1,1,1
249,1,8,3,0,1,1,1,1
249,1,8,3,1,1,1,1,1
249,1,8,3,2,1,1,1,1
250,0,0,1,0,0,1,1,1
250,0,0,1,1,0,1,1,3
250,0,0,1,2,0,1,1,7
250,0,0,2,0,0,1,1,1
250,0,0,2,1,0,1,1,3
250,0,0,2,2,0,1,1,7
250,0,0,3,0,0,1,1,1
250,0,0,3,1,0,1,1,3
250,0,0,3,2,0,1,1,7
250,0,1,1,0,0,1,1,1
250,0,1,1,1,0,1,1,3
250,0,1,1,2,0,1,1,7
250,0,1,2,0,0,1,1,1
250,0,1,2,1,0,1,1,3
250,0,1,2,2,0,1,1,7
250,0,1,3,0,0,1,1,1
250,0,1,3,1,0,1,1,3
250,0,1,3,2,0,1,1,7
250,0,2,1,0,1,1,1,1
250,0,2,1,1,1,1,1,1
250,0,2,1,2,1,1,1,1
250,0,2,2,0,0,1,1,1
250,0,2,2,1,0,1,1,3
250,0,2,2,2,0,1,1,7
250,0,2,3,0,0,1,1,1
250,0,2,3,1,0,1,1,3
250,0,2,3,2,0,1,1,7
250,0,3,1,0,0,1,1,1
250,0,3,1,1,0,1,1,3
250,0,3,1,2,0,1,1,7
250,0,3,2,0,0,1,1,1
250,0,3,2,1,0,1,1,3
250,0,3,2,2,0,1,1,7
250,0,3,3,0,0,1,1,1
250,0,3,3,1,0,1,1,3
250,0,3,3,2,0,1,1,7
250,0,4,1,0,0,1,1,1
250,0,4,1,1,0,1,1,3
250,0,4,1,2,0,1,1,7
250,0,4,2,0,0,1,1,1
250,0,4,2,1,0,1,1,3
250,0,4,2,2,0,1,1,7
250,0,4,3,0,0,1,1,1
250,0,4,3,1,0,1,1,3
250,0,4,3,2,0,1,1,7
250,0,5,1,0,1,1,1,1
250,0,5,1,1,1,1,1,1
250,0,5,1,2,1,1,1,1
250,0,5,2,0,0,1,1,1
250,0,5,2,1,0,1,1,3
250,0,5,2,2,0,1,1,7
250,0,5,3,0,0,1,1,1
250,0,5,3,1,0,1,1,3
250,0,5,3,2,0,1,1,7
250,0,6,1,0,0,1,1,1
250,0,6,1,1,0,1,1,3
250,0,6,1,2,0,1,1,7
250,0,6,2,0,1,1,1,1
250,0,6,2,1,1,1,1,1
250,0,6,2,2,1,1,1,1
250,0,6,3,0,0,1,1,1
250,0,6,3,1,0,1,1,3
250,0,6,3,2,0,1,1,7
250,0,7,1,0,0,1,1,1
250,0,7,1,1,1,1,1,2
250,0,7,1,2,1,1,1,2
250,0,7,2,0,1,1,1,1
250,0,7,2,1,1,1,1,1
250,0,7,2,2,1,1,1,1
250,0,7,3,0,0,1,1,1
250,0,7,3,1,1,1,1,2
250,0,7,3,2,1,1,1,2
250,0,8,1,0,1,1,1,1
250,0,8,1,1,1,1,1,1
250,0,8,1,2,1,1,1,1
250,0,8,2,0,1,1,1,1
250,0,8,2,1,1,1,1,1
250,0,8,2,2,1,1,1,1
250,0,8,3,0,1,1,1,1
250,0,8,3,1,1,1,1,1
250,0,8,3,2,1,1,1,1
250,1,0,1,0,0,1,1,1
250,1,0,1,1,0,1,1,3
250,1,0,1,2,0,1,1,13
250,1,0,2,0,0,1,1,1
250,1,0,2,1,0,1,1,3
250,1,0,2,2,0,1,1,13
250,1,0,3,0,0,1,1,1
250,1,0,3,1,0,1,1,3
250,1,0,3,2,0,1,1,13
250,1,1,1,0,0,1,1,1
250,1,1,1,1,0,1,1,3
250,1,1,1,2,0,1,1,13
250,1,1,2,0,0,1,1,1
250,1,1,2,1,0,1,1,3
250,1,1,2,2,0,1,1,13
250,1,1,3,0,0,1,1,1
250,1,1,3,1,0,1,1,3
250,1,1,3,2,0,1,1,13
250,1,2,1,0,1,1,1,1
250,1,2,1,1,1,1,1,1
250,1,2,1,2,1,1,1,1
250,1,2,2,0,0,1,1,1
250,1,2,2,1,0,1,1,3
250,1,2,2,2,0,1,1,13
250,1,2,3,0,0,1,1,1
250,1,2,3,1,0,1,1,3
250,1,2,3,2,0,1,1,13
250,1,3,1,0,0,1,1,1
250,1,3,1,1,0,1,1,3
250,1,3,1,2,0,1,1,13
250,1,3,2,0,0,1,1,1
250,1,3,2,1,0,1,1,3
250,1,3,2,2,0,1,1,13
250,1,3,3,0,0,1,1,1
250,1,3,3,1,0,1,1,3
250,1,3,3,2,0,1,1,13
250,1,4,1,0,0,1,1,1
250,1,4,1,1,0,1,1,3
250,1,4,1,2,0,1,1,13
250,1,4,2,0,0,1,1,1
250,1,4,2,1,0,1,1,3
250,1,4,2,2,0,1,1,13
250,1,4,3,0,0,1,1,1
250,1,4,3,1,0,1,1,3
250,1,4,3,2,0,1,1,13
250,1,5,1,0,1,1,1,1
250,1,5,1,1,1,1,1,1
250,1,5,1,2,1,1,1,1
250,1,5,2,0,0,1,1,1
250,1,5,2,1,0,1,1,3
250,1,5,2,2,0,1,1,13
250,1,5,3,0,0,1,1,1
250,1,5,3,1,0,1,1,3
250,1,5,3,2,0,1,1,13
250,1,6,1,0,0,1,1,1
250,1,6,1,1,0,1,1,3
250,1,6,1,2,0,1,1,13
250,1,6,2,0,1,1,1,1
250,1,6,2,1,1,1,1,1
250,1,6,2,2,1,1,1,1
250,1,6,3,0,0,1,1,1
250,1,6,3,1,0,1,1,3
250,1,6,3,2,0,1,1,13
250,1,7,1,0,0,1,1,1
250,1,7,1,1,1,1,1,2
250,1,7,1,2,1,1,1,2
250,1,7,2,0,1,1,1,1
250,1,7,2,1,1,1,1,1
250,1,7,2,2,1,1,1,1
250,1,7,3,0,0,1,1,1
250,1,7,3,1,1,1,1,2
250,1,7,3,2,1,1,1,2
250,1,8,1,0,1,1,1,1
250,1,8,1,1,1,1,1,1
250,1,8,1,2,1,1,1,1
250,1,8,2,0,1,1,1,1
250,1,8,2,1,1,1,1,1
250,1,8,2,2,1,1,1,1
250,1,8,3,0,1,1,1,1
250,1,8,3,1,1,1,1,1
250,1,8,3,2,1,1,1,1
251,0,0,1,0,0,1,1,1
251,0,0,1,1,0,1,1,3
251,0,0,1,2,0,1,1,7
251,0,0,2,0,0,1,1,1
251,0,0,2,1,0,1,1,3
251,0,0,2,2,0,1,1,7
251,0,0,3,0,0,1,1,1
251,0,0,3,1,0,1,1,3
251,0,0,3,2,0,1,1,7
251,0,1,1,0,0,1,1,1
251,0,1,1,1,0,1,1,3
251,0,1,1,2,0,1,1,7
251,0,1,2,0,0,1,1,1
251,0,1,2,1,0,1,1,3
251,0,1,2,2,0,1,1,7
251,0,1,3,0,0,1,1,1
251,0,1,3,1,0,1,1,3
251,0,1,3,2,0,1,1,7
251,0,2,1,0,1,1,1,1
251,0,2,1,1,1,1,1,1
251,0,2,1,2,1,1,1,1
251,0,2,2,0,0,1,1,1
251,0,2,2,1,0,1,1,3
251,0,2,2,2,0,1,1,7
251,0,2,3,0,0,1,1,1
251,0,2,3,1,0,1,1,3
251,0,2,3,2,0,1,1,7
251,0,3,1,0,0,1,1,1
251,0,3,1,1,0,1,1,3
251,0,3,1,2,0,1,1,7
251,0,3,2,0,0,1,1,1
251,0,3,2,1,0,1,1,3
251,0,3,2,2,0,1,1,7
251,0,3,3,0,0,1,1,1
251,0,3,3,1,0,1,1,3
251,0,3,3,2,0,1,1,7
251,0,4,1,0,0,1,1,1
251,0,4,1,1,0,1,1,3
251,0,4,1,2,0,1,1,7
251,0,4,2,0,0,1,1,1
251,0,4,2,1,0,1,1,3
251,0,4,2,2,0,1,1,7
251,0,4,3,0,0,1,1,1
251,0,4,3,1,0,1,1,3
251,0,4,3,2,0,1,1,7
251,0,5,1,0,1,1,1,1
251,0,5,1,1,1,1,1,1
251,0,5,1,2,1,1,1,1
251,0,5,2,0,0,1,1,1
251,0,5,2,1,0,1,1,3
251,0,5,2,2,0,1,1,7
251,0,5,3,0,0,1,1,1
251,0,5,3,1,0,1,1,3
251,0,5,3,2,0,1,1,7
251,0,6,1,0,0,1,1,1
251,0,6,1,1,0,1,1,3
251,0,6,1,2,0,1,1,7
251,0,6,2,0,1,1,1,1
251,0,6,2,1,1,1,1,1
251,0,6,2,2,1,1,1,1
251,0,6,3,0,0,1,1,1
251,0,6,3,1,0,1,1,3
251,0,6,3,2,0,1,1,7
251,0,7,1,0,0,1,1,1
251,0,7,1,1,0,1,1,3
251,0,7,1,2,0,1,1,7
251,0,7,2,0,1,1,1,1
251,0,7,2,1,1,1,1,1
251,0,7,2,2,1,1,1,1
251,0,7,3,0,0,1,1,1
251,0,7,3,1,0,1,1,3
251,0,7,3,2,0,1,1,7
251,0,8,1,0,1,1,1,1
251,0,8,1,1,1,1,1,1
251,0,8,1,2,1,1,1,1
251,0,8,2,0,1,1,1,1
251,0,8,2,1,1,1,1,1
251,0,8,2,2,1,1,1,1
251,0,8,3,0,1,1,1,1
251,0,8,3,1,1,1,1,1
251,0,8,3,2,1,1,1,1
251,1,0,1,0,0,1,1,1
251,1,0,1,1,0,1,1,3
251,1,0,1,2,0,1,1,19
251,1,0,2,0,0,1,1,1
251,1,0,2,1,0,1,1,3
251,1,0,2,2,0,1,1,19
251,1,0,3,0,0,1,1,1
251,1,0,3,1,0,1,1,3
251,1,0,3,2,0,1,1,19
251,1,1,1,0,0,1,1,1
251,1,1,1,1,0,1,1,3
251,1,1,1,2,0,1,1,19
251,1,1,2,0,0,1,1,1
251,1,1,2,1,0,1,1,3
251,1,1,2,2,0,1,1,19
251,1,1,3,0,0,1,1,1
251,1,1,3,1,0,1,1,3
251,1,1,3,2,0,1,1,19
251,1,2,1,0,1,1,1,1
251,1,2,1,1,1,1,1,1
251,1,2,1,2,1,1,1,1
251,1,2,2,0,0,1,1,1
251,1,2,2,1,0,1,1,3
251,1,2,2,2,0,1,1,19
251,1,2,3,0,0,1,1,1
251,1,2,3,1,0,1,1,3
251,1,2,3,2,0,1,1,19
251,1,3,1,0,0,1,1,1
251,1,3,1,1,0,1,1,3
251,1,3,1,2,0,1,1,19
251,1,3,2,0,0,1,1,1
251,1,3,2,1,0,1,1,3
251,1,3,2,2,0,1,1,19
251,1,3,3,0,0,1,1,1
251,1,3,3,1,0,1,1,3
251,1,3,3,2,0,1,1,19
251,1,4,1,0,0,1,1,1
251,1,4,1,1,0,1,1,3
251,1,4,1,2,0,1,1,19
251,1,4,2,0,0,1,1,1
251,1,4,2,1,0,1,1,3
251,1,4,2,2,0,1,1,19
251,1,4,3,0,0,1,1,1
251,1,4,3,1,0,1,1,3
251,1,4,3,2,0,1,1,19
251,1,5,1,0,1,1,1,1
251,1,5,1,1,1,1,1,1
251,1,5,1,2,1,1,1,1
251,1,5,2,0,0,1,1,1
251,1,5,2,1,0,1,1,3
251,1,5,2,2,0,1,1,19
251,1,5,3,0,0,1,1,1
251,1,5,3,1,0,1,1,3
251,1,5,3,2,0,1,1,19
251,1,6,1,0,0,1,1,1
251,1,6,1,1,0,1,1,3
251,1,6,1,2,0,1,1,19
251,1,6,2,0,1,1,1,1
251,1,6,2,1,1,1,1,1
251,1,6,2,2,1,1,1,1
251,1,6,3,0,0,1,1,1
251,1,6,3,1,0,1,1,3
251,1,6,3,2,0,1,1,19
251,1,7,1,0,0,1,1,1
251,1,7,1,1,0,1,1,3
251,1,7,1,2,0,1,1,19
251,1,7,2,0,1,1,1,1
251,1,7,2,1,1,1,1,1
251,1,7,2,2,1,1,1,1
251,1,7,3,0,0,1,1,1
251,1,7,3,1,0,1,1,3
251,1,7,3,2,0,1,1,19
251,1,8,1,0,1,1,1,1
251,1,8,1,1,1,1,1,1
251,1,8,1,2,1,1,1,1
251,1,8,2,0,1,1,1,1
251,1,8,2,1,1,1,1,1
251,1,8,2,2,1,1,1,1
251,1,8,3,0,1,1,1,1
251,1,8,3,1,1,1,1,1
251,1,8,3,2,1,1,1,1
252,0,0,1,0,0,1,1,1
252,0,0,1,1,0,1,1,3
252,0,0,1,2,0,1,1,7
252,0,0,2,0,0,1,1,1
252,0,0,2,1,0,1,1,3
252,0,0,2,2,0,1,1,7
252,0,0,3,0,0,1,1,1
252,0,0,3,1,0,1,1,3
252,0,0,3,2,0,1,1,7
252,0,1,1,0,0,1,1,1
252,0,1,1,1,0,1,1,3
252,0,1,1,2,0,1,1,7
252,0,1,2,0,0,1,1,1
252,0,1,2,1,0,1,1,3
252,0,1,2,2,0,1,1,7
252,0,1,3,0,0,1,1,1
252,0,1,3,1,0,1,1,3
252,0,1,3,2,0,1,1,7
252,0,2,1,0,1,1,1,1
252,0,2,1,1,1,1,1,1
252,0,2,1,2,1,1,1,1
252,0,2,2,0,0,1,1,1
252,0,2,2,1,0,1,1,3
252,0,2,2,2,0,1,1,7
252,0,2,3,0,0,1,1,1
252,0,2,3,1,0,1,1,3
252,0,2,3,2,0,1,1,7
252,0,3,1,0,0,1,1,1
252,0,3,1,1,0,1,1,3
252,0,3,1,2,0,1,1,7
252,0,3,2,0,0,1,1,1
252,0,3,2,1,0,1,1,3
252,0,3,2,2,0,1,1,7
252,0,3,3,0,0,1,1,1
252,0,3,3,1,0,1,1,3
252,0,3,3,2,0,1,1,7
252,0,4,1,0,0,1,1,1
252,0,4,1,1,0,1,1,3
252,0,4,1,2,0,1,1,7
252,0,4,2,0,0,1,1,1
252,0,4,2,1,0,1,1,3
252,0,4,2,2,0,1,1,7
252,0,4,3,0,0,1,1,1
252,0,4,3,1,0,1,1,3
252,0,4,3,2,0,1,1,7
252,0,5,1,0,1,1,1,1
252,0,5,1,1,1,1,1,1
252,0,5,1,2,1,1,1,1
252,0,5,2,0,0,1,1,1
252,0,5,2,1,0,1,1,3
252,0,5,2,2,0,1,1,7
252,0,5,3,0,0,1,1,1
252,0,5,3,1,0,1,1,3
252,0,5,3,2,0,1,1,7
252,0,6,1,0,0,1,1,1
252,0,6,1,1,0,1,1,3
252,0,6,1,2,0,1,1,7
252,0,6,2,0,1,1,1,1
252,0,6,2,1,1,1,1,1
252,0,6,2,2,1,1,1,1
252,0,6,3,0,0,1,1,1
252,0,6,3,1,0,1,1,3
252,0,6,3,2,0,1,1,7
252,0,7,1,0,0,1,1,1
252,0,7,1,1,0,1,1,3
252,0,7,1,2,0,1,1,7
252,0,7,2,0,1,1,1,1
252,0,7,2,1,1,1,1,1
252,0,7,2,2,1,1,1,1
252,0,7,3,0,0,1,1,1
252,0,7,3,1,0,1,1,3
252,0,7,3,2,0,1,1,7
252,0,8,1,0,1,1,1,1
252,0,8,1,1,1,1,1,1
252,0,8,1,2,1,1,1,1
252,0,8,2,0,1,1,1,1
252,0,8,2,1,1,1,1,1
252,0,8,2,2,1,1,1,1
252,0,8,3,0,1,1,1,1
252,0,8,3,1,1,1,1,1
252,0,8,3,2,1,1,1,1
252,1,0,1,0,0,1,1,1
252,1,0,1,1,0,1,1,3
252,1,0,1,2,0,1,1,19
252,1,0,2,0,0,1,1,1
252,1,0,2,1,0,1,1,3
252,1,0,2,2,0,1,1,19
252,1,0,3,0,0,1,1,1
252,1,0,3,1,0,1,1,3
252,1,0,3,2,0,1,1,19
252,1,1,1,0,0,1,1,1
252,1,1,1,1,0,1,1,3
252,1,1,1,2,0,1,1,19
252,1,1,2,0,0,1,1,1
252,1,1,2,1,0,1,1,3
252,1,1,2,2,0,1,1,19
252,1,1,3,0,0,1,1,1
252,1,1,3,1,0,1,1,3
252,1,1,3,2,0,1,1,19
252,1,2,1,0,1,1,1,1
252,1,2,1,1,1,1,1,1
252,1,2,1,2,1,1,1,1
252,1,2,2,0,0,1,1,1
252,1,2,2,1,0,1,1,3
252,1,2,2,2,0,1,1,19
252,1,2,3,0,0,1,1,1
252,1,2,3,1,0,1,1,3
252,1,2,3,2,0,1,1,19
252,1,3,1,0,0,1,1,1
252,1,3,1,1,0,1,1,3
252,1,3,1,2,0,1,1,19
252,1,3,2,0,0,1,1,1
252,1,3,2,1,0,1,1,3
252,1,3,2,2,0,1,1,19
252,1,3,3,0,0,1,1,1
252,1,3,3,1,0,1,1,3
252,1,3,3,2,0,1,1,19
252,1,4,1,0,0,1,1,1
252,1,4,1,1,0,1,1,3
252,1,4,1,2,0,1,1,19
252,1,4,2,0,0,1,1,1
252,1,4,2,1,0,1,1,3
252,1,4,2,2,0,1,1,19
252,1,4,3,0,0,1,1,1
252,1,4,3,1,0,1,1,3
252,1,4,3,2,0,1,1,19
252,1,5,1,0,1,1,1,1
252,1,5,1,1,1,1,1,1
252,1,5,1,2,1,1,1,1
252,1,5,2,0,0,1,1,1
252,1,5,2,1,0,1,1,3
252,1,5,2,2,0,1,1,19
252,1,5,3,0,0,1,1,1
252,1,5,3,1,0,1,1,3
252,1,5,3,2,0,1,1,19
252,1,6,1,0,0,1,1,1
252,1,6,1,1,0,1,1,3
252,1,6,1,2,0,1,1,19
252,1,6,2,0,1,1,1,1
252,1,6,2,1,1,1,1,1
252,1,6,2,2,1,1,1,1
252,1,6,3,0,0,1,1,1
252,1,6,3,1,0,1,1,3
252,1,6,3,2,0,1,1,19
252,1,7,1,0,0,1,1,1
252,1,7,1,1,0,1,1,3
252,1,7,1,2,0,1,1,19
252,1,7,2,0,1,1,1,1
252,1,7,2,1,1,1,1,1
252,1,7,2,2,1,1,1,1
252,1,7,3,0,0,1,1,1
252,1,7,3,1,0,1,1,3
252,1,7,3,2,0,1,1,19
252,1,8,1,0,1,1,1,1
252,1,8,1,1,1,1,1,1
252,1,8,1,2,1,1,1,1
252,1,8,2,0,1,1,1,1
252,1,8,2,1,1,1,1,1
252,1,8,2,2,1,1,1,1
252,1,8,3,0,1,1,1,1
252,1,8,3,1,1,1,1,1
252,1,8,3,2,1,1,1,1
253,0,0,1,0,0,1,1,1
253,0,0,1,1,0,1,1,3
253,0,0,1,2,0,1,1,7
253,0,0,2,0,0,1,1,1
253,0,0,2,1,0,1,1,3
253,0,0,2,2,0,1,1,7
253,0,0,3,0,0,1,1,1
253,0,0,3,1,0,1,1,3
253,0,0,3,2,0,1,1,7
253,0,1,1,0,0,1,1,1
253,0,1,1,1,0,1,1,3
253,0,1,1,2,0,1,1,7
253,0,1,2,0,0,1,1,1
253,0,1,2,1,0,1,1,3
253,0,1,2,2,0,1,1,7
253,0,1,3,0,0,1,1,1
253,0,1,3,1,0,1,1,3
253,0,1,3,2,0,1,1,7
253,0,2,1,0,1,1,1,1
253,0,2,1,1,1,1,1,1
253,0,2,1,2,1,1,1,1
253,0,2,2,0,0,1,1,1
253,0,2,2,1,0,1,1,3
253,0,2,2,2,0,1,1,7
253,0,2,3,0,0,1,1,1
253,0,2,3,1,0,1,1,3
253,0,2,3,2,0,1,1,7
253,0,3,1,0,0,1,1,1
253,0,3,1,1,0,1,1,3
253,0,3,1,2,0,1,1,7
253,0,3,2,0,0,1,1,1
253,0,3,2,1,0,1,1,3
253,0,3,2,2,0,1,1,7
253,0,3,3,0,0,1,1,1
253,0,3,3,1,0,1,1,3
253,0,3,3,2,0,1,1,7
253,0,4,1,0,0,1,1,1
253,0,4,1,1,0,1,1,3
253,0,4,1,2,0,1,1,7
253,0,4,2,0,0,1,1,1
253,0,4,2,1,0,1,1,3
253,0,4,2,2,0,1,1,7
253,0,4,3,0,0,1,1,1
253,0,4,3,1,0,1,1,3
253,0,4,3,2,0,1,1,7
253,0,5,1,0,1,1,1,1
253,0,5,1,1,1,1,1,1
253,0,5,1,2,1,1,1,1
253,0,5,2,0,0,1,1,1
253,0,5,2,1,0,1,1,3
253,0,5,2,2,0,1,1,7
253,0,5,3,0,0,1,1,1
253,0,5,3,1,0,1,1,3
253,0,5,3,2,0,1,1,7
253,0,6,1,0,0,1,1,1
253,0,6,1,1,0,1,1,3
253,0,6,1,2,0,1,1,7
253,0,6,2,0,1,1,1,1
253,0,6,2,1,1,1,1,1
253,0,6,2,2,1,1,1,1
253,0,6,3,0,0,1,1,1
253,0,6,3,1,0,1,1,3
253,0,6,3,2,0,1,1,7
253,0,7,1,0,0,1,1,1
253,0,7,1,1,0,1,1,3
253,0,7,1,2,0,1,1,7
253,0,7,2,0,1,1,1,1
253,0,7,2,1,1,1,1,1
253,0,7,2,2,1,1,1,1
253,0,7,3,0,0,1,1,1
253,0,7,3,1,0,1,1,3
253,0,7,3,2,0,1,1,7
253,0,8,1,0,1,1,1,1
253,0,8,1,1,1,1,1,1
253,0,8,1,2,1,1,1,1
253,0,8,2,0,1,1,1,1
253,0,8,2,1,1,1,1,1
253,0,8,2,2,1,1,1,1
253,0,8,3,0,1,1,1,1
253,0,8,3,1,1,1,1,1
253,0,8,3,2,1,1,1,1
253,1,0,1,0,0,1,1,1
253,1,0,1,1,0,1,1,3
253,1,0,1,2,0,1,1,19
253,1,0,2,0,0,1,1,1
253,1,0,2,1,0,1,1,3
253,1,0,2,2,0,1,1,19
253,1,0,3,0,0,1,1,1
253,1,0,3,1,0,1,1,3
253,1,0,3,2,0,1,1,19
253,1,1,1,0,0,1,1,1
253,1,1,1,1,0,1,1,3
253,1,1,1,2,0,1,1,19
253,1,1,2,0,0,1,1,1
253,1,1,2,1,0,1,1,3
253,1,1,2,2,0,1,1,19
253,1,1,3,0,0,1,1,1
253,1,1,3,1,0,1,1,3
253,1,1,3,2,0,1,1,19
253,1,2,1,0,1,1,1,1
253,1,2,1,1,1,1,1,1
253,1,2,1,2,1,1,1,1
253,1,2,2,0,0,1,1,1
253,1,2,2,1,0,1,1,3
253,1,2,2,2,0,1,1,19
253,1,2,3,0,0,1,1,1
253,1,2,3,1,0,1,1,3
253,1,2,3,2,0,1,1,19
253,1,3,1,0,0,1,1,1
253,1,3,1,1,0,1,1,3
253,1,3,1,2,0,1,1,19
253,1,3,2,0,0,1,1,1
253,1,3,2,1,0,1,1,3
253,1,3,2,2,0,1,1,19
253,1,3,3,0,0,1,1,1
253,1,3,3,1,0,1,1,3
253,1,3,3,2,0,1,1,19
253,1,4,1,0,0,1,1,1
253,1,4,1,1,0,1,1,3
253,1,4,1,2,0,1,1,19
253,1,4,2,0,0,1,1,1
253,1,4,2,1,0,1,1,3
253,1,4,2,2,0,1,1,19
253,1,4,3,0,0,1,1,1
253,1,4,3,1,0,1,1,3
253,1,4,3,2,0,1,1,19
253,1,5,1,0,1,1,1,1
253,1,5,1,1,1,1,1,1
253,1,5,1,2,1,1,1,1
253,1,5,2,0,0,1,1,1
253,1,5,2,1,0,1,1,3
253,1,5,2,2,0,1,1,19
253,1,5,3,0,0,1,1,1
253,1,5,3,1,0,1,1,3
253,1,5,3,2,0,1,1,19
253,1,6,1,0,0,1,1,1
253,1,6,1,1,0,1,1,3
253,1,6,1,2,0,1,1,19
253,1,6,2,0,1,1,1,1
253,1,6,2,1,1,1,1,1
253,1,6,2,2,1,1,1,1
253,1,6,3,0,0,1,1,1
253,1,6,3,1,0,1,1,3
253,1,6,3,2,0,1,1,19
253,1,7,1,0,0,1,1,1
253,1,7,1,1,0,1,1,3
253,1,7,1,2,0,1,1,19
253,1,7,2,0,1,1,1,1
253,1,7,2,1,1,1,1,1
253,1,7,2,2,1,1,1,1
253,1,7,3,0,0,1,1,1
253,1,7,3,1,0,1,1,3
253,1,7,3,2,0,1,1,19
253,1,8,1,0,1,1,1,1
253,1,8,1,1,1,1,1,1
253,1,8,1,2,1,1,1,1
253,1,8,2,0,1,1,1,1
253,1,8,2,1,1,1,1,1
253,1,8,2,2,1,1,1,1
253,1,8,3,0,1,1,1,1
253,1,8,3,1,1,1,1,1
253,1,8,3,2,1,1,1,1
254,0,0,1,0,0,1,1,1
254,0,0,1,1,0,1,1,3
254,0,0,1,2,0,1,1,7
254,0,0,2,0,0,1,1,1
254,0,0,2,1,0,1,1,3
254,0,0,2,2,0,1,1,7
254,0,0,3,0,0,1,1,1
254,0,0,3,1,0,1,1,3
254,0,0,3,2,0,1,1,7
254,0,1,1,0,0,1,1,1
254,0,1,1,1,0,1,1,3
254,0,1,1,2,0,1,1,7
254,0,1,2,0,0,1,1,1
254,0,1,2,1,0,1,1,3
254,0,1,2,2,0,1,1,7
254,0,1,3,0,0,1,1,1
254,0,1,3,1,0,1,1,3
254,0,1,3,2,0,1,1,7
254,0,2,1,0,1,1,1,1
254,0,2,1,1,1,1,1,1
254,0,2,1,2,1,1,1,1
254,0,2,2,0,0,1,1,1
254,0,2,2,1,0,1,1,3
254,0,2,2,2,0,1,1,7
254,0,2,3,0,0,1,1,1
254,0,2,3,1,0,1,1,3
254,0,2,3,2,0,1,1,7
254,0,3,1,0,0,1,1,1
254,0,3,1,1,0,1,1,3
254,0,3,1,2,0,1,1,7
254,0,3,2,0,0,1,1,1
254,0,3,2,1,0,1,1,3
254,0,3,2,2,0,1,1,7
254,0,3,3,0,0,1,1,1
254,0,3,3,1,0,1,1,3
254,0,3,3,2,0,1,1,7
254,0,4,1,0,0,1,1,1
254,0,4,1,1,0,1,1,3
254,0,4,1,2,0,1,1,7
254,0,4,2,0,0,1,1,1
254,0,4,2,1,0,1,1,3
254,0,4,2,2,0,1,1,7
254,0,4,3,0,0,1,1,1
254,0,4,3,1,0,1,1,3
254,0,4,3,2,0,1,1,7
254,0,5,1,0,1,1,1,1
254,0,5,1,1,1,1,1,1
254,0,5,1,2,1,1,1,1
254,0,5,2,0,0,1,1,1
254,0,5,2,1,0,1,1,3
254,0,5,2,2,0,1,1,7
254,0,5,3,0,0,1,1,1
254,0,5,3,1,0,1,1,3
254,0,5,3,2,0,1,1,7
254,0,6,1,0,0,1,1,1
254,0,6,1,1,0,1,1,3
254,0,6,1,2,0,1,1,7
254,0,6,2,0,1,1,1,1
254,0,6,2,1,1,1,1,1
254,0,6,2,2,1,1,1,1
254,0,6,3,0,0,1,1,1
254,0,6,3,1,0,1,1,3
254,0,6,3,2,0,1,1,7
254,0,7,1,0,0,1,1,1
254,0,7,1,1,1,1,1,2
254,0,7,1,2,1,1,1,2
254,0,7,2,0,1,1,1,1
254,0,7,2,1,1,1,1,1
254,0,7,2,2,1,1,1,1
254,0,7,3,0,0,1,1,1
254,0,7,3,1,0,1,1,3
254,0,7,3,2,0,1,1,7
254,0,8,1,0,1,1,1,1
254,0,8,1,1,1,1,1,1
254,0,8,1,2,1,1,1,1
254,0,8,2,0,1,1,1,1
254,0,8,2,1,1,1,1,1
254,0,8,2,2,1,1,1,1
254,0,8,3,0,1,1,1,1
254,0,8,3,1,1,1,1,1
254,0,8,3,2,1,1,1,1
254,1,0,1,0,0,1,1,1
254,1,0,1,1,0,1,1,3
254,1,0,1,2,0,1,1,19
254,1,0,2,0,0,1,1,1
254,1,0,2,1,0,1,1,3
254,1,0,2,2,0,1,1,19
254,1,0,3,0,0,1,1,1
254,1,0,3,1,0,1,1,3
254,1,0,3,2,0,1,1,19
254,1,1,1,0,0,1,1,1
254,1,1,1,1,0,1,1,3
254,1,1,1,2,0,1,1,19
254,1,1,2,0,0,1,1,1
254,1,1,2,1,0,1,1,3
254,1,1,2,2,0,1,1,19
254,1,1,3,0,0,1,1,1
254,1,1,3,1,0,1,1,3
254,1,1,3,2,0,1,1,19
254,1,2,1,0,1,1,1,1
254,1,2,1,1,1,1,1,1
254,1,2,1,2,1,1,1,1
254,1,2,2,0,0,1,1,1
254,1,2,2,1,0,1,1,3
254,1,2,2,2,0,1,1,19
254,1,2,3,0,0,1,1,1
254,1,2,3,1,0,1,1,3
254,1,2,3,2,0,1,1,19
254,1,3,1,0,0,1,1,1
254,1,3,1,1,0,1,1,3
254,1,3,1,2,0,1,1,19
254,1,3,2,0,0,1,1,1
254,1,3,2,1,0,1,1,3
254,1,3,2,2,0,1,1,19
254,1,3,3,0,0,1,1,1
254,1,3,3,1,0,1,1,3
254,1,3,3,2,0,1,1,19
254,1,4,1,0,0,1,1,1
254,1,4,1,1,0,1,1,3
254,1,4,1,2,0,1,1,19
254,1,4,2,0,0,1,1,1
254,1,4,2,1,0,1,1,3
254,1,4,2,2,0,1,1,19
254,1,4,3,0,0,1,1,1
254,1,4,3,1,0,1,1,3
254,1,4,3,2,0,1,1,19
254,1,5,1,0,1,1,1,1
254,1,5,1,1,1,1,1,1
254,1,5,1,2,1,1,1,1
254,1,5,2,0,0,1,1,1
254,1,5,2,1,0,1,1,3
254,1,5,2,2,0,1,1,19
254,1,5,3,0,0,1,1,1
254,1,5,3,1,0,1,1,3
254,1,5,3,2,0,1,1,19
254,1,6,1,0,0,1,1,1
254,1,6,1,1,0,1,1,3
254,1,6,1,2,0,1,1,19
254,1,6,2,0,1,1,1,1
254,1,6,2,1,1,1,1,1
254,1,6,2,2,1,1,1,1
254,1,6,3,0,0,1,1,1
254,1,6,3,1,0,1,1,3
254,1,6,3,2,0,1,1,19
254,1,7,1,0,0,1,1,1
254,1,7,1,1,1,1,1,2
254,1,7,1,2,1,1,1,2
254,1,7,2,0,1,1,1,1
254,1,7,2,1,1,1,1,1
254,1,7,2,2,1,1,1,1
254,1,7,3,0,0,1,1,1
254,1,7,3,1,0,1,1,3
254,1,7,3,2,1,1,1,5
254,1,8,1,0,1,1,1,1
254,1,8,1,1,1,1,1,1
254,1,8,1,2,1,1,1,1
254,1,8,2,0,1,1,1,1
254,1,8,2,1,1,1,1,1
254,1,8,2,2,1,1,1,1
254,1,8,3,0,1,1,1,1
254,1,8,3,1,1,1,1,1
254,1,8,3,2,1,1,1,1
255,0,0,1,0,0,1,1,1
255,0,0,1,1,0,1,1,3
255,0,0,1,2,0,1,1,7
255,0,0,2,0,0,1,1,1
255,0,0,2,1,0,1,1,3
255,0,0,2,2,0,1,1,7
255,0,0,3,0,0,1,1,1
255,0,0,3,1,0,1,1,3
255,0,0,3,2,0,1,1,7
255,0,1,1,0,0,1,1,1
255,0,1,1,1,0,1,1,3
255,0,1,1,2,0,1,1,7
255,0,1,2,0,0,1,1,1
255,0,1,2,1,0,1,1,3
255,0,1,2,2,0,1,1,7
255,0,1,3,0,0,1,1,1
255,0,1,3,1,0,1,1,3
255,0,1,3,2,0,1,1,7
255,0,2,1,0,1,1,1,1
255,0,2,1,1,1,1,1,1
255,0,2,1,2,1,1,1,1
255,0,2,2,0,0,1,1,1
255,0,2,2,1,0,1,1,3
255,0,2,2,2,0,1,1,7
255,0,2,3,0,0,1,1,1
255,0,2,3,1,0,1,1,3
255,0,2,3,2,0,1,1,7
255,0,3,1,0,0,1,1,1
255,0,3,1,1,0,1,1,3
255,0,3,1,2,0,1,1,7
255,0,3,2,0,0,1,1,1
255,0,3,2,1,0,1,1,3
255,0,3,2,2,0,1,1,7
255,0,3,3,0,0,1,1,1
255,0,3,3,1,0,1,1,3
255,0,3,3,2,0,1,1,7
255,0,4,1,0,0,1,1,1
255,0,4,1,1,0,1,1,3
255,0,4,1,2,0,1,1,7
255,0,4,2,0,0,1,1,1
255,0,4,2,1,0,1,1,3
255,0,4,2,2,0,1,1,7
255,0,4,3,0,0,1,1,1
255,0,4,3,1,0,1,1,3
255,0,4,3,2,0,1,1,7
255,0,5,1,0,1,1,1,1
255,0,5,1,1,1,1,1,1
255,0,5,1,2,1,1,1,1
255,0,5,2,0,0,1,1,1
255,0,5,2,1,0,1,1,3
255,0,5,2,2,0,1,1,7
255,0,5,3,0,0,1,1,1
255,0,5,3,1,0,1,1,3
255,0,5,3,2,0,1,1,7
255,0,6,1,0,0,1,1,1
255,0,6,1,1,0,1,1,3
255,0,6,1,2,0,1,1,7
255,0,6,2,0,1,1,1,1
255,0,6,2,1,1,1,1,1
255,0,6,2,2,1,1,1,1
255,0,6,3,0,0,1,1,1
255,0,6,3,1,0,1,1,3
255,0,6,3,2,0,1,1,7
255,0,7,1,0,0,1,1,1
255,0,7,1,1,0,1,1,3
255,0,7,1,2,0,1,1,7
255,0,7,2,0,1,1,1,1
255,0,7,2,1,1,1,1,1
255,0,7,2,2,1,1,1,1
255,0,7,3,0,0,1,1,1
255,0,7,3,1,0,1,1,3
255,0,7,3,2,0,1,1,7
255,0,8,1,0,1,1,1,1
255,0,8,1,1,1,1,1,1
255,0,8,1,2,1,1,1,1
255,0,8,2,0,1,1,1,1
255,0,8,2,1,1,1,1,1
255,0,8,2,2,1,1,1,1
255,0,8,3,0,1,1,1,1
255,0,8,3,1,1,1,1,1
255,0,8,3,2,1,1,1,1
255,1,0,1,0,0,1,1,1
255,1,0,1,1,0,1,1,3
255,1,0,1,2,0,1,1,19
255,1,0,2,0,0,1,1,1
255,1,0,2,1,0,1,1,3
255,1,0,2,2,0,1,1,19
255,1,0,3,0,0,1,1,1
255,1,0,3,1,0,1,1,3
255,1,0,3,2,0,1,1,19
255,1,1,1,0,0,1,1,1
255,1,1,1,1,0,1,1,3
255,1,1,1,2,0,1,1,19
255,1,1,2,0,0,1,1,1
255,1,1,2,1,0,1,1,3
255,1,1,2,2,0,1,1,19
255,1,1,3,0,0,1,1,1
255,1,1,3,1,0,1,1,3
255,1,1,3,2,0,1,1,19
255,1,2,1,0,1,1,1,1
255,1,2,1,1,1,1,1,1
255,1,2,1,2,1,1,1,1
255,1,2,2,0,0,1,1,1
255,1,2,2,1,0,1,1,3
255,1,2,2,2,0,1,1,19
255,1,2,3,0,0,1,1,1
255,1,2,3,1,0,1,1,3
255,1,2,3,2,0,1,1,19
255,1,3,1,0,0,1,1,1
255,1,3,1,1,0,1,1,3
255,1,3,1,2,0,1,1,19
255,1,3,2,0,0,1,1,1
255,1,3,2,1,0,1,1,3
255,1,3,2,2,0,1,1,19
255,1,3,3,0,0,1,1,1
255,1,3,3,1,0,1,1,3
255,1,3,3,2,0,1,1,19
255,1,4,1,0,0,1,1,1
255,1,4,1,1,0,1,1,3
255,1,4,1,2,0,1,1,19
255,1,4,2,0,0,1,1,1
255,1,4,2,1,0,1,1,3
255,1,4,2,2,0,1,1,19
255,1,4,3,0,0,1,1,1
255,1,4,3,1,0,1,1,3
255,1,4,3,2,0,1,1,19
255,1,5,1,0,1,1,1,1
255,1,5,1,1,1,1,1,1
255,1,5,1,2,1,1,1,1
255,1,5,2,0,0,1,1,1
255,1,5,2,1,0,1,1,3
255,1,5,2,2,0,1,1,19
255,1,5,3,0,0,1,1,1
255,1,5,3,1,0,1,1,3
255,1,5,3,2,0,1,1,19
255,1,6,1,0,0,1,1,1
255,1,6,1,1,0,1,1,3
255,1,6,1,2,0,1,1,19
255,1,6,2,0,1,1,1,1
255,1,6,2,1,1,1,1,1
255,1,6,2,2,1,1,1,1
255,1,6,3,0,0,1,1,1
255,1,6,3,1,0,1,1,3
255,1,6,3,2,0,1,1,19
255,1,7,1,0,0,1,1,1
255,1,7,1,1,0,1,1,3
255,1,7,1,2,0,1,1,19
255,1,7,2,0,1,1,1,1
255,1,7,2,1,1,1,1,1
255,1,7,2,2,1,1,1,1
255,1,7,3,0,0,1,1,1
255,1,7,3,1,0,1,1,3
255,1,7,3,2,0,1,1,19
255,1,8,1,0,1,1,1,1
255,1,8,1,1,1,1,1,1
255,1,8,1,2,1,1,1,1
255,1,8,2,0,1,1,1,1
255,1,8,2,1,1,1,1,1
255,1,8,2,2,1,1,1,1
255,1,8,3,0,1,1,1,1
255,1,8,3,1,1,1,1,1
255,1,8,3,2,1,1,1,1
