transition_code,observation_map,role_code,belief_mask,horizon,winning,oracle_agrees,checker_agrees,programs_examined
160,0,0,1,0,0,1,1,1
160,0,0,1,1,0,1,1,3
160,0,0,1,2,0,1,1,5
160,0,0,2,0,0,1,1,1
160,0,0,2,1,0,1,1,3
160,0,0,2,2,0,1,1,5
160,0,0,3,0,0,1,1,1
160,0,0,3,1,0,1,1,3
160,0,0,3,2,0,1,1,5
160,0,1,1,0,0,1,1,1
160,0,1,1,1,0,1,1,3
160,0,1,1,2,0,1,1,5
160,0,1,2,0,0,1,1,1
160,0,1,2,1,0,1,1,3
160,0,1,2,2,0,1,1,5
160,0,1,3,0,0,1,1,1
160,0,1,3,1,0,1,1,3
160,0,1,3,2,0,1,1,5
160,0,2,1,0,1,1,1,1
160,0,2,1,1,1,1,1,1
160,0,2,1,2,1,1,1,1
160,0,2,2,0,0,1,1,1
160,0,2,2,1,0,1,1,3
160,0,2,2,2,0,1,1,5
160,0,2,3,0,0,1,1,1
160,0,2,3,1,0,1,1,3
160,0,2,3,2,0,1,1,5
160,0,3,1,0,0,1,1,1
160,0,3,1,1,0,1,1,3
160,0,3,1,2,0,1,1,5
160,0,3,2,0,0,1,1,1
160,0,3,2,1,0,1,1,3
160,0,3,2,2,0,1,1,5
160,0,3,3,0,0,1,1,1
160,0,3,3,1,0,1,1,3
160,0,3,3,2,0,1,1,5
160,0,4,1,0,0,1,1,1
160,0,4,1,1,0,1,1,3
160,0,4,1,2,0,1,1,5
160,0,4,2,0,0,1,1,1
160,0,4,2,1,0,1,1,3
160,0,4,2,2,0,1,1,5
160,0,4,3,0,0,1,1,1
160,0,4,3,1,0,1,1,3
160,0,4,3,2,0,1,1,5
160,0,5,1,0,1,1,1,1
160,0,5,1,1,1,1,1,1
160,0,5,1,2,1,1,1,1
160,0,5,2,0,0,1,1,1
160,0,5,2,1,0,1,1,3
160,0,5,2,2,0,1,1,5
160,0,5,3,0,0,1,1,1
160,0,5,3,1,0,1,1,3
160,0,5,3,2,0,1,1,5
160,0,6,1,0,0,1,1,1
160,0,6,1,1,0,1,1,3
160,0,6,1,2,0,1,1,5
160,0,6,2,0,1,1,1,1
160,0,6,2,1,1,1,1,1
160,0,6,2,2,1,1,1,1
160,0,6,3,0,0,1,1,1
160,0,6,3,1,0,1,1,3
160,0,6,3,2,0,1,1,5
160,0,7,1,0,0,1,1,1
160,0,7,1,1,1,1,1,3
160,0,7,1,2,1,1,1,3
160,0,7,2,0,1,1,1,1
160,0,7,2,1,1,1,1,1
160,0,7,2,2,1,1,1,1
160,0,7,3,0,0,1,1,1
160,0,7,3,1,1,1,1,3
160,0,7,3,2,1,1,1,3
160,0,8,1,0,1,1,1,1
160,0,8,1,1,1,1,1,1
160,0,8,1,2,1,1,1,1
160,0,8,2,0,1,1,1,1
160,0,8,2,1,1,1,1,1
160,0,8,2,2,1,1,1,1
160,0,8,3,0,1,1,1,1
160,0,8,3,1,1,1,1,1
160,0,8,3,2,1,1,1,1
160,1,0,1,0,0,1,1,1
160,1,0,1,1,0,1,1,3
160,1,0,1,2,0,1,1,5
160,1,0,2,0,0,1,1,1
160,1,0,2,1,0,1,1,3
160,1,0,2,2,0,1,1,5
160,1,0,3,0,0,1,1,1
160,1,0,3,1,0,1,1,3
160,1,0,3,2,0,1,1,5
160,1,1,1,0,0,1,1,1
160,1,1,1,1,0,1,1,3
160,1,1,1,2,0,1,1,5
160,1,1,2,0,0,1,1,1
160,1,1,2,1,0,1,1,3
160,1,1,2,2,0,1,1,5
160,1,1,3,0,0,1,1,1
160,1,1,3,1,0,1,1,3
160,1,1,3,2,0,1,1,5
160,1,2,1,0,1,1,1,1
160,1,2,1,1,1,1,1,1
160,1,2,1,2,1,1,1,1
160,1,2,2,0,0,1,1,1
160,1,2,2,1,0,1,1,3
160,1,2,2,2,0,1,1,5
160,1,2,3,0,0,1,1,1
160,1,2,3,1,0,1,1,3
160,1,2,3,2,0,1,1,5
160,1,3,1,0,0,1,1,1
160,1,3,1,1,0,1,1,3
160,1,3,1,2,0,1,1,5
160,1,3,2,0,0,1,1,1
160,1,3,2,1,0,1,1,3
160,1,3,2,2,0,1,1,5
160,1,3,3,0,0,1,1,1
160,1,3,3,1,0,1,1,3
160,1,3,3,2,0,1,1,5
160,1,4,1,0,0,1,1,1
160,1,4,1,1,0,1,1,3
160,1,4,1,2,0,1,1,5
160,1,4,2,0,0,1,1,1
160,1,4,2,1,0,1,1,3
160,1,4,2,2,0,1,1,5
160,1,4,3,0,0,1,1,1
160,1,4,3,1,0,1,1,3
160,1,4,3,2,0,1,1,5
160,1,5,1,0,1,1,1,1
160,1,5,1,1,1,1,1,1
160,1,5,1,2,1,1,1,1
160,1,5,2,0,0,1,1,1
160,1,5,2,1,0,1,1,3
160,1,5,2,2,0,1,1,5
160,1,5,3,0,0,1,1,1
160,1,5,3,1,0,1,1,3
160,1,5,3,2,0,1,1,5
160,1,6,1,0,0,1,1,1
160,1,6,1,1,0,1,1,3
160,1,6,1,2,0,1,1,5
160,1,6,2,0,1,1,1,1
160,1,6,2,1,1,1,1,1
160,1,6,2,2,1,1,1,1
160,1,6,3,0,0,1,1,1
160,1,6,3,1,0,1,1,3
160,1,6,3,2,0,1,1,5
160,1,7,1,0,0,1,1,1
160,1,7,1,1,1,1,1,3
160,1,7,1,2,1,1,1,3
160,1,7,2,0,1,1,1,1
160,1,7,2,1,1,1,1,1
160,1,7,2,2,1,1,1,1
160,1,7,3,0,0,1,1,1
160,1,7,3,1,1,1,1,3
160,1,7,3,2,1,1,1,3
160,1,8,1,0,1,1,1,1
160,1,8,1,1,1,1,1,1
160,1,8,1,2,1,1,1,1
160,1,8,2,0,1,1,1,1
160,1,8,2,1,1,1,1,1
160,1,8,2,2,1,1,1,1
160,1,8,3,0,1,1,1,1
160,1,8,3,1,1,1,1,1
160,1,8,3,2,1,1,1,1
161,0,0,1,0,0,1,1,1
161,0,0,1,1,0,1,1,3
161,0,0,1,2,0,1,1,7
161,0,0,2,0,0,1,1,1
161,0,0,2,1,0,1,1,3
161,0,0,2,2,0,1,1,7
161,0,0,3,0,0,1,1,1
161,0,0,3,1,0,1,1,3
161,0,0,3,2,0,1,1,7
161,0,1,1,0,0,1,1,1
161,0,1,1,1,0,1,1,3
161,0,1,1,2,0,1,1,7
161,0,1,2,0,0,1,1,1
161,0,1,2,1,0,1,1,3
161,0,1,2,2,0,1,1,7
161,0,1,3,0,0,1,1,1
161,0,1,3,1,0,1,1,3
161,0,1,3,2,0,1,1,7
161,0,2,1,0,1,1,1,1
161,0,2,1,1,1,1,1,1
161,0,2,1,2,1,1,1,1
161,0,2,2,0,0,1,1,1
161,0,2,2,1,0,1,1,3
161,0,2,2,2,0,1,1,7
161,0,2,3,0,0,1,1,1
161,0,2,3,1,0,1,1,3
161,0,2,3,2,0,1,1,7
161,0,3,1,0,0,1,1,1
161,0,3,1,1,0,1,1,3
161,0,3,1,2,0,1,1,7
161,0,3,2,0,0,1,1,1
161,0,3,2,1,0,1,1,3
161,0,3,2,2,0,1,1,7
161,0,3,3,0,0,1,1,1
161,0,3,3,1,0,1,1,3
161,0,3,3,2,0,1,1,7
161,0,4,1,0,0,1,1,1
161,0,4,1,1,0,1,1,3
161,0,4,1,2,0,1,1,7
161,0,4,2,0,0,1,1,1
161,0,4,2,1,0,1,1,3
161,0,4,2,2,0,1,1,7
161,0,4,3,0,0,1,1,1
161,0,4,3,1,0,1,1,3
161,0,4,3,2,0,1,1,7
161,0,5,1,0,1,1,1,1
161,0,5,1,1,1,1,1,1
161,0,5,1,2,1,1,1,1
161,0,5,2,0,0,1,1,1
161,0,5,2,1,0,1,1,3
161,0,5,2,2,0,1,1,7
161,0,5,3,0,0,1,1,1
161,0,5,3,1,0,1,1,3
161,0,5,3,2,0,1,1,7
161,0,6,1,0,0,1,1,1
161,0,6,1,1,0,1,1,3
161,0,6,1,2,0,1,1,7
161,0,6,2,0,1,1,1,1
161,0,6,2,1,1,1,1,1
161,0,6,2,2,1,1,1,1
161,0,6,3,0,0,1,1,1
161,0,6,3,1,0,1,1,3
161,0,6,3,2,0,1,1,7
161,0,7,1,0,0,1,1,1
161,0,7,1,1,1,1,1,3
161,0,7,1,2,1,1,1,4
161,0,7,2,0,1,1,1,1
161,0,7,2,1,1,1,1,1
161,0,7,2,2,1,1,1,1
161,0,7,3,0,0,1,1,1
161,0,7,3,1,1,1,1,3
161,0,7,3,2,1,1,1,5
161,0,8,1,0,1,1,1,1
161,0,8,1,1,1,1,1,1
161,0,8,1,2,1,1,1,1
161,0,8,2,0,1,1,1,1
161,0,8,2,1,1,1,1,1
161,0,8,2,2,1,1,1,1
161,0,8,3,0,1,1,1,1
161,0,8,3,1,1,1,1,1
161,0,8,3,2,1,1,1,1
161,1,0,1,0,0,1,1,1
161,1,0,1,1,0,1,1,3
161,1,0,1,2,0,1,1,7
161,1,0,2,0,0,1,1,1
161,1,0,2,1,0,1,1,3
161,1,0,2,2,0,1,1,7
161,1,0,3,0,0,1,1,1
161,1,0,3,1,0,1,1,3
161,1,0,3,2,0,1,1,7
161,1,1,1,0,0,1,1,1
161,1,1,1,1,0,1,1,3
161,1,1,1,2,0,1,1,7
161,1,1,2,0,0,1,1,1
161,1,1,2,1,0,1,1,3
161,1,1,2,2,0,1,1,7
161,1,1,3,0,0,1,1,1
161,1,1,3,1,0,1,1,3
161,1,1,3,2,0,1,1,7
161,1,2,1,0,1,1,1,1
161,1,2,1,1,1,1,1,1
161,1,2,1,2,1,1,1,1
161,1,2,2,0,0,1,1,1
161,1,2,2,1,0,1,1,3
161,1,2,2,2,0,1,1,7
161,1,2,3,0,0,1,1,1
161,1,2,3,1,0,1,1,3
161,1,2,3,2,0,1,1,7
161,1,3,1,0,0,1,1,1
161,1,3,1,1,0,1,1,3
161,1,3,1,2,0,1,1,7
161,1,3,2,0,0,1,1,1
161,1,3,2,1,0,1,1,3
161,1,3,2,2,0,1,1,7
161,1,3,3,0,0,1,1,1
161,1,3,3,1,0,1,1,3
161,1,3,3,2,0,1,1,7
161,1,4,1,0,0,1,1,1
161,1,4,1,1,0,1,1,3
161,1,4,1,2,0,1,1,7
161,1,4,2,0,0,1,1,1
161,1,4,2,1,0,1,1,3
161,1,4,2,2,0,1,1,7
161,1,4,3,0,0,1,1,1
161,1,4,3,1,0,1,1,3
161,1,4,3,2,0,1,1,7
161,1,5,1,0,1,1,1,1
161,1,5,1,1,1,1,1,1
161,1,5,1,2,1,1,1,1
161,1,5,2,0,0,1,1,1
161,1,5,2,1,0,1,1,3
161,1,5,2,2,0,1,1,7
161,1,5,3,0,0,1,1,1
161,1,5,3,1,0,1,1,3
161,1,5,3,2,0,1,1,7
161,1,6,1,0,0,1,1,1
161,1,6,1,1,0,1,1,3
161,1,6,1,2,0,1,1,7
161,1,6,2,0,1,1,1,1
161,1,6,2,1,1,1,1,1
161,1,6,2,2,1,1,1,1
161,1,6,3,0,0,1,1,1
161,1,6,3,1,0,1,1,3
161,1,6,3,2,0,1,1,7
161,1,7,1,0,0,1,1,1
161,1,7,1,1,1,1,1,3
161,1,7,1,2,1,1,1,4
161,1,7,2,0,1,1,1,1
161,1,7,2,1,1,1,1,1
161,1,7,2,2,1,1,1,1
161,1,7,3,0,0,1,1,1
161,1,7,3,1,1,1,1,3
161,1,7,3,2,1,1,1,5
161,1,8,1,0,1,1,1,1
161,1,8,1,1,1,1,1,1
161,1,8,1,2,1,1,1,1
161,1,8,2,0,1,1,1,1
161,1,8,2,1,1,1,1,1
161,1,8,2,2,1,1,1,1
161,1,8,3,0,1,1,1,1
161,1,8,3,1,1,1,1,1
161,1,8,3,2,1,1,1,1
162,0,0,1,0,0,1,1,1
162,0,0,1,1,0,1,1,3
162,0,0,1,2,0,1,1,7
162,0,0,2,0,0,1,1,1
162,0,0,2,1,0,1,1,3
162,0,0,2,2,0,1,1,7
162,0,0,3,0,0,1,1,1
162,0,0,3,1,0,1,1,3
162,0,0,3,2,0,1,1,7
162,0,1,1,0,0,1,1,1
162,0,1,1,1,0,1,1,3
162,0,1,1,2,0,1,1,7
162,0,1,2,0,0,1,1,1
162,0,1,2,1,0,1,1,3
162,0,1,2,2,0,1,1,7
162,0,1,3,0,0,1,1,1
162,0,1,3,1,0,1,1,3
162,0,1,3,2,0,1,1,7
162,0,2,1,0,1,1,1,1
162,0,2,1,1,1,1,1,1
162,0,2,1,2,1,1,1,1
162,0,2,2,0,0,1,1,1
162,0,2,2,1,0,1,1,3
162,0,2,2,2,0,1,1,7
162,0,2,3,0,0,1,1,1
162,0,2,3,1,0,1,1,3
162,0,2,3,2,0,1,1,7
162,0,3,1,0,0,1,1,1
162,0,3,1,1,0,1,1,3
162,0,3,1,2,0,1,1,7
162,0,3,2,0,0,1,1,1
162,0,3,2,1,0,1,1,3
162,0,3,2,2,0,1,1,7
162,0,3,3,0,0,1,1,1
162,0,3,3,1,0,1,1,3
162,0,3,3,2,0,1,1,7
162,0,4,1,0,0,1,1,1
162,0,4,1,1,0,1,1,3
162,0,4,1,2,0,1,1,7
162,0,4,2,0,0,1,1,1
162,0,4,2,1,0,1,1,3
162,0,4,2,2,0,1,1,7
162,0,4,3,0,0,1,1,1
162,0,4,3,1,0,1,1,3
162,0,4,3,2,0,1,1,7
162,0,5,1,0,1,1,1,1
162,0,5,1,1,1,1,1,1
162,0,5,1,2,1,1,1,1
162,0,5,2,0,0,1,1,1
162,0,5,2,1,0,1,1,3
162,0,5,2,2,0,1,1,7
162,0,5,3,0,0,1,1,1
162,0,5,3,1,0,1,1,3
162,0,5,3,2,0,1,1,7
162,0,6,1,0,0,1,1,1
162,0,6,1,1,0,1,1,3
162,0,6,1,2,0,1,1,7
162,0,6,2,0,1,1,1,1
162,0,6,2,1,1,1,1,1
162,0,6,2,2,1,1,1,1
162,0,6,3,0,0,1,1,1
162,0,6,3,1,0,1,1,3
162,0,6,3,2,0,1,1,7
162,0,7,1,0,0,1,1,1
162,0,7,1,1,1,1,1,2
162,0,7,1,2,1,1,1,2
162,0,7,2,0,1,1,1,1
162,0,7,2,1,1,1,1,1
162,0,7,2,2,1,1,1,1
162,0,7,3,0,0,1,1,1
162,0,7,3,1,1,1,1,3
162,0,7,3,2,1,1,1,5
162,0,8,1,0,1,1,1,1
162,0,8,1,1,1,1,1,1
162,0,8,1,2,1,1,1,1
162,0,8,2,0,1,1,1,1
162,0,8,2,1,1,1,1,1
162,0,8,2,2,1,1,1,1
162,0,8,3,0,1,1,1,1
162,0,8,3,1,1,1,1,1
162,0,8,3,2,1,1,1,1
162,1,0,1,0,0,1,1,1
162,1,0,1,1,0,1,1,3
162,1,0,1,2,0,1,1,7
162,1,0,2,0,0,1,1,1
162,1,0,2,1,0,1,1,3
162,1,0,2,2,0,1,1,7
162,1,0,3,0,0,1,1,1
162,1,0,3,1,0,1,1,3
162,1,0,3,2,0,1,1,7
162,1,1,1,0,0,1,1,1
162,1,1,1,1,0,1,1,3
162,1,1,1,2,0,1,1,7
162,1,1,2,0,0,1,1,1
162,1,1,2,1,0,1,1,3
162,1,1,2,2,0,1,1,7
162,1,1,3,0,0,1,1,1
162,1,1,3,1,0,1,1,3
162,1,1,3,2,0,1,1,7
162,1,2,1,0,1,1,1,1
162,1,2,1,1,1,1,1,1
162,1,2,1,2,1,1,1,1
162,1,2,2,0,0,1,1,1
162,1,2,2,1,0,1,1,3
162,1,2,2,2,0,1,1,7
162,1,2,3,0,0,1,1,1
162,1,2,3,1,0,1,1,3
162,1,2,3,2,0,1,1,7
162,1,3,1,0,0,1,1,1
162,1,3,1,1,0,1,1,3
162,1,3,1,2,0,1,1,7
162,1,3,2,0,0,1,1,1
162,1,3,2,1,0,1,1,3
162,1,3,2,2,0,1,1,7
162,1,3,3,0,0,1,1,1
162,1,3,3,1,0,1,1,3
162,1,3,3,2,0,1,1,7
162,1,4,1,0,0,1,1,1
162,1,4,1,1,0,1,1,3
162,1,4,1,2,0,1,1,7
162,1,4,2,0,0,1,1,1
162,1,4,2,1,0,1,1,3
162,1,4,2,2,0,1,1,7
162,1,4,3,0,0,1,1,1
162,1,4,3,1,0,1,1,3
162,1,4,3,2,0,1,1,7
162,1,5,1,0,1,1,1,1
162,1,5,1,1,1,1,1,1
162,1,5,1,2,1,1,1,1
162,1,5,2,0,0,1,1,1
162,1,5,2,1,0,1,1,3
162,1,5,2,2,0,1,1,7
162,1,5,3,0,0,1,1,1
162,1,5,3,1,0,1,1,3
162,1,5,3,2,0,1,1,7
162,1,6,1,0,0,1,1,1
162,1,6,1,1,0,1,1,3
162,1,6,1,2,0,1,1,7
162,1,6,2,0,1,1,1,1
162,1,6,2,1,1,1,1,1
162,1,6,2,2,1,1,1,1
162,1,6,3,0,0,1,1,1
162,1,6,3,1,0,1,1,3
162,1,6,3,2,0,1,1,7
162,1,7,1,0,0,1,1,1
162,1,7,1,1,1,1,1,2
162,1,7,1,2,1,1,1,2
162,1,7,2,0,1,1,1,1
162,1,7,2,1,1,1,1,1
162,1,7,2,2,1,1,1,1
162,1,7,3,0,0,1,1,1
162,1,7,3,1,1,1,1,3
162,1,7,3,2,1,1,1,5
162,1,8,1,0,1,1,1,1
162,1,8,1,1,1,1,1,1
162,1,8,1,2,1,1,1,1
162,1,8,2,0,1,1,1,1
162,1,8,2,1,1,1,1,1
162,1,8,2,2,1,1,1,1
162,1,8,3,0,1,1,1,1
162,1,8,3,1,1,1,1,1
162,1,8,3,2,1,1,1,1
163,0,0,1,0,0,1,1,1
163,0,0,1,1,0,1,1,3
163,0,0,1,2,0,1,1,7
163,0,0,2,0,0,1,1,1
163,0,0,2,1,0,1,1,3
163,0,0,2,2,0,1,1,7
163,0,0,3,0,0,1,1,1
163,0,0,3,1,0,1,1,3
163,0,0,3,2,0,1,1,7
163,0,1,1,0,0,1,1,1
163,0,1,1,1,0,1,1,3
163,0,1,1,2,0,1,1,7
163,0,1,2,0,0,1,1,1
163,0,1,2,1,0,1,1,3
163,0,1,2,2,0,1,1,7
163,0,1,3,0,0,1,1,1
163,0,1,3,1,0,1,1,3
163,0,1,3,2,0,1,1,7
163,0,2,1,0,1,1,1,1
163,0,2,1,1,1,1,1,1
163,0,2,1,2,1,1,1,1
163,0,2,2,0,0,1,1,1
163,0,2,2,1,0,1,1,3
163,0,2,2,2,0,1,1,7
163,0,2,3,0,0,1,1,1
163,0,2,3,1,0,1,1,3
163,0,2,3,2,0,1,1,7
163,0,3,1,0,0,1,1,1
163,0,3,1,1,0,1,1,3
163,0,3,1,2,0,1,1,7
163,0,3,2,0,0,1,1,1
163,0,3,2,1,0,1,1,3
163,0,3,2,2,0,1,1,7
163,0,3,3,0,0,1,1,1
163,0,3,3,1,0,1,1,3
163,0,3,3,2,0,1,1,7
163,0,4,1,0,0,1,1,1
163,0,4,1,1,0,1,1,3
163,0,4,1,2,0,1,1,7
163,0,4,2,0,0,1,1,1
163,0,4,2,1,0,1,1,3
163,0,4,2,2,0,1,1,7
163,0,4,3,0,0,1,1,1
163,0,4,3,1,0,1,1,3
163,0,4,3,2,0,1,1,7
163,0,5,1,0,1,1,1,1
163,0,5,1,1,1,1,1,1
163,0,5,1,2,1,1,1,1
163,0,5,2,0,0,1,1,1
163,0,5,2,1,0,1,1,3
163,0,5,2,2,0,1,1,7
163,0,5,3,0,0,1,1,1
163,0,5,3,1,0,1,1,3
163,0,5,3,2,0,1,1,7
163,0,6,1,0,0,1,1,1
163,0,6,1,1,0,1,1,3
163,0,6,1,2,0,1,1,7
163,0,6,2,0,1,1,1,1
163,0,6,2,1,1,1,1,1
163,0,6,2,2,1,1,1,1
163,0,6,3,0,0,1,1,1
163,0,6,3,1,0,1,1,3
163,0,6,3,2,0,1,1,7
163,0,7,1,0,0,1,1,1
163,0,7,1,1,1,1,1,3
163,0,7,1,2,1,1,1,4
163,0,7,2,0,1,1,1,1
163,0,7,2,1,1,1,1,1
163,0,7,2,2,1,1,1,1
163,0,7,3,0,0,1,1,1
163,0,7,3,1,1,1,1,3
163,0,7,3,2,1,1,1,5
163,0,8,1,0,1,1,1,1
163,0,8,1,1,1,1,1,1
163,0,8,1,2,1,1,1,1
163,0,8,2,0,1,1,1,1
163,0,8,2,1,1,1,1,1
163,0,8,2,2,1,1,1,1
163,0,8,3,0,1,1,1,1
163,0,8,3,1,1,1,1,1
163,0,8,3,2,1,1,1,1
163,1,0,1,0,0,1,1,1
163,1,0,1,1,0,1,1,3
163,1,0,1,2,0,1,1,13
163,1,0,2,0,0,1,1,1
163,1,0,2,1,0,1,1,3
163,1,0,2,2,0,1,1,13
163,1,0,3,0,0,1,1,1
163,1,0,3,1,0,1,1,3
163,1,0,3,2,0,1,1,13
163,1,1,1,0,0,1,1,1
163,1,1,1,1,0,1,1,3
163,1,1,1,2,0,1,1,13
163,1,1,2,0,0,1,1,1
163,1,1,2,1,0,1,1,3
163,1,1,2,2,0,1,1,13
163,1,1,3,0,0,1,1,1
163,1,1,3,1,0,1,1,3
163,1,1,3,2,0,1,1,13
163,1,2,1,0,1,1,1,1
163,1,2,1,1,1,1,1,1
163,1,2,1,2,1,1,1,1
163,1,2,2,0,0,1,1,1
163,1,2,2,1,0,1,1,3
163,1,2,2,2,0,1,1,13
163,1,2,3,0,0,1,1,1
163,1,2,3,1,0,1,1,3
163,1,2,3,2,0,1,1,13
163,1,3,1,0,0,1,1,1
163,1,3,1,1,0,1,1,3
163,1,3,1,2,0,1,1,13
163,1,3,2,0,0,1,1,1
163,1,3,2,1,0,1,1,3
163,1,3,2,2,0,1,1,13
163,1,3,3,0,0,1,1,1
163,1,3,3,1,0,1,1,3
163,1,3,3,2,0,1,1,13
163,1,4,1,0,0,1,1,1
163,1,4,1,1,0,1,1,3
163,1,4,1,2,0,1,1,13
163,1,4,2,0,0,1,1,1
163,1,4,2,1,0,1,1,3
163,1,4,2,2,0,1,1,13
163,1,4,3,0,0,1,1,1
163,1,4,3,1,0,1,1,3
163,1,4,3,2,0,1,1,13
163,1,5,1,0,1,1,1,1
163,1,5,1,1,1,1,1,1
163,1,5,1,2,1,1,1,1
163,1,5,2,0,0,1,1,1
163,1,5,2,1,0,1,1,3
163,1,5,2,2,0,1,1,13
163,1,5,3,0,0,1,1,1
163,1,5,3,1,0,1,1,3
163,1,5,3,2,0,1,1,13
163,1,6,1,0,0,1,1,1
163,1,6,1,1,0,1,1,3
163,1,6,1,2,0,1,1,13
163,1,6,2,0,1,1,1,1
163,1,6,2,1,1,1,1,1
163,1,6,2,2,1,1,1,1
163,1,6,3,0,0,1,1,1
163,1,6,3,1,0,1,1,3
163,1,6,3,2,0,1,1,13
163,1,7,1,0,0,1,1,1
163,1,7,1,1,1,1,1,3
163,1,7,1,2,1,1,1,8
163,1,7,2,0,1,1,1,1
163,1,7,2,1,1,1,1,1
163,1,7,2,2,1,1,1,1
163,1,7,3,0,0,1,1,1
163,1,7,3,1,1,1,1,3
163,1,7,3,2,1,1,1,11
163,1,8,1,0,1,1,1,1
163,1,8,1,1,1,1,1,1
163,1,8,1,2,1,1,1,1
163,1,8,2,0,1,1,1,1
163,1,8,2,1,1,1,1,1
163,1,8,2,2,1,1,1,1
163,1,8,3,0,1,1,1,1
163,1,8,3,1,1,1,1,1
163,1,8,3,2,1,1,1,1
164,0,0,1,0,0,1,1,1
164,0,0,1,1,0,1,1,3
164,0,0,1,2,0,1,1,7
164,0,0,2,0,0,1,1,1
164,0,0,2,1,0,1,1,3
164,0,0,2,2,0,1,1,7
164,0,0,3,0,0,1,1,1
164,0,0,3,1,0,1,1,3
164,0,0,3,2,0,1,1,7
164,0,1,1,0,0,1,1,1
164,0,1,1,1,0,1,1,3
164,0,1,1,2,0,1,1,7
164,0,1,2,0,0,1,1,1
164,0,1,2,1,0,1,1,3
164,0,1,2,2,0,1,1,7
164,0,1,3,0,0,1,1,1
164,0,1,3,1,0,1,1,3
164,0,1,3,2,0,1,1,7
164,0,2,1,0,1,1,1,1
164,0,2,1,1,1,1,1,1
164,0,2,1,2,1,1,1,1
164,0,2,2,0,0,1,1,1
164,0,2,2,1,0,1,1,3
164,0,2,2,2,0,1,1,7
164,0,2,3,0,0,1,1,1
164,0,2,3,1,0,1,1,3
164,0,2,3,2,0,1,1,7
164,0,3,1,0,0,1,1,1
164,0,3,1,1,0,1,1,3
164,0,3,1,2,0,1,1,7
164,0,3,2,0,0,1,1,1
164,0,3,2,1,0,1,1,3
164,0,3,2,2,0,1,1,7
164,0,3,3,0,0,1,1,1
164,0,3,3,1,0,1,1,3
164,0,3,3,2,0,1,1,7
164,0,4,1,0,0,1,1,1
164,0,4,1,1,0,1,1,3
164,0,4,1,2,0,1,1,7
164,0,4,2,0,0,1,1,1
164,0,4,2,1,0,1,1,3
164,0,4,2,2,0,1,1,7
164,0,4,3,0,0,1,1,1
164,0,4,3,1,0,1,1,3
164,0,4,3,2,0,1,1,7
164,0,5,1,0,1,1,1,1
164,0,5,1,1,1,1,1,1
164,0,5,1,2,1,1,1,1
164,0,5,2,0,0,1,1,1
164,0,5,2,1,1,1,1,2
164,0,5,2,2,1,1,1,2
164,0,5,3,0,0,1,1,1
164,0,5,3,1,0,1,1,3
164,0,5,3,2,1,1,1,6
164,0,6,1,0,0,1,1,1
164,0,6,1,1,0,1,1,3
164,0,6,1,2,0,1,1,7
164,0,6,2,0,1,1,1,1
164,0,6,2,1,1,1,1,1
164,0,6,2,2,1,1,1,1
164,0,6,3,0,0,1,1,1
164,0,6,3,1,0,1,1,3
164,0,6,3,2,0,1,1,7
164,0,7,1,0,0,1,1,1
164,0,7,1,1,1,1,1,3
164,0,7,1,2,1,1,1,5
164,0,7,2,0,1,1,1,1
164,0,7,2,1,1,1,1,1
164,0,7,2,2,1,1,1,1
164,0,7,3,0,0,1,1,1
164,0,7,3,1,1,1,1,3
164,0,7,3,2,1,1,1,5
164,0,8,1,0,1,1,1,1
164,0,8,1,1,1,1,1,1
164,0,8,1,2,1,1,1,1
164,0,8,2,0,1,1,1,1
164,0,8,2,1,1,1,1,1
164,0,8,2,2,1,1,1,1
164,0,8,3,0,1,1,1,1
164,0,8,3,1,1,1,1,1
164,0,8,3,2,1,1,1,1
164,1,0,1,0,0,1,1,1
164,1,0,1,1,0,1,1,3
164,1,0,1,2,0,1,1,7
164,1,0,2,0,0,1,1,1
164,1,0,2,1,0,1,1,3
164,1,0,2,2,0,1,1,7
164,1,0,3,0,0,1,1,1
164,1,0,3,1,0,1,1,3
164,1,0,3,2,0,1,1,7
164,1,1,1,0,0,1,1,1
164,1,1,1,1,0,1,1,3
164,1,1,1,2,0,1,1,7
164,1,1,2,0,0,1,1,1
164,1,1,2,1,0,1,1,3
164,1,1,2,2,0,1,1,7
164,1,1,3,0,0,1,1,1
164,1,1,3,1,0,1,1,3
164,1,1,3,2,0,1,1,7
164,1,2,1,0,1,1,1,1
164,1,2,1,1,1,1,1,1
164,1,2,1,2,1,1,1,1
164,1,2,2,0,0,1,1,1
164,1,2,2,1,0,1,1,3
164,1,2,2,2,0,1,1,7
164,1,2,3,0,0,1,1,1
164,1,2,3,1,0,1,1,3
164,1,2,3,2,0,1,1,7
164,1,3,1,0,0,1,1,1
164,1,3,1,1,0,1,1,3
164,1,3,1,2,0,1,1,7
164,1,3,2,0,0,1,1,1
164,1,3,2,1,0,1,1,3
164,1,3,2,2,0,1,1,7
164,1,3,3,0,0,1,1,1
164,1,3,3,1,0,1,1,3
164,1,3,3,2,0,1,1,7
164,1,4,1,0,0,1,1,1
164,1,4,1,1,0,1,1,3
164,1,4,1,2,0,1,1,7
164,1,4,2,0,0,1,1,1
164,1,4,2,1,0,1,1,3
164,1,4,2,2,0,1,1,7
164,1,4,3,0,0,1,1,1
164,1,4,3,1,0,1,1,3
164,1,4,3,2,0,1,1,7
164,1,5,1,0,1,1,1,1
164,1,5,1,1,1,1,1,1
164,1,5,1,2,1,1,1,1
164,1,5,2,0,0,1,1,1
164,1,5,2,1,1,1,1,2
164,1,5,2,2,1,1,1,2
164,1,5,3,0,0,1,1,1
164,1,5,3,1,0,1,1,3
164,1,5,3,2,1,1,1,6
164,1,6,1,0,0,1,1,1
164,1,6,1,1,0,1,1,3
164,1,6,1,2,0,1,1,7
164,1,6,2,0,1,1,1,1
164,1,6,2,1,1,1,1,1
164,1,6,2,2,1,1,1,1
164,1,6,3,0,0,1,1,1
164,1,6,3,1,0,1,1,3
164,1,6,3,2,0,1,1,7
164,1,7,1,0,0,1,1,1
164,1,7,1,1,1,1,1,3
164,1,7,1,2,1,1,1,5
164,1,7,2,0,1,1,1,1
164,1,7,2,1,1,1,1,1
164,1,7,2,2,1,1,1,1
164,1,7,3,0,0,1,1,1
164,1,7,3,1,1,1,1,3
164,1,7,3,2,1,1,1,5
164,1,8,1,0,1,1,1,1
164,1,8,1,1,1,1,1,1
164,1,8,1,2,1,1,1,1
164,1,8,2,0,1,1,1,1
164,1,8,2,1,1,1,1,1
164,1,8,2,2,1,1,1,1
164,1,8,3,0,1,1,1,1
164,1,8,3,1,1,1,1,1
164,1,8,3,2,1,1,1,1
165,0,0,1,0,0,1,1,1
165,0,0,1,1,0,1,1,3
165,0,0,1,2,0,1,1,7
165,0,0,2,0,0,1,1,1
165,0,0,2,1,0,1,1,3
165,0,0,2,2,0,1,1,7
165,0,0,3,0,0,1,1,1
165,0,0,3,1,0,1,1,3
165,0,0,3,2,0,1,1,7
165,0,1,1,0,0,1,1,1
165,0,1,1,1,0,1,1,3
165,0,1,1,2,0,1,1,7
165,0,1,2,0,0,1,1,1
165,0,1,2,1,0,1,1,3
165,0,1,2,2,0,1,1,7
165,0,1,3,0,0,1,1,1
165,0,1,3,1,0,1,1,3
165,0,1,3,2,0,1,1,7
165,0,2,1,0,1,1,1,1
165,0,2,1,1,1,1,1,1
165,0,2,1,2,1,1,1,1
165,0,2,2,0,0,1,1,1
165,0,2,2,1,0,1,1,3
165,0,2,2,2,0,1,1,7
165,0,2,3,0,0,1,1,1
165,0,2,3,1,0,1,1,3
165,0,2,3,2,0,1,1,7
165,0,3,1,0,0,1,1,1
165,0,3,1,1,0,1,1,3
165,0,3,1,2,0,1,1,7
165,0,3,2,0,0,1,1,1
165,0,3,2,1,0,1,1,3
165,0,3,2,2,0,1,1,7
165,0,3,3,0,0,1,1,1
165,0,3,3,1,0,1,1,3
165,0,3,3,2,0,1,1,7
165,0,4,1,0,0,1,1,1
165,0,4,1,1,0,1,1,3
165,0,4,1,2,0,1,1,7
165,0,4,2,0,0,1,1,1
165,0,4,2,1,0,1,1,3
165,0,4,2,2,0,1,1,7
165,0,4,3,0,0,1,1,1
165,0,4,3,1,0,1,1,3
165,0,4,3,2,0,1,1,7
165,0,5,1,0,1,1,1,1
165,0,5,1,1,1,1,1,1
165,0,5,1,2,1,1,1,1
165,0,5,2,0,0,1,1,1
165,0,5,2,1,1,1,1,2
165,0,5,2,2,1,1,1,2
165,0,5,3,0,0,1,1,1
165,0,5,3,1,1,1,1,2
165,0,5,3,2,1,1,1,2
165,0,6,1,0,0,1,1,1
165,0,6,1,1,0,1,1,3
165,0,6,1,2,0,1,1,7
165,0,6,2,0,1,1,1,1
165,0,6,2,1,1,1,1,1
165,0,6,2,2,1,1,1,1
165,0,6,3,0,0,1,1,1
165,0,6,3,1,0,1,1,3
165,0,6,3,2,0,1,1,7
165,0,7,1,0,0,1,1,1
165,0,7,1,1,1,1,1,3
165,0,7,1,2,1,1,1,4
165,0,7,2,0,1,1,1,1
165,0,7,2,1,1,1,1,1
165,0,7,2,2,1,1,1,1
165,0,7,3,0,0,1,1,1
165,0,7,3,1,1,1,1,3
165,0,7,3,2,1,1,1,4
165,0,8,1,0,1,1,1,1
165,0,8,1,1,1,1,1,1
165,0,8,1,2,1,1,1,1
165,0,8,2,0,1,1,1,1
165,0,8,2,1,1,1,1,1
165,0,8,2,2,1,1,1,1
165,0,8,3,0,1,1,1,1
165,0,8,3,1,1,1,1,1
165,0,8,3,2,1,1,1,1
165,1,0,1,0,0,1,1,1
165,1,0,1,1,0,1,1,3
165,1,0,1,2,0,1,1,7
165,1,0,2,0,0,1,1,1
165,1,0,2,1,0,1,1,3
165,1,0,2,2,0,1,1,7
165,1,0,3,0,0,1,1,1
165,1,0,3,1,0,1,1,3
165,1,0,3,2,0,1,1,7
165,1,1,1,0,0,1,1,1
165,1,1,1,1,0,1,1,3
165,1,1,1,2,0,1,1,7
165,1,1,2,0,0,1,1,1
165,1,1,2,1,0,1,1,3
165,1,1,2,2,0,1,1,7
165,1,1,3,0,0,1,1,1
165,1,1,3,1,0,1,1,3
165,1,1,3,2,0,1,1,7
165,1,2,1,0,1,1,1,1
165,1,2,1,1,1,1,1,1
165,1,2,1,2,1,1,1,1
165,1,2,2,0,0,1,1,1
165,1,2,2,1,0,1,1,3
165,1,2,2,2,0,1,1,7
165,1,2,3,0,0,1,1,1
165,1,2,3,1,0,1,1,3
165,1,2,3,2,0,1,1,7
165,1,3,1,0,0,1,1,1
165,1,3,1,1,0,1,1,3
165,1,3,1,2,0,1,1,7
165,1,3,2,0,0,1,1,1
165,1,3,2,1,0,1,1,3
165,1,3,2,2,0,1,1,7
165,1,3,3,0,0,1,1,1
165,1,3,3,1,0,1,1,3
165,1,3,3,2,0,1,1,7
165,1,4,1,0,0,1,1,1
165,1,4,1,1,0,1,1,3
165,1,4,1,2,0,1,1,7
165,1,4,2,0,0,1,1,1
165,1,4,2,1,0,1,1,3
165,1,4,2,2,0,1,1,7
165,1,4,3,0,0,1,1,1
165,1,4,3,1,0,1,1,3
165,1,4,3,2,0,1,1,7
165,1,5,1,0,1,1,1,1
165,1,5,1,1,1,1,1,1
165,1,5,1,2,1,1,1,1
165,1,5,2,0,0,1,1,1
165,1,5,2,1,1,1,1,2
165,1,5,2,2,1,1,1,2
165,1,5,3,0,0,1,1,1
165,1,5,3,1,1,1,1,2
165,1,5,3,2,1,1,1,2
165,1,6,1,0,0,1,1,1
165,1,6,1,1,0,1,1,3
165,1,6,1,2,0,1,1,7
165,1,6,2,0,1,1,1,1
165,1,6,2,1,1,1,1,1
165,1,6,2,2,1,1,1,1
165,1,6,3,0,0,1,1,1
165,1,6,3,1,0,1,1,3
165,1,6,3,2,0,1,1,7
165,1,7,1,0,0,1,1,1
165,1,7,1,1,1,1,1,3
165,1,7,1,2,1,1,1,4
165,1,7,2,0,1,1,1,1
165,1,7,2,1,1,1,1,1
165,1,7,2,2,1,1,1,1
165,1,7,3,0,0,1,1,1
165,1,7,3,1,1,1,1,3
165,1,7,3,2,1,1,1,4
165,1,8,1,0,1,1,1,1
165,1,8,1,1,1,1,1,1
165,1,8,1,2,1,1,1,1
165,1,8,2,0,1,1,1,1
165,1,8,2,1,1,1,1,1
165,1,8,2,2,1,1,1,1
165,1,8,3,0,1,1,1,1
165,1,8,3,1,1,1,1,1
165,1,8,3,2,1,1,1,1
166,0,0,1,0,0,1,1,1
166,0,0,1,1,0,1,1,3
166,0,0,1,2,0,1,1,7
166,0,0,2,0,0,1,1,1
166,0,0,2,1,0,1,1,3
166,0,0,2,2,0,1,1,7
166,0,0,3,0,0,1,1,1
166,0,0,3,1,0,1,1,3
166,0,0,3,2,0,1,1,7
166,0,1,1,0,0,1,1,1
166,0,1,1,1,0,1,1,3
166,0,1,1,2,0,1,1,7
166,0,1,2,0,0,1,1,1
166,0,1,2,1,0,1,1,3
166,0,1,2,2,0,1,1,7
166,0,1,3,0,0,1,1,1
166,0,1,3,1,0,1,1,3
166,0,1,3,2,0,1,1,7
166,0,2,1,0,1,1,1,1
166,0,2,1,1,1,1,1,1
166,0,2,1,2,1,1,1,1
166,0,2,2,0,0,1,1,1
166,0,2,2,1,0,1,1,3
166,0,2,2,2,0,1,1,7
166,0,2,3,0,0,1,1,1
166,0,2,3,1,0,1,1,3
166,0,2,3,2,0,1,1,7
166,0,3,1,0,0,1,1,1
166,0,3,1,1,0,1,1,3
166,0,3,1,2,0,1,1,7
166,0,3,2,0,0,1,1,1
166,0,3,2,1,0,1,1,3
166,0,3,2,2,0,1,1,7
166,0,3,3,0,0,1,1,1
166,0,3,3,1,0,1,1,3
166,0,3,3,2,0,1,1,7
166,0,4,1,0,0,1,1,1
166,0,4,1,1,0,1,1,3
166,0,4,1,2,0,1,1,7
166,0,4,2,0,0,1,1,1
166,0,4,2,1,0,1,1,3
166,0,4,2,2,0,1,1,7
166,0,4,3,0,0,1,1,1
166,0,4,3,1,0,1,1,3
166,0,4,3,2,0,1,1,7
166,0,5,1,0,1,1,1,1
166,0,5,1,1,1,1,1,1
166,0,5,1,2,1,1,1,1
166,0,5,2,0,0,1,1,1
166,0,5,2,1,1,1,1,2
166,0,5,2,2,1,1,1,2
166,0,5,3,0,0,1,1,1
166,0,5,3,1,0,1,1,3
166,0,5,3,2,1,1,1,6
166,0,6,1,0,0,1,1,1
166,0,6,1,1,0,1,1,3
166,0,6,1,2,0,1,1,7
166,0,6,2,0,1,1,1,1
166,0,6,2,1,1,1,1,1
166,0,6,2,2,1,1,1,1
166,0,6,3,0,0,1,1,1
166,0,6,3,1,0,1,1,3
166,0,6,3,2,0,1,1,7
166,0,7,1,0,0,1,1,1
166,0,7,1,1,1,1,1,2
166,0,7,1,2,1,1,1,2
166,0,7,2,0,1,1,1,1
166,0,7,2,1,1,1,1,1
166,0,7,2,2,1,1,1,1
166,0,7,3,0,0,1,1,1
166,0,7,3,1,1,1,1,3
166,0,7,3,2,1,1,1,4
166,0,8,1,0,1,1,1,1
166,0,8,1,1,1,1,1,1
166,0,8,1,2,1,1,1,1
166,0,8,2,0,1,1,1,1
166,0,8,2,1,1,1,1,1
166,0,8,2,2,1,1,1,1
166,0,8,3,0,1,1,1,1
166,0,8,3,1,1,1,1,1
166,0,8,3,2,1,1,1,1
166,1,0,1,0,0,1,1,1
166,1,0,1,1,0,1,1,3
166,1,0,1,2,0,1,1,13
166,1,0,2,0,0,1,1,1
166,1,0,2,1,0,1,1,3
166,1,0,2,2,0,1,1,13
166,1,0,3,0,0,1,1,1
166,1,0,3,1,0,1,1,3
166,1,0,3,2,0,1,1,13
166,1,1,1,0,0,1,1,1
166,1,1,1,1,0,1,1,3
166,1,1,1,2,0,1,1,13
166,1,1,2,0,0,1,1,1
166,1,1,2,1,0,1,1,3
166,1,1,2,2,0,1,1,13
166,1,1,3,0,0,1,1,1
166,1,1,3,1,0,1,1,3
166,1,1,3,2,0,1,1,13
166,1,2,1,0,1,1,1,1
166,1,2,1,1,1,1,1,1
166,1,2,1,2,1,1,1,1
166,1,2,2,0,0,1,1,1
166,1,2,2,1,0,1,1,3
166,1,2,2,2,0,1,1,13
166,1,2,3,0,0,1,1,1
166,1,2,3,1,0,1,1,3
166,1,2,3,2,0,1,1,13
166,1,3,1,0,0,1,1,1
166,1,3,1,1,0,1,1,3
166,1,3,1,2,0,1,1,13
166,1,3,2,0,0,1,1,1
166,1,3,2,1,0,1,1,3
166,1,3,2,2,0,1,1,13
166,1,3,3,0,0,1,1,1
166,1,3,3,1,0,1,1,3
166,1,3,3,2,0,1,1,13
166,1,4,1,0,0,1,1,1
166,1,4,1,1,0,1,1,3
166,1,4,1,2,0,1,1,13
166,1,4,2,0,0,1,1,1
166,1,4,2,1,0,1,1,3
166,1,4,2,2,0,1,1,13
166,1,4,3,0,0,1,1,1
166,1,4,3,1,0,1,1,3
166,1,4,3,2,0,1,1,13
166,1,5,1,0,1,1,1,1
166,1,5,1,1,1,1,1,1
166,1,5,1,2,1,1,1,1
166,1,5,2,0,0,1,1,1
166,1,5,2,1,1,1,1,2
166,1,5,2,2,1,1,1,2
166,1,5,3,0,0,1,1,1
166,1,5,3,1,0,1,1,3
166,1,5,3,2,1,1,1,3
166,1,6,1,0,0,1,1,1
166,1,6,1,1,0,1,1,3
166,1,6,1,2,0,1,1,13
166,1,6,2,0,1,1,1,1
166,1,6,2,1,1,1,1,1
166,1,6,2,2,1,1,1,1
166,1,6,3,0,0,1,1,1
166,1,6,3,1,0,1,1,3
166,1,6,3,2,0,1,1,13
166,1,7,1,0,0,1,1,1
166,1,7,1,1,1,1,1,2
166,1,7,1,2,1,1,1,2
166,1,7,2,0,1,1,1,1
166,1,7,2,1,1,1,1,1
166,1,7,2,2,1,1,1,1
166,1,7,3,0,0,1,1,1
166,1,7,3,1,1,1,1,3
166,1,7,3,2,1,1,1,5
166,1,8,1,0,1,1,1,1
166,1,8,1,1,1,1,1,1
166,1,8,1,2,1,1,1,1
166,1,8,2,0,1,1,1,1
166,1,8,2,1,1,1,1,1
166,1,8,2,2,1,1,1,1
166,1,8,3,0,1,1,1,1
166,1,8,3,1,1,1,1,1
166,1,8,3,2,1,1,1,1
167,0,0,1,0,0,1,1,1
167,0,0,1,1,0,1,1,3
167,0,0,1,2,0,1,1,7
167,0,0,2,0,0,1,1,1
167,0,0,2,1,0,1,1,3
167,0,0,2,2,0,1,1,7
167,0,0,3,0,0,1,1,1
167,0,0,3,1,0,1,1,3
167,0,0,3,2,0,1,1,7
167,0,1,1,0,0,1,1,1
167,0,1,1,1,0,1,1,3
167,0,1,1,2,0,1,1,7
167,0,1,2,0,0,1,1,1
167,0,1,2,1,0,1,1,3
167,0,1,2,2,0,1,1,7
167,0,1,3,0,0,1,1,1
167,0,1,3,1,0,1,1,3
167,0,1,3,2,0,1,1,7
167,0,2,1,0,1,1,1,1
167,0,2,1,1,1,1,1,1
167,0,2,1,2,1,1,1,1
167,0,2,2,0,0,1,1,1
167,0,2,2,1,0,1,1,3
167,0,2,2,2,0,1,1,7
167,0,2,3,0,0,1,1,1
167,0,2,3,1,0,1,1,3
167,0,2,3,2,0,1,1,7
167,0,3,1,0,0,1,1,1
167,0,3,1,1,0,1,1,3
167,0,3,1,2,0,1,1,7
167,0,3,2,0,0,1,1,1
167,0,3,2,1,0,1,1,3
167,0,3,2,2,0,1,1,7
167,0,3,3,0,0,1,1,1
167,0,3,3,1,0,1,1,3
167,0,3,3,2,0,1,1,7
167,0,4,1,0,0,1,1,1
167,0,4,1,1,0,1,1,3
167,0,4,1,2,0,1,1,7
167,0,4,2,0,0,1,1,1
167,0,4,2,1,0,1,1,3
167,0,4,2,2,0,1,1,7
167,0,4,3,0,0,1,1,1
167,0,4,3,1,0,1,1,3
167,0,4,3,2,0,1,1,7
167,0,5,1,0,1,1,1,1
167,0,5,1,1,1,1,1,1
167,0,5,1,2,1,1,1,1
167,0,5,2,0,0,1,1,1
167,0,5,2,1,1,1,1,2
167,0,5,2,2,1,1,1,2
167,0,5,3,0,0,1,1,1
167,0,5,3,1,0,1,1,3
167,0,5,3,2,1,1,1,6
167,0,6,1,0,0,1,1,1
167,0,6,1,1,0,1,1,3
167,0,6,1,2,0,1,1,7
167,0,6,2,0,1,1,1,1
167,0,6,2,1,1,1,1,1
167,0,6,2,2,1,1,1,1
167,0,6,3,0,0,1,1,1
167,0,6,3,1,0,1,1,3
167,0,6,3,2,0,1,1,7
167,0,7,1,0,0,1,1,1
167,0,7,1,1,1,1,1,3
167,0,7,1,2,1,1,1,4
167,0,7,2,0,1,1,1,1
167,0,7,2,1,1,1,1,1
167,0,7,2,2,1,1,1,1
167,0,7,3,0,0,1,1,1
167,0,7,3,1,1,1,1,3
167,0,7,3,2,1,1,1,4
167,0,8,1,0,1,1,1,1
167,0,8,1,1,1,1,1,1
167,0,8,1,2,1,1,1,1
167,0,8,2,0,1,1,1,1
167,0,8,2,1,1,1,1,1
167,0,8,2,2,1,1,1,1
167,0,8,3,0,1,1,1,1
167,0,8,3,1,1,1,1,1
167,0,8,3,2,1,1,1,1
167,1,0,1,0,0,1,1,1
167,1,0,1,1,0,1,1,3
167,1,0,1,2,0,1,1,13
167,1,0,2,0,0,1,1,1
167,1,0,2,1,0,1,1,3
167,1,0,2,2,0,1,1,13
167,1,0,3,0,0,1,1,1
167,1,0,3,1,0,1,1,3
167,1,0,3,2,0,1,1,13
167,1,1,1,0,0,1,1,1
167,1,1,1,1,0,1,1,3
167,1,1,1,2,0,1,1,13
167,1,1,2,0,0,1,1,1
167,1,1,2,1,0,1,1,3
167,1,1,2,2,0,1,1,13
167,1,1,3,0,0,1,1,1
167,1,1,3,1,0,1,1,3
167,1,1,3,2,0,1,1,13
167,1,2,1,0,1,1,1,1
167,1,2,1,1,1,1,1,1
167,1,2,1,2,1,1,1,1
167,1,2,2,0,0,1,1,1
167,1,2,2,1,0,1,1,3
167,1,2,2,2,0,1,1,13
167,1,2,3,0,0,1,1,1
167,1,2,3,1,0,1,1,3
167,1,2,3,2,0,1,1,13
167,1,3,1,0,0,1,1,1
167,1,3,1,1,0,1,1,3
167,1,3,1,2,0,1,1,13
167,1,3,2,0,0,1,1,1
167,1,3,2,1,0,1,1,3
167,1,3,2,2,0,1,1,13
167,1,3,3,0,0,1,1,1
167,1,3,3,1,0,1,1,3
167,1,3,3,2,0,1,1,13
167,1,4,1,0,0,1,1,1
167,1,4,1,1,0,1,1,3
167,1,4,1,2,0,1,1,13
167,1,4,2,0,0,1,1,1
167,1,4,2,1,0,1,1,3
167,1,4,2,2,0,1,1,13
167,1,4,3,0,0,1,1,1
167,1,4,3,1,0,1,1,3
167,1,4,3,2,0,1,1,13
167,1,5,1,0,1,1,1,1
167,1,5,1,1,1,1,1,1
167,1,5,1,2,1,1,1,1
167,1,5,2,0,0,1,1,1
167,1,5,2,1,1,1,1,2
167,1,5,2,2,1,1,1,2
167,1,5,3,0,0,1,1,1
167,1,5,3,1,0,1,1,3
167,1,5,3,2,1,1,1,3
167,1,6,1,0,0,1,1,1
167,1,6,1,1,0,1,1,3
167,1,6,1,2,0,1,1,13
167,1,6,2,0,1,1,1,1
167,1,6,2,1,1,1,1,1
167,1,6,2,2,1,1,1,1
167,1,6,3,0,0,1,1,1
167,1,6,3,1,0,1,1,3
167,1,6,3,2,0,1,1,13
167,1,7,1,0,0,1,1,1
167,1,7,1,1,1,1,1,3
167,1,7,1,2,1,1,1,8
167,1,7,2,0,1,1,1,1
167,1,7,2,1,1,1,1,1
167,1,7,2,2,1,1,1,1
167,1,7,3,0,0,1,1,1
167,1,7,3,1,1,1,1,3
167,1,7,3,2,1,1,1,8
167,1,8,1,0,1,1,1,1
167,1,8,1,1,1,1,1,1
167,1,8,1,2,1,1,1,1
167,1,8,2,0,1,1,1,1
167,1,8,2,1,1,1,1,1
167,1,8,2,2,1,1,1,1
167,1,8,3,0,1,1,1,1
167,1,8,3,1,1,1,1,1
167,1,8,3,2,1,1,1,1
168,0,0,1,0,0,1,1,1
168,0,0,1,1,0,1,1,3
168,0,0,1,2,0,1,1,7
168,0,0,2,0,0,1,1,1
168,0,0,2,1,0,1,1,3
168,0,0,2,2,0,1,1,7
168,0,0,3,0,0,1,1,1
168,0,0,3,1,0,1,1,3
168,0,0,3,2,0,1,1,7
168,0,1,1,0,0,1,1,1
168,0,1,1,1,0,1,1,3
168,0,1,1,2,0,1,1,7
168,0,1,2,0,0,1,1,1
168,0,1,2,1,0,1,1,3
168,0,1,2,2,0,1,1,7
168,0,1,3,0,0,1,1,1
168,0,1,3,1,0,1,1,3
168,0,1,3,2,0,1,1,7
168,0,2,1,0,1,1,1,1
168,0,2,1,1,1,1,1,1
168,0,2,1,2,1,1,1,1
168,0,2,2,0,0,1,1,1
168,0,2,2,1,0,1,1,3
168,0,2,2,2,0,1,1,7
168,0,2,3,0,0,1,1,1
168,0,2,3,1,0,1,1,3
168,0,2,3,2,0,1,1,7
168,0,3,1,0,0,1,1,1
168,0,3,1,1,0,1,1,3
168,0,3,1,2,0,1,1,7
168,0,3,2,0,0,1,1,1
168,0,3,2,1,0,1,1,3
168,0,3,2,2,0,1,1,7
168,0,3,3,0,0,1,1,1
168,0,3,3,1,0,1,1,3
168,0,3,3,2,0,1,1,7
168,0,4,1,0,0,1,1,1
168,0,4,1,1,0,1,1,3
168,0,4,1,2,0,1,1,7
168,0,4,2,0,0,1,1,1
168,0,4,2,1,0,1,1,3
168,0,4,2,2,0,1,1,7
168,0,4,3,0,0,1,1,1
168,0,4,3,1,0,1,1,3
168,0,4,3,2,0,1,1,7
168,0,5,1,0,1,1,1,1
168,0,5,1,1,1,1,1,1
168,0,5,1,2,1,1,1,1
168,0,5,2,0,0,1,1,1
168,0,5,2,1,0,1,1,3
168,0,5,2,2,0,1,1,7
168,0,5,3,0,0,1,1,1
168,0,5,3,1,0,1,1,3
168,0,5,3,2,0,1,1,7
168,0,6,1,0,0,1,1,1
168,0,6,1,1,0,1,1,3
168,0,6,1,2,0,1,1,7
168,0,6,2,0,1,1,1,1
168,0,6,2,1,1,1,1,1
168,0,6,2,2,1,1,1,1
168,0,6,3,0,0,1,1,1
168,0,6,3,1,0,1,1,3
168,0,6,3,2,0,1,1,7
168,0,7,1,0,0,1,1,1
168,0,7,1,1,1,1,1,3
168,0,7,1,2,1,1,1,5
168,0,7,2,0,1,1,1,1
168,0,7,2,1,1,1,1,1
168,0,7,2,2,1,1,1,1
168,0,7,3,0,0,1,1,1
168,0,7,3,1,1,1,1,3
168,0,7,3,2,1,1,1,5
168,0,8,1,0,1,1,1,1
168,0,8,1,1,1,1,1,1
168,0,8,1,2,1,1,1,1
168,0,8,2,0,1,1,1,1
168,0,8,2,1,1,1,1,1
168,0,8,2,2,1,1,1,1
168,0,8,3,0,1,1,1,1
168,0,8,3,1,1,1,1,1
168,0,8,3,2,1,1,1,1
168,1,0,1,0,0,1,1,1
168,1,0,1,1,0,1,1,3
168,1,0,1,2,0,1,1,7
168,1,0,2,0,0,1,1,1
168,1,0,2,1,0,1,1,3
168,1,0,2,2,0,1,1,7
168,1,0,3,0,0,1,1,1
168,1,0,3,1,0,1,1,3
168,1,0,3,2,0,1,1,7
168,1,1,1,0,0,1,1,1
168,1,1,1,1,0,1,1,3
168,1,1,1,2,0,1,1,7
168,1,1,2,0,0,1,1,1
168,1,1,2,1,0,1,1,3
168,1,1,2,2,0,1,1,7
168,1,1,3,0,0,1,1,1
168,1,1,3,1,0,1,1,3
168,1,1,3,2,0,1,1,7
168,1,2,1,0,1,1,1,1
168,1,2,1,1,1,1,1,1
168,1,2,1,2,1,1,1,1
168,1,2,2,0,0,1,1,1
168,1,2,2,1,0,1,1,3
168,1,2,2,2,0,1,1,7
168,1,2,3,0,0,1,1,1
168,1,2,3,1,0,1,1,3
168,1,2,3,2,0,1,1,7
168,1,3,1,0,0,1,1,1
168,1,3,1,1,0,1,1,3
168,1,3,1,2,0,1,1,7
168,1,3,2,0,0,1,1,1
168,1,3,2,1,0,1,1,3
168,1,3,2,2,0,1,1,7
168,1,3,3,0,0,1,1,1
168,1,3,3,1,0,1,1,3
168,1,3,3,2,0,1,1,7
168,1,4,1,0,0,1,1,1
168,1,4,1,1,0,1,1,3
168,1,4,1,2,0,1,1,7
168,1,4,2,0,0,1,1,1
168,1,4,2,1,0,1,1,3
168,1,4,2,2,0,1,1,7
168,1,4,3,0,0,1,1,1
168,1,4,3,1,0,1,1,3
168,1,4,3,2,0,1,1,7
168,1,5,1,0,1,1,1,1
168,1,5,1,1,1,1,1,1
168,1,5,1,2,1,1,1,1
168,1,5,2,0,0,1,1,1
168,1,5,2,1,0,1,1,3
168,1,5,2,2,0,1,1,7
168,1,5,3,0,0,1,1,1
168,1,5,3,1,0,1,1,3
168,1,5,3,2,0,1,1,7
168,1,6,1,0,0,1,1,1
168,1,6,1,1,0,1,1,3
168,1,6,1,2,0,1,1,7
168,1,6,2,0,1,1,1,1
168,1,6,2,1,1,1,1,1
168,1,6,2,2,1,1,1,1
168,1,6,3,0,0,1,1,1
168,1,6,3,1,0,1,1,3
168,1,6,3,2,0,1,1,7
168,1,7,1,0,0,1,1,1
168,1,7,1,1,1,1,1,3
168,1,7,1,2,1,1,1,5
168,1,7,2,0,1,1,1,1
168,1,7,2,1,1,1,1,1
168,1,7,2,2,1,1,1,1
168,1,7,3,0,0,1,1,1
168,1,7,3,1,1,1,1,3
168,1,7,3,2,1,1,1,5
168,1,8,1,0,1,1,1,1
168,1,8,1,1,1,1,1,1
168,1,8,1,2,1,1,1,1
168,1,8,2,0,1,1,1,1
168,1,8,2,1,1,1,1,1
168,1,8,2,2,1,1,1,1
168,1,8,3,0,1,1,1,1
168,1,8,3,1,1,1,1,1
168,1,8,3,2,1,1,1,1
169,0,0,1,0,0,1,1,1
169,0,0,1,1,0,1,1,3
169,0,0,1,2,0,1,1,7
169,0,0,2,0,0,1,1,1
169,0,0,2,1,0,1,1,3
169,0,0,2,2,0,1,1,7
169,0,0,3,0,0,1,1,1
169,0,0,3,1,0,1,1,3
169,0,0,3,2,0,1,1,7
169,0,1,1,0,0,1,1,1
169,0,1,1,1,0,1,1,3
169,0,1,1,2,0,1,1,7
169,0,1,2,0,0,1,1,1
169,0,1,2,1,0,1,1,3
169,0,1,2,2,0,1,1,7
169,0,1,3,0,0,1,1,1
169,0,1,3,1,0,1,1,3
169,0,1,3,2,0,1,1,7
169,0,2,1,0,1,1,1,1
169,0,2,1,1,1,1,1,1
169,0,2,1,2,1,1,1,1
169,0,2,2,0,0,1,1,1
169,0,2,2,1,0,1,1,3
169,0,2,2,2,0,1,1,7
169,0,2,3,0,0,1,1,1
169,0,2,3,1,0,1,1,3
169,0,2,3,2,0,1,1,7
169,0,3,1,0,0,1,1,1
169,0,3,1,1,0,1,1,3
169,0,3,1,2,0,1,1,7
169,0,3,2,0,0,1,1,1
169,0,3,2,1,0,1,1,3
169,0,3,2,2,0,1,1,7
169,0,3,3,0,0,1,1,1
169,0,3,3,1,0,1,1,3
169,0,3,3,2,0,1,1,7
169,0,4,1,0,0,1,1,1
169,0,4,1,1,0,1,1,3
169,0,4,1,2,0,1,1,7
169,0,4,2,0,0,1,1,1
169,0,4,2,1,0,1,1,3
169,0,4,2,2,0,1,1,7
169,0,4,3,0,0,1,1,1
169,0,4,3,1,0,1,1,3
169,0,4,3,2,0,1,1,7
169,0,5,1,0,1,1,1,1
169,0,5,1,1,1,1,1,1
169,0,5,1,2,1,1,1,1
169,0,5,2,0,0,1,1,1
169,0,5,2,1,0,1,1,3
169,0,5,2,2,0,1,1,7
169,0,5,3,0,0,1,1,1
169,0,5,3,1,0,1,1,3
169,0,5,3,2,0,1,1,7
169,0,6,1,0,0,1,1,1
169,0,6,1,1,0,1,1,3
169,0,6,1,2,0,1,1,7
169,0,6,2,0,1,1,1,1
169,0,6,2,1,1,1,1,1
169,0,6,2,2,1,1,1,1
169,0,6,3,0,0,1,1,1
169,0,6,3,1,0,1,1,3
169,0,6,3,2,0,1,1,7
169,0,7,1,0,0,1,1,1
169,0,7,1,1,1,1,1,3
169,0,7,1,2,1,1,1,4
169,0,7,2,0,1,1,1,1
169,0,7,2,1,1,1,1,1
169,0,7,2,2,1,1,1,1
169,0,7,3,0,0,1,1,1
169,0,7,3,1,1,1,1,3
169,0,7,3,2,1,1,1,4
169,0,8,1,0,1,1,1,1
169,0,8,1,1,1,1,1,1
169,0,8,1,2,1,1,1,1
169,0,8,2,0,1,1,1,1
169,0,8,2,1,1,1,1,1
169,0,8,2,2,1,1,1,1
169,0,8,3,0,1,1,1,1
169,0,8,3,1,1,1,1,1
169,0,8,3,2,1,1,1,1
169,1,0,1,0,0,1,1,1
169,1,0,1,1,0,1,1,3
169,1,0,1,2,0,1,1,13
169,1,0,2,0,0,1,1,1
169,1,0,2,1,0,1,1,3
169,1,0,2,2,0,1,1,13
169,1,0,3,0,0,1,1,1
169,1,0,3,1,0,1,1,3
169,1,0,3,2,0,1,1,13
169,1,1,1,0,0,1,1,1
169,1,1,1,1,0,1,1,3
169,1,1,1,2,0,1,1,13
169,1,1,2,0,0,1,1,1
169,1,1,2,1,0,1,1,3
169,1,1,2,2,0,1,1,13
169,1,1,3,0,0,1,1,1
169,1,1,3,1,0,1,1,3
169,1,1,3,2,0,1,1,13
169,1,2,1,0,1,1,1,1
169,1,2,1,1,1,1,1,1
169,1,2,1,2,1,1,1,1
169,1,2,2,0,0,1,1,1
169,1,2,2,1,0,1,1,3
169,1,2,2,2,0,1,1,13
169,1,2,3,0,0,1,1,1
169,1,2,3,1,0,1,1,3
169,1,2,3,2,0,1,1,13
169,1,3,1,0,0,1,1,1
169,1,3,1,1,0,1,1,3
169,1,3,1,2,0,1,1,13
169,1,3,2,0,0,1,1,1
169,1,3,2,1,0,1,1,3
169,1,3,2,2,0,1,1,13
169,1,3,3,0,0,1,1,1
169,1,3,3,1,0,1,1,3
169,1,3,3,2,0,1,1,13
169,1,4,1,0,0,1,1,1
169,1,4,1,1,0,1,1,3
169,1,4,1,2,0,1,1,13
169,1,4,2,0,0,1,1,1
169,1,4,2,1,0,1,1,3
169,1,4,2,2,0,1,1,13
169,1,4,3,0,0,1,1,1
169,1,4,3,1,0,1,1,3
169,1,4,3,2,0,1,1,13
169,1,5,1,0,1,1,1,1
169,1,5,1,1,1,1,1,1
169,1,5,1,2,1,1,1,1
169,1,5,2,0,0,1,1,1
169,1,5,2,1,0,1,1,3
169,1,5,2,2,0,1,1,13
169,1,5,3,0,0,1,1,1
169,1,5,3,1,0,1,1,3
169,1,5,3,2,0,1,1,13
169,1,6,1,0,0,1,1,1
169,1,6,1,1,0,1,1,3
169,1,6,1,2,0,1,1,13
169,1,6,2,0,1,1,1,1
169,1,6,2,1,1,1,1,1
169,1,6,2,2,1,1,1,1
169,1,6,3,0,0,1,1,1
169,1,6,3,1,0,1,1,3
169,1,6,3,2,0,1,1,13
169,1,7,1,0,0,1,1,1
169,1,7,1,1,1,1,1,3
169,1,7,1,2,1,1,1,8
169,1,7,2,0,1,1,1,1
169,1,7,2,1,1,1,1,1
169,1,7,2,2,1,1,1,1
169,1,7,3,0,0,1,1,1
169,1,7,3,1,1,1,1,3
169,1,7,3,2,1,1,1,8
169,1,8,1,0,1,1,1,1
169,1,8,1,1,1,1,1,1
169,1,8,1,2,1,1,1,1
169,1,8,2,0,1,1,1,1
169,1,8,2,1,1,1,1,1
169,1,8,2,2,1,1,1,1
169,1,8,3,0,1,1,1,1
169,1,8,3,1,1,1,1,1
169,1,8,3,2,1,1,1,1
170,0,0,1,0,0,1,1,1
170,0,0,1,1,0,1,1,3
170,0,0,1,2,0,1,1,7
170,0,0,2,0,0,1,1,1
170,0,0,2,1,0,1,1,3
170,0,0,2,2,0,1,1,7
170,0,0,3,0,0,1,1,1
170,0,0,3,1,0,1,1,3
170,0,0,3,2,0,1,1,7
170,0,1,1,0,0,1,1,1
170,0,1,1,1,0,1,1,3
170,0,1,1,2,0,1,1,7
170,0,1,2,0,0,1,1,1
170,0,1,2,1,0,1,1,3
170,0,1,2,2,0,1,1,7
170,0,1,3,0,0,1,1,1
170,0,1,3,1,0,1,1,3
170,0,1,3,2,0,1,1,7
170,0,2,1,0,1,1,1,1
170,0,2,1,1,1,1,1,1
170,0,2,1,2,1,1,1,1
170,0,2,2,0,0,1,1,1
170,0,2,2,1,0,1,1,3
170,0,2,2,2,0,1,1,7
170,0,2,3,0,0,1,1,1
170,0,2,3,1,0,1,1,3
170,0,2,3,2,0,1,1,7
170,0,3,1,0,0,1,1,1
170,0,3,1,1,0,1,1,3
170,0,3,1,2,0,1,1,7
170,0,3,2,0,0,1,1,1
170,0,3,2,1,0,1,1,3
170,0,3,2,2,0,1,1,7
170,0,3,3,0,0,1,1,1
170,0,3,3,1,0,1,1,3
170,0,3,3,2,0,1,1,7
170,0,4,1,0,0,1,1,1
170,0,4,1,1,0,1,1,3
170,0,4,1,2,0,1,1,7
170,0,4,2,0,0,1,1,1
170,0,4,2,1,0,1,1,3
170,0,4,2,2,0,1,1,7
170,0,4,3,0,0,1,1,1
170,0,4,3,1,0,1,1,3
170,0,4,3,2,0,1,1,7
170,0,5,1,0,1,1,1,1
170,0,5,1,1,1,1,1,1
170,0,5,1,2,1,1,1,1
170,0,5,2,0,0,1,1,1
170,0,5,2,1,0,1,1,3
170,0,5,2,2,0,1,1,7
170,0,5,3,0,0,1,1,1
170,0,5,3,1,0,1,1,3
170,0,5,3,2,0,1,1,7
170,0,6,1,0,0,1,1,1
170,0,6,1,1,0,1,1,3
170,0,6,1,2,0,1,1,7
170,0,6,2,0,1,1,1,1
170,0,6,2,1,1,1,1,1
170,0,6,2,2,1,1,1,1
170,0,6,3,0,0,1,1,1
170,0,6,3,1,0,1,1,3
170,0,6,3,2,0,1,1,7
170,0,7,1,0,0,1,1,1
170,0,7,1,1,1,1,1,2
170,0,7,1,2,1,1,1,2
170,0,7,2,0,1,1,1,1
170,0,7,2,1,1,1,1,1
170,0,7,2,2,1,1,1,1
170,0,7,3,0,0,1,1,1
170,0,7,3,1,1,1,1,2
170,0,7,3,2,1,1,1,2
170,0,8,1,0,1,1,1,1
170,0,8,1,1,1,1,1,1
170,0,8,1,2,1,1,1,1
170,0,8,2,0,1,1,1,1
170,0,8,2,1,1,1,1,1
170,0,8,2,2,1,1,1,1
170,0,8,3,0,1,1,1,1
170,0,8,3,1,1,1,1,1
170,0,8,3,2,1,1,1,1
170,1,0,1,0,0,1,1,1
170,1,0,1,1,0,1,1,3
170,1,0,1,2,0,1,1,7
170,1,0,2,0,0,1,1,1
170,1,0,2,1,0,1,1,3
170,1,0,2,2,0,1,1,7
170,1,0,3,0,0,1,1,1
170,1,0,3,1,0,1,1,3
170,1,0,3,2,0,1,1,7
170,1,1,1,0,0,1,1,1
170,1,1,1,1,0,1,1,3
170,1,1,1,2,0,1,1,7
170,1,1,2,0,0,1,1,1
170,1,1,2,1,0,1,1,3
170,1,1,2,2,0,1,1,7
170,1,1,3,0,0,1,1,1
170,1,1,3,1,0,1,1,3
170,1,1,3,2,0,1,1,7
170,1,2,1,0,1,1,1,1
170,1,2,1,1,1,1,1,1
170,1,2,1,2,1,1,1,1
170,1,2,2,0,0,1,1,1
170,1,2,2,1,0,1,1,3
170,1,2,2,2,0,1,1,7
170,1,2,3,0,0,1,1,1
170,1,2,3,1,0,1,1,3
170,1,2,3,2,0,1,1,7
170,1,3,1,0,0,1,1,1
170,1,3,1,1,0,1,1,3
170,1,3,1,2,0,1,1,7
170,1,3,2,0,0,1,1,1
170,1,3,2,1,0,1,1,3
170,1,3,2,2,0,1,1,7
170,1,3,3,0,0,1,1,1
170,1,3,3,1,0,1,1,3
170,1,3,3,2,0,1,1,7
170,1,4,1,0,0,1,1,1
170,1,4,1,1,0,1,1,3
170,1,4,1,2,0,1,1,7
170,1,4,2,0,0,1,1,1
170,1,4,2,1,0,1,1,3
170,1,4,2,2,0,1,1,7
170,1,4,3,0,0,1,1,1
170,1,4,3,1,0,1,1,3
170,1,4,3,2,0,1,1,7
170,1,5,1,0,1,1,1,1
170,1,5,1,1,1,1,1,1
170,1,5,1,2,1,1,1,1
170,1,5,2,0,0,1,1,1
170,1,5,2,1,0,1,1,3
170,1,5,2,2,0,1,1,7
170,1,5,3,0,0,1,1,1
170,1,5,3,1,0,1,1,3
170,1,5,3,2,0,1,1,7
170,1,6,1,0,0,1,1,1
170,1,6,1,1,0,1,1,3
170,1,6,1,2,0,1,1,7
170,1,6,2,0,1,1,1,1
170,1,6,2,1,1,1,1,1
170,1,6,2,2,1,1,1,1
170,1,6,3,0,0,1,1,1
170,1,6,3,1,0,1,1,3
170,1,6,3,2,0,1,1,7
170,1,7,1,0,0,1,1,1
170,1,7,1,1,1,1,1,2
170,1,7,1,2,1,1,1,2
170,1,7,2,0,1,1,1,1
170,1,7,2,1,1,1,1,1
170,1,7,2,2,1,1,1,1
170,1,7,3,0,0,1,1,1
170,1,7,3,1,1,1,1,2
170,1,7,3,2,1,1,1,2
170,1,8,1,0,1,1,1,1
170,1,8,1,1,1,1,1,1
170,1,8,1,2,1,1,1,1
170,1,8,2,0,1,1,1,1
170,1,8,2,1,1,1,1,1
170,1,8,2,2,1,1,1,1
170,1,8,3,0,1,1,1,1
170,1,8,3,1,1,1,1,1
170,1,8,3,2,1,1,1,1
171,0,0,1,0,0,1,1,1
171,0,0,1,1,0,1,1,3
171,0,0,1,2,0,1,1,7
171,0,0,2,0,0,1,1,1
171,0,0,2,1,0,1,1,3
171,0,0,2,2,0,1,1,7
171,0,0,3,0,0,1,1,1
171,0,0,3,1,0,1,1,3
171,0,0,3,2,0,1,1,7
171,0,1,1,0,0,1,1,1
171,0,1,1,1,0,1,1,3
171,0,1,1,2,0,1,1,7
171,0,1,2,0,0,1,1,1
171,0,1,2,1,0,1,1,3
171,0,1,2,2,0,1,1,7
171,0,1,3,0,0,1,1,1
171,0,1,3,1,0,1,1,3
171,0,1,3,2,0,1,1,7
171,0,2,1,0,1,1,1,1
171,0,2,1,1,1,1,1,1
171,0,2,1,2,1,1,1,1
171,0,2,2,0,0,1,1,1
171,0,2,2,1,0,1,1,3
171,0,2,2,2,0,1,1,7
171,0,2,3,0,0,1,1,1
171,0,2,3,1,0,1,1,3
171,0,2,3,2,0,1,1,7
171,0,3,1,0,0,1,1,1
171,0,3,1,1,0,1,1,3
171,0,3,1,2,0,1,1,7
171,0,3,2,0,0,1,1,1
171,0,3,2,1,0,1,1,3
171,0,3,2,2,0,1,1,7
171,0,3,3,0,0,1,1,1
171,0,3,3,1,0,1,1,3
171,0,3,3,2,0,1,1,7
171,0,4,1,0,0,1,1,1
171,0,4,1,1,0,1,1,3
171,0,4,1,2,0,1,1,7
171,0,4,2,0,0,1,1,1
171,0,4,2,1,0,1,1,3
171,0,4,2,2,0,1,1,7
171,0,4,3,0,0,1,1,1
171,0,4,3,1,0,1,1,3
171,0,4,3,2,0,1,1,7
171,0,5,1,0,1,1,1,1
171,0,5,1,1,1,1,1,1
171,0,5,1,2,1,1,1,1
171,0,5,2,0,0,1,1,1
171,0,5,2,1,0,1,1,3
171,0,5,2,2,0,1,1,7
171,0,5,3,0,0,1,1,1
171,0,5,3,1,0,1,1,3
171,0,5,3,2,0,1,1,7
171,0,6,1,0,0,1,1,1
171,0,6,1,1,0,1,1,3
171,0,6,1,2,0,1,1,7
171,0,6,2,0,1,1,1,1
171,0,6,2,1,1,1,1,1
171,0,6,2,2,1,1,1,1
171,0,6,3,0,0,1,1,1
171,0,6,3,1,0,1,1,3
171,0,6,3,2,0,1,1,7
171,0,7,1,0,0,1,1,1
171,0,7,1,1,1,1,1,3
171,0,7,1,2,1,1,1,4
171,0,7,2,0,1,1,1,1
171,0,7,2,1,1,1,1,1
171,0,7,2,2,1,1,1,1
171,0,7,3,0,0,1,1,1
171,0,7,3,1,1,1,1,3
171,0,7,3,2,1,1,1,4
171,0,8,1,0,1,1,1,1
171,0,8,1,1,1,1,1,1
171,0,8,1,2,1,1,1,1
171,0,8,2,0,1,1,1,1
171,0,8,2,1,1,1,1,1
171,0,8,2,2,1,1,1,1
171,0,8,3,0,1,1,1,1
171,0,8,3,1,1,1,1,1
171,0,8,3,2,1,1,1,1
171,1,0,1,0,0,1,1,1
171,1,0,1,1,0,1,1,3
171,1,0,1,2,0,1,1,13
171,1,0,2,0,0,1,1,1
171,1,0,2,1,0,1,1,3
171,1,0,2,2,0,1,1,13
171,1,0,3,0,0,1,1,1
171,1,0,3,1,0,1,1,3
171,1,0,3,2,0,1,1,13
171,1,1,1,0,0,1,1,1
171,1,1,1,1,0,1,1,3
171,1,1,1,2,0,1,1,13
171,1,1,2,0,0,1,1,1
171,1,1,2,1,0,1,1,3
171,1,1,2,2,0,1,1,13
171,1,1,3,0,0,1,1,1
171,1,1,3,1,0,1,1,3
171,1,1,3,2,0,1,1,13
171,1,2,1,0,1,1,1,1
171,1,2,1,1,1,1,1,1
171,1,2,1,2,1,1,1,1
171,1,2,2,0,0,1,1,1
171,1,2,2,1,0,1,1,3
171,1,2,2,2,0,1,1,13
171,1,2,3,0,0,1,1,1
171,1,2,3,1,0,1,1,3
171,1,2,3,2,0,1,1,13
171,1,3,1,0,0,1,1,1
171,1,3,1,1,0,1,1,3
171,1,3,1,2,0,1,1,13
171,1,3,2,0,0,1,1,1
171,1,3,2,1,0,1,1,3
171,1,3,2,2,0,1,1,13
171,1,3,3,0,0,1,1,1
171,1,3,3,1,0,1,1,3
171,1,3,3,2,0,1,1,13
171,1,4,1,0,0,1,1,1
171,1,4,1,1,0,1,1,3
171,1,4,1,2,0,1,1,13
171,1,4,2,0,0,1,1,1
171,1,4,2,1,0,1,1,3
171,1,4,2,2,0,1,1,13
171,1,4,3,0,0,1,1,1
171,1,4,3,1,0,1,1,3
171,1,4,3,2,0,1,1,13
171,1,5,1,0,1,1,1,1
171,1,5,1,1,1,1,1,1
171,1,5,1,2,1,1,1,1
171,1,5,2,0,0,1,1,1
171,1,5,2,1,0,1,1,3
171,1,5,2,2,0,1,1,13
171,1,5,3,0,0,1,1,1
171,1,5,3,1,0,1,1,3
171,1,5,3,2,0,1,1,13
171,1,6,1,0,0,1,1,1
171,1,6,1,1,0,1,1,3
171,1,6,1,2,0,1,1,13
171,1,6,2,0,1,1,1,1
171,1,6,2,1,1,1,1,1
171,1,6,2,2,1,1,1,1
171,1,6,3,0,0,1,1,1
171,1,6,3,1,0,1,1,3
171,1,6,3,2,0,1,1,13
171,1,7,1,0,0,1,1,1
171,1,7,1,1,1,1,1,3
171,1,7,1,2,1,1,1,8
171,1,7,2,0,1,1,1,1
171,1,7,2,1,1,1,1,1
171,1,7,2,2,1,1,1,1
171,1,7,3,0,0,1,1,1
171,1,7,3,1,1,1,1,3
171,1,7,3,2,1,1,1,8
171,1,8,1,0,1,1,1,1
171,1,8,1,1,1,1,1,1
171,1,8,1,2,1,1,1,1
171,1,8,2,0,1,1,1,1
171,1,8,2,1,1,1,1,1
171,1,8,2,2,1,1,1,1
171,1,8,3,0,1,1,1,1
171,1,8,3,1,1,1,1,1
171,1,8,3,2,1,1,1,1
172,0,0,1,0,0,1,1,1
172,0,0,1,1,0,1,1,3
172,0,0,1,2,0,1,1,7
172,0,0,2,0,0,1,1,1
172,0,0,2,1,0,1,1,3
172,0,0,2,2,0,1,1,7
172,0,0,3,0,0,1,1,1
172,0,0,3,1,0,1,1,3
172,0,0,3,2,0,1,1,7
172,0,1,1,0,0,1,1,1
172,0,1,1,1,0,1,1,3
172,0,1,1,2,0,1,1,7
172,0,1,2,0,0,1,1,1
172,0,1,2,1,0,1,1,3
172,0,1,2,2,0,1,1,7
172,0,1,3,0,0,1,1,1
172,0,1,3,1,0,1,1,3
172,0,1,3,2,0,1,1,7
172,0,2,1,0,1,1,1,1
172,0,2,1,1,1,1,1,1
172,0,2,1,2,1,1,1,1
172,0,2,2,0,0,1,1,1
172,0,2,2,1,0,1,1,3
172,0,2,2,2,0,1,1,7
172,0,2,3,0,0,1,1,1
172,0,2,3,1,0,1,1,3
172,0,2,3,2,0,1,1,7
172,0,3,1,0,0,1,1,1
172,0,3,1,1,0,1,1,3
172,0,3,1,2,0,1,1,7
172,0,3,2,0,0,1,1,1
172,0,3,2,1,0,1,1,3
172,0,3,2,2,0,1,1,7
172,0,3,3,0,0,1,1,1
172,0,3,3,1,0,1,1,3
172,0,3,3,2,0,1,1,7
172,0,4,1,0,0,1,1,1
172,0,4,1,1,0,1,1,3
172,0,4,1,2,0,1,1,7
172,0,4,2,0,0,1,1,1
172,0,4,2,1,0,1,1,3
172,0,4,2,2,0,1,1,7
172,0,4,3,0,0,1,1,1
172,0,4,3,1,0,1,1,3
172,0,4,3,2,0,1,1,7
172,0,5,1,0,1,1,1,1
172,0,5,1,1,1,1,1,1
172,0,5,1,2,1,1,1,1
172,0,5,2,0,0,1,1,1
172,0,5,2,1,0,1,1,3
172,0,5,2,2,0,1,1,7
172,0,5,3,0,0,1,1,1
172,0,5,3,1,0,1,1,3
172,0,5,3,2,0,1,1,7
172,0,6,1,0,0,1,1,1
172,0,6,1,1,0,1,1,3
172,0,6,1,2,0,1,1,7
172,0,6,2,0,1,1,1,1
172,0,6,2,1,1,1,1,1
172,0,6,2,2,1,1,1,1
172,0,6,3,0,0,1,1,1
172,0,6,3,1,0,1,1,3
172,0,6,3,2,0,1,1,7
172,0,7,1,0,0,1,1,1
172,0,7,1,1,1,1,1,3
172,0,7,1,2,1,1,1,5
172,0,7,2,0,1,1,1,1
172,0,7,2,1,1,1,1,1
172,0,7,2,2,1,1,1,1
172,0,7,3,0,0,1,1,1
172,0,7,3,1,1,1,1,3
172,0,7,3,2,1,1,1,5
172,0,8,1,0,1,1,1,1
172,0,8,1,1,1,1,1,1
172,0,8,1,2,1,1,1,1
172,0,8,2,0,1,1,1,1
172,0,8,2,1,1,1,1,1
172,0,8,2,2,1,1,1,1
172,0,8,3,0,1,1,1,1
172,0,8,3,1,1,1,1,1
172,0,8,3,2,1,1,1,1
172,1,0,1,0,0,1,1,1
172,1,0,1,1,0,1,1,3
172,1,0,1,2,0,1,1,13
172,1,0,2,0,0,1,1,1
172,1,0,2,1,0,1,1,3
172,1,0,2,2,0,1,1,13
172,1,0,3,0,0,1,1,1
172,1,0,3,1,0,1,1,3
172,1,0,3,2,0,1,1,13
172,1,1,1,0,0,1,1,1
172,1,1,1,1,0,1,1,3
172,1,1,1,2,0,1,1,13
172,1,1,2,0,0,1,1,1
172,1,1,2,1,0,1,1,3
172,1,1,2,2,0,1,1,13
172,1,1,3,0,0,1,1,1
172,1,1,3,1,0,1,1,3
172,1,1,3,2,0,1,1,13
172,1,2,1,0,1,1,1,1
172,1,2,1,1,1,1,1,1
172,1,2,1,2,1,1,1,1
172,1,2,2,0,0,1,1,1
172,1,2,2,1,0,1,1,3
172,1,2,2,2,0,1,1,13
172,1,2,3,0,0,1,1,1
172,1,2,3,1,0,1,1,3
172,1,2,3,2,0,1,1,13
172,1,3,1,0,0,1,1,1
172,1,3,1,1,0,1,1,3
172,1,3,1,2,0,1,1,13
172,1,3,2,0,0,1,1,1
172,1,3,2,1,0,1,1,3
172,1,3,2,2,0,1,1,13
172,1,3,3,0,0,1,1,1
172,1,3,3,1,0,1,1,3
172,1,3,3,2,0,1,1,13
172,1,4,1,0,0,1,1,1
172,1,4,1,1,0,1,1,3
172,1,4,1,2,0,1,1,13
172,1,4,2,0,0,1,1,1
172,1,4,2,1,0,1,1,3
172,1,4,2,2,0,1,1,13
172,1,4,3,0,0,1,1,1
172,1,4,3,1,0,1,1,3
172,1,4,3,2,0,1,1,13
172,1,5,1,0,1,1,1,1
172,1,5,1,1,1,1,1,1
172,1,5,1,2,1,1,1,1
172,1,5,2,0,0,1,1,1
172,1,5,2,1,0,1,1,3
172,1,5,2,2,0,1,1,13
172,1,5,3,0,0,1,1,1
172,1,5,3,1,0,1,1,3
172,1,5,3,2,0,1,1,13
172,1,6,1,0,0,1,1,1
172,1,6,1,1,0,1,1,3
172,1,6,1,2,0,1,1,13
172,1,6,2,0,1,1,1,1
172,1,6,2,1,1,1,1,1
172,1,6,2,2,1,1,1,1
172,1,6,3,0,0,1,1,1
172,1,6,3,1,0,1,1,3
172,1,6,3,2,0,1,1,13
172,1,7,1,0,0,1,1,1
172,1,7,1,1,1,1,1,3
172,1,7,1,2,1,1,1,11
172,1,7,2,0,1,1,1,1
172,1,7,2,1,1,1,1,1
172,1,7,2,2,1,1,1,1
172,1,7,3,0,0,1,1,1
172,1,7,3,1,1,1,1,3
172,1,7,3,2,1,1,1,11
172,1,8,1,0,1,1,1,1
172,1,8,1,1,1,1,1,1
172,1,8,1,2,1,1,1,1
172,1,8,2,0,1,1,1,1
172,1,8,2,1,1,1,1,1
172,1,8,2,2,1,1,1,1
172,1,8,3,0,1,1,1,1
172,1,8,3,1,1,1,1,1
172,1,8,3,2,1,1,1,1
173,0,0,1,0,0,1,1,1
173,0,0,1,1,0,1,1,3
173,0,0,1,2,0,1,1,7
173,0,0,2,0,0,1,1,1
173,0,0,2,1,0,1,1,3
173,0,0,2,2,0,1,1,7
173,0,0,3,0,0,1,1,1
173,0,0,3,1,0,1,1,3
173,0,0,3,2,0,1,1,7
173,0,1,1,0,0,1,1,1
173,0,1,1,1,0,1,1,3
173,0,1,1,2,0,1,1,7
173,0,1,2,0,0,1,1,1
173,0,1,2,1,0,1,1,3
173,0,1,2,2,0,1,1,7
173,0,1,3,0,0,1,1,1
173,0,1,3,1,0,1,1,3
173,0,1,3,2,0,1,1,7
173,0,2,1,0,1,1,1,1
173,0,2,1,1,1,1,1,1
173,0,2,1,2,1,1,1,1
173,0,2,2,0,0,1,1,1
173,0,2,2,1,0,1,1,3
173,0,2,2,2,0,1,1,7
173,0,2,3,0,0,1,1,1
173,0,2,3,1,0,1,1,3
173,0,2,3,2,0,1,1,7
173,0,3,1,0,0,1,1,1
173,0,3,1,1,0,1,1,3
173,0,3,1,2,0,1,1,7
173,0,3,2,0,0,1,1,1
173,0,3,2,1,0,1,1,3
173,0,3,2,2,0,1,1,7
173,0,3,3,0,0,1,1,1
173,0,3,3,1,0,1,1,3
173,0,3,3,2,0,1,1,7
173,0,4,1,0,0,1,1,1
173,0,4,1,1,0,1,1,3
173,0,4,1,2,0,1,1,7
173,0,4,2,0,0,1,1,1
173,0,4,2,1,0,1,1,3
173,0,4,2,2,0,1,1,7
173,0,4,3,0,0,1,1,1
173,0,4,3,1,0,1,1,3
173,0,4,3,2,0,1,1,7
173,0,5,1,0,1,1,1,1
173,0,5,1,1,1,1,1,1
173,0,5,1,2,1,1,1,1
173,0,5,2,0,0,1,1,1
173,0,5,2,1,0,1,1,3
173,0,5,2,2,0,1,1,7
173,0,5,3,0,0,1,1,1
173,0,5,3,1,0,1,1,3
173,0,5,3,2,0,1,1,7
173,0,6,1,0,0,1,1,1
173,0,6,1,1,0,1,1,3
173,0,6,1,2,0,1,1,7
173,0,6,2,0,1,1,1,1
173,0,6,2,1,1,1,1,1
173,0,6,2,2,1,1,1,1
173,0,6,3,0,0,1,1,1
173,0,6,3,1,0,1,1,3
173,0,6,3,2,0,1,1,7
173,0,7,1,0,0,1,1,1
173,0,7,1,1,1,1,1,3
173,0,7,1,2,1,1,1,4
173,0,7,2,0,1,1,1,1
173,0,7,2,1,1,1,1,1
173,0,7,2,2,1,1,1,1
173,0,7,3,0,0,1,1,1
173,0,7,3,1,1,1,1,3
173,0,7,3,2,1,1,1,4
173,0,8,1,0,1,1,1,1
173,0,8,1,1,1,1,1,1
173,0,8,1,2,1,1,1,1
173,0,8,2,0,1,1,1,1
173,0,8,2,1,1,1,1,1
173,0,8,2,2,1,1,1,1
173,0,8,3,0,1,1,1,1
173,0,8,3,1,1,1,1,1
173,0,8,3,2,1,1,1,1
173,1,0,1,0,0,1,1,1
173,1,0,1,1,0,1,1,3
173,1,0,1,2,0,1,1,13
173,1,0,2,0,0,1,1,1
173,1,0,2,1,0,1,1,3
173,1,0,2,2,0,1,1,13
173,1,0,3,0,0,1,1,1
173,1,0,3,1,0,1,1,3
173,1,0,3,2,0,1,1,13
173,1,1,1,0,0,1,1,1
173,1,1,1,1,0,1,1,3
173,1,1,1,2,0,1,1,13
173,1,1,2,0,0,1,1,1
173,1,1,2,1,0,1,1,3
173,1,1,2,2,0,1,1,13
173,1,1,3,0,0,1,1,1
173,1,1,3,1,0,1,1,3
173,1,1,3,2,0,1,1,13
173,1,2,1,0,1,1,1,1
173,1,2,1,1,1,1,1,1
173,1,2,1,2,1,1,1,1
173,1,2,2,0,0,1,1,1
173,1,2,2,1,0,1,1,3
173,1,2,2,2,0,1,1,13
173,1,2,3,0,0,1,1,1
173,1,2,3,1,0,1,1,3
173,1,2,3,2,0,1,1,13
173,1,3,1,0,0,1,1,1
173,1,3,1,1,0,1,1,3
173,1,3,1,2,0,1,1,13
173,1,3,2,0,0,1,1,1
173,1,3,2,1,0,1,1,3
173,1,3,2,2,0,1,1,13
173,1,3,3,0,0,1,1,1
173,1,3,3,1,0,1,1,3
173,1,3,3,2,0,1,1,13
173,1,4,1,0,0,1,1,1
173,1,4,1,1,0,1,1,3
173,1,4,1,2,0,1,1,13
173,1,4,2,0,0,1,1,1
173,1,4,2,1,0,1,1,3
173,1,4,2,2,0,1,1,13
173,1,4,3,0,0,1,1,1
173,1,4,3,1,0,1,1,3
173,1,4,3,2,0,1,1,13
173,1,5,1,0,1,1,1,1
173,1,5,1,1,1,1,1,1
173,1,5,1,2,1,1,1,1
173,1,5,2,0,0,1,1,1
173,1,5,2,1,0,1,1,3
173,1,5,2,2,0,1,1,13
173,1,5,3,0,0,1,1,1
173,1,5,3,1,0,1,1,3
173,1,5,3,2,0,1,1,13
173,1,6,1,0,0,1,1,1
173,1,6,1,1,0,1,1,3
173,1,6,1,2,0,1,1,13
173,1,6,2,0,1,1,1,1
173,1,6,2,1,1,1,1,1
173,1,6,2,2,1,1,1,1
173,1,6,3,0,0,1,1,1
173,1,6,3,1,0,1,1,3
173,1,6,3,2,0,1,1,13
173,1,7,1,0,0,1,1,1
173,1,7,1,1,1,1,1,3
173,1,7,1,2,1,1,1,8
173,1,7,2,0,1,1,1,1
173,1,7,2,1,1,1,1,1
173,1,7,2,2,1,1,1,1
173,1,7,3,0,0,1,1,1
173,1,7,3,1,1,1,1,3
173,1,7,3,2,1,1,1,8
173,1,8,1,0,1,1,1,1
173,1,8,1,1,1,1,1,1
173,1,8,1,2,1,1,1,1
173,1,8,2,0,1,1,1,1
173,1,8,2,1,1,1,1,1
173,1,8,2,2,1,1,1,1
173,1,8,3,0,1,1,1,1
173,1,8,3,1,1,1,1,1
173,1,8,3,2,1,1,1,1
174,0,0,1,0,0,1,1,1
174,0,0,1,1,0,1,1,3
174,0,0,1,2,0,1,1,7
174,0,0,2,0,0,1,1,1
174,0,0,2,1,0,1,1,3
174,0,0,2,2,0,1,1,7
174,0,0,3,0,0,1,1,1
174,0,0,3,1,0,1,1,3
174,0,0,3,2,0,1,1,7
174,0,1,1,0,0,1,1,1
174,0,1,1,1,0,1,1,3
174,0,1,1,2,0,1,1,7
174,0,1,2,0,0,1,1,1
174,0,1,2,1,0,1,1,3
174,0,1,2,2,0,1,1,7
174,0,1,3,0,0,1,1,1
174,0,1,3,1,0,1,1,3
174,0,1,3,2,0,1,1,7
174,0,2,1,0,1,1,1,1
174,0,2,1,1,1,1,1,1
174,0,2,1,2,1,1,1,1
174,0,2,2,0,0,1,1,1
174,0,2,2,1,0,1,1,3
174,0,2,2,2,0,1,1,7
174,0,2,3,0,0,1,1,1
174,0,2,3,1,0,1,1,3
174,0,2,3,2,0,1,1,7
174,0,3,1,0,0,1,1,1
174,0,3,1,1,0,1,1,3
174,0,3,1,2,0,1,1,7
174,0,3,2,0,0,1,1,1
174,0,3,2,1,0,1,1,3
174,0,3,2,2,0,1,1,7
174,0,3,3,0,0,1,1,1
174,0,3,3,1,0,1,1,3
174,0,3,3,2,0,1,1,7
174,0,4,1,0,0,1,1,1
174,0,4,1,1,0,1,1,3
174,0,4,1,2,0,1,1,7
174,0,4,2,0,0,1,1,1
174,0,4,2,1,0,1,1,3
174,0,4,2,2,0,1,1,7
174,0,4,3,0,0,1,1,1
174,0,4,3,1,0,1,1,3
174,0,4,3,2,0,1,1,7
174,0,5,1,0,1,1,1,1
174,0,5,1,1,1,1,1,1
174,0,5,1,2,1,1,1,1
174,0,5,2,0,0,1,1,1
174,0,5,2,1,0,1,1,3
174,0,5,2,2,0,1,1,7
174,0,5,3,0,0,1,1,1
174,0,5,3,1,0,1,1,3
174,0,5,3,2,0,1,1,7
174,0,6,1,0,0,1,1,1
174,0,6,1,1,0,1,1,3
174,0,6,1,2,0,1,1,7
174,0,6,2,0,1,1,1,1
174,0,6,2,1,1,1,1,1
174,0,6,2,2,1,1,1,1
174,0,6,3,0,0,1,1,1
174,0,6,3,1,0,1,1,3
174,0,6,3,2,0,1,1,7
174,0,7,1,0,0,1,1,1
174,0,7,1,1,1,1,1,2
174,0,7,1,2,1,1,1,2
174,0,7,2,0,1,1,1,1
174,0,7,2,1,1,1,1,1
174,0,7,2,2,1,1,1,1
174,0,7,3,0,0,1,1,1
174,0,7,3,1,1,1,1,3
174,0,7,3,2,1,1,1,4
174,0,8,1,0,1,1,1,1
174,0,8,1,1,1,1,1,1
174,0,8,1,2,1,1,1,1
174,0,8,2,0,1,1,1,1
174,0,8,2,1,1,1,1,1
174,0,8,2,2,1,1,1,1
174,0,8,3,0,1,1,1,1
174,0,8,3,1,1,1,1,1
174,0,8,3,2,1,1,1,1
174,1,0,1,0,0,1,1,1
174,1,0,1,1,0,1,1,3
174,1,0,1,2,0,1,1,13
174,1,0,2,0,0,1,1,1
174,1,0,2,1,0,1,1,3
174,1,0,2,2,0,1,1,13
174,1,0,3,0,0,1,1,1
174,1,0,3,1,0,1,1,3
174,1,0,3,2,0,1,1,13
174,1,1,1,0,0,1,1,1
174,1,1,1,1,0,1,1,3
174,1,1,1,2,0,1,1,13
174,1,1,2,0,0,1,1,1
174,1,1,2,1,0,1,1,3
174,1,1,2,2,0,1,1,13
174,1,1,3,0,0,1,1,1
174,1,1,3,1,0,1,1,3
174,1,1,3,2,0,1,1,13
174,1,2,1,0,1,1,1,1
174,1,2,1,1,1,1,1,1
174,1,2,1,2,1,1,1,1
174,1,2,2,0,0,1,1,1
174,1,2,2,1,0,1,1,3
174,1,2,2,2,0,1,1,13
174,1,2,3,0,0,1,1,1
174,1,2,3,1,0,1,1,3
174,1,2,3,2,0,1,1,13
174,1,3,1,0,0,1,1,1
174,1,3,1,1,0,1,1,3
174,1,3,1,2,0,1,1,13
174,1,3,2,0,0,1,1,1
174,1,3,2,1,0,1,1,3
174,1,3,2,2,0,1,1,13
174,1,3,3,0,0,1,1,1
174,1,3,3,1,0,1,1,3
174,1,3,3,2,0,1,1,13
174,1,4,1,0,0,1,1,1
174,1,4,1,1,0,1,1,3
174,1,4,1,2,0,1,1,13
174,1,4,2,0,0,1,1,1
174,1,4,2,1,0,1,1,3
174,1,4,2,2,0,1,1,13
174,1,4,3,0,0,1,1,1
174,1,4,3,1,0,1,1,3
174,1,4,3,2,0,1,1,13
174,1,5,1,0,1,1,1,1
174,1,5,1,1,1,1,1,1
174,1,5,1,2,1,1,1,1
174,1,5,2,0,0,1,1,1
174,1,5,2,1,0,1,1,3
174,1,5,2,2,0,1,1,13
174,1,5,3,0,0,1,1,1
174,1,5,3,1,0,1,1,3
174,1,5,3,2,0,1,1,13
174,1,6,1,0,0,1,1,1
174,1,6,1,1,0,1,1,3
174,1,6,1,2,0,1,1,13
174,1,6,2,0,1,1,1,1
174,1,6,2,1,1,1,1,1
174,1,6,2,2,1,1,1,1
174,1,6,3,0,0,1,1,1
174,1,6,3,1,0,1,1,3
174,1,6,3,2,0,1,1,13
174,1,7,1,0,0,1,1,1
174,1,7,1,1,1,1,1,2
174,1,7,1,2,1,1,1,2
174,1,7,2,0,1,1,1,1
174,1,7,2,1,1,1,1,1
174,1,7,2,2,1,1,1,1
174,1,7,3,0,0,1,1,1
174,1,7,3,1,1,1,1,3
174,1,7,3,2,1,1,1,5
174,1,8,1,0,1,1,1,1
174,1,8,1,1,1,1,1,1
174,1,8,1,2,1,1,1,1
174,1,8,2,0,1,1,1,1
174,1,8,2,1,1,1,1,1
174,1,8,2,2,1,1,1,1
174,1,8,3,0,1,1,1,1
174,1,8,3,1,1,1,1,1
174,1,8,3,2,1,1,1,1
175,0,0,1,0,0,1,1,1
175,0,0,1,1,0,1,1,3
175,0,0,1,2,0,1,1,7
175,0,0,2,0,0,1,1,1
175,0,0,2,1,0,1,1,3
175,0,0,2,2,0,1,1,7
175,0,0,3,0,0,1,1,1
175,0,0,3,1,0,1,1,3
175,0,0,3,2,0,1,1,7
175,0,1,1,0,0,1,1,1
175,0,1,1,1,0,1,1,3
175,0,1,1,2,0,1,1,7
175,0,1,2,0,0,1,1,1
175,0,1,2,1,0,1,1,3
175,0,1,2,2,0,1,1,7
175,0,1,3,0,0,1,1,1
175,0,1,3,1,0,1,1,3
175,0,1,3,2,0,1,1,7
175,0,2,1,0,1,1,1,1
175,0,2,1,1,1,1,1,1
175,0,2,1,2,1,1,1,1
175,0,2,2,0,0,1,1,1
175,0,2,2,1,0,1,1,3
175,0,2,2,2,0,1,1,7
175,0,2,3,0,0,1,1,1
175,0,2,3,1,0,1,1,3
175,0,2,3,2,0,1,1,7
175,0,3,1,0,0,1,1,1
175,0,3,1,1,0,1,1,3
175,0,3,1,2,0,1,1,7
175,0,3,2,0,0,1,1,1
175,0,3,2,1,0,1,1,3
175,0,3,2,2,0,1,1,7
175,0,3,3,0,0,1,1,1
175,0,3,3,1,0,1,1,3
175,0,3,3,2,0,1,1,7
175,0,4,1,0,0,1,1,1
175,0,4,1,1,0,1,1,3
175,0,4,1,2,0,1,1,7
175,0,4,2,0,0,1,1,1
175,0,4,2,1,0,1,1,3
175,0,4,2,2,0,1,1,7
175,0,4,3,0,0,1,1,1
175,0,4,3,1,0,1,1,3
175,0,4,3,2,0,1,1,7
175,0,5,1,0,1,1,1,1
175,0,5,1,1,1,1,1,1
175,0,5,1,2,1,1,1,1
175,0,5,2,0,0,1,1,1
175,0,5,2,1,0,1,1,3
175,0,5,2,2,0,1,1,7
175,0,5,3,0,0,1,1,1
175,0,5,3,1,0,1,1,3
175,0,5,3,2,0,1,1,7
175,0,6,1,0,0,1,1,1
175,0,6,1,1,0,1,1,3
175,0,6,1,2,0,1,1,7
175,0,6,2,0,1,1,1,1
175,0,6,2,1,1,1,1,1
175,0,6,2,2,1,1,1,1
175,0,6,3,0,0,1,1,1
175,0,6,3,1,0,1,1,3
175,0,6,3,2,0,1,1,7
175,0,7,1,0,0,1,1,1
175,0,7,1,1,1,1,1,3
175,0,7,1,2,1,1,1,4
175,0,7,2,0,1,1,1,1
175,0,7,2,1,1,1,1,1
175,0,7,2,2,1,1,1,1
175,0,7,3,0,0,1,1,1
175,0,7,3,1,1,1,1,3
175,0,7,3,2,1,1,1,4
175,0,8,1,0,1,1,1,1
175,0,8,1,1,1,1,1,1
175,0,8,1,2,1,1,1,1
175,0,8,2,0,1,1,1,1
175,0,8,2,1,1,1,1,1
175,0,8,2,2,1,1,1,1
175,0,8,3,0,1,1,1,1
175,0,8,3,1,1,1,1,1
175,0,8,3,2,1,1,1,1
175,1,0,1,0,0,1,1,1
175,1,0,1,1,0,1,1,3
175,1,0,1,2,0,1,1,13
175,1,0,2,0,0,1,1,1
175,1,0,2,1,0,1,1,3
175,1,0,2,2,0,1,1,13
175,1,0,3,0,0,1,1,1
175,1,0,3,1,0,1,1,3
175,1,0,3,2,0,1,1,13
175,1,1,1,0,0,1,1,1
175,1,1,1,1,0,1,1,3
175,1,1,1,2,0,1,1,13
175,1,1,2,0,0,1,1,1
175,1,1,2,1,0,1,1,3
175,1,1,2,2,0,1,1,13
175,1,1,3,0,0,1,1,1
175,1,1,3,1,0,1,1,3
175,1,1,3,2,0,1,1,13
175,1,2,1,0,1,1,1,1
175,1,2,1,1,1,1,1,1
175,1,2,1,2,1,1,1,1
175,1,2,2,0,0,1,1,1
175,1,2,2,1,0,1,1,3
175,1,2,2,2,0,1,1,13
175,1,2,3,0,0,1,1,1
175,1,2,3,1,0,1,1,3
175,1,2,3,2,0,1,1,13
175,1,3,1,0,0,1,1,1
175,1,3,1,1,0,1,1,3
175,1,3,1,2,0,1,1,13
175,1,3,2,0,0,1,1,1
175,1,3,2,1,0,1,1,3
175,1,3,2,2,0,1,1,13
175,1,3,3,0,0,1,1,1
175,1,3,3,1,0,1,1,3
175,1,3,3,2,0,1,1,13
175,1,4,1,0,0,1,1,1
175,1,4,1,1,0,1,1,3
175,1,4,1,2,0,1,1,13
175,1,4,2,0,0,1,1,1
175,1,4,2,1,0,1,1,3
175,1,4,2,2,0,1,1,13
175,1,4,3,0,0,1,1,1
175,1,4,3,1,0,1,1,3
175,1,4,3,2,0,1,1,13
175,1,5,1,0,1,1,1,1
175,1,5,1,1,1,1,1,1
175,1,5,1,2,1,1,1,1
175,1,5,2,0,0,1,1,1
175,1,5,2,1,0,1,1,3
175,1,5,2,2,0,1,1,13
175,1,5,3,0,0,1,1,1
175,1,5,3,1,0,1,1,3
175,1,5,3,2,0,1,1,13
175,1,6,1,0,0,1,1,1
175,1,6,1,1,0,1,1,3
175,1,6,1,2,0,1,1,13
175,1,6,2,0,1,1,1,1
175,1,6,2,1,1,1,1,1
175,1,6,2,2,1,1,1,1
175,1,6,3,0,0,1,1,1
175,1,6,3,1,0,1,1,3
175,1,6,3,2,0,1,1,13
175,1,7,1,0,0,1,1,1
175,1,7,1,1,1,1,1,3
175,1,7,1,2,1,1,1,8
175,1,7,2,0,1,1,1,1
175,1,7,2,1,1,1,1,1
175,1,7,2,2,1,1,1,1
175,1,7,3,0,0,1,1,1
175,1,7,3,1,1,1,1,3
175,1,7,3,2,1,1,1,8
175,1,8,1,0,1,1,1,1
175,1,8,1,1,1,1,1,1
175,1,8,1,2,1,1,1,1
175,1,8,2,0,1,1,1,1
175,1,8,2,1,1,1,1,1
175,1,8,2,2,1,1,1,1
175,1,8,3,0,1,1,1,1
175,1,8,3,1,1,1,1,1
175,1,8,3,2,1,1,1,1
176,0,0,1,0,0,1,1,1
176,0,0,1,1,0,1,1,3
176,0,0,1,2,0,1,1,5
176,0,0,2,0,0,1,1,1
176,0,0,2,1,0,1,1,3
176,0,0,2,2,0,1,1,5
176,0,0,3,0,0,1,1,1
176,0,0,3,1,0,1,1,3
176,0,0,3,2,0,1,1,5
176,0,1,1,0,0,1,1,1
176,0,1,1,1,0,1,1,3
176,0,1,1,2,0,1,1,5
176,0,1,2,0,0,1,1,1
176,0,1,2,1,0,1,1,3
176,0,1,2,2,0,1,1,5
176,0,1,3,0,0,1,1,1
176,0,1,3,1,0,1,1,3
176,0,1,3,2,0,1,1,5
176,0,2,1,0,1,1,1,1
176,0,2,1,1,1,1,1,1
176,0,2,1,2,1,1,1,1
176,0,2,2,0,0,1,1,1
176,0,2,2,1,0,1,1,3
176,0,2,2,2,0,1,1,5
176,0,2,3,0,0,1,1,1
176,0,2,3,1,0,1,1,3
176,0,2,3,2,0,1,1,5
176,0,3,1,0,0,1,1,1
176,0,3,1,1,0,1,1,3
176,0,3,1,2,0,1,1,5
176,0,3,2,0,0,1,1,1
176,0,3,2,1,0,1,1,3
176,0,3,2,2,0,1,1,5
176,0,3,3,0,0,1,1,1
176,0,3,3,1,0,1,1,3
176,0,3,3,2,0,1,1,5
176,0,4,1,0,0,1,1,1
176,0,4,1,1,0,1,1,3
176,0,4,1,2,0,1,1,5
176,0,4,2,0,0,1,1,1
176,0,4,2,1,0,1,1,3
176,0,4,2,2,0,1,1,5
176,0,4,3,0,0,1,1,1
176,0,4,3,1,0,1,1,3
176,0,4,3,2,0,1,1,5
176,0,5,1,0,1,1,1,1
176,0,5,1,1,1,1,1,1
176,0,5,1,2,1,1,1,1
176,0,5,2,0,0,1,1,1
176,0,5,2,1,0,1,1,3
176,0,5,2,2,0,1,1,5
176,0,5,3,0,0,1,1,1
176,0,5,3,1,0,1,1,3
176,0,5,3,2,0,1,1,5
176,0,6,1,0,0,1,1,1
176,0,6,1,1,0,1,1,3
176,0,6,1,2,0,1,1,5
176,0,6,2,0,1,1,1,1
176,0,6,2,1,1,1,1,1
176,0,6,2,2,1,1,1,1
176,0,6,3,0,0,1,1,1
176,0,6,3,1,0,1,1,3
176,0,6,3,2,0,1,1,5
176,0,7,1,0,0,1,1,1
176,0,7,1,1,0,1,1,3
176,0,7,1,2,0,1,1,5
176,0,7,2,0,1,1,1,1
176,0,7,2,1,1,1,1,1
176,0,7,2,2,1,1,1,1
176,0,7,3,0,0,1,1,1
176,0,7,3,1,0,1,1,3
176,0,7,3,2,0,1,1,5
176,0,8,1,0,1,1,1,1
176,0,8,1,1,1,1,1,1
176,0,8,1,2,1,1,1,1
176,0,8,2,0,1,1,1,1
176,0,8,2,1,1,1,1,1
176,0,8,2,2,1,1,1,1
176,0,8,3,0,1,1,1,1
176,0,8,3,1,1,1,1,1
176,0,8,3,2,1,1,1,1
176,1,0,1,0,0,1,1,1
176,1,0,1,1,0,1,1,3
176,1,0,1,2,0,1,1,11
176,1,0,2,0,0,1,1,1
176,1,0,2,1,0,1,1,3
176,1,0,2,2,0,1,1,11
176,1,0,3,0,0,1,1,1
176,1,0,3,1,0,1,1,3
176,1,0,3,2,0,1,1,11
176,1,1,1,0,0,1,1,1
176,1,1,1,1,0,1,1,3
176,1,1,1,2,0,1,1,11
176,1,1,2,0,0,1,1,1
176,1,1,2,1,0,1,1,3
176,1,1,2,2,0,1,1,11
176,1,1,3,0,0,1,1,1
176,1,1,3,1,0,1,1,3
176,1,1,3,2,0,1,1,11
176,1,2,1,0,1,1,1,1
176,1,2,1,1,1,1,1,1
176,1,2,1,2,1,1,1,1
176,1,2,2,0,0,1,1,1
176,1,2,2,1,0,1,1,3
176,1,2,2,2,0,1,1,11
176,1,2,3,0,0,1,1,1
176,1,2,3,1,0,1,1,3
176,1,2,3,2,0,1,1,11
176,1,3,1,0,0,1,1,1
176,1,3,1,1,0,1,1,3
176,1,3,1,2,0,1,1,11
176,1,3,2,0,0,1,1,1
176,1,3,2,1,0,1,1,3
176,1,3,2,2,0,1,1,11
176,1,3,3,0,0,1,1,1
176,1,3,3,1,0,1,1,3
176,1,3,3,2,0,1,1,11
176,1,4,1,0,0,1,1,1
176,1,4,1,1,0,1,1,3
176,1,4,1,2,0,1,1,11
176,1,4,2,0,0,1,1,1
176,1,4,2,1,0,1,1,3
176,1,4,2,2,0,1,1,11
176,1,4,3,0,0,1,1,1
176,1,4,3,1,0,1,1,3
176,1,4,3,2,0,1,1,11
176,1,5,1,0,1,1,1,1
176,1,5,1,1,1,1,1,1
176,1,5,1,2,1,1,1,1
176,1,5,2,0,0,1,1,1
176,1,5,2,1,0,1,1,3
176,1,5,2,2,0,1,1,11
176,1,5,3,0,0,1,1,1
176,1,5,3,1,0,1,1,3
176,1,5,3,2,0,1,1,11
176,1,6,1,0,0,1,1,1
176,1,6,1,1,0,1,1,3
176,1,6,1,2,0,1,1,11
176,1,6,2,0,1,1,1,1
176,1,6,2,1,1,1,1,1
176,1,6,2,2,1,1,1,1
176,1,6,3,0,0,1,1,1
176,1,6,3,1,0,1,1,3
176,1,6,3,2,0,1,1,11
176,1,7,1,0,0,1,1,1
176,1,7,1,1,0,1,1,3
176,1,7,1,2,0,1,1,11
176,1,7,2,0,1,1,1,1
176,1,7,2,1,1,1,1,1
176,1,7,2,2,1,1,1,1
176,1,7,3,0,0,1,1,1
176,1,7,3,1,0,1,1,3
176,1,7,3,2,0,1,1,11
176,1,8,1,0,1,1,1,1
176,1,8,1,1,1,1,1,1
176,1,8,1,2,1,1,1,1
176,1,8,2,0,1,1,1,1
176,1,8,2,1,1,1,1,1
176,1,8,2,2,1,1,1,1
176,1,8,3,0,1,1,1,1
176,1,8,3,1,1,1,1,1
176,1,8,3,2,1,1,1,1
177,0,0,1,0,0,1,1,1
177,0,0,1,1,0,1,1,3
177,0,0,1,2,0,1,1,7
177,0,0,2,0,0,1,1,1
177,0,0,2,1,0,1,1,3
177,0,0,2,2,0,1,1,7
177,0,0,3,0,0,1,1,1
177,0,0,3,1,0,1,1,3
177,0,0,3,2,0,1,1,7
177,0,1,1,0,0,1,1,1
177,0,1,1,1,0,1,1,3
177,0,1,1,2,0,1,1,7
177,0,1,2,0,0,1,1,1
177,0,1,2,1,0,1,1,3
177,0,1,2,2,0,1,1,7
177,0,1,3,0,0,1,1,1
177,0,1,3,1,0,1,1,3
177,0,1,3,2,0,1,1,7
177,0,2,1,0,1,1,1,1
177,0,2,1,1,1,1,1,1
177,0,2,1,2,1,1,1,1
177,0,2,2,0,0,1,1,1
177,0,2,2,1,0,1,1,3
177,0,2,2,2,0,1,1,7
177,0,2,3,0,0,1,1,1
177,0,2,3,1,0,1,1,3
177,0,2,3,2,0,1,1,7
177,0,3,1,0,0,1,1,1
177,0,3,1,1,0,1,1,3
177,0,3,1,2,0,1,1,7
177,0,3,2,0,0,1,1,1
177,0,3,2,1,0,1,1,3
177,0,3,2,2,0,1,1,7
177,0,3,3,0,0,1,1,1
177,0,3,3,1,0,1,1,3
177,0,3,3,2,0,1,1,7
177,0,4,1,0,0,1,1,1
177,0,4,1,1,0,1,1,3
177,0,4,1,2,0,1,1,7
177,0,4,2,0,0,1,1,1
177,0,4,2,1,0,1,1,3
177,0,4,2,2,0,1,1,7
177,0,4,3,0,0,1,1,1
177,0,4,3,1,0,1,1,3
177,0,4,3,2,0,1,1,7
177,0,5,1,0,1,1,1,1
177,0,5,1,1,1,1,1,1
177,0,5,1,2,1,1,1,1
177,0,5,2,0,0,1,1,1
177,0,5,2,1,0,1,1,3
177,0,5,2,2,0,1,1,7
177,0,5,3,0,0,1,1,1
177,0,5,3,1,0,1,1,3
177,0,5,3,2,0,1,1,7
177,0,6,1,0,0,1,1,1
177,0,6,1,1,0,1,1,3
177,0,6,1,2,0,1,1,7
177,0,6,2,0,1,1,1,1
177,0,6,2,1,1,1,1,1
177,0,6,2,2,1,1,1,1
177,0,6,3,0,0,1,1,1
177,0,6,3,1,0,1,1,3
177,0,6,3,2,0,1,1,7
177,0,7,1,0,0,1,1,1
177,0,7,1,1,0,1,1,3
177,0,7,1,2,0,1,1,7
177,0,7,2,0,1,1,1,1
177,0,7,2,1,1,1,1,1
177,0,7,2,2,1,1,1,1
177,0,7,3,0,0,1,1,1
177,0,7,3,1,0,1,1,3
177,0,7,3,2,0,1,1,7
177,0,8,1,0,1,1,1,1
177,0,8,1,1,1,1,1,1
177,0,8,1,2,1,1,1,1
177,0,8,2,0,1,1,1,1
177,0,8,2,1,1,1,1,1
177,0,8,2,2,1,1,1,1
177,0,8,3,0,1,1,1,1
177,0,8,3,1,1,1,1,1
177,0,8,3,2,1,1,1,1
177,1,0,1,0,0,1,1,1
177,1,0,1,1,0,1,1,3
177,1,0,1,2,0,1,1,13
177,1,0,2,0,0,1,1,1
177,1,0,2,1,0,1,1,3
177,1,0,2,2,0,1,1,13
177,1,0,3,0,0,1,1,1
177,1,0,3,1,0,1,1,3
177,1,0,3,2,0,1,1,13
177,1,1,1,0,0,1,1,1
177,1,1,1,1,0,1,1,3
177,1,1,1,2,0,1,1,13
177,1,1,2,0,0,1,1,1
177,1,1,2,1,0,1,1,3
177,1,1,2,2,0,1,1,13
177,1,1,3,0,0,1,1,1
177,1,1,3,1,0,1,1,3
177,1,1,3,2,0,1,1,13
177,1,2,1,0,1,1,1,1
177,1,2,1,1,1,1,1,1
177,1,2,1,2,1,1,1,1
177,1,2,2,0,0,1,1,1
177,1,2,2,1,0,1,1,3
177,1,2,2,2,0,1,1,13
177,1,2,3,0,0,1,1,1
177,1,2,3,1,0,1,1,3
177,1,2,3,2,0,1,1,13
177,1,3,1,0,0,1,1,1
177,1,3,1,1,0,1,1,3
177,1,3,1,2,0,1,1,13
177,1,3,2,0,0,1,1,1
177,1,3,2,1,0,1,1,3
177,1,3,2,2,0,1,1,13
177,1,3,3,0,0,1,1,1
177,1,3,3,1,0,1,1,3
177,1,3,3,2,0,1,1,13
177,1,4,1,0,0,1,1,1
177,1,4,1,1,0,1,1,3
177,1,4,1,2,0,1,1,13
177,1,4,2,0,0,1,1,1
177,1,4,2,1,0,1,1,3
177,1,4,2,2,0,1,1,13
177,1,4,3,0,0,1,1,1
177,1,4,3,1,0,1,1,3
177,1,4,3,2,0,1,1,13
177,1,5,1,0,1,1,1,1
177,1,5,1,1,1,1,1,1
177,1,5,1,2,1,1,1,1
177,1,5,2,0,0,1,1,1
177,1,5,2,1,0,1,1,3
177,1,5,2,2,0,1,1,13
177,1,5,3,0,0,1,1,1
177,1,5,3,1,0,1,1,3
177,1,5,3,2,0,1,1,13
177,1,6,1,0,0,1,1,1
177,1,6,1,1,0,1,1,3
177,1,6,1,2,0,1,1,13
177,1,6,2,0,1,1,1,1
177,1,6,2,1,1,1,1,1
177,1,6,2,2,1,1,1,1
177,1,6,3,0,0,1,1,1
177,1,6,3,1,0,1,1,3
177,1,6,3,2,0,1,1,13
177,1,7,1,0,0,1,1,1
177,1,7,1,1,0,1,1,3
177,1,7,1,2,0,1,1,13
177,1,7,2,0,1,1,1,1
177,1,7,2,1,1,1,1,1
177,1,7,2,2,1,1,1,1
177,1,7,3,0,0,1,1,1
177,1,7,3,1,0,1,1,3
177,1,7,3,2,0,1,1,13
177,1,8,1,0,1,1,1,1
177,1,8,1,1,1,1,1,1
177,1,8,1,2,1,1,1,1
177,1,8,2,0,1,1,1,1
177,1,8,2,1,1,1,1,1
177,1,8,2,2,1,1,1,1
177,1,8,3,0,1,1,1,1
177,1,8,3,1,1,1,1,1
177,1,8,3,2,1,1,1,1
178,0,0,1,0,0,1,1,1
178,0,0,1,1,0,1,1,3
178,0,0,1,2,0,1,1,7
178,0,0,2,0,0,1,1,1
178,0,0,2,1,0,1,1,3
178,0,0,2,2,0,1,1,7
178,0,0,3,0,0,1,1,1
178,0,0,3,1,0,1,1,3
178,0,0,3,2,0,1,1,7
178,0,1,1,0,0,1,1,1
178,0,1,1,1,0,1,1,3
178,0,1,1,2,0,1,1,7
178,0,1,2,0,0,1,1,1
178,0,1,2,1,0,1,1,3
178,0,1,2,2,0,1,1,7
178,0,1,3,0,0,1,1,1
178,0,1,3,1,0,1,1,3
178,0,1,3,2,0,1,1,7
178,0,2,1,0,1,1,1,1
178,0,2,1,1,1,1,1,1
178,0,2,1,2,1,1,1,1
178,0,2,2,0,0,1,1,1
178,0,2,2,1,0,1,1,3
178,0,2,2,2,0,1,1,7
178,0,2,3,0,0,1,1,1
178,0,2,3,1,0,1,1,3
178,0,2,3,2,0,1,1,7
178,0,3,1,0,0,1,1,1
178,0,3,1,1,0,1,1,3
178,0,3,1,2,0,1,1,7
178,0,3,2,0,0,1,1,1
178,0,3,2,1,0,1,1,3
178,0,3,2,2,0,1,1,7
178,0,3,3,0,0,1,1,1
178,0,3,3,1,0,1,1,3
178,0,3,3,2,0,1,1,7
178,0,4,1,0,0,1,1,1
178,0,4,1,1,0,1,1,3
178,0,4,1,2,0,1,1,7
178,0,4,2,0,0,1,1,1
178,0,4,2,1,0,1,1,3
178,0,4,2,2,0,1,1,7
178,0,4,3,0,0,1,1,1
178,0,4,3,1,0,1,1,3
178,0,4,3,2,0,1,1,7
178,0,5,1,0,1,1,1,1
178,0,5,1,1,1,1,1,1
178,0,5,1,2,1,1,1,1
178,0,5,2,0,0,1,1,1
178,0,5,2,1,0,1,1,3
178,0,5,2,2,0,1,1,7
178,0,5,3,0,0,1,1,1
178,0,5,3,1,0,1,1,3
178,0,5,3,2,0,1,1,7
178,0,6,1,0,0,1,1,1
178,0,6,1,1,0,1,1,3
178,0,6,1,2,0,1,1,7
178,0,6,2,0,1,1,1,1
178,0,6,2,1,1,1,1,1
178,0,6,2,2,1,1,1,1
178,0,6,3,0,0,1,1,1
178,0,6,3,1,0,1,1,3
178,0,6,3,2,0,1,1,7
178,0,7,1,0,0,1,1,1
178,0,7,1,1,1,1,1,2
178,0,7,1,2,1,1,1,2
178,0,7,2,0,1,1,1,1
178,0,7,2,1,1,1,1,1
178,0,7,2,2,1,1,1,1
178,0,7,3,0,0,1,1,1
178,0,7,3,1,0,1,1,3
178,0,7,3,2,0,1,1,7
178,0,8,1,0,1,1,1,1
178,0,8,1,1,1,1,1,1
178,0,8,1,2,1,1,1,1
178,0,8,2,0,1,1,1,1
178,0,8,2,1,1,1,1,1
178,0,8,2,2,1,1,1,1
178,0,8,3,0,1,1,1,1
178,0,8,3,1,1,1,1,1
178,0,8,3,2,1,1,1,1
178,1,0,1,0,0,1,1,1
178,1,0,1,1,0,1,1,3
178,1,0,1,2,0,1,1,13
178,1,0,2,0,0,1,1,1
178,1,0,2,1,0,1,1,3
178,1,0,2,2,0,1,1,13
178,1,0,3,0,0,1,1,1
178,1,0,3,1,0,1,1,3
178,1,0,3,2,0,1,1,13
178,1,1,1,0,0,1,1,1
178,1,1,1,1,0,1,1,3
178,1,1,1,2,0,1,1,13
178,1,1,2,0,0,1,1,1
178,1,1,2,1,0,1,1,3
178,1,1,2,2,0,1,1,13
178,1,1,3,0,0,1,1,1
178,1,1,3,1,0,1,1,3
178,1,1,3,2,0,1,1,13
178,1,2,1,0,1,1,1,1
178,1,2,1,1,1,1,1,1
178,1,2,1,2,1,1,1,1
178,1,2,2,0,0,1,1,1
178,1,2,2,1,0,1,1,3
178,1,2,2,2,0,1,1,13
178,1,2,3,0,0,1,1,1
178,1,2,3,1,0,1,1,3
178,1,2,3,2,0,1,1,13
178,1,3,1,0,0,1,1,1
178,1,3,1,1,0,1,1,3
178,1,3,1,2,0,1,1,13
178,1,3,2,0,0,1,1,1
178,1,3,2,1,0,1,1,3
178,1,3,2,2,0,1,1,13
178,1,3,3,0,0,1,1,1
178,1,3,3,1,0,1,1,3
178,1,3,3,2,0,1,1,13
178,1,4,1,0,0,1,1,1
178,1,4,1,1,0,1,1,3
178,1,4,1,2,0,1,1,13
178,1,4,2,0,0,1,1,1
178,1,4,2,1,0,1,1,3
178,1,4,2,2,0,1,1,13
178,1,4,3,0,0,1,1,1
178,1,4,3,1,0,1,1,3
178,1,4,3,2,0,1,1,13
178,1,5,1,0,1,1,1,1
178,1,5,1,1,1,1,1,1
178,1,5,1,2,1,1,1,1
178,1,5,2,0,0,1,1,1
178,1,5,2,1,0,1,1,3
178,1,5,2,2,0,1,1,13
178,1,5,3,0,0,1,1,1
178,1,5,3,1,0,1,1,3
178,1,5,3,2,0,1,1,13
178,1,6,1,0,0,1,1,1
178,1,6,1,1,0,1,1,3
178,1,6,1,2,0,1,1,13
178,1,6,2,0,1,1,1,1
178,1,6,2,1,1,1,1,1
178,1,6,2,2,1,1,1,1
178,1,6,3,0,0,1,1,1
178,1,6,3,1,0,1,1,3
178,1,6,3,2,0,1,1,13
178,1,7,1,0,0,1,1,1
178,1,7,1,1,1,1,1,2
178,1,7,1,2,1,1,1,2
178,1,7,2,0,1,1,1,1
178,1,7,2,1,1,1,1,1
178,1,7,2,2,1,1,1,1
178,1,7,3,0,0,1,1,1
178,1,7,3,1,0,1,1,3
178,1,7,3,2,1,1,1,8
178,1,8,1,0,1,1,1,1
178,1,8,1,1,1,1,1,1
178,1,8,1,2,1,1,1,1
178,1,8,2,0,1,1,1,1
178,1,8,2,1,1,1,1,1
178,1,8,2,2,1,1,1,1
178,1,8,3,0,1,1,1,1
178,1,8,3,1,1,1,1,1
178,1,8,3,2,1,1,1,1
179,0,0,1,0,0,1,1,1
179,0,0,1,1,0,1,1,3
179,0,0,1,2,0,1,1,7
179,0,0,2,0,0,1,1,1
179,0,0,2,1,0,1,1,3
179,0,0,2,2,0,1,1,7
179,0,0,3,0,0,1,1,1
179,0,0,3,1,0,1,1,3
179,0,0,3,2,0,1,1,7
179,0,1,1,0,0,1,1,1
179,0,1,1,1,0,1,1,3
179,0,1,1,2,0,1,1,7
179,0,1,2,0,0,1,1,1
179,0,1,2,1,0,1,1,3
179,0,1,2,2,0,1,1,7
179,0,1,3,0,0,1,1,1
179,0,1,3,1,0,1,1,3
179,0,1,3,2,0,1,1,7
179,0,2,1,0,1,1,1,1
179,0,2,1,1,1,1,1,1
179,0,2,1,2,1,1,1,1
179,0,2,2,0,0,1,1,1
179,0,2,2,1,0,1,1,3
179,0,2,2,2,0,1,1,7
179,0,2,3,0,0,1,1,1
179,0,2,3,1,0,1,1,3
179,0,2,3,2,0,1,1,7
179,0,3,1,0,0,1,1,1
179,0,3,1,1,0,1,1,3
179,0,3,1,2,0,1,1,7
179,0,3,2,0,0,1,1,1
179,0,3,2,1,0,1,1,3
179,0,3,2,2,0,1,1,7
179,0,3,3,0,0,1,1,1
179,0,3,3,1,0,1,1,3
179,0,3,3,2,0,1,1,7
179,0,4,1,0,0,1,1,1
179,0,4,1,1,0,1,1,3
179,0,4,1,2,0,1,1,7
179,0,4,2,0,0,1,1,1
179,0,4,2,1,0,1,1,3
179,0,4,2,2,0,1,1,7
179,0,4,3,0,0,1,1,1
179,0,4,3,1,0,1,1,3
179,0,4,3,2,0,1,1,7
179,0,5,1,0,1,1,1,1
179,0,5,1,1,1,1,1,1
179,0,5,1,2,1,1,1,1
179,0,5,2,0,0,1,1,1
179,0,5,2,1,0,1,1,3
179,0,5,2,2,0,1,1,7
179,0,5,3,0,0,1,1,1
179,0,5,3,1,0,1,1,3
179,0,5,3,2,0,1,1,7
179,0,6,1,0,0,1,1,1
179,0,6,1,1,0,1,1,3
179,0,6,1,2,0,1,1,7
179,0,6,2,0,1,1,1,1
179,0,6,2,1,1,1,1,1
179,0,6,2,2,1,1,1,1
179,0,6,3,0,0,1,1,1
179,0,6,3,1,0,1,1,3
179,0,6,3,2,0,1,1,7
179,0,7,1,0,0,1,1,1
179,0,7,1,1,0,1,1,3
179,0,7,1,2,0,1,1,7
179,0,7,2,0,1,1,1,1
179,0,7,2,1,1,1,1,1
179,0,7,2,2,1,1,1,1
179,0,7,3,0,0,1,1,1
179,0,7,3,1,0,1,1,3
179,0,7,3,2,0,1,1,7
179,0,8,1,0,1,1,1,1
179,0,8,1,1,1,1,1,1
179,0,8,1,2,1,1,1,1
179,0,8,2,0,1,1,1,1
179,0,8,2,1,1,1,1,1
179,0,8,2,2,1,1,1,1
179,0,8,3,0,1,1,1,1
179,0,8,3,1,1,1,1,1
179,0,8,3,2,1,1,1,1
179,1,0,1,0,0,1,1,1
179,1,0,1,1,0,1,1,3
179,1,0,1,2,0,1,1,19
179,1,0,2,0,0,1,1,1
179,1,0,2,1,0,1,1,3
179,1,0,2,2,0,1,1,19
179,1,0,3,0,0,1,1,1
179,1,0,3,1,0,1,1,3
179,1,0,3,2,0,1,1,19
179,1,1,1,0,0,1,1,1
179,1,1,1,1,0,1,1,3
179,1,1,1,2,0,1,1,19
179,1,1,2,0,0,1,1,1
179,1,1,2,1,0,1,1,3
179,1,1,2,2,0,1,1,19
179,1,1,3,0,0,1,1,1
179,1,1,3,1,0,1,1,3
179,1,1,3,2,0,1,1,19
179,1,2,1,0,1,1,1,1
179,1,2,1,1,1,1,1,1
179,1,2,1,2,1,1,1,1
179,1,2,2,0,0,1,1,1
179,1,2,2,1,0,1,1,3
179,1,2,2,2,0,1,1,19
179,1,2,3,0,0,1,1,1
179,1,2,3,1,0,1,1,3
179,1,2,3,2,0,1,1,19
179,1,3,1,0,0,1,1,1
179,1,3,1,1,0,1,1,3
179,1,3,1,2,0,1,1,19
179,1,3,2,0,0,1,1,1
179,1,3,2,1,0,1,1,3
179,1,3,2,2,0,1,1,19
179,1,3,3,0,0,1,1,1
179,1,3,3,1,0,1,1,3
179,1,3,3,2,0,1,1,19
179,1,4,1,0,0,1,1,1
179,1,4,1,1,0,1,1,3
179,1,4,1,2,0,1,1,19
179,1,4,2,0,0,1,1,1
179,1,4,2,1,0,1,1,3
179,1,4,2,2,0,1,1,19
179,1,4,3,0,0,1,1,1
179,1,4,3,1,0,1,1,3
179,1,4,3,2,0,1,1,19
179,1,5,1,0,1,1,1,1
179,1,5,1,1,1,1,1,1
179,1,5,1,2,1,1,1,1
179,1,5,2,0,0,1,1,1
179,1,5,2,1,0,1,1,3
179,1,5,2,2,0,1,1,19
179,1,5,3,0,0,1,1,1
179,1,5,3,1,0,1,1,3
179,1,5,3,2,0,1,1,19
179,1,6,1,0,0,1,1,1
179,1,6,1,1,0,1,1,3
179,1,6,1,2,0,1,1,19
179,1,6,2,0,1,1,1,1
179,1,6,2,1,1,1,1,1
179,1,6,2,2,1,1,1,1
179,1,6,3,0,0,1,1,1
179,1,6,3,1,0,1,1,3
179,1,6,3,2,0,1,1,19
179,1,7,1,0,0,1,1,1
179,1,7,1,1,0,1,1,3
179,1,7,1,2,0,1,1,19
179,1,7,2,0,1,1,1,1
179,1,7,2,1,1,1,1,1
179,1,7,2,2,1,1,1,1
179,1,7,3,0,0,1,1,1
179,1,7,3,1,0,1,1,3
179,1,7,3,2,0,1,1,19
179,1,8,1,0,1,1,1,1
179,1,8,1,1,1,1,1,1
179,1,8,1,2,1,1,1,1
179,1,8,2,0,1,1,1,1
179,1,8,2,1,1,1,1,1
179,1,8,2,2,1,1,1,1
179,1,8,3,0,1,1,1,1
179,1,8,3,1,1,1,1,1
179,1,8,3,2,1,1,1,1
180,0,0,1,0,0,1,1,1
180,0,0,1,1,0,1,1,3
180,0,0,1,2,0,1,1,7
180,0,0,2,0,0,1,1,1
180,0,0,2,1,0,1,1,3
180,0,0,2,2,0,1,1,7
180,0,0,3,0,0,1,1,1
180,0,0,3,1,0,1,1,3
180,0,0,3,2,0,1,1,7
180,0,1,1,0,0,1,1,1
180,0,1,1,1,0,1,1,3
180,0,1,1,2,0,1,1,7
180,0,1,2,0,0,1,1,1
180,0,1,2,1,0,1,1,3
180,0,1,2,2,0,1,1,7
180,0,1,3,0,0,1,1,1
180,0,1,3,1,0,1,1,3
180,0,1,3,2,0,1,1,7
180,0,2,1,0,1,1,1,1
180,0,2,1,1,1,1,1,1
180,0,2,1,2,1,1,1,1
180,0,2,2,0,0,1,1,1
180,0,2,2,1,0,1,1,3
180,0,2,2,2,0,1,1,7
180,0,2,3,0,0,1,1,1
180,0,2,3,1,0,1,1,3
180,0,2,3,2,0,1,1,7
180,0,3,1,0,0,1,1,1
180,0,3,1,1,0,1,1,3
180,0,3,1,2,0,1,1,7
180,0,3,2,0,0,1,1,1
180,0,3,2,1,0,1,1,3
180,0,3,2,2,0,1,1,7
180,0,3,3,0,0,1,1,1
180,0,3,3,1,0,1,1,3
180,0,3,3,2,0,1,1,7
180,0,4,1,0,0,1,1,1
180,0,4,1,1,0,1,1,3
180,0,4,1,2,0,1,1,7
180,0,4,2,0,0,1,1,1
180,0,4,2,1,0,1,1,3
180,0,4,2,2,0,1,1,7
180,0,4,3,0,0,1,1,1
180,0,4,3,1,0,1,1,3
180,0,4,3,2,0,1,1,7
180,0,5,1,0,1,1,1,1
180,0,5,1,1,1,1,1,1
180,0,5,1,2,1,1,1,1
180,0,5,2,0,0,1,1,1
180,0,5,2,1,1,1,1,2
180,0,5,2,2,1,1,1,2
180,0,5,3,0,0,1,1,1
180,0,5,3,1,0,1,1,3
180,0,5,3,2,0,1,1,7
180,0,6,1,0,0,1,1,1
180,0,6,1,1,0,1,1,3
180,0,6,1,2,0,1,1,7
180,0,6,2,0,1,1,1,1
180,0,6,2,1,1,1,1,1
180,0,6,2,2,1,1,1,1
180,0,6,3,0,0,1,1,1
180,0,6,3,1,0,1,1,3
180,0,6,3,2,0,1,1,7
180,0,7,1,0,0,1,1,1
180,0,7,1,1,0,1,1,3
180,0,7,1,2,0,1,1,7
180,0,7,2,0,1,1,1,1
180,0,7,2,1,1,1,1,1
180,0,7,2,2,1,1,1,1
180,0,7,3,0,0,1,1,1
180,0,7,3,1,0,1,1,3
180,0,7,3,2,0,1,1,7
180,0,8,1,0,1,1,1,1
180,0,8,1,1,1,1,1,1
180,0,8,1,2,1,1,1,1
180,0,8,2,0,1,1,1,1
180,0,8,2,1,1,1,1,1
180,0,8,2,2,1,1,1,1
180,0,8,3,0,1,1,1,1
180,0,8,3,1,1,1,1,1
180,0,8,3,2,1,1,1,1
180,1,0,1,0,0,1,1,1
180,1,0,1,1,0,1,1,3
180,1,0,1,2,0,1,1,13
180,1,0,2,0,0,1,1,1
180,1,0,2,1,0,1,1,3
180,1,0,2,2,0,1,1,13
180,1,0,3,0,0,1,1,1
180,1,0,3,1,0,1,1,3
180,1,0,3,2,0,1,1,13
180,1,1,1,0,0,1,1,1
180,1,1,1,1,0,1,1,3
180,1,1,1,2,0,1,1,13
180,1,1,2,0,0,1,1,1
180,1,1,2,1,0,1,1,3
180,1,1,2,2,0,1,1,13
180,1,1,3,0,0,1,1,1
180,1,1,3,1,0,1,1,3
180,1,1,3,2,0,1,1,13
180,1,2,1,0,1,1,1,1
180,1,2,1,1,1,1,1,1
180,1,2,1,2,1,1,1,1
180,1,2,2,0,0,1,1,1
180,1,2,2,1,0,1,1,3
180,1,2,2,2,0,1,1,13
180,1,2,3,0,0,1,1,1
180,1,2,3,1,0,1,1,3
180,1,2,3,2,0,1,1,13
180,1,3,1,0,0,1,1,1
180,1,3,1,1,0,1,1,3
180,1,3,1,2,0,1,1,13
180,1,3,2,0,0,1,1,1
180,1,3,2,1,0,1,1,3
180,1,3,2,2,0,1,1,13
180,1,3,3,0,0,1,1,1
180,1,3,3,1,0,1,1,3
180,1,3,3,2,0,1,1,13
180,1,4,1,0,0,1,1,1
180,1,4,1,1,0,1,1,3
180,1,4,1,2,0,1,1,13
180,1,4,2,0,0,1,1,1
180,1,4,2,1,0,1,1,3
180,1,4,2,2,0,1,1,13
180,1,4,3,0,0,1,1,1
180,1,4,3,1,0,1,1,3
180,1,4,3,2,0,1,1,13
180,1,5,1,0,1,1,1,1
180,1,5,1,1,1,1,1,1
180,1,5,1,2,1,1,1,1
180,1,5,2,0,0,1,1,1
180,1,5,2,1,1,1,1,2
180,1,5,2,2,1,1,1,2
180,1,5,3,0,0,1,1,1
180,1,5,3,1,0,1,1,3
180,1,5,3,2,1,1,1,6
180,1,6,1,0,0,1,1,1
180,1,6,1,1,0,1,1,3
180,1,6,1,2,0,1,1,13
180,1,6,2,0,1,1,1,1
180,1,6,2,1,1,1,1,1
180,1,6,2,2,1,1,1,1
180,1,6,3,0,0,1,1,1
180,1,6,3,1,0,1,1,3
180,1,6,3,2,0,1,1,13
180,1,7,1,0,0,1,1,1
180,1,7,1,1,0,1,1,3
180,1,7,1,2,0,1,1,13
180,1,7,2,0,1,1,1,1
180,1,7,2,1,1,1,1,1
180,1,7,2,2,1,1,1,1
180,1,7,3,0,0,1,1,1
180,1,7,3,1,0,1,1,3
180,1,7,3,2,0,1,1,13
180,1,8,1,0,1,1,1,1
180,1,8,1,1,1,1,1,1
180,1,8,1,2,1,1,1,1
180,1,8,2,0,1,1,1,1
180,1,8,2,1,1,1,1,1
180,1,8,2,2,1,1,1,1
180,1,8,3,0,1,1,1,1
180,1,8,3,1,1,1,1,1
180,1,8,3,2,1,1,1,1
181,0,0,1,0,0,1,1,1
181,0,0,1,1,0,1,1,3
181,0,0,1,2,0,1,1,7
181,0,0,2,0,0,1,1,1
181,0,0,2,1,0,1,1,3
181,0,0,2,2,0,1,1,7
181,0,0,3,0,0,1,1,1
181,0,0,3,1,0,1,1,3
181,0,0,3,2,0,1,1,7
181,0,1,1,0,0,1,1,1
181,0,1,1,1,0,1,1,3
181,0,1,1,2,0,1,1,7
181,0,1,2,0,0,1,1,1
181,0,1,2,1,0,1,1,3
181,0,1,2,2,0,1,1,7
181,0,1,3,0,0,1,1,1
181,0,1,3,1,0,1,1,3
181,0,1,3,2,0,1,1,7
181,0,2,1,0,1,1,1,1
181,0,2,1,1,1,1,1,1
181,0,2,1,2,1,1,1,1
181,0,2,2,0,0,1,1,1
181,0,2,2,1,0,1,1,3
181,0,2,2,2,0,1,1,7
181,0,2,3,0,0,1,1,1
181,0,2,3,1,0,1,1,3
181,0,2,3,2,0,1,1,7
181,0,3,1,0,0,1,1,1
181,0,3,1,1,0,1,1,3
181,0,3,1,2,0,1,1,7
181,0,3,2,0,0,1,1,1
181,0,3,2,1,0,1,1,3
181,0,3,2,2,0,1,1,7
181,0,3,3,0,0,1,1,1
181,0,3,3,1,0,1,1,3
181,0,3,3,2,0,1,1,7
181,0,4,1,0,0,1,1,1
181,0,4,1,1,0,1,1,3
181,0,4,1,2,0,1,1,7
181,0,4,2,0,0,1,1,1
181,0,4,2,1,0,1,1,3
181,0,4,2,2,0,1,1,7
181,0,4,3,0,0,1,1,1
181,0,4,3,1,0,1,1,3
181,0,4,3,2,0,1,1,7
181,0,5,1,0,1,1,1,1
181,0,5,1,1,1,1,1,1
181,0,5,1,2,1,1,1,1
181,0,5,2,0,0,1,1,1
181,0,5,2,1,1,1,1,2
181,0,5,2,2,1,1,1,2
181,0,5,3,0,0,1,1,1
181,0,5,3,1,1,1,1,2
181,0,5,3,2,1,1,1,2
181,0,6,1,0,0,1,1,1
181,0,6,1,1,0,1,1,3
181,0,6,1,2,0,1,1,7
181,0,6,2,0,1,1,1,1
181,0,6,2,1,1,1,1,1
181,0,6,2,2,1,1,1,1
181,0,6,3,0,0,1,1,1
181,0,6,3,1,0,1,1,3
181,0,6,3,2,0,1,1,7
181,0,7,1,0,0,1,1,1
181,0,7,1,1,0,1,1,3
181,0,7,1,2,0,1,1,7
181,0,7,2,0,1,1,1,1
181,0,7,2,1,1,1,1,1
181,0,7,2,2,1,1,1,1
181,0,7,3,0,0,1,1,1
181,0,7,3,1,0,1,1,3
181,0,7,3,2,0,1,1,7
181,0,8,1,0,1,1,1,1
181,0,8,1,1,1,1,1,1
181,0,8,1,2,1,1,1,1
181,0,8,2,0,1,1,1,1
181,0,8,2,1,1,1,1,1
181,0,8,2,2,1,1,1,1
181,0,8,3,0,1,1,1,1
181,0,8,3,1,1,1,1,1
181,0,8,3,2,1,1,1,1
181,1,0,1,0,0,1,1,1
181,1,0,1,1,0,1,1,3
181,1,0,1,2,0,1,1,13
181,1,0,2,0,0,1,1,1
181,1,0,2,1,0,1,1,3
181,1,0,2,2,0,1,1,13
181,1,0,3,0,0,1,1,1
181,1,0,3,1,0,1,1,3
181,1,0,3,2,0,1,1,13
181,1,1,1,0,0,1,1,1
181,1,1,1,1,0,1,1,3
181,1,1,1,2,0,1,1,13
181,1,1,2,0,0,1,1,1
181,1,1,2,1,0,1,1,3
181,1,1,2,2,0,1,1,13
181,1,1,3,0,0,1,1,1
181,1,1,3,1,0,1,1,3
181,1,1,3,2,0,1,1,13
181,1,2,1,0,1,1,1,1
181,1,2,1,1,1,1,1,1
181,1,2,1,2,1,1,1,1
181,1,2,2,0,0,1,1,1
181,1,2,2,1,0,1,1,3
181,1,2,2,2,0,1,1,13
181,1,2,3,0,0,1,1,1
181,1,2,3,1,0,1,1,3
181,1,2,3,2,0,1,1,13
181,1,3,1,0,0,1,1,1
181,1,3,1,1,0,1,1,3
181,1,3,1,2,0,1,1,13
181,1,3,2,0,0,1,1,1
181,1,3,2,1,0,1,1,3
181,1,3,2,2,0,1,1,13
181,1,3,3,0,0,1,1,1
181,1,3,3,1,0,1,1,3
181,1,3,3,2,0,1,1,13
181,1,4,1,0,0,1,1,1
181,1,4,1,1,0,1,1,3
181,1,4,1,2,0,1,1,13
181,1,4,2,0,0,1,1,1
181,1,4,2,1,0,1,1,3
181,1,4,2,2,0,1,1,13
181,1,4,3,0,0,1,1,1
181,1,4,3,1,0,1,1,3
181,1,4,3,2,0,1,1,13
181,1,5,1,0,1,1,1,1
181,1,5,1,1,1,1,1,1
181,1,5,1,2,1,1,1,1
181,1,5,2,0,0,1,1,1
181,1,5,2,1,1,1,1,2
181,1,5,2,2,1,1,1,2
181,1,5,3,0,0,1,1,1
181,1,5,3,1,1,1,1,2
181,1,5,3,2,1,1,1,2
181,1,6,1,0,0,1,1,1
181,1,6,1,1,0,1,1,3
181,1,6,1,2,0,1,1,13
181,1,6,2,0,1,1,1,1
181,1,6,2,1,1,1,1,1
181,1,6,2,2,1,1,1,1
181,1,6,3,0,0,1,1,1
181,1,6,3,1,0,1,1,3
181,1,6,3,2,0,1,1,13
181,1,7,1,0,0,1,1,1
181,1,7,1,1,0,1,1,3
181,1,7,1,2,0,1,1,13
181,1,7,2,0,1,1,1,1
181,1,7,2,1,1,1,1,1
181,1,7,2,2,1,1,1,1
181,1,7,3,0,0,1,1,1
181,1,7,3,1,0,1,1,3
181,1,7,3,2,0,1,1,13
181,1,8,1,0,1,1,1,1
181,1,8,1,1,1,1,1,1
181,1,8,1,2,1,1,1,1
181,1,8,2,0,1,1,1,1
181,1,8,2,1,1,1,1,1
181,1,8,2,2,1,1,1,1
181,1,8,3,0,1,1,1,1
181,1,8,3,1,1,1,1,1
181,1,8,3,2,1,1,1,1
182,0,0,1,0,0,1,1,1
182,0,0,1,1,0,1,1,3
182,0,0,1,2,0,1,1,7
182,0,0,2,0,0,1,1,1
182,0,0,2,1,0,1,1,3
182,0,0,2,2,0,1,1,7
182,0,0,3,0,0,1,1,1
182,0,0,3,1,0,1,1,3
182,0,0,3,2,0,1,1,7
182,0,1,1,0,0,1,1,1
182,0,1,1,1,0,1,1,3
182,0,1,1,2,0,1,1,7
182,0,1,2,0,0,1,1,1
182,0,1,2,1,0,1,1,3
182,0,1,2,2,0,1,1,7
182,0,1,3,0,0,1,1,1
182,0,1,3,1,0,1,1,3
182,0,1,3,2,0,1,1,7
182,0,2,1,0,1,1,1,1
182,0,2,1,1,1,1,1,1
182,0,2,1,2,1,1,1,1
182,0,2,2,0,0,1,1,1
182,0,2,2,1,0,1,1,3
182,0,2,2,2,0,1,1,7
182,0,2,3,0,0,1,1,1
182,0,2,3,1,0,1,1,3
182,0,2,3,2,0,1,1,7
182,0,3,1,0,0,1,1,1
182,0,3,1,1,0,1,1,3
182,0,3,1,2,0,1,1,7
182,0,3,2,0,0,1,1,1
182,0,3,2,1,0,1,1,3
182,0,3,2,2,0,1,1,7
182,0,3,3,0,0,1,1,1
182,0,3,3,1,0,1,1,3
182,0,3,3,2,0,1,1,7
182,0,4,1,0,0,1,1,1
182,0,4,1,1,0,1,1,3
182,0,4,1,2,0,1,1,7
182,0,4,2,0,0,1,1,1
182,0,4,2,1,0,1,1,3
182,0,4,2,2,0,1,1,7
182,0,4,3,0,0,1,1,1
182,0,4,3,1,0,1,1,3
182,0,4,3,2,0,1,1,7
182,0,5,1,0,1,1,1,1
182,0,5,1,1,1,1,1,1
182,0,5,1,2,1,1,1,1
182,0,5,2,0,0,1,1,1
182,0,5,2,1,1,1,1,2
182,0,5,2,2,1,1,1,2
182,0,5,3,0,0,1,1,1
182,0,5,3,1,0,1,1,3
182,0,5,3,2,0,1,1,7
182,0,6,1,0,0,1,1,1
182,0,6,1,1,0,1,1,3
182,0,6,1,2,0,1,1,7
182,0,6,2,0,1,1,1,1
182,0,6,2,1,1,1,1,1
182,0,6,2,2,1,1,1,1
182,0,6,3,0,0,1,1,1
182,0,6,3,1,0,1,1,3
182,0,6,3,2,0,1,1,7
182,0,7,1,0,0,1,1,1
182,0,7,1,1,1,1,1,2
182,0,7,1,2,1,1,1,2
182,0,7,2,0,1,1,1,1
182,0,7,2,1,1,1,1,1
182,0,7,2,2,1,1,1,1
182,0,7,3,0,0,1,1,1
182,0,7,3,1,0,1,1,3
182,0,7,3,2,0,1,1,7
182,0,8,1,0,1,1,1,1
182,0,8,1,1,1,1,1,1
182,0,8,1,2,1,1,1,1
182,0,8,2,0,1,1,1,1
182,0,8,2,1,1,1,1,1
182,0,8,2,2,1,1,1,1
182,0,8,3,0,1,1,1,1
182,0,8,3,1,1,1,1,1
182,0,8,3,2,1,1,1,1
182,1,0,1,0,0,1,1,1
182,1,0,1,1,0,1,1,3
182,1,0,1,2,0,1,1,19
182,1,0,2,0,0,1,1,1
182,1,0,2,1,0,1,1,3
182,1,0,2,2,0,1,1,19
182,1,0,3,0,0,1,1,1
182,1,0,3,1,0,1,1,3
182,1,0,3,2,0,1,1,19
182,1,1,1,0,0,1,1,1
182,1,1,1,1,0,1,1,3
182,1,1,1,2,0,1,1,19
182,1,1,2,0,0,1,1,1
182,1,1,2,1,0,1,1,3
182,1,1,2,2,0,1,1,19
182,1,1,3,0,0,1,1,1
182,1,1,3,1,0,1,1,3
182,1,1,3,2,0,1,1,19
182,1,2,1,0,1,1,1,1
182,1,2,1,1,1,1,1,1
182,1,2,1,2,1,1,1,1
182,1,2,2,0,0,1,1,1
182,1,2,2,1,0,1,1,3
182,1,2,2,2,0,1,1,19
182,1,2,3,0,0,1,1,1
182,1,2,3,1,0,1,1,3
182,1,2,3,2,0,1,1,19
182,1,3,1,0,0,1,1,1
182,1,3,1,1,0,1,1,3
182,1,3,1,2,0,1,1,19
182,1,3,2,0,0,1,1,1
182,1,3,2,1,0,1,1,3
182,1,3,2,2,0,1,1,19
182,1,3,3,0,0,1,1,1
182,1,3,3,1,0,1,1,3
182,1,3,3,2,0,1,1,19
182,1,4,1,0,0,1,1,1
182,1,4,1,1,0,1,1,3
182,1,4,1,2,0,1,1,19
182,1,4,2,0,0,1,1,1
182,1,4,2,1,0,1,1,3
182,1,4,2,2,0,1,1,19
182,1,4,3,0,0,1,1,1
182,1,4,3,1,0,1,1,3
182,1,4,3,2,0,1,1,19
182,1,5,1,0,1,1,1,1
182,1,5,1,1,1,1,1,1
182,1,5,1,2,1,1,1,1
182,1,5,2,0,0,1,1,1
182,1,5,2,1,1,1,1,2
182,1,5,2,2,1,1,1,2
182,1,5,3,0,0,1,1,1
182,1,5,3,1,0,1,1,3
182,1,5,3,2,1,1,1,3
182,1,6,1,0,0,1,1,1
182,1,6,1,1,0,1,1,3
182,1,6,1,2,0,1,1,19
182,1,6,2,0,1,1,1,1
182,1,6,2,1,1,1,1,1
182,1,6,2,2,1,1,1,1
182,1,6,3,0,0,1,1,1
182,1,6,3,1,0,1,1,3
182,1,6,3,2,0,1,1,19
182,1,7,1,0,0,1,1,1
182,1,7,1,1,1,1,1,2
182,1,7,1,2,1,1,1,2
182,1,7,2,0,1,1,1,1
182,1,7,2,1,1,1,1,1
182,1,7,2,2,1,1,1,1
182,1,7,3,0,0,1,1,1
182,1,7,3,1,0,1,1,3
182,1,7,3,2,1,1,1,5
182,1,8,1,0,1,1,1,1
182,1,8,1,1,1,1,1,1
182,1,8,1,2,1,1,1,1
182,1,8,2,0,1,1,1,1
182,1,8,2,1,1,1,1,1
182,1,8,2,2,1,1,1,1
182,1,8,3,0,1,1,1,1
182,1,8,3,1,1,1,1,1
182,1,8,3,2,1,1,1,1
183,0,0,1,0,0,1,1,1
183,0,0,1,1,0,1,1,3
183,0,0,1,2,0,1,1,7
183,0,0,2,0,0,1,1,1
183,0,0,2,1,0,1,1,3
183,0,0,2,2,0,1,1,7
183,0,0,3,0,0,1,1,1
183,0,0,3,1,0,1,1,3
183,0,0,3,2,0,1,1,7
183,0,1,1,0,0,1,1,1
183,0,1,1,1,0,1,1,3
183,0,1,1,2,0,1,1,7
183,0,1,2,0,0,1,1,1
183,0,1,2,1,0,1,1,3
183,0,1,2,2,0,1,1,7
183,0,1,3,0,0,1,1,1
183,0,1,3,1,0,1,1,3
183,0,1,3,2,0,1,1,7
183,0,2,1,0,1,1,1,1
183,0,2,1,1,1,1,1,1
183,0,2,1,2,1,1,1,1
183,0,2,2,0,0,1,1,1
183,0,2,2,1,0,1,1,3
183,0,2,2,2,0,1,1,7
183,0,2,3,0,0,1,1,1
183,0,2,3,1,0,1,1,3
183,0,2,3,2,0,1,1,7
183,0,3,1,0,0,1,1,1
183,0,3,1,1,0,1,1,3
183,0,3,1,2,0,1,1,7
183,0,3,2,0,0,1,1,1
183,0,3,2,1,0,1,1,3
183,0,3,2,2,0,1,1,7
183,0,3,3,0,0,1,1,1
183,0,3,3,1,0,1,1,3
183,0,3,3,2,0,1,1,7
183,0,4,1,0,0,1,1,1
183,0,4,1,1,0,1,1,3
183,0,4,1,2,0,1,1,7
183,0,4,2,0,0,1,1,1
183,0,4,2,1,0,1,1,3
183,0,4,2,2,0,1,1,7
183,0,4,3,0,0,1,1,1
183,0,4,3,1,0,1,1,3
183,0,4,3,2,0,1,1,7
183,0,5,1,0,1,1,1,1
183,0,5,1,1,1,1,1,1
183,0,5,1,2,1,1,1,1
183,0,5,2,0,0,1,1,1
183,0,5,2,1,1,1,1,2
183,0,5,2,2,1,1,1,2
183,0,5,3,0,0,1,1,1
183,0,5,3,1,0,1,1,3
183,0,5,3,2,0,1,1,7
183,0,6,1,0,0,1,1,1
183,0,6,1,1,0,1,1,3
183,0,6,1,2,0,1,1,7
183,0,6,2,0,1,1,1,1
183,0,6,2,1,1,1,1,1
183,0,6,2,2,1,1,1,1
183,0,6,3,0,0,1,1,1
183,0,6,3,1,0,1,1,3
183,0,6,3,2,0,1,1,7
183,0,7,1,0,0,1,1,1
183,0,7,1,1,0,1,1,3
183,0,7,1,2,0,1,1,7
183,0,7,2,0,1,1,1,1
183,0,7,2,1,1,1,1,1
183,0,7,2,2,1,1,1,1
183,0,7,3,0,0,1,1,1
183,0,7,3,1,0,1,1,3
183,0,7,3,2,0,1,1,7
183,0,8,1,0,1,1,1,1
183,0,8,1,1,1,1,1,1
183,0,8,1,2,1,1,1,1
183,0,8,2,0,1,1,1,1
183,0,8,2,1,1,1,1,1
183,0,8,2,2,1,1,1,1
183,0,8,3,0,1,1,1,1
183,0,8,3,1,1,1,1,1
183,0,8,3,2,1,1,1,1
183,1,0,1,0,0,1,1,1
183,1,0,1,1,0,1,1,3
183,1,0,1,2,0,1,1,19
183,1,0,2,0,0,1,1,1
183,1,0,2,1,0,1,1,3
183,1,0,2,2,0,1,1,19
183,1,0,3,0,0,1,1,1
183,1,0,3,1,0,1,1,3
183,1,0,3,2,0,1,1,19
183,1,1,1,0,0,1,1,1
183,1,1,1,1,0,1,1,3
183,1,1,1,2,0,1,1,19
183,1,1,2,0,0,1,1,1
183,1,1,2,1,0,1,1,3
183,1,1,2,2,0,1,1,19
183,1,1,3,0,0,1,1,1
183,1,1,3,1,0,1,1,3
183,1,1,3,2,0,1,1,19
183,1,2,1,0,1,1,1,1
183,1,2,1,1,1,1,1,1
183,1,2,1,2,1,1,1,1
183,1,2,2,0,0,1,1,1
183,1,2,2,1,0,1,1,3
183,1,2,2,2,0,1,1,19
183,1,2,3,0,0,1,1,1
183,1,2,3,1,0,1,1,3
183,1,2,3,2,0,1,1,19
183,1,3,1,0,0,1,1,1
183,1,3,1,1,0,1,1,3
183,1,3,1,2,0,1,1,19
183,1,3,2,0,0,1,1,1
183,1,3,2,1,0,1,1,3
183,1,3,2,2,0,1,1,19
183,1,3,3,0,0,1,1,1
183,1,3,3,1,0,1,1,3
183,1,3,3,2,0,1,1,19
183,1,4,1,0,0,1,1,1
183,1,4,1,1,0,1,1,3
183,1,4,1,2,0,1,1,19
183,1,4,2,0,0,1,1,1
183,1,4,2,1,0,1,1,3
183,1,4,2,2,0,1,1,19
183,1,4,3,0,0,1,1,1
183,1,4,3,1,0,1,1,3
183,1,4,3,2,0,1,1,19
183,1,5,1,0,1,1,1,1
183,1,5,1,1,1,1,1,1
183,1,5,1,2,1,1,1,1
183,1,5,2,0,0,1,1,1
183,1,5,2,1,1,1,1,2
183,1,5,2,2,1,1,1,2
183,1,5,3,0,0,1,1,1
183,1,5,3,1,0,1,1,3
183,1,5,3,2,1,1,1,3
183,1,6,1,0,0,1,1,1
183,1,6,1,1,0,1,1,3
183,1,6,1,2,0,1,1,19
183,1,6,2,0,1,1,1,1
183,1,6,2,1,1,1,1,1
183,1,6,2,2,1,1,1,1
183,1,6,3,0,0,1,1,1
183,1,6,3,1,0,1,1,3
183,1,6,3,2,0,1,1,19
183,1,7,1,0,0,1,1,1
183,1,7,1,1,0,1,1,3
183,1,7,1,2,0,1,1,19
183,1,7,2,0,1,1,1,1
183,1,7,2,1,1,1,1,1
183,1,7,2,2,1,1,1,1
183,1,7,3,0,0,1,1,1
183,1,7,3,1,0,1,1,3
183,1,7,3,2,0,1,1,19
183,1,8,1,0,1,1,1,1
183,1,8,1,1,1,1,1,1
183,1,8,1,2,1,1,1,1
183,1,8,2,0,1,1,1,1
183,1,8,2,1,1,1,1,1
183,1,8,2,2,1,1,1,1
183,1,8,3,0,1,1,1,1
183,1,8,3,1,1,1,1,1
183,1,8,3,2,1,1,1,1
184,0,0,1,0,0,1,1,1
184,0,0,1,1,0,1,1,3
184,0,0,1,2,0,1,1,7
184,0,0,2,0,0,1,1,1
184,0,0,2,1,0,1,1,3
184,0,0,2,2,0,1,1,7
184,0,0,3,0,0,1,1,1
184,0,0,3,1,0,1,1,3
184,0,0,3,2,0,1,1,7
184,0,1,1,0,0,1,1,1
184,0,1,1,1,0,1,1,3
184,0,1,1,2,0,1,1,7
184,0,1,2,0,0,1,1,1
184,0,1,2,1,0,1,1,3
184,0,1,2,2,0,1,1,7
184,0,1,3,0,0,1,1,1
184,0,1,3,1,0,1,1,3
184,0,1,3,2,0,1,1,7
184,0,2,1,0,1,1,1,1
184,0,2,1,1,1,1,1,1
184,0,2,1,2,1,1,1,1
184,0,2,2,0,0,1,1,1
184,0,2,2,1,0,1,1,3
184,0,2,2,2,0,1,1,7
184,0,2,3,0,0,1,1,1
184,0,2,3,1,0,1,1,3
184,0,2,3,2,0,1,1,7
184,0,3,1,0,0,1,1,1
184,0,3,1,1,0,1,1,3
184,0,3,1,2,0,1,1,7
184,0,3,2,0,0,1,1,1
184,0,3,2,1,0,1,1,3
184,0,3,2,2,0,1,1,7
184,0,3,3,0,0,1,1,1
184,0,3,3,1,0,1,1,3
184,0,3,3,2,0,1,1,7
184,0,4,1,0,0,1,1,1
184,0,4,1,1,0,1,1,3
184,0,4,1,2,0,1,1,7
184,0,4,2,0,0,1,1,1
184,0,4,2,1,0,1,1,3
184,0,4,2,2,0,1,1,7
184,0,4,3,0,0,1,1,1
184,0,4,3,1,0,1,1,3
184,0,4,3,2,0,1,1,7
184,0,5,1,0,1,1,1,1
184,0,5,1,1,1,1,1,1
184,0,5,1,2,1,1,1,1
184,0,5,2,0,0,1,1,1
184,0,5,2,1,0,1,1,3
184,0,5,2,2,0,1,1,7
184,0,5,3,0,0,1,1,1
184,0,5,3,1,0,1,1,3
184,0,5,3,2,0,1,1,7
184,0,6,1,0,0,1,1,1
184,0,6,1,1,0,1,1,3
184,0,6,1,2,0,1,1,7
184,0,6,2,0,1,1,1,1
184,0,6,2,1,1,1,1,1
184,0,6,2,2,1,1,1,1
184,0,6,3,0,0,1,1,1
184,0,6,3,1,0,1,1,3
184,0,6,3,2,0,1,1,7
184,0,7,1,0,0,1,1,1
184,0,7,1,1,0,1,1,3
184,0,7,1,2,0,1,1,7
184,0,7,2,0,1,1,1,1
184,0,7,2,1,1,1,1,1
184,0,7,2,2,1,1,1,1
184,0,7,3,0,0,1,1,1
184,0,7,3,1,0,1,1,3
184,0,7,3,2,0,1,1,7
184,0,8,1,0,1,1,1,1
184,0,8,1,1,1,1,1,1
184,0,8,1,2,1,1,1,1
184,0,8,2,0,1,1,1,1
184,0,8,2,1,1,1,1,1
184,0,8,2,2,1,1,1,1
184,0,8,3,0,1,1,1,1
184,0,8,3,1,1,1,1,1
184,0,8,3,2,1,1,1,1
184,1,0,1,0,0,1,1,1
184,1,0,1,1,0,1,1,3
184,1,0,1,2,0,1,1,13
184,1,0,2,0,0,1,1,1
184,1,0,2,1,0,1,1,3
184,1,0,2,2,0,1,1,13
184,1,0,3,0,0,1,1,1
184,1,0,3,1,0,1,1,3
184,1,0,3,2,0,1,1,13
184,1,1,1,0,0,1,1,1
184,1,1,1,1,0,1,1,3
184,1,1,1,2,0,1,1,13
184,1,1,2,0,0,1,1,1
184,1,1,2,1,0,1,1,3
184,1,1,2,2,0,1,1,13
184,1,1,3,0,0,1,1,1
184,1,1,3,1,0,1,1,3
184,1,1,3,2,0,1,1,13
184,1,2,1,0,1,1,1,1
184,1,2,1,1,1,1,1,1
184,1,2,1,2,1,1,1,1
184,1,2,2,0,0,1,1,1
184,1,2,2,1,0,1,1,3
184,1,2,2,2,0,1,1,13
184,1,2,3,0,0,1,1,1
184,1,2,3,1,0,1,1,3
184,1,2,3,2,0,1,1,13
184,1,3,1,0,0,1,1,1
184,1,3,1,1,0,1,1,3
184,1,3,1,2,0,1,1,13
184,1,3,2,0,0,1,1,1
184,1,3,2,1,0,1,1,3
184,1,3,2,2,0,1,1,13
184,1,3,3,0,0,1,1,1
184,1,3,3,1,0,1,1,3
184,1,3,3,2,0,1,1,13
184,1,4,1,0,0,1,1,1
184,1,4,1,1,0,1,1,3
184,1,4,1,2,0,1,1,13
184,1,4,2,0,0,1,1,1
184,1,4,2,1,0,1,1,3
184,1,4,2,2,0,1,1,13
184,1,4,3,0,0,1,1,1
184,1,4,3,1,0,1,1,3
184,1,4,3,2,0,1,1,13
184,1,5,1,0,1,1,1,1
184,1,5,1,1,1,1,1,1
184,1,5,1,2,1,1,1,1
184,1,5,2,0,0,1,1,1
184,1,5,2,1,0,1,1,3
184,1,5,2,2,0,1,1,13
184,1,5,3,0,0,1,1,1
184,1,5,3,1,0,1,1,3
184,1,5,3,2,0,1,1,13
184,1,6,1,0,0,1,1,1
184,1,6,1,1,0,1,1,3
184,1,6,1,2,0,1,1,13
184,1,6,2,0,1,1,1,1
184,1,6,2,1,1,1,1,1
184,1,6,2,2,1,1,1,1
184,1,6,3,0,0,1,1,1
184,1,6,3,1,0,1,1,3
184,1,6,3,2,0,1,1,13
184,1,7,1,0,0,1,1,1
184,1,7,1,1,0,1,1,3
184,1,7,1,2,0,1,1,13
184,1,7,2,0,1,1,1,1
184,1,7,2,1,1,1,1,1
184,1,7,2,2,1,1,1,1
184,1,7,3,0,0,1,1,1
184,1,7,3,1,0,1,1,3
184,1,7,3,2,0,1,1,13
184,1,8,1,0,1,1,1,1
184,1,8,1,1,1,1,1,1
184,1,8,1,2,1,1,1,1
184,1,8,2,0,1,1,1,1
184,1,8,2,1,1,1,1,1
184,1,8,2,2,1,1,1,1
184,1,8,3,0,1,1,1,1
184,1,8,3,1,1,1,1,1
184,1,8,3,2,1,1,1,1
185,0,0,1,0,0,1,1,1
185,0,0,1,1,0,1,1,3
185,0,0,1,2,0,1,1,7
185,0,0,2,0,0,1,1,1
185,0,0,2,1,0,1,1,3
185,0,0,2,2,0,1,1,7
185,0,0,3,0,0,1,1,1
185,0,0,3,1,0,1,1,3
185,0,0,3,2,0,1,1,7
185,0,1,1,0,0,1,1,1
185,0,1,1,1,0,1,1,3
185,0,1,1,2,0,1,1,7
185,0,1,2,0,0,1,1,1
185,0,1,2,1,0,1,1,3
185,0,1,2,2,0,1,1,7
185,0,1,3,0,0,1,1,1
185,0,1,3,1,0,1,1,3
185,0,1,3,2,0,1,1,7
185,0,2,1,0,1,1,1,1
185,0,2,1,1,1,1,1,1
185,0,2,1,2,1,1,1,1
185,0,2,2,0,0,1,1,1
185,0,2,2,1,0,1,1,3
185,0,2,2,2,0,1,1,7
185,0,2,3,0,0,1,1,1
185,0,2,3,1,0,1,1,3
185,0,2,3,2,0,1,1,7
185,0,3,1,0,0,1,1,1
185,0,3,1,1,0,1,1,3
185,0,3,1,2,0,1,1,7
185,0,3,2,0,0,1,1,1
185,0,3,2,1,0,1,1,3
185,0,3,2,2,0,1,1,7
185,0,3,3,0,0,1,1,1
185,0,3,3,1,0,1,1,3
185,0,3,3,2,0,1,1,7
185,0,4,1,0,0,1,1,1
185,0,4,1,1,0,1,1,3
185,0,4,1,2,0,1,1,7
185,0,4,2,0,0,1,1,1
185,0,4,2,1,0,1,1,3
185,0,4,2,2,0,1,1,7
185,0,4,3,0,0,1,1,1
185,0,4,3,1,0,1,1,3
185,0,4,3,2,0,1,1,7
185,0,5,1,0,1,1,1,1
185,0,5,1,1,1,1,1,1
185,0,5,1,2,1,1,1,1
185,0,5,2,0,0,1,1,1
185,0,5,2,1,0,1,1,3
185,0,5,2,2,0,1,1,7
185,0,5,3,0,0,1,1,1
185,0,5,3,1,0,1,1,3
185,0,5,3,2,0,1,1,7
185,0,6,1,0,0,1,1,1
185,0,6,1,1,0,1,1,3
185,0,6,1,2,0,1,1,7
185,0,6,2,0,1,1,1,1
185,0,6,2,1,1,1,1,1
185,0,6,2,2,1,1,1,1
185,0,6,3,0,0,1,1,1
185,0,6,3,1,0,1,1,3
185,0,6,3,2,0,1,1,7
185,0,7,1,0,0,1,1,1
185,0,7,1,1,0,1,1,3
185,0,7,1,2,0,1,1,7
185,0,7,2,0,1,1,1,1
185,0,7,2,1,1,1,1,1
185,0,7,2,2,1,1,1,1
185,0,7,3,0,0,1,1,1
185,0,7,3,1,0,1,1,3
185,0,7,3,2,0,1,1,7
185,0,8,1,0,1,1,1,1
185,0,8,1,1,1,1,1,1
185,0,8,1,2,1,1,1,1
185,0,8,2,0,1,1,1,1
185,0,8,2,1,1,1,1,1
185,0,8,2,2,1,1,1,1
185,0,8,3,0,1,1,1,1
185,0,8,3,1,1,1,1,1
185,0,8,3,2,1,1,1,1
185,1,0,1,0,0,1,1,1
185,1,0,1,1,0,1,1,3
185,1,0,1,2,0,1,1,19
185,1,0,2,0,0,1,1,1
185,1,0,2,1,0,1,1,3
185,1,0,2,2,0,1,1,19
185,1,0,3,0,0,1,1,1
185,1,0,3,1,0,1,1,3
185,1,0,3,2,0,1,1,19
185,1,1,1,0,0,1,1,1
185,1,1,1,1,0,1,1,3
185,1,1,1,2,0,1,1,19
185,1,1,2,0,0,1,1,1
185,1,1,2,1,0,1,1,3
185,1,1,2,2,0,1,1,19
185,1,1,3,0,0,1,1,1
185,1,1,3,1,0,1,1,3
185,1,1,3,2,0,1,1,19
185,1,2,1,0,1,1,1,1
185,1,2,1,1,1,1,1,1
185,1,2,1,2,1,1,1,1
185,1,2,2,0,0,1,1,1
185,1,2,2,1,0,1,1,3
185,1,2,2,2,0,1,1,19
185,1,2,3,0,0,1,1,1
185,1,2,3,1,0,1,1,3
185,1,2,3,2,0,1,1,19
185,1,3,1,0,0,1,1,1
185,1,3,1,1,0,1,1,3
185,1,3,1,2,0,1,1,19
185,1,3,2,0,0,1,1,1
185,1,3,2,1,0,1,1,3
185,1,3,2,2,0,1,1,19
185,1,3,3,0,0,1,1,1
185,1,3,3,1,0,1,1,3
185,1,3,3,2,0,1,1,19
185,1,4,1,0,0,1,1,1
185,1,4,1,1,0,1,1,3
185,1,4,1,2,0,1,1,19
185,1,4,2,0,0,1,1,1
185,1,4,2,1,0,1,1,3
185,1,4,2,2,0,1,1,19
185,1,4,3,0,0,1,1,1
185,1,4,3,1,0,1,1,3
185,1,4,3,2,0,1,1,19
185,1,5,1,0,1,1,1,1
185,1,5,1,1,1,1,1,1
185,1,5,1,2,1,1,1,1
185,1,5,2,0,0,1,1,1
185,1,5,2,1,0,1,1,3
185,1,5,2,2,0,1,1,19
185,1,5,3,0,0,1,1,1
185,1,5,3,1,0,1,1,3
185,1,5,3,2,0,1,1,19
185,1,6,1,0,0,1,1,1
185,1,6,1,1,0,1,1,3
185,1,6,1,2,0,1,1,19
185,1,6,2,0,1,1,1,1
185,1,6,2,1,1,1,1,1
185,1,6,2,2,1,1,1,1
185,1,6,3,0,0,1,1,1
185,1,6,3,1,0,1,1,3
185,1,6,3,2,0,1,1,19
185,1,7,1,0,0,1,1,1
185,1,7,1,1,0,1,1,3
185,1,7,1,2,0,1,1,19
185,1,7,2,0,1,1,1,1
185,1,7,2,1,1,1,1,1
185,1,7,2,2,1,1,1,1
185,1,7,3,0,0,1,1,1
185,1,7,3,1,0,1,1,3
185,1,7,3,2,0,1,1,19
185,1,8,1,0,1,1,1,1
185,1,8,1,1,1,1,1,1
185,1,8,1,2,1,1,1,1
185,1,8,2,0,1,1,1,1
185,1,8,2,1,1,1,1,1
185,1,8,2,2,1,1,1,1
185,1,8,3,0,1,1,1,1
185,1,8,3,1,1,1,1,1
185,1,8,3,2,1,1,1,1
186,0,0,1,0,0,1,1,1
186,0,0,1,1,0,1,1,3
186,0,0,1,2,0,1,1,7
186,0,0,2,0,0,1,1,1
186,0,0,2,1,0,1,1,3
186,0,0,2,2,0,1,1,7
186,0,0,3,0,0,1,1,1
186,0,0,3,1,0,1,1,3
186,0,0,3,2,0,1,1,7
186,0,1,1,0,0,1,1,1
186,0,1,1,1,0,1,1,3
186,0,1,1,2,0,1,1,7
186,0,1,2,0,0,1,1,1
186,0,1,2,1,0,1,1,3
186,0,1,2,2,0,1,1,7
186,0,1,3,0,0,1,1,1
186,0,1,3,1,0,1,1,3
186,0,1,3,2,0,1,1,7
186,0,2,1,0,1,1,1,1
186,0,2,1,1,1,1,1,1
186,0,2,1,2,1,1,1,1
186,0,2,2,0,0,1,1,1
186,0,2,2,1,0,1,1,3
186,0,2,2,2,0,1,1,7
186,0,2,3,0,0,1,1,1
186,0,2,3,1,0,1,1,3
186,0,2,3,2,0,1,1,7
186,0,3,1,0,0,1,1,1
186,0,3,1,1,0,1,1,3
186,0,3,1,2,0,1,1,7
186,0,3,2,0,0,1,1,1
186,0,3,2,1,0,1,1,3
186,0,3,2,2,0,1,1,7
186,0,3,3,0,0,1,1,1
186,0,3,3,1,0,1,1,3
186,0,3,3,2,0,1,1,7
186,0,4,1,0,0,1,1,1
186,0,4,1,1,0,1,1,3
186,0,4,1,2,0,1,1,7
186,0,4,2,0,0,1,1,1
186,0,4,2,1,0,1,1,3
186,0,4,2,2,0,1,1,7
186,0,4,3,0,0,1,1,1
186,0,4,3,1,0,1,1,3
186,0,4,3,2,0,1,1,7
186,0,5,1,0,1,1,1,1
186,0,5,1,1,1,1,1,1
186,0,5,1,2,1,1,1,1
186,0,5,2,0,0,1,1,1
186,0,5,2,1,0,1,1,3
186,0,5,2,2,0,1,1,7
186,0,5,3,0,0,1,1,1
186,0,5,3,1,0,1,1,3
186,0,5,3,2,0,1,1,7
186,0,6,1,0,0,1,1,1
186,0,6,1,1,0,1,1,3
186,0,6,1,2,0,1,1,7
186,0,6,2,0,1,1,1,1
186,0,6,2,1,1,1,1,1
186,0,6,2,2,1,1,1,1
186,0,6,3,0,0,1,1,1
186,0,6,3,1,0,1,1,3
186,0,6,3,2,0,1,1,7
186,0,7,1,0,0,1,1,1
186,0,7,1,1,1,1,1,2
186,0,7,1,2,1,1,1,2
186,0,7,2,0,1,1,1,1
186,0,7,2,1,1,1,1,1
186,0,7,2,2,1,1,1,1
186,0,7,3,0,0,1,1,1
186,0,7,3,1,1,1,1,2
186,0,7,3,2,1,1,1,2
186,0,8,1,0,1,1,1,1
186,0,8,1,1,1,1,1,1
186,0,8,1,2,1,1,1,1
186,0,8,2,0,1,1,1,1
186,0,8,2,1,1,1,1,1
186,0,8,2,2,1,1,1,1
186,0,8,3,0,1,1,1,1
186,0,8,3,1,1,1,1,1
186,0,8,3,2,1,1,1,1
186,1,0,1,0,0,1,1,1
186,1,0,1,1,0,1,1,3
186,1,0,1,2,0,1,1,13
186,1,0,2,0,0,1,1,1
186,1,0,2,1,0,1,1,3
186,1,0,2,2,0,1,1,13
186,1,0,3,0,0,1,1,1
186,1,0,3,1,0,1,1,3
186,1,0,3,2,0,1,1,13
186,1,1,1,0,0,1,1,1
186,1,1,1,1,0,1,1,3
186,1,1,1,2,0,1,1,13
186,1,1,2,0,0,1,1,1
186,1,1,2,1,0,1,1,3
186,1,1,2,2,0,1,1,13
186,1,1,3,0,0,1,1,1
186,1,1,3,1,0,1,1,3
186,1,1,3,2,0,1,1,13
186,1,2,1,0,1,1,1,1
186,1,2,1,1,1,1,1,1
186,1,2,1,2,1,1,1,1
186,1,2,2,0,0,1,1,1
186,1,2,2,1,0,1,1,3
186,1,2,2,2,0,1,1,13
186,1,2,3,0,0,1,1,1
186,1,2,3,1,0,1,1,3
186,1,2,3,2,0,1,1,13
186,1,3,1,0,0,1,1,1
186,1,3,1,1,0,1,1,3
186,1,3,1,2,0,1,1,13
186,1,3,2,0,0,1,1,1
186,1,3,2,1,0,1,1,3
186,1,3,2,2,0,1,1,13
186,1,3,3,0,0,1,1,1
186,1,3,3,1,0,1,1,3
186,1,3,3,2,0,1,1,13
186,1,4,1,0,0,1,1,1
186,1,4,1,1,0,1,1,3
186,1,4,1,2,0,1,1,13
186,1,4,2,0,0,1,1,1
186,1,4,2,1,0,1,1,3
186,1,4,2,2,0,1,1,13
186,1,4,3,0,0,1,1,1
186,1,4,3,1,0,1,1,3
186,1,4,3,2,0,1,1,13
186,1,5,1,0,1,1,1,1
186,1,5,1,1,1,1,1,1
186,1,5,1,2,1,1,1,1
186,1,5,2,0,0,1,1,1
186,1,5,2,1,0,1,1,3
186,1,5,2,2,0,1,1,13
186,1,5,3,0,0,1,1,1
186,1,5,3,1,0,1,1,3
186,1,5,3,2,0,1,1,13
186,1,6,1,0,0,1,1,1
186,1,6,1,1,0,1,1,3
186,1,6,1,2,0,1,1,13
186,1,6,2,0,1,1,1,1
186,1,6,2,1,1,1,1,1
186,1,6,2,2,1,1,1,1
186,1,6,3,0,0,1,1,1
186,1,6,3,1,0,1,1,3
186,1,6,3,2,0,1,1,13
186,1,7,1,0,0,1,1,1
186,1,7,1,1,1,1,1,2
186,1,7,1,2,1,1,1,2
186,1,7,2,0,1,1,1,1
186,1,7,2,1,1,1,1,1
186,1,7,2,2,1,1,1,1
186,1,7,3,0,0,1,1,1
186,1,7,3,1,1,1,1,2
186,1,7,3,2,1,1,1,2
186,1,8,1,0,1,1,1,1
186,1,8,1,1,1,1,1,1
186,1,8,1,2,1,1,1,1
186,1,8,2,0,1,1,1,1
186,1,8,2,1,1,1,1,1
186,1,8,2,2,1,1,1,1
186,1,8,3,0,1,1,1,1
186,1,8,3,1,1,1,1,1
186,1,8,3,2,1,1,1,1
187,0,0,1,0,0,1,1,1
187,0,0,1,1,0,1,1,3
187,0,0,1,2,0,1,1,7
187,0,0,2,0,0,1,1,1
187,0,0,2,1,0,1,1,3
187,0,0,2,2,0,1,1,7
187,0,0,3,0,0,1,1,1
187,0,0,3,1,0,1,1,3
187,0,0,3,2,0,1,1,7
187,0,1,1,0,0,1,1,1
187,0,1,1,1,0,1,1,3
187,0,1,1,2,0,1,1,7
187,0,1,2,0,0,1,1,1
187,0,1,2,1,0,1,1,3
187,0,1,2,2,0,1,1,7
187,0,1,3,0,0,1,1,1
187,0,1,3,1,0,1,1,3
187,0,1,3,2,0,1,1,7
187,0,2,1,0,1,1,1,1
187,0,2,1,1,1,1,1,1
187,0,2,1,2,1,1,1,1
187,0,2,2,0,0,1,1,1
187,0,2,2,1,0,1,1,3
187,0,2,2,2,0,1,1,7
187,0,2,3,0,0,1,1,1
187,0,2,3,1,0,1,1,3
187,0,2,3,2,0,1,1,7
187,0,3,1,0,0,1,1,1
187,0,3,1,1,0,1,1,3
187,0,3,1,2,0,1,1,7
187,0,3,2,0,0,1,1,1
187,0,3,2,1,0,1,1,3
187,0,3,2,2,0,1,1,7
187,0,3,3,0,0,1,1,1
187,0,3,3,1,0,1,1,3
187,0,3,3,2,0,1,1,7
187,0,4,1,0,0,1,1,1
187,0,4,1,1,0,1,1,3
187,0,4,1,2,0,1,1,7
187,0,4,2,0,0,1,1,1
187,0,4,2,1,0,1,1,3
187,0,4,2,2,0,1,1,7
187,0,4,3,0,0,1,1,1
187,0,4,3,1,0,1,1,3
187,0,4,3,2,0,1,1,7
187,0,5,1,0,1,1,1,1
187,0,5,1,1,1,1,1,1
187,0,5,1,2,1,1,1,1
187,0,5,2,0,0,1,1,1
187,0,5,2,1,0,1,1,3
187,0,5,2,2,0,1,1,7
187,0,5,3,0,0,1,1,1
187,0,5,3,1,0,1,1,3
187,0,5,3,2,0,1,1,7
187,0,6,1,0,0,1,1,1
187,0,6,1,1,0,1,1,3
187,0,6,1,2,0,1,1,7
187,0,6,2,0,1,1,1,1
187,0,6,2,1,1,1,1,1
187,0,6,2,2,1,1,1,1
187,0,6,3,0,0,1,1,1
187,0,6,3,1,0,1,1,3
187,0,6,3,2,0,1,1,7
187,0,7,1,0,0,1,1,1
187,0,7,1,1,0,1,1,3
187,0,7,1,2,0,1,1,7
187,0,7,2,0,1,1,1,1
187,0,7,2,1,1,1,1,1
187,0,7,2,2,1,1,1,1
187,0,7,3,0,0,1,1,1
187,0,7,3,1,0,1,1,3
187,0,7,3,2,0,1,1,7
187,0,8,1,0,1,1,1,1
187,0,8,1,1,1,1,1,1
187,0,8,1,2,1,1,1,1
187,0,8,2,0,1,1,1,1
187,0,8,2,1,1,1,1,1
187,0,8,2,2,1,1,1,1
187,0,8,3,0,1,1,1,1
187,0,8,3,1,1,1,1,1
187,0,8,3,2,1,1,1,1
187,1,0,1,0,0,1,1,1
187,1,0,1,1,0,1,1,3
187,1,0,1,2,0,1,1,19
187,1,0,2,0,0,1,1,1
187,1,0,2,1,0,1,1,3
187,1,0,2,2,0,1,1,19
187,1,0,3,0,0,1,1,1
187,1,0,3,1,0,1,1,3
187,1,0,3,2,0,1,1,19
187,1,1,1,0,0,1,1,1
187,1,1,1,1,0,1,1,3
187,1,1,1,2,0,1,1,19
187,1,1,2,0,0,1,1,1
187,1,1,2,1,0,1,1,3
187,1,1,2,2,0,1,1,19
187,1,1,3,0,0,1,1,1
187,1,1,3,1,0,1,1,3
187,1,1,3,2,0,1,1,19
187,1,2,1,0,1,1,1,1
187,1,2,1,1,1,1,1,1
187,1,2,1,2,1,1,1,1
187,1,2,2,0,0,1,1,1
187,1,2,2,1,0,1,1,3
187,1,2,2,2,0,1,1,19
187,1,2,3,0,0,1,1,1
187,1,2,3,1,0,1,1,3
187,1,2,3,2,0,1,1,19
187,1,3,1,0,0,1,1,1
187,1,3,1,1,0,1,1,3
187,1,3,1,2,0,1,1,19
187,1,3,2,0,0,1,1,1
187,1,3,2,1,0,1,1,3
187,1,3,2,2,0,1,1,19
187,1,3,3,0,0,1,1,1
187,1,3,3,1,0,1,1,3
187,1,3,3,2,0,1,1,19
187,1,4,1,0,0,1,1,1
187,1,4,1,1,0,1,1,3
187,1,4,1,2,0,1,1,19
187,1,4,2,0,0,1,1,1
187,1,4,2,1,0,1,1,3
187,1,4,2,2,0,1,1,19
187,1,4,3,0,0,1,1,1
187,1,4,3,1,0,1,1,3
187,1,4,3,2,0,1,1,19
187,1,5,1,0,1,1,1,1
187,1,5,1,1,1,1,1,1
187,1,5,1,2,1,1,1,1
187,1,5,2,0,0,1,1,1
187,1,5,2,1,0,1,1,3
187,1,5,2,2,0,1,1,19
187,1,5,3,0,0,1,1,1
187,1,5,3,1,0,1,1,3
187,1,5,3,2,0,1,1,19
187,1,6,1,0,0,1,1,1
187,1,6,1,1,0,1,1,3
187,1,6,1,2,0,1,1,19
187,1,6,2,0,1,1,1,1
187,1,6,2,1,1,1,1,1
187,1,6,2,2,1,1,1,1
187,1,6,3,0,0,1,1,1
187,1,6,3,1,0,1,1,3
187,1,6,3,2,0,1,1,19
187,1,7,1,0,0,1,1,1
187,1,7,1,1,0,1,1,3
187,1,7,1,2,0,1,1,19
187,1,7,2,0,1,1,1,1
187,1,7,2,1,1,1,1,1
187,1,7,2,2,1,1,1,1
187,1,7,3,0,0,1,1,1
187,1,7,3,1,0,1,1,3
187,1,7,3,2,0,1,1,19
187,1,8,1,0,1,1,1,1
187,1,8,1,1,1,1,1,1
187,1,8,1,2,1,1,1,1
187,1,8,2,0,1,1,1,1
187,1,8,2,1,1,1,1,1
187,1,8,2,2,1,1,1,1
187,1,8,3,0,1,1,1,1
187,1,8,3,1,1,1,1,1
187,1,8,3,2,1,1,1,1
188,0,0,1,0,0,1,1,1
188,0,0,1,1,0,1,1,3
188,0,0,1,2,0,1,1,7
188,0,0,2,0,0,1,1,1
188,0,0,2,1,0,1,1,3
188,0,0,2,2,0,1,1,7
188,0,0,3,0,0,1,1,1
188,0,0,3,1,0,1,1,3
188,0,0,3,2,0,1,1,7
188,0,1,1,0,0,1,1,1
188,0,1,1,1,0,1,1,3
188,0,1,1,2,0,1,1,7
188,0,1,2,0,0,1,1,1
188,0,1,2,1,0,1,1,3
188,0,1,2,2,0,1,1,7
188,0,1,3,0,0,1,1,1
188,0,1,3,1,0,1,1,3
188,0,1,3,2,0,1,1,7
188,0,2,1,0,1,1,1,1
188,0,2,1,1,1,1,1,1
188,0,2,1,2,1,1,1,1
188,0,2,2,0,0,1,1,1
188,0,2,2,1,0,1,1,3
188,0,2,2,2,0,1,1,7
188,0,2,3,0,0,1,1,1
188,0,2,3,1,0,1,1,3
188,0,2,3,2,0,1,1,7
188,0,3,1,0,0,1,1,1
188,0,3,1,1,0,1,1,3
188,0,3,1,2,0,1,1,7
188,0,3,2,0,0,1,1,1
188,0,3,2,1,0,1,1,3
188,0,3,2,2,0,1,1,7
188,0,3,3,0,0,1,1,1
188,0,3,3,1,0,1,1,3
188,0,3,3,2,0,1,1,7
188,0,4,1,0,0,1,1,1
188,0,4,1,1,0,1,1,3
188,0,4,1,2,0,1,1,7
188,0,4,2,0,0,1,1,1
188,0,4,2,1,0,1,1,3
188,0,4,2,2,0,1,1,7
188,0,4,3,0,0,1,1,1
188,0,4,3,1,0,1,1,3
188,0,4,3,2,0,1,1,7
188,0,5,1,0,1,1,1,1
188,0,5,1,1,1,1,1,1
188,0,5,1,2,1,1,1,1
188,0,5,2,0,0,1,1,1
188,0,5,2,1,0,1,1,3
188,0,5,2,2,0,1,1,7
188,0,5,3,0,0,1,1,1
188,0,5,3,1,0,1,1,3
188,0,5,3,2,0,1,1,7
188,0,6,1,0,0,1,1,1
188,0,6,1,1,0,1,1,3
188,0,6,1,2,0,1,1,7
188,0,6,2,0,1,1,1,1
188,0,6,2,1,1,1,1,1
188,0,6,2,2,1,1,1,1
188,0,6,3,0,0,1,1,1
188,0,6,3,1,0,1,1,3
188,0,6,3,2,0,1,1,7
188,0,7,1,0,0,1,1,1
188,0,7,1,1,0,1,1,3
188,0,7,1,2,0,1,1,7
188,0,7,2,0,1,1,1,1
188,0,7,2,1,1,1,1,1
188,0,7,2,2,1,1,1,1
188,0,7,3,0,0,1,1,1
188,0,7,3,1,0,1,1,3
188,0,7,3,2,0,1,1,7
188,0,8,1,0,1,1,1,1
188,0,8,1,1,1,1,1,1
188,0,8,1,2,1,1,1,1
188,0,8,2,0,1,1,1,1
188,0,8,2,1,1,1,1,1
188,0,8,2,2,1,1,1,1
188,0,8,3,0,1,1,1,1
188,0,8,3,1,1,1,1,1
188,0,8,3,2,1,1,1,1
188,1,0,1,0,0,1,1,1
188,1,0,1,1,0,1,1,3
188,1,0,1,2,0,1,1,19
188,1,0,2,0,0,1,1,1
188,1,0,2,1,0,1,1,3
188,1,0,2,2,0,1,1,19
188,1,0,3,0,0,1,1,1
188,1,0,3,1,0,1,1,3
188,1,0,3,2,0,1,1,19
188,1,1,1,0,0,1,1,1
188,1,1,1,1,0,1,1,3
188,1,1,1,2,0,1,1,19
188,1,1,2,0,0,1,1,1
188,1,1,2,1,0,1,1,3
188,1,1,2,2,0,1,1,19
188,1,1,3,0,0,1,1,1
188,1,1,3,1,0,1,1,3
188,1,1,3,2,0,1,1,19
188,1,2,1,0,1,1,1,1
188,1,2,1,1,1,1,1,1
188,1,2,1,2,1,1,1,1
188,1,2,2,0,0,1,1,1
188,1,2,2,1,0,1,1,3
188,1,2,2,2,0,1,1,19
188,1,2,3,0,0,1,1,1
188,1,2,3,1,0,1,1,3
188,1,2,3,2,0,1,1,19
188,1,3,1,0,0,1,1,1
188,1,3,1,1,0,1,1,3
188,1,3,1,2,0,1,1,19
188,1,3,2,0,0,1,1,1
188,1,3,2,1,0,1,1,3
188,1,3,2,2,0,1,1,19
188,1,3,3,0,0,1,1,1
188,1,3,3,1,0,1,1,3
188,1,3,3,2,0,1,1,19
188,1,4,1,0,0,1,1,1
188,1,4,1,1,0,1,1,3
188,1,4,1,2,0,1,1,19
188,1,4,2,0,0,1,1,1
188,1,4,2,1,0,1,1,3
188,1,4,2,2,0,1,1,19
188,1,4,3,0,0,1,1,1
188,1,4,3,1,0,1,1,3
188,1,4,3,2,0,1,1,19
188,1,5,1,0,1,1,1,1
188,1,5,1,1,1,1,1,1
188,1,5,1,2,1,1,1,1
188,1,5,2,0,0,1,1,1
188,1,5,2,1,0,1,1,3
188,1,5,2,2,0,1,1,19
188,1,5,3,0,0,1,1,1
188,1,5,3,1,0,1,1,3
188,1,5,3,2,0,1,1,19
188,1,6,1,0,0,1,1,1
188,1,6,1,1,0,1,1,3
188,1,6,1,2,0,1,1,19
188,1,6,2,0,1,1,1,1
188,1,6,2,1,1,1,1,1
188,1,6,2,2,1,1,1,1
188,1,6,3,0,0,1,1,1
188,1,6,3,1,0,1,1,3
188,1,6,3,2,0,1,1,19
188,1,7,1,0,0,1,1,1
188,1,7,1,1,0,1,1,3
188,1,7,1,2,0,1,1,19
188,1,7,2,0,1,1,1,1
188,1,7,2,1,1,1,1,1
188,1,7,2,2,1,1,1,1
188,1,7,3,0,0,1,1,1
188,1,7,3,1,0,1,1,3
188,1,7,3,2,0,1,1,19
188,1,8,1,0,1,1,1,1
188,1,8,1,1,1,1,1,1
188,1,8,1,2,1,1,1,1
188,1,8,2,0,1,1,1,1
188,1,8,2,1,1,1,1,1
188,1,8,2,2,1,1,1,1
188,1,8,3,0,1,1,1,1
188,1,8,3,1,1,1,1,1
188,1,8,3,2,1,1,1,1
189,0,0,1,0,0,1,1,1
189,0,0,1,1,0,1,1,3
189,0,0,1,2,0,1,1,7
189,0,0,2,0,0,1,1,1
189,0,0,2,1,0,1,1,3
189,0,0,2,2,0,1,1,7
189,0,0,3,0,0,1,1,1
189,0,0,3,1,0,1,1,3
189,0,0,3,2,0,1,1,7
189,0,1,1,0,0,1,1,1
189,0,1,1,1,0,1,1,3
189,0,1,1,2,0,1,1,7
189,0,1,2,0,0,1,1,1
189,0,1,2,1,0,1,1,3
189,0,1,2,2,0,1,1,7
189,0,1,3,0,0,1,1,1
189,0,1,3,1,0,1,1,3
189,0,1,3,2,0,1,1,7
189,0,2,1,0,1,1,1,1
189,0,2,1,1,1,1,1,1
189,0,2,1,2,1,1,1,1
189,0,2,2,0,0,1,1,1
189,0,2,2,1,0,1,1,3
189,0,2,2,2,0,1,1,7
189,0,2,3,0,0,1,1,1
189,0,2,3,1,0,1,1,3
189,0,2,3,2,0,1,1,7
189,0,3,1,0,0,1,1,1
189,0,3,1,1,0,1,1,3
189,0,3,1,2,0,1,1,7
189,0,3,2,0,0,1,1,1
189,0,3,2,1,0,1,1,3
189,0,3,2,2,0,1,1,7
189,0,3,3,0,0,1,1,1
189,0,3,3,1,0,1,1,3
189,0,3,3,2,0,1,1,7
189,0,4,1,0,0,1,1,1
189,0,4,1,1,0,1,1,3
189,0,4,1,2,0,1,1,7
189,0,4,2,0,0,1,1,1
189,0,4,2,1,0,1,1,3
189,0,4,2,2,0,1,1,7
189,0,4,3,0,0,1,1,1
189,0,4,3,1,0,1,1,3
189,0,4,3,2,0,1,1,7
189,0,5,1,0,1,1,1,1
189,0,5,1,1,1,1,1,1
189,0,5,1,2,1,1,1,1
189,0,5,2,0,0,1,1,1
189,0,5,2,1,0,1,1,3
189,0,5,2,2,0,1,1,7
189,0,5,3,0,0,1,1,1
189,0,5,3,1,0,1,1,3
189,0,5,3,2,0,1,1,7
189,0,6,1,0,0,1,1,1
189,0,6,1,1,0,1,1,3
189,0,6,1,2,0,1,1,7
189,0,6,2,0,1,1,1,1
189,0,6,2,1,1,1,1,1
189,0,6,2,2,1,1,1,1
189,0,6,3,0,0,1,1,1
189,0,6,3,1,0,1,1,3
189,0,6,3,2,0,1,1,7
189,0,7,1,0,0,1,1,1
189,0,7,1,1,0,1,1,3
189,0,7,1,2,0,1,1,7
189,0,7,2,0,1,1,1,1
189,0,7,2,1,1,1,1,1
189,0,7,2,2,1,1,1,1
189,0,7,3,0,0,1,1,1
189,0,7,3,1,0,1,1,3
189,0,7,3,2,0,1,1,7
189,0,8,1,0,1,1,1,1
189,0,8,1,1,1,1,1,1
189,0,8,1,2,1,1,1,1
189,0,8,2,0,1,1,1,1
189,0,8,2,1,1,1,1,1
189,0,8,2,2,1,1,1,1
189,0,8,3,0,1,1,1,1
189,0,8,3,1,1,1,1,1
189,0,8,3,2,1,1,1,1
189,1,0,1,0,0,1,1,1
189,1,0,1,1,0,1,1,3
189,1,0,1,2,0,1,1,19
189,1,0,2,0,0,1,1,1
189,1,0,2,1,0,1,1,3
189,1,0,2,2,0,1,1,19
189,1,0,3,0,0,1,1,1
189,1,0,3,1,0,1,1,3
189,1,0,3,2,0,1,1,19
189,1,1,1,0,0,1,1,1
189,1,1,1,1,0,1,1,3
189,1,1,1,2,0,1,1,19
189,1,1,2,0,0,1,1,1
189,1,1,2,1,0,1,1,3
189,1,1,2,2,0,1,1,19
189,1,1,3,0,0,1,1,1
189,1,1,3,1,0,1,1,3
189,1,1,3,2,0,1,1,19
189,1,2,1,0,1,1,1,1
189,1,2,1,1,1,1,1,1
189,1,2,1,2,1,1,1,1
189,1,2,2,0,0,1,1,1
189,1,2,2,1,0,1,1,3
189,1,2,2,2,0,1,1,19
189,1,2,3,0,0,1,1,1
189,1,2,3,1,0,1,1,3
189,1,2,3,2,0,1,1,19
189,1,3,1,0,0,1,1,1
189,1,3,1,1,0,1,1,3
189,1,3,1,2,0,1,1,19
189,1,3,2,0,0,1,1,1
189,1,3,2,1,0,1,1,3
189,1,3,2,2,0,1,1,19
189,1,3,3,0,0,1,1,1
189,1,3,3,1,0,1,1,3
189,1,3,3,2,0,1,1,19
189,1,4,1,0,0,1,1,1
189,1,4,1,1,0,1,1,3
189,1,4,1,2,0,1,1,19
189,1,4,2,0,0,1,1,1
189,1,4,2,1,0,1,1,3
189,1,4,2,2,0,1,1,19
189,1,4,3,0,0,1,1,1
189,1,4,3,1,0,1,1,3
189,1,4,3,2,0,1,1,19
189,1,5,1,0,1,1,1,1
189,1,5,1,1,1,1,1,1
189,1,5,1,2,1,1,1,1
189,1,5,2,0,0,1,1,1
189,1,5,2,1,0,1,1,3
189,1,5,2,2,0,1,1,19
189,1,5,3,0,0,1,1,1
189,1,5,3,1,0,1,1,3
189,1,5,3,2,0,1,1,19
189,1,6,1,0,0,1,1,1
189,1,6,1,1,0,1,1,3
189,1,6,1,2,0,1,1,19
189,1,6,2,0,1,1,1,1
189,1,6,2,1,1,1,1,1
189,1,6,2,2,1,1,1,1
189,1,6,3,0,0,1,1,1
189,1,6,3,1,0,1,1,3
189,1,6,3,2,0,1,1,19
189,1,7,1,0,0,1,1,1
189,1,7,1,1,0,1,1,3
189,1,7,1,2,0,1,1,19
189,1,7,2,0,1,1,1,1
189,1,7,2,1,1,1,1,1
189,1,7,2,2,1,1,1,1
189,1,7,3,0,0,1,1,1
189,1,7,3,1,0,1,1,3
189,1,7,3,2,0,1,1,19
189,1,8,1,0,1,1,1,1
189,1,8,1,1,1,1,1,1
189,1,8,1,2,1,1,1,1
189,1,8,2,0,1,1,1,1
189,1,8,2,1,1,1,1,1
189,1,8,2,2,1,1,1,1
189,1,8,3,0,1,1,1,1
189,1,8,3,1,1,1,1,1
189,1,8,3,2,1,1,1,1
190,0,0,1,0,0,1,1,1
190,0,0,1,1,0,1,1,3
190,0,0,1,2,0,1,1,7
190,0,0,2,0,0,1,1,1
190,0,0,2,1,0,1,1,3
190,0,0,2,2,0,1,1,7
190,0,0,3,0,0,1,1,1
190,0,0,3,1,0,1,1,3
190,0,0,3,2,0,1,1,7
190,0,1,1,0,0,1,1,1
190,0,1,1,1,0,1,1,3
190,0,1,1,2,0,1,1,7
190,0,1,2,0,0,1,1,1
190,0,1,2,1,0,1,1,3
190,0,1,2,2,0,1,1,7
190,0,1,3,0,0,1,1,1
190,0,1,3,1,0,1,1,3
190,0,1,3,2,0,1,1,7
190,0,2,1,0,1,1,1,1
190,0,2,1,1,1,1,1,1
190,0,2,1,2,1,1,1,1
190,0,2,2,0,0,1,1,1
190,0,2,2,1,0,1,1,3
190,0,2,2,2,0,1,1,7
190,0,2,3,0,0,1,1,1
190,0,2,3,1,0,1,1,3
190,0,2,3,2,0,1,1,7
190,0,3,1,0,0,1,1,1
190,0,3,1,1,0,1,1,3
190,0,3,1,2,0,1,1,7
190,0,3,2,0,0,1,1,1
190,0,3,2,1,0,1,1,3
190,0,3,2,2,0,1,1,7
190,0,3,3,0,0,1,1,1
190,0,3,3,1,0,1,1,3
190,0,3,3,2,0,1,1,7
190,0,4,1,0,0,1,1,1
190,0,4,1,1,0,1,1,3
190,0,4,1,2,0,1,1,7
190,0,4,2,0,0,1,1,1
190,0,4,2,1,0,1,1,3
190,0,4,2,2,0,1,1,7
190,0,4,3,0,0,1,1,1
190,0,4,3,1,0,1,1,3
190,0,4,3,2,0,1,1,7
190,0,5,1,0,1,1,1,1
190,0,5,1,1,1,1,1,1
190,0,5,1,2,1,1,1,1
190,0,5,2,0,0,1,1,1
190,0,5,2,1,0,1,1,3
190,0,5,2,2,0,1,1,7
190,0,5,3,0,0,1,1,1
190,0,5,3,1,0,1,1,3
190,0,5,3,2,0,1,1,7
190,0,6,1,0,0,1,1,1
190,0,6,1,1,0,1,1,3
190,0,6,1,2,0,1,1,7
190,0,6,2,0,1,1,1,1
190,0,6,2,1,1,1,1,1
190,0,6,2,2,1,1,1,1
190,0,6,3,0,0,1,1,1
190,0,6,3,1,0,1,1,3
190,0,6,3,2,0,1,1,7
190,0,7,1,0,0,1,1,1
190,0,7,1,1,1,1,1,2
190,0,7,1,2,1,1,1,2
190,0,7,2,0,1,1,1,1
190,0,7,2,1,1,1,1,1
190,0,7,2,2,1,1,1,1
190,0,7,3,0,0,1,1,1
190,0,7,3,1,0,1,1,3
190,0,7,3,2,0,1,1,7
190,0,8,1,0,1,1,1,1
190,0,8,1,1,1,1,1,1
190,0,8,1,2,1,1,1,1
190,0,8,2,0,1,1,1,1
190,0,8,2,1,1,1,1,1
190,0,8,2,2,1,1,1,1
190,0,8,3,0,1,1,1,1
190,0,8,3,1,1,1,1,1
190,0,8,3,2,1,1,1,1
190,1,0,1,0,0,1,1,1
190,1,0,1,1,0,1,1,3
190,1,0,1,2,0,1,1,19
190,1,0,2,0,0,1,1,1
190,1,0,2,1,0,1,1,3
190,1,0,2,2,0,1,1,19
190,1,0,3,0,0,1,1,1
190,1,0,3,1,0,1,1,3
190,1,0,3,2,0,1,1,19
190,1,1,1,0,0,1,1,1
190,1,1,1,1,0,1,1,3
190,1,1,1,2,0,1,1,19
190,1,1,2,0,0,1,1,1
190,1,1,2,1,0,1,1,3
190,1,1,2,2,0,1,1,19
190,1,1,3,0,0,1,1,1
190,1,1,3,1,0,1,1,3
190,1,1,3,2,0,1,1,19
190,1,2,1,0,1,1,1,1
190,1,2,1,1,1,1,1,1
190,1,2,1,2,1,1,1,1
190,1,2,2,0,0,1,1,1
190,1,2,2,1,0,1,1,3
190,1,2,2,2,0,1,1,19
190,1,2,3,0,0,1,1,1
190,1,2,3,1,0,1,1,3
190,1,2,3,2,0,1,1,19
190,1,3,1,0,0,1,1,1
190,1,3,1,1,0,1,1,3
190,1,3,1,2,0,1,1,19
190,1,3,2,0,0,1,1,1
190,1,3,2,1,0,1,1,3
190,1,3,2,2,0,1,1,19
190,1,3,3,0,0,1,1,1
190,1,3,3,1,0,1,1,3
190,1,3,3,2,0,1,1,19
190,1,4,1,0,0,1,1,1
190,1,4,1,1,0,1,1,3
190,1,4,1,2,0,1,1,19
190,1,4,2,0,0,1,1,1
190,1,4,2,1,0,1,1,3
190,1,4,2,2,0,1,1,19
190,1,4,3,0,0,1,1,1
190,1,4,3,1,0,1,1,3
190,1,4,3,2,0,1,1,19
190,1,5,1,0,1,1,1,1
190,1,5,1,1,1,1,1,1
190,1,5,1,2,1,1,1,1
190,1,5,2,0,0,1,1,1
190,1,5,2,1,0,1,1,3
190,1,5,2,2,0,1,1,19
190,1,5,3,0,0,1,1,1
190,1,5,3,1,0,1,1,3
190,1,5,3,2,0,1,1,19
190,1,6,1,0,0,1,1,1
190,1,6,1,1,0,1,1,3
190,1,6,1,2,0,1,1,19
190,1,6,2,0,1,1,1,1
190,1,6,2,1,1,1,1,1
190,1,6,2,2,1,1,1,1
190,1,6,3,0,0,1,1,1
190,1,6,3,1,0,1,1,3
190,1,6,3,2,0,1,1,19
190,1,7,1,0,0,1,1,1
190,1,7,1,1,1,1,1,2
190,1,7,1,2,1,1,1,2
190,1,7,2,0,1,1,1,1
190,1,7,2,1,1,1,1,1
190,1,7,2,2,1,1,1,1
190,1,7,3,0,0,1,1,1
190,1,7,3,1,0,1,1,3
190,1,7,3,2,1,1,1,5
190,1,8,1,0,1,1,1,1
190,1,8,1,1,1,1,1,1
190,1,8,1,2,1,1,1,1
190,1,8,2,0,1,1,1,1
190,1,8,2,1,1,1,1,1
190,1,8,2,2,1,1,1,1
190,1,8,3,0,1,1,1,1
190,1,8,3,1,1,1,1,1
190,1,8,3,2,1,1,1,1
191,0,0,1,0,0,1,1,1
191,0,0,1,1,0,1,1,3
191,0,0,1,2,0,1,1,7
191,0,0,2,0,0,1,1,1
191,0,0,2,1,0,1,1,3
191,0,0,2,2,0,1,1,7
191,0,0,3,0,0,1,1,1
191,0,0,3,1,0,1,1,3
191,0,0,3,2,0,1,1,7
191,0,1,1,0,0,1,1,1
191,0,1,1,1,0,1,1,3
191,0,1,1,2,0,1,1,7
191,0,1,2,0,0,1,1,1
191,0,1,2,1,0,1,1,3
191,0,1,2,2,0,1,1,7
191,0,1,3,0,0,1,1,1
191,0,1,3,1,0,1,1,3
191,0,1,3,2,0,1,1,7
191,0,2,1,0,1,1,1,1
191,0,2,1,1,1,1,1,1
191,0,2,1,2,1,1,1,1
191,0,2,2,0,0,1,1,1
191,0,2,2,1,0,1,1,3
191,0,2,2,2,0,1,1,7
191,0,2,3,0,0,1,1,1
191,0,2,3,1,0,1,1,3
191,0,2,3,2,0,1,1,7
191,0,3,1,0,0,1,1,1
191,0,3,1,1,0,1,1,3
191,0,3,1,2,0,1,1,7
191,0,3,2,0,0,1,1,1
191,0,3,2,1,0,1,1,3
191,0,3,2,2,0,1,1,7
191,0,3,3,0,0,1,1,1
191,0,3,3,1,0,1,1,3
191,0,3,3,2,0,1,1,7
191,0,4,1,0,0,1,1,1
191,0,4,1,1,0,1,1,3
191,0,4,1,2,0,1,1,7
191,0,4,2,0,0,1,1,1
191,0,4,2,1,0,1,1,3
191,0,4,2,2,0,1,1,7
191,0,4,3,0,0,1,1,1
191,0,4,3,1,0,1,1,3
191,0,4,3,2,0,1,1,7
191,0,5,1,0,1,1,1,1
191,0,5,1,1,1,1,1,1
191,0,5,1,2,1,1,1,1
191,0,5,2,0,0,1,1,1
191,0,5,2,1,0,1,1,3
191,0,5,2,2,0,1,1,7
191,0,5,3,0,0,1,1,1
191,0,5,3,1,0,1,1,3
191,0,5,3,2,0,1,1,7
191,0,6,1,0,0,1,1,1
191,0,6,1,1,0,1,1,3
191,0,6,1,2,0,1,1,7
191,0,6,2,0,1,1,1,1
191,0,6,2,1,1,1,1,1
191,0,6,2,2,1,1,1,1
191,0,6,3,0,0,1,1,1
191,0,6,3,1,0,1,1,3
191,0,6,3,2,0,1,1,7
191,0,7,1,0,0,1,1,1
191,0,7,1,1,0,1,1,3
191,0,7,1,2,0,1,1,7
191,0,7,2,0,1,1,1,1
191,0,7,2,1,1,1,1,1
191,0,7,2,2,1,1,1,1
191,0,7,3,0,0,1,1,1
191,0,7,3,1,0,1,1,3
191,0,7,3,2,0,1,1,7
191,0,8,1,0,1,1,1,1
191,0,8,1,1,1,1,1,1
191,0,8,1,2,1,1,1,1
191,0,8,2,0,1,1,1,1
191,0,8,2,1,1,1,1,1
191,0,8,2,2,1,1,1,1
191,0,8,3,0,1,1,1,1
191,0,8,3,1,1,1,1,1
191,0,8,3,2,1,1,1,1
191,1,0,1,0,0,1,1,1
191,1,0,1,1,0,1,1,3
191,1,0,1,2,0,1,1,19
191,1,0,2,0,0,1,1,1
191,1,0,2,1,0,1,1,3
191,1,0,2,2,0,1,1,19
191,1,0,3,0,0,1,1,1
191,1,0,3,1,0,1,1,3
191,1,0,3,2,0,1,1,19
191,1,1,1,0,0,1,1,1
191,1,1,1,1,0,1,1,3
191,1,1,1,2,0,1,1,19
191,1,1,2,0,0,1,1,1
191,1,1,2,1,0,1,1,3
191,1,1,2,2,0,1,1,19
191,1,1,3,0,0,1,1,1
191,1,1,3,1,0,1,1,3
191,1,1,3,2,0,1,1,19
191,1,2,1,0,1,1,1,1
191,1,2,1,1,1,1,1,1
191,1,2,1,2,1,1,1,1
191,1,2,2,0,0,1,1,1
191,1,2,2,1,0,1,1,3
191,1,2,2,2,0,1,1,19
191,1,2,3,0,0,1,1,1
191,1,2,3,1,0,1,1,3
191,1,2,3,2,0,1,1,19
191,1,3,1,0,0,1,1,1
191,1,3,1,1,0,1,1,3
191,1,3,1,2,0,1,1,19
191,1,3,2,0,0,1,1,1
191,1,3,2,1,0,1,1,3
191,1,3,2,2,0,1,1,19
191,1,3,3,0,0,1,1,1
191,1,3,3,1,0,1,1,3
191,1,3,3,2,0,1,1,19
191,1,4,1,0,0,1,1,1
191,1,4,1,1,0,1,1,3
191,1,4,1,2,0,1,1,19
191,1,4,2,0,0,1,1,1
191,1,4,2,1,0,1,1,3
191,1,4,2,2,0,1,1,19
191,1,4,3,0,0,1,1,1
191,1,4,3,1,0,1,1,3
191,1,4,3,2,0,1,1,19
191,1,5,1,0,1,1,1,1
191,1,5,1,1,1,1,1,1
191,1,5,1,2,1,1,1,1
191,1,5,2,0,0,1,1,1
191,1,5,2,1,0,1,1,3
191,1,5,2,2,0,1,1,19
191,1,5,3,0,0,1,1,1
191,1,5,3,1,0,1,1,3
191,1,5,3,2,0,1,1,19
191,1,6,1,0,0,1,1,1
191,1,6,1,1,0,1,1,3
191,1,6,1,2,0,1,1,19
191,1,6,2,0,1,1,1,1
191,1,6,2,1,1,1,1,1
191,1,6,2,2,1,1,1,1
191,1,6,3,0,0,1,1,1
191,1,6,3,1,0,1,1,3
191,1,6,3,2,0,1,1,19
191,1,7,1,0,0,1,1,1
191,1,7,1,1,0,1,1,3
191,1,7,1,2,0,1,1,19
191,1,7,2,0,1,1,1,1
191,1,7,2,1,1,1,1,1
191,1,7,2,2,1,1,1,1
191,1,7,3,0,0,1,1,1
191,1,7,3,1,0,1,1,3
191,1,7,3,2,0,1,1,19
191,1,8,1,0,1,1,1,1
191,1,8,1,1,1,1,1,1
191,1,8,1,2,1,1,1,1
191,1,8,2,0,1,1,1,1
191,1,8,2,1,1,1,1,1
191,1,8,2,2,1,1,1,1
191,1,8,3,0,1,1,1,1
191,1,8,3,1,1,1,1,1
191,1,8,3,2,1,1,1,1
