transition_code,observation_map,role_code,belief_mask,horizon,winning,oracle_agrees,checker_agrees,programs_examined
96,0,0,1,0,0,1,1,1
96,0,0,1,1,0,1,1,3
96,0,0,1,2,0,1,1,5
96,0,0,2,0,0,1,1,1
96,0,0,2,1,0,1,1,3
96,0,0,2,2,0,1,1,5
96,0,0,3,0,0,1,1,1
96,0,0,3,1,0,1,1,3
96,0,0,3,2,0,1,1,5
96,0,1,1,0,0,1,1,1
96,0,1,1,1,0,1,1,3
96,0,1,1,2,0,1,1,5
96,0,1,2,0,0,1,1,1
96,0,1,2,1,0,1,1,3
96,0,1,2,2,0,1,1,5
96,0,1,3,0,0,1,1,1
96,0,1,3,1,0,1,1,3
96,0,1,3,2,0,1,1,5
96,0,2,1,0,1,1,1,1
96,0,2,1,1,1,1,1,1
96,0,2,1,2,1,1,1,1
96,0,2,2,0,0,1,1,1
96,0,2,2,1,0,1,1,3
96,0,2,2,2,0,1,1,5
96,0,2,3,0,0,1,1,1
96,0,2,3,1,0,1,1,3
96,0,2,3,2,0,1,1,5
96,0,3,1,0,0,1,1,1
96,0,3,1,1,0,1,1,3
96,0,3,1,2,0,1,1,5
96,0,3,2,0,0,1,1,1
96,0,3,2,1,0,1,1,3
96,0,3,2,2,0,1,1,5
96,0,3,3,0,0,1,1,1
96,0,3,3,1,0,1,1,3
96,0,3,3,2,0,1,1,5
96,0,4,1,0,0,1,1,1
96,0,4,1,1,0,1,1,3
96,0,4,1,2,0,1,1,5
96,0,4,2,0,0,1,1,1
96,0,4,2,1,0,1,1,3
96,0,4,2,2,0,1,1,5
96,0,4,3,0,0,1,1,1
96,0,4,3,1,0,1,1,3
96,0,4,3,2,0,1,1,5
96,0,5,1,0,1,1,1,1
96,0,5,1,1,1,1,1,1
96,0,5,1,2,1,1,1,1
96,0,5,2,0,0,1,1,1
96,0,5,2,1,1,1,1,3
96,0,5,2,2,1,1,1,3
96,0,5,3,0,0,1,1,1
96,0,5,3,1,0,1,1,3
96,0,5,3,2,0,1,1,5
96,0,6,1,0,0,1,1,1
96,0,6,1,1,0,1,1,3
96,0,6,1,2,0,1,1,5
96,0,6,2,0,1,1,1,1
96,0,6,2,1,1,1,1,1
96,0,6,2,2,1,1,1,1
96,0,6,3,0,0,1,1,1
96,0,6,3,1,0,1,1,3
96,0,6,3,2,0,1,1,5
96,0,7,1,0,0,1,1,1
96,0,7,1,1,1,1,1,3
96,0,7,1,2,1,1,1,3
96,0,7,2,0,1,1,1,1
96,0,7,2,1,1,1,1,1
96,0,7,2,2,1,1,1,1
96,0,7,3,0,0,1,1,1
96,0,7,3,1,0,1,1,3
96,0,7,3,2,0,1,1,5
96,0,8,1,0,1,1,1,1
96,0,8,1,1,1,1,1,1
96,0,8,1,2,1,1,1,1
96,0,8,2,0,1,1,1,1
96,0,8,2,1,1,1,1,1
96,0,8,2,2,1,1,1,1
96,0,8,3,0,1,1,1,1
96,0,8,3,1,1,1,1,1
96,0,8,3,2,1,1,1,1
96,1,0,1,0,0,1,1,1
96,1,0,1,1,0,1,1,3
96,1,0,1,2,0,1,1,11
96,1,0,2,0,0,1,1,1
96,1,0,2,1,0,1,1,3
96,1,0,2,2,0,1,1,11
96,1,0,3,0,0,1,1,1
96,1,0,3,1,0,1,1,3
96,1,0,3,2,0,1,1,11
96,1,1,1,0,0,1,1,1
96,1,1,1,1,0,1,1,3
96,1,1,1,2,0,1,1,11
96,1,1,2,0,0,1,1,1
96,1,1,2,1,0,1,1,3
96,1,1,2,2,0,1,1,11
96,1,1,3,0,0,1,1,1
96,1,1,3,1,0,1,1,3
96,1,1,3,2,0,1,1,11
96,1,2,1,0,1,1,1,1
96,1,2,1,1,1,1,1,1
96,1,2,1,2,1,1,1,1
96,1,2,2,0,0,1,1,1
96,1,2,2,1,0,1,1,3
96,1,2,2,2,0,1,1,11
96,1,2,3,0,0,1,1,1
96,1,2,3,1,0,1,1,3
96,1,2,3,2,0,1,1,11
96,1,3,1,0,0,1,1,1
96,1,3,1,1,0,1,1,3
96,1,3,1,2,0,1,1,11
96,1,3,2,0,0,1,1,1
96,1,3,2,1,0,1,1,3
96,1,3,2,2,0,1,1,11
96,1,3,3,0,0,1,1,1
96,1,3,3,1,0,1,1,3
96,1,3,3,2,0,1,1,11
96,1,4,1,0,0,1,1,1
96,1,4,1,1,0,1,1,3
96,1,4,1,2,0,1,1,11
96,1,4,2,0,0,1,1,1
96,1,4,2,1,0,1,1,3
96,1,4,2,2,0,1,1,11
96,1,4,3,0,0,1,1,1
96,1,4,3,1,0,1,1,3
96,1,4,3,2,0,1,1,11
96,1,5,1,0,1,1,1,1
96,1,5,1,1,1,1,1,1
96,1,5,1,2,1,1,1,1
96,1,5,2,0,0,1,1,1
96,1,5,2,1,1,1,1,3
96,1,5,2,2,1,1,1,3
96,1,5,3,0,0,1,1,1
96,1,5,3,1,0,1,1,3
96,1,5,3,2,1,1,1,5
96,1,6,1,0,0,1,1,1
96,1,6,1,1,0,1,1,3
96,1,6,1,2,0,1,1,11
96,1,6,2,0,1,1,1,1
96,1,6,2,1,1,1,1,1
96,1,6,2,2,1,1,1,1
96,1,6,3,0,0,1,1,1
96,1,6,3,1,0,1,1,3
96,1,6,3,2,0,1,1,11
96,1,7,1,0,0,1,1,1
96,1,7,1,1,1,1,1,3
96,1,7,1,2,1,1,1,3
96,1,7,2,0,1,1,1,1
96,1,7,2,1,1,1,1,1
96,1,7,2,2,1,1,1,1
96,1,7,3,0,0,1,1,1
96,1,7,3,1,0,1,1,3
96,1,7,3,2,1,1,1,9
96,1,8,1,0,1,1,1,1
96,1,8,1,1,1,1,1,1
96,1,8,1,2,1,1,1,1
96,1,8,2,0,1,1,1,1
96,1,8,2,1,1,1,1,1
96,1,8,2,2,1,1,1,1
96,1,8,3,0,1,1,1,1
96,1,8,3,1,1,1,1,1
96,1,8,3,2,1,1,1,1
97,0,0,1,0,0,1,1,1
97,0,0,1,1,0,1,1,3
97,0,0,1,2,0,1,1,7
97,0,0,2,0,0,1,1,1
97,0,0,2,1,0,1,1,3
97,0,0,2,2,0,1,1,7
97,0,0,3,0,0,1,1,1
97,0,0,3,1,0,1,1,3
97,0,0,3,2,0,1,1,7
97,0,1,1,0,0,1,1,1
97,0,1,1,1,0,1,1,3
97,0,1,1,2,0,1,1,7
97,0,1,2,0,0,1,1,1
97,0,1,2,1,0,1,1,3
97,0,1,2,2,0,1,1,7
97,0,1,3,0,0,1,1,1
97,0,1,3,1,0,1,1,3
97,0,1,3,2,0,1,1,7
97,0,2,1,0,1,1,1,1
97,0,2,1,1,1,1,1,1
97,0,2,1,2,1,1,1,1
97,0,2,2,0,0,1,1,1
97,0,2,2,1,0,1,1,3
97,0,2,2,2,0,1,1,7
97,0,2,3,0,0,1,1,1
97,0,2,3,1,0,1,1,3
97,0,2,3,2,0,1,1,7
97,0,3,1,0,0,1,1,1
97,0,3,1,1,0,1,1,3
97,0,3,1,2,0,1,1,7
97,0,3,2,0,0,1,1,1
97,0,3,2,1,0,1,1,3
97,0,3,2,2,0,1,1,7
97,0,3,3,0,0,1,1,1
97,0,3,3,1,0,1,1,3
97,0,3,3,2,0,1,1,7
97,0,4,1,0,0,1,1,1
97,0,4,1,1,0,1,1,3
97,0,4,1,2,0,1,1,7
97,0,4,2,0,0,1,1,1
97,0,4,2,1,0,1,1,3
97,0,4,2,2,0,1,1,7
97,0,4,3,0,0,1,1,1
97,0,4,3,1,0,1,1,3
97,0,4,3,2,0,1,1,7
97,0,5,1,0,1,1,1,1
97,0,5,1,1,1,1,1,1
97,0,5,1,2,1,1,1,1
97,0,5,2,0,0,1,1,1
97,0,5,2,1,1,1,1,3
97,0,5,2,2,1,1,1,5
97,0,5,3,0,0,1,1,1
97,0,5,3,1,0,1,1,3
97,0,5,3,2,0,1,1,7
97,0,6,1,0,0,1,1,1
97,0,6,1,1,0,1,1,3
97,0,6,1,2,0,1,1,7
97,0,6,2,0,1,1,1,1
97,0,6,2,1,1,1,1,1
97,0,6,2,2,1,1,1,1
97,0,6,3,0,0,1,1,1
97,0,6,3,1,0,1,1,3
97,0,6,3,2,0,1,1,7
97,0,7,1,0,0,1,1,1
97,0,7,1,1,1,1,1,3
97,0,7,1,2,1,1,1,4
97,0,7,2,0,1,1,1,1
97,0,7,2,1,1,1,1,1
97,0,7,2,2,1,1,1,1
97,0,7,3,0,0,1,1,1
97,0,7,3,1,0,1,1,3
97,0,7,3,2,0,1,1,7
97,0,8,1,0,1,1,1,1
97,0,8,1,1,1,1,1,1
97,0,8,1,2,1,1,1,1
97,0,8,2,0,1,1,1,1
97,0,8,2,1,1,1,1,1
97,0,8,2,2,1,1,1,1
97,0,8,3,0,1,1,1,1
97,0,8,3,1,1,1,1,1
97,0,8,3,2,1,1,1,1
97,1,0,1,0,0,1,1,1
97,1,0,1,1,0,1,1,3
97,1,0,1,2,0,1,1,13
97,1,0,2,0,0,1,1,1
97,1,0,2,1,0,1,1,3
97,1,0,2,2,0,1,1,13
97,1,0,3,0,0,1,1,1
97,1,0,3,1,0,1,1,3
97,1,0,3,2,0,1,1,13
97,1,1,1,0,0,1,1,1
97,1,1,1,1,0,1,1,3
97,1,1,1,2,0,1,1,13
97,1,1,2,0,0,1,1,1
97,1,1,2,1,0,1,1,3
97,1,1,2,2,0,1,1,13
97,1,1,3,0,0,1,1,1
97,1,1,3,1,0,1,1,3
97,1,1,3,2,0,1,1,13
97,1,2,1,0,1,1,1,1
97,1,2,1,1,1,1,1,1
97,1,2,1,2,1,1,1,1
97,1,2,2,0,0,1,1,1
97,1,2,2,1,0,1,1,3
97,1,2,2,2,0,1,1,13
97,1,2,3,0,0,1,1,1
97,1,2,3,1,0,1,1,3
97,1,2,3,2,0,1,1,13
97,1,3,1,0,0,1,1,1
97,1,3,1,1,0,1,1,3
97,1,3,1,2,0,1,1,13
97,1,3,2,0,0,1,1,1
97,1,3,2,1,0,1,1,3
97,1,3,2,2,0,1,1,13
97,1,3,3,0,0,1,1,1
97,1,3,3,1,0,1,1,3
97,1,3,3,2,0,1,1,13
97,1,4,1,0,0,1,1,1
97,1,4,1,1,0,1,1,3
97,1,4,1,2,0,1,1,13
97,1,4,2,0,0,1,1,1
97,1,4,2,1,0,1,1,3
97,1,4,2,2,0,1,1,13
97,1,4,3,0,0,1,1,1
97,1,4,3,1,0,1,1,3
97,1,4,3,2,0,1,1,13
97,1,5,1,0,1,1,1,1
97,1,5,1,1,1,1,1,1
97,1,5,1,2,1,1,1,1
97,1,5,2,0,0,1,1,1
97,1,5,2,1,1,1,1,3
97,1,5,2,2,1,1,1,5
97,1,5,3,0,0,1,1,1
97,1,5,3,1,0,1,1,3
97,1,5,3,2,1,1,1,7
97,1,6,1,0,0,1,1,1
97,1,6,1,1,0,1,1,3
97,1,6,1,2,0,1,1,13
97,1,6,2,0,1,1,1,1
97,1,6,2,1,1,1,1,1
97,1,6,2,2,1,1,1,1
97,1,6,3,0,0,1,1,1
97,1,6,3,1,0,1,1,3
97,1,6,3,2,0,1,1,13
97,1,7,1,0,0,1,1,1
97,1,7,1,1,1,1,1,3
97,1,7,1,2,1,1,1,4
97,1,7,2,0,1,1,1,1
97,1,7,2,1,1,1,1,1
97,1,7,2,2,1,1,1,1
97,1,7,3,0,0,1,1,1
97,1,7,3,1,0,1,1,3
97,1,7,3,2,1,1,1,11
97,1,8,1,0,1,1,1,1
97,1,8,1,1,1,1,1,1
97,1,8,1,2,1,1,1,1
97,1,8,2,0,1,1,1,1
97,1,8,2,1,1,1,1,1
97,1,8,2,2,1,1,1,1
97,1,8,3,0,1,1,1,1
97,1,8,3,1,1,1,1,1
97,1,8,3,2,1,1,1,1
98,0,0,1,0,0,1,1,1
98,0,0,1,1,0,1,1,3
98,0,0,1,2,0,1,1,7
98,0,0,2,0,0,1,1,1
98,0,0,2,1,0,1,1,3
98,0,0,2,2,0,1,1,7
98,0,0,3,0,0,1,1,1
98,0,0,3,1,0,1,1,3
98,0,0,3,2,0,1,1,7
98,0,1,1,0,0,1,1,1
98,0,1,1,1,0,1,1,3
98,0,1,1,2,0,1,1,7
98,0,1,2,0,0,1,1,1
98,0,1,2,1,0,1,1,3
98,0,1,2,2,0,1,1,7
98,0,1,3,0,0,1,1,1
98,0,1,3,1,0,1,1,3
98,0,1,3,2,0,1,1,7
98,0,2,1,0,1,1,1,1
98,0,2,1,1,1,1,1,1
98,0,2,1,2,1,1,1,1
98,0,2,2,0,0,1,1,1
98,0,2,2,1,0,1,1,3
98,0,2,2,2,0,1,1,7
98,0,2,3,0,0,1,1,1
98,0,2,3,1,0,1,1,3
98,0,2,3,2,0,1,1,7
98,0,3,1,0,0,1,1,1
98,0,3,1,1,0,1,1,3
98,0,3,1,2,0,1,1,7
98,0,3,2,0,0,1,1,1
98,0,3,2,1,0,1,1,3
98,0,3,2,2,0,1,1,7
98,0,3,3,0,0,1,1,1
98,0,3,3,1,0,1,1,3
98,0,3,3,2,0,1,1,7
98,0,4,1,0,0,1,1,1
98,0,4,1,1,0,1,1,3
98,0,4,1,2,0,1,1,7
98,0,4,2,0,0,1,1,1
98,0,4,2,1,0,1,1,3
98,0,4,2,2,0,1,1,7
98,0,4,3,0,0,1,1,1
98,0,4,3,1,0,1,1,3
98,0,4,3,2,0,1,1,7
98,0,5,1,0,1,1,1,1
98,0,5,1,1,1,1,1,1
98,0,5,1,2,1,1,1,1
98,0,5,2,0,0,1,1,1
98,0,5,2,1,1,1,1,3
98,0,5,2,2,1,1,1,5
98,0,5,3,0,0,1,1,1
98,0,5,3,1,0,1,1,3
98,0,5,3,2,0,1,1,7
98,0,6,1,0,0,1,1,1
98,0,6,1,1,0,1,1,3
98,0,6,1,2,0,1,1,7
98,0,6,2,0,1,1,1,1
98,0,6,2,1,1,1,1,1
98,0,6,2,2,1,1,1,1
98,0,6,3,0,0,1,1,1
98,0,6,3,1,0,1,1,3
98,0,6,3,2,0,1,1,7
98,0,7,1,0,0,1,1,1
98,0,7,1,1,1,1,1,2
98,0,7,1,2,1,1,1,2
98,0,7,2,0,1,1,1,1
98,0,7,2,1,1,1,1,1
98,0,7,2,2,1,1,1,1
98,0,7,3,0,0,1,1,1
98,0,7,3,1,0,1,1,3
98,0,7,3,2,0,1,1,7
98,0,8,1,0,1,1,1,1
98,0,8,1,1,1,1,1,1
98,0,8,1,2,1,1,1,1
98,0,8,2,0,1,1,1,1
98,0,8,2,1,1,1,1,1
98,0,8,2,2,1,1,1,1
98,0,8,3,0,1,1,1,1
98,0,8,3,1,1,1,1,1
98,0,8,3,2,1,1,1,1
98,1,0,1,0,0,1,1,1
98,1,0,1,1,0,1,1,3
98,1,0,1,2,0,1,1,13
98,1,0,2,0,0,1,1,1
98,1,0,2,1,0,1,1,3
98,1,0,2,2,0,1,1,13
98,1,0,3,0,0,1,1,1
98,1,0,3,1,0,1,1,3
98,1,0,3,2,0,1,1,13
98,1,1,1,0,0,1,1,1
98,1,1,1,1,0,1,1,3
98,1,1,1,2,0,1,1,13
98,1,1,2,0,0,1,1,1
98,1,1,2,1,0,1,1,3
98,1,1,2,2,0,1,1,13
98,1,1,3,0,0,1,1,1
98,1,1,3,1,0,1,1,3
98,1,1,3,2,0,1,1,13
98,1,2,1,0,1,1,1,1
98,1,2,1,1,1,1,1,1
98,1,2,1,2,1,1,1,1
98,1,2,2,0,0,1,1,1
98,1,2,2,1,0,1,1,3
98,1,2,2,2,0,1,1,13
98,1,2,3,0,0,1,1,1
98,1,2,3,1,0,1,1,3
98,1,2,3,2,0,1,1,13
98,1,3,1,0,0,1,1,1
98,1,3,1,1,0,1,1,3
98,1,3,1,2,0,1,1,13
98,1,3,2,0,0,1,1,1
98,1,3,2,1,0,1,1,3
98,1,3,2,2,0,1,1,13
98,1,3,3,0,0,1,1,1
98,1,3,3,1,0,1,1,3
98,1,3,3,2,0,1,1,13
98,1,4,1,0,0,1,1,1
98,1,4,1,1,0,1,1,3
98,1,4,1,2,0,1,1,13
98,1,4,2,0,0,1,1,1
98,1,4,2,1,0,1,1,3
98,1,4,2,2,0,1,1,13
98,1,4,3,0,0,1,1,1
98,1,4,3,1,0,1,1,3
98,1,4,3,2,0,1,1,13
98,1,5,1,0,1,1,1,1
98,1,5,1,1,1,1,1,1
98,1,5,1,2,1,1,1,1
98,1,5,2,0,0,1,1,1
98,1,5,2,1,1,1,1,3
98,1,5,2,2,1,1,1,5
98,1,5,3,0,0,1,1,1
98,1,5,3,1,0,1,1,3
98,1,5,3,2,1,1,1,7
98,1,6,1,0,0,1,1,1
98,1,6,1,1,0,1,1,3
98,1,6,1,2,0,1,1,13
98,1,6,2,0,1,1,1,1
98,1,6,2,1,1,1,1,1
98,1,6,2,2,1,1,1,1
98,1,6,3,0,0,1,1,1
98,1,6,3,1,0,1,1,3
98,1,6,3,2,0,1,1,13
98,1,7,1,0,0,1,1,1
98,1,7,1,1,1,1,1,2
98,1,7,1,2,1,1,1,2
98,1,7,2,0,1,1,1,1
98,1,7,2,1,1,1,1,1
98,1,7,2,2,1,1,1,1
98,1,7,3,0,0,1,1,1
98,1,7,3,1,0,1,1,3
98,1,7,3,2,1,1,1,8
98,1,8,1,0,1,1,1,1
98,1,8,1,1,1,1,1,1
98,1,8,1,2,1,1,1,1
98,1,8,2,0,1,1,1,1
98,1,8,2,1,1,1,1,1
98,1,8,2,2,1,1,1,1
98,1,8,3,0,1,1,1,1
98,1,8,3,1,1,1,1,1
98,1,8,3,2,1,1,1,1
99,0,0,1,0,0,1,1,1
99,0,0,1,1,0,1,1,3
99,0,0,1,2,0,1,1,7
99,0,0,2,0,0,1,1,1
99,0,0,2,1,0,1,1,3
99,0,0,2,2,0,1,1,7
99,0,0,3,0,0,1,1,1
99,0,0,3,1,0,1,1,3
99,0,0,3,2,0,1,1,7
99,0,1,1,0,0,1,1,1
99,0,1,1,1,0,1,1,3
99,0,1,1,2,0,1,1,7
99,0,1,2,0,0,1,1,1
99,0,1,2,1,0,1,1,3
99,0,1,2,2,0,1,1,7
99,0,1,3,0,0,1,1,1
99,0,1,3,1,0,1,1,3
99,0,1,3,2,0,1,1,7
99,0,2,1,0,1,1,1,1
99,0,2,1,1,1,1,1,1
99,0,2,1,2,1,1,1,1
99,0,2,2,0,0,1,1,1
99,0,2,2,1,0,1,1,3
99,0,2,2,2,0,1,1,7
99,0,2,3,0,0,1,1,1
99,0,2,3,1,0,1,1,3
99,0,2,3,2,0,1,1,7
99,0,3,1,0,0,1,1,1
99,0,3,1,1,0,1,1,3
99,0,3,1,2,0,1,1,7
99,0,3,2,0,0,1,1,1
99,0,3,2,1,0,1,1,3
99,0,3,2,2,0,1,1,7
99,0,3,3,0,0,1,1,1
99,0,3,3,1,0,1,1,3
99,0,3,3,2,0,1,1,7
99,0,4,1,0,0,1,1,1
99,0,4,1,1,0,1,1,3
99,0,4,1,2,0,1,1,7
99,0,4,2,0,0,1,1,1
99,0,4,2,1,0,1,1,3
99,0,4,2,2,0,1,1,7
99,0,4,3,0,0,1,1,1
99,0,4,3,1,0,1,1,3
99,0,4,3,2,0,1,1,7
99,0,5,1,0,1,1,1,1
99,0,5,1,1,1,1,1,1
99,0,5,1,2,1,1,1,1
99,0,5,2,0,0,1,1,1
99,0,5,2,1,1,1,1,3
99,0,5,2,2,1,1,1,5
99,0,5,3,0,0,1,1,1
99,0,5,3,1,0,1,1,3
99,0,5,3,2,0,1,1,7
99,0,6,1,0,0,1,1,1
99,0,6,1,1,0,1,1,3
99,0,6,1,2,0,1,1,7
99,0,6,2,0,1,1,1,1
99,0,6,2,1,1,1,1,1
99,0,6,2,2,1,1,1,1
99,0,6,3,0,0,1,1,1
99,0,6,3,1,0,1,1,3
99,0,6,3,2,0,1,1,7
99,0,7,1,0,0,1,1,1
99,0,7,1,1,1,1,1,3
99,0,7,1,2,1,1,1,5
99,0,7,2,0,1,1,1,1
99,0,7,2,1,1,1,1,1
99,0,7,2,2,1,1,1,1
99,0,7,3,0,0,1,1,1
99,0,7,3,1,0,1,1,3
99,0,7,3,2,0,1,1,7
99,0,8,1,0,1,1,1,1
99,0,8,1,1,1,1,1,1
99,0,8,1,2,1,1,1,1
99,0,8,2,0,1,1,1,1
99,0,8,2,1,1,1,1,1
99,0,8,2,2,1,1,1,1
99,0,8,3,0,1,1,1,1
99,0,8,3,1,1,1,1,1
99,0,8,3,2,1,1,1,1
99,1,0,1,0,0,1,1,1
99,1,0,1,1,0,1,1,3
99,1,0,1,2,0,1,1,19
99,1,0,2,0,0,1,1,1
99,1,0,2,1,0,1,1,3
99,1,0,2,2,0,1,1,19
99,1,0,3,0,0,1,1,1
99,1,0,3,1,0,1,1,3
99,1,0,3,2,0,1,1,19
99,1,1,1,0,0,1,1,1
99,1,1,1,1,0,1,1,3
99,1,1,1,2,0,1,1,19
99,1,1,2,0,0,1,1,1
99,1,1,2,1,0,1,1,3
99,1,1,2,2,0,1,1,19
99,1,1,3,0,0,1,1,1
99,1,1,3,1,0,1,1,3
99,1,1,3,2,0,1,1,19
99,1,2,1,0,1,1,1,1
99,1,2,1,1,1,1,1,1
99,1,2,1,2,1,1,1,1
99,1,2,2,0,0,1,1,1
99,1,2,2,1,0,1,1,3
99,1,2,2,2,0,1,1,19
99,1,2,3,0,0,1,1,1
99,1,2,3,1,0,1,1,3
99,1,2,3,2,0,1,1,19
99,1,3,1,0,0,1,1,1
99,1,3,1,1,0,1,1,3
99,1,3,1,2,0,1,1,19
99,1,3,2,0,0,1,1,1
99,1,3,2,1,0,1,1,3
99,1,3,2,2,0,1,1,19
99,1,3,3,0,0,1,1,1
99,1,3,3,1,0,1,1,3
99,1,3,3,2,0,1,1,19
99,1,4,1,0,0,1,1,1
99,1,4,1,1,0,1,1,3
99,1,4,1,2,0,1,1,19
99,1,4,2,0,0,1,1,1
99,1,4,2,1,0,1,1,3
99,1,4,2,2,0,1,1,19
99,1,4,3,0,0,1,1,1
99,1,4,3,1,0,1,1,3
99,1,4,3,2,0,1,1,19
99,1,5,1,0,1,1,1,1
99,1,5,1,1,1,1,1,1
99,1,5,1,2,1,1,1,1
99,1,5,2,0,0,1,1,1
99,1,5,2,1,1,1,1,3
99,1,5,2,2,1,1,1,11
99,1,5,3,0,0,1,1,1
99,1,5,3,1,0,1,1,3
99,1,5,3,2,1,1,1,13
99,1,6,1,0,0,1,1,1
99,1,6,1,1,0,1,1,3
99,1,6,1,2,0,1,1,19
99,1,6,2,0,1,1,1,1
99,1,6,2,1,1,1,1,1
99,1,6,2,2,1,1,1,1
99,1,6,3,0,0,1,1,1
99,1,6,3,1,0,1,1,3
99,1,6,3,2,0,1,1,19
99,1,7,1,0,0,1,1,1
99,1,7,1,1,1,1,1,3
99,1,7,1,2,1,1,1,8
99,1,7,2,0,1,1,1,1
99,1,7,2,1,1,1,1,1
99,1,7,2,2,1,1,1,1
99,1,7,3,0,0,1,1,1
99,1,7,3,1,0,1,1,3
99,1,7,3,2,1,1,1,17
99,1,8,1,0,1,1,1,1
99,1,8,1,1,1,1,1,1
99,1,8,1,2,1,1,1,1
99,1,8,2,0,1,1,1,1
99,1,8,2,1,1,1,1,1
99,1,8,2,2,1,1,1,1
99,1,8,3,0,1,1,1,1
99,1,8,3,1,1,1,1,1
99,1,8,3,2,1,1,1,1
100,0,0,1,0,0,1,1,1
100,0,0,1,1,0,1,1,3
100,0,0,1,2,0,1,1,7
100,0,0,2,0,0,1,1,1
100,0,0,2,1,0,1,1,3
100,0,0,2,2,0,1,1,7
100,0,0,3,0,0,1,1,1
100,0,0,3,1,0,1,1,3
100,0,0,3,2,0,1,1,7
100,0,1,1,0,0,1,1,1
100,0,1,1,1,0,1,1,3
100,0,1,1,2,0,1,1,7
100,0,1,2,0,0,1,1,1
100,0,1,2,1,0,1,1,3
100,0,1,2,2,0,1,1,7
100,0,1,3,0,0,1,1,1
100,0,1,3,1,0,1,1,3
100,0,1,3,2,0,1,1,7
100,0,2,1,0,1,1,1,1
100,0,2,1,1,1,1,1,1
100,0,2,1,2,1,1,1,1
100,0,2,2,0,0,1,1,1
100,0,2,2,1,0,1,1,3
100,0,2,2,2,0,1,1,7
100,0,2,3,0,0,1,1,1
100,0,2,3,1,0,1,1,3
100,0,2,3,2,0,1,1,7
100,0,3,1,0,0,1,1,1
100,0,3,1,1,0,1,1,3
100,0,3,1,2,0,1,1,7
100,0,3,2,0,0,1,1,1
100,0,3,2,1,0,1,1,3
100,0,3,2,2,0,1,1,7
100,0,3,3,0,0,1,1,1
100,0,3,3,1,0,1,1,3
100,0,3,3,2,0,1,1,7
100,0,4,1,0,0,1,1,1
100,0,4,1,1,0,1,1,3
100,0,4,1,2,0,1,1,7
100,0,4,2,0,0,1,1,1
100,0,4,2,1,0,1,1,3
100,0,4,2,2,0,1,1,7
100,0,4,3,0,0,1,1,1
100,0,4,3,1,0,1,1,3
100,0,4,3,2,0,1,1,7
100,0,5,1,0,1,1,1,1
100,0,5,1,1,1,1,1,1
100,0,5,1,2,1,1,1,1
100,0,5,2,0,0,1,1,1
100,0,5,2,1,1,1,1,2
100,0,5,2,2,1,1,1,2
100,0,5,3,0,0,1,1,1
100,0,5,3,1,0,1,1,3
100,0,5,3,2,0,1,1,7
100,0,6,1,0,0,1,1,1
100,0,6,1,1,0,1,1,3
100,0,6,1,2,0,1,1,7
100,0,6,2,0,1,1,1,1
100,0,6,2,1,1,1,1,1
100,0,6,2,2,1,1,1,1
100,0,6,3,0,0,1,1,1
100,0,6,3,1,0,1,1,3
100,0,6,3,2,0,1,1,7
100,0,7,1,0,0,1,1,1
100,0,7,1,1,1,1,1,3
100,0,7,1,2,1,1,1,5
100,0,7,2,0,1,1,1,1
100,0,7,2,1,1,1,1,1
100,0,7,2,2,1,1,1,1
100,0,7,3,0,0,1,1,1
100,0,7,3,1,0,1,1,3
100,0,7,3,2,0,1,1,7
100,0,8,1,0,1,1,1,1
100,0,8,1,1,1,1,1,1
100,0,8,1,2,1,1,1,1
100,0,8,2,0,1,1,1,1
100,0,8,2,1,1,1,1,1
100,0,8,2,2,1,1,1,1
100,0,8,3,0,1,1,1,1
100,0,8,3,1,1,1,1,1
100,0,8,3,2,1,1,1,1
100,1,0,1,0,0,1,1,1
100,1,0,1,1,0,1,1,3
100,1,0,1,2,0,1,1,13
100,1,0,2,0,0,1,1,1
100,1,0,2,1,0,1,1,3
100,1,0,2,2,0,1,1,13
100,1,0,3,0,0,1,1,1
100,1,0,3,1,0,1,1,3
100,1,0,3,2,0,1,1,13
100,1,1,1,0,0,1,1,1
100,1,1,1,1,0,1,1,3
100,1,1,1,2,0,1,1,13
100,1,1,2,0,0,1,1,1
100,1,1,2,1,0,1,1,3
100,1,1,2,2,0,1,1,13
100,1,1,3,0,0,1,1,1
100,1,1,3,1,0,1,1,3
100,1,1,3,2,0,1,1,13
100,1,2,1,0,1,1,1,1
100,1,2,1,1,1,1,1,1
100,1,2,1,2,1,1,1,1
100,1,2,2,0,0,1,1,1
100,1,2,2,1,0,1,1,3
100,1,2,2,2,0,1,1,13
100,1,2,3,0,0,1,1,1
100,1,2,3,1,0,1,1,3
100,1,2,3,2,0,1,1,13
100,1,3,1,0,0,1,1,1
100,1,3,1,1,0,1,1,3
100,1,3,1,2,0,1,1,13
100,1,3,2,0,0,1,1,1
100,1,3,2,1,0,1,1,3
100,1,3,2,2,0,1,1,13
100,1,3,3,0,0,1,1,1
100,1,3,3,1,0,1,1,3
100,1,3,3,2,0,1,1,13
100,1,4,1,0,0,1,1,1
100,1,4,1,1,0,1,1,3
100,1,4,1,2,0,1,1,13
100,1,4,2,0,0,1,1,1
100,1,4,2,1,0,1,1,3
100,1,4,2,2,0,1,1,13
100,1,4,3,0,0,1,1,1
100,1,4,3,1,0,1,1,3
100,1,4,3,2,0,1,1,13
100,1,5,1,0,1,1,1,1
100,1,5,1,1,1,1,1,1
100,1,5,1,2,1,1,1,1
100,1,5,2,0,0,1,1,1
100,1,5,2,1,1,1,1,2
100,1,5,2,2,1,1,1,2
100,1,5,3,0,0,1,1,1
100,1,5,3,1,0,1,1,3
100,1,5,3,2,1,1,1,6
100,1,6,1,0,0,1,1,1
100,1,6,1,1,0,1,1,3
100,1,6,1,2,0,1,1,13
100,1,6,2,0,1,1,1,1
100,1,6,2,1,1,1,1,1
100,1,6,2,2,1,1,1,1
100,1,6,3,0,0,1,1,1
100,1,6,3,1,0,1,1,3
100,1,6,3,2,0,1,1,13
100,1,7,1,0,0,1,1,1
100,1,7,1,1,1,1,1,3
100,1,7,1,2,1,1,1,5
100,1,7,2,0,1,1,1,1
100,1,7,2,1,1,1,1,1
100,1,7,2,2,1,1,1,1
100,1,7,3,0,0,1,1,1
100,1,7,3,1,0,1,1,3
100,1,7,3,2,1,1,1,11
100,1,8,1,0,1,1,1,1
100,1,8,1,1,1,1,1,1
100,1,8,1,2,1,1,1,1
100,1,8,2,0,1,1,1,1
100,1,8,2,1,1,1,1,1
100,1,8,2,2,1,1,1,1
100,1,8,3,0,1,1,1,1
100,1,8,3,1,1,1,1,1
100,1,8,3,2,1,1,1,1
101,0,0,1,0,0,1,1,1
101,0,0,1,1,0,1,1,3
101,0,0,1,2,0,1,1,7
101,0,0,2,0,0,1,1,1
101,0,0,2,1,0,1,1,3
101,0,0,2,2,0,1,1,7
101,0,0,3,0,0,1,1,1
101,0,0,3,1,0,1,1,3
101,0,0,3,2,0,1,1,7
101,0,1,1,0,0,1,1,1
101,0,1,1,1,0,1,1,3
101,0,1,1,2,0,1,1,7
101,0,1,2,0,0,1,1,1
101,0,1,2,1,0,1,1,3
101,0,1,2,2,0,1,1,7
101,0,1,3,0,0,1,1,1
101,0,1,3,1,0,1,1,3
101,0,1,3,2,0,1,1,7
101,0,2,1,0,1,1,1,1
101,0,2,1,1,1,1,1,1
101,0,2,1,2,1,1,1,1
101,0,2,2,0,0,1,1,1
101,0,2,2,1,0,1,1,3
101,0,2,2,2,0,1,1,7
101,0,2,3,0,0,1,1,1
101,0,2,3,1,0,1,1,3
101,0,2,3,2,0,1,1,7
101,0,3,1,0,0,1,1,1
101,0,3,1,1,0,1,1,3
101,0,3,1,2,0,1,1,7
101,0,3,2,0,0,1,1,1
101,0,3,2,1,0,1,1,3
101,0,3,2,2,0,1,1,7
101,0,3,3,0,0,1,1,1
101,0,3,3,1,0,1,1,3
101,0,3,3,2,0,1,1,7
101,0,4,1,0,0,1,1,1
101,0,4,1,1,0,1,1,3
101,0,4,1,2,0,1,1,7
101,0,4,2,0,0,1,1,1
101,0,4,2,1,0,1,1,3
101,0,4,2,2,0,1,1,7
101,0,4,3,0,0,1,1,1
101,0,4,3,1,0,1,1,3
101,0,4,3,2,0,1,1,7
101,0,5,1,0,1,1,1,1
101,0,5,1,1,1,1,1,1
101,0,5,1,2,1,1,1,1
101,0,5,2,0,0,1,1,1
101,0,5,2,1,1,1,1,2
101,0,5,2,2,1,1,1,2
101,0,5,3,0,0,1,1,1
101,0,5,3,1,1,1,1,2
101,0,5,3,2,1,1,1,2
101,0,6,1,0,0,1,1,1
101,0,6,1,1,0,1,1,3
101,0,6,1,2,0,1,1,7
101,0,6,2,0,1,1,1,1
101,0,6,2,1,1,1,1,1
101,0,6,2,2,1,1,1,1
101,0,6,3,0,0,1,1,1
101,0,6,3,1,0,1,1,3
101,0,6,3,2,0,1,1,7
101,0,7,1,0,0,1,1,1
101,0,7,1,1,1,1,1,3
101,0,7,1,2,1,1,1,4
101,0,7,2,0,1,1,1,1
101,0,7,2,1,1,1,1,1
101,0,7,2,2,1,1,1,1
101,0,7,3,0,0,1,1,1
101,0,7,3,1,0,1,1,3
101,0,7,3,2,1,1,1,4
101,0,8,1,0,1,1,1,1
101,0,8,1,1,1,1,1,1
101,0,8,1,2,1,1,1,1
101,0,8,2,0,1,1,1,1
101,0,8,2,1,1,1,1,1
101,0,8,2,2,1,1,1,1
101,0,8,3,0,1,1,1,1
101,0,8,3,1,1,1,1,1
101,0,8,3,2,1,1,1,1
101,1,0,1,0,0,1,1,1
101,1,0,1,1,0,1,1,3
101,1,0,1,2,0,1,1,13
101,1,0,2,0,0,1,1,1
101,1,0,2,1,0,1,1,3
101,1,0,2,2,0,1,1,13
101,1,0,3,0,0,1,1,1
101,1,0,3,1,0,1,1,3
101,1,0,3,2,0,1,1,13
101,1,1,1,0,0,1,1,1
101,1,1,1,1,0,1,1,3
101,1,1,1,2,0,1,1,13
101,1,1,2,0,0,1,1,1
101,1,1,2,1,0,1,1,3
101,1,1,2,2,0,1,1,13
101,1,1,3,0,0,1,1,1
101,1,1,3,1,0,1,1,3
101,1,1,3,2,0,1,1,13
101,1,2,1,0,1,1,1,1
101,1,2,1,1,1,1,1,1
101,1,2,1,2,1,1,1,1
101,1,2,2,0,0,1,1,1
101,1,2,2,1,0,1,1,3
101,1,2,2,2,0,1,1,13
101,1,2,3,0,0,1,1,1
101,1,2,3,1,0,1,1,3
101,1,2,3,2,0,1,1,13
101,1,3,1,0,0,1,1,1
101,1,3,1,1,0,1,1,3
101,1,3,1,2,0,1,1,13
101,1,3,2,0,0,1,1,1
101,1,3,2,1,0,1,1,3
101,1,3,2,2,0,1,1,13
101,1,3,3,0,0,1,1,1
101,1,3,3,1,0,1,1,3
101,1,3,3,2,0,1,1,13
101,1,4,1,0,0,1,1,1
101,1,4,1,1,0,1,1,3
101,1,4,1,2,0,1,1,13
101,1,4,2,0,0,1,1,1
101,1,4,2,1,0,1,1,3
101,1,4,2,2,0,1,1,13
101,1,4,3,0,0,1,1,1
101,1,4,3,1,0,1,1,3
101,1,4,3,2,0,1,1,13
101,1,5,1,0,1,1,1,1
101,1,5,1,1,1,1,1,1
101,1,5,1,2,1,1,1,1
101,1,5,2,0,0,1,1,1
101,1,5,2,1,1,1,1,2
101,1,5,2,2,1,1,1,2
101,1,5,3,0,0,1,1,1
101,1,5,3,1,1,1,1,2
101,1,5,3,2,1,1,1,2
101,1,6,1,0,0,1,1,1
101,1,6,1,1,0,1,1,3
101,1,6,1,2,0,1,1,13
101,1,6,2,0,1,1,1,1
101,1,6,2,1,1,1,1,1
101,1,6,2,2,1,1,1,1
101,1,6,3,0,0,1,1,1
101,1,6,3,1,0,1,1,3
101,1,6,3,2,0,1,1,13
101,1,7,1,0,0,1,1,1
101,1,7,1,1,1,1,1,3
101,1,7,1,2,1,1,1,4
101,1,7,2,0,1,1,1,1
101,1,7,2,1,1,1,1,1
101,1,7,2,2,1,1,1,1
101,1,7,3,0,0,1,1,1
101,1,7,3,1,0,1,1,3
101,1,7,3,2,1,1,1,4
101,1,8,1,0,1,1,1,1
101,1,8,1,1,1,1,1,1
101,1,8,1,2,1,1,1,1
101,1,8,2,0,1,1,1,1
101,1,8,2,1,1,1,1,1
101,1,8,2,2,1,1,1,1
101,1,8,3,0,1,1,1,1
101,1,8,3,1,1,1,1,1
101,1,8,3,2,1,1,1,1
102,0,0,1,0,0,1,1,1
102,0,0,1,1,0,1,1,3
102,0,0,1,2,0,1,1,7
102,0,0,2,0,0,1,1,1
102,0,0,2,1,0,1,1,3
102,0,0,2,2,0,1,1,7
102,0,0,3,0,0,1,1,1
102,0,0,3,1,0,1,1,3
102,0,0,3,2,0,1,1,7
102,0,1,1,0,0,1,1,1
102,0,1,1,1,0,1,1,3
102,0,1,1,2,0,1,1,7
102,0,1,2,0,0,1,1,1
102,0,1,2,1,0,1,1,3
102,0,1,2,2,0,1,1,7
102,0,1,3,0,0,1,1,1
102,0,1,3,1,0,1,1,3
102,0,1,3,2,0,1,1,7
102,0,2,1,0,1,1,1,1
102,0,2,1,1,1,1,1,1
102,0,2,1,2,1,1,1,1
102,0,2,2,0,0,1,1,1
102,0,2,2,1,0,1,1,3
102,0,2,2,2,0,1,1,7
102,0,2,3,0,0,1,1,1
102,0,2,3,1,0,1,1,3
102,0,2,3,2,0,1,1,7
102,0,3,1,0,0,1,1,1
102,0,3,1,1,0,1,1,3
102,0,3,1,2,0,1,1,7
102,0,3,2,0,0,1,1,1
102,0,3,2,1,0,1,1,3
102,0,3,2,2,0,1,1,7
102,0,3,3,0,0,1,1,1
102,0,3,3,1,0,1,1,3
102,0,3,3,2,0,1,1,7
102,0,4,1,0,0,1,1,1
102,0,4,1,1,0,1,1,3
102,0,4,1,2,0,1,1,7
102,0,4,2,0,0,1,1,1
102,0,4,2,1,0,1,1,3
102,0,4,2,2,0,1,1,7
102,0,4,3,0,0,1,1,1
102,0,4,3,1,0,1,1,3
102,0,4,3,2,0,1,1,7
102,0,5,1,0,1,1,1,1
102,0,5,1,1,1,1,1,1
102,0,5,1,2,1,1,1,1
102,0,5,2,0,0,1,1,1
102,0,5,2,1,1,1,1,2
102,0,5,2,2,1,1,1,2
102,0,5,3,0,0,1,1,1
102,0,5,3,1,0,1,1,3
102,0,5,3,2,0,1,1,7
102,0,6,1,0,0,1,1,1
102,0,6,1,1,0,1,1,3
102,0,6,1,2,0,1,1,7
102,0,6,2,0,1,1,1,1
102,0,6,2,1,1,1,1,1
102,0,6,2,2,1,1,1,1
102,0,6,3,0,0,1,1,1
102,0,6,3,1,0,1,1,3
102,0,6,3,2,0,1,1,7
102,0,7,1,0,0,1,1,1
102,0,7,1,1,1,1,1,2
102,0,7,1,2,1,1,1,2
102,0,7,2,0,1,1,1,1
102,0,7,2,1,1,1,1,1
102,0,7,2,2,1,1,1,1
102,0,7,3,0,0,1,1,1
102,0,7,3,1,0,1,1,3
102,0,7,3,2,0,1,1,7
102,0,8,1,0,1,1,1,1
102,0,8,1,1,1,1,1,1
102,0,8,1,2,1,1,1,1
102,0,8,2,0,1,1,1,1
102,0,8,2,1,1,1,1,1
102,0,8,2,2,1,1,1,1
102,0,8,3,0,1,1,1,1
102,0,8,3,1,1,1,1,1
102,0,8,3,2,1,1,1,1
102,1,0,1,0,0,1,1,1
102,1,0,1,1,0,1,1,3
102,1,0,1,2,0,1,1,19
102,1,0,2,0,0,1,1,1
102,1,0,2,1,0,1,1,3
102,1,0,2,2,0,1,1,19
102,1,0,3,0,0,1,1,1
102,1,0,3,1,0,1,1,3
102,1,0,3,2,0,1,1,19
102,1,1,1,0,0,1,1,1
102,1,1,1,1,0,1,1,3
102,1,1,1,2,0,1,1,19
102,1,1,2,0,0,1,1,1
102,1,1,2,1,0,1,1,3
102,1,1,2,2,0,1,1,19
102,1,1,3,0,0,1,1,1
102,1,1,3,1,0,1,1,3
102,1,1,3,2,0,1,1,19
102,1,2,1,0,1,1,1,1
102,1,2,1,1,1,1,1,1
102,1,2,1,2,1,1,1,1
102,1,2,2,0,0,1,1,1
102,1,2,2,1,0,1,1,3
102,1,2,2,2,0,1,1,19
102,1,2,3,0,0,1,1,1
102,1,2,3,1,0,1,1,3
102,1,2,3,2,0,1,1,19
102,1,3,1,0,0,1,1,1
102,1,3,1,1,0,1,1,3
102,1,3,1,2,0,1,1,19
102,1,3,2,0,0,1,1,1
102,1,3,2,1,0,1,1,3
102,1,3,2,2,0,1,1,19
102,1,3,3,0,0,1,1,1
102,1,3,3,1,0,1,1,3
102,1,3,3,2,0,1,1,19
102,1,4,1,0,0,1,1,1
102,1,4,1,1,0,1,1,3
102,1,4,1,2,0,1,1,19
102,1,4,2,0,0,1,1,1
102,1,4,2,1,0,1,1,3
102,1,4,2,2,0,1,1,19
102,1,4,3,0,0,1,1,1
102,1,4,3,1,0,1,1,3
102,1,4,3,2,0,1,1,19
102,1,5,1,0,1,1,1,1
102,1,5,1,1,1,1,1,1
102,1,5,1,2,1,1,1,1
102,1,5,2,0,0,1,1,1
102,1,5,2,1,1,1,1,2
102,1,5,2,2,1,1,1,2
102,1,5,3,0,0,1,1,1
102,1,5,3,1,0,1,1,3
102,1,5,3,2,1,1,1,3
102,1,6,1,0,0,1,1,1
102,1,6,1,1,0,1,1,3
102,1,6,1,2,0,1,1,19
102,1,6,2,0,1,1,1,1
102,1,6,2,1,1,1,1,1
102,1,6,2,2,1,1,1,1
102,1,6,3,0,0,1,1,1
102,1,6,3,1,0,1,1,3
102,1,6,3,2,0,1,1,19
102,1,7,1,0,0,1,1,1
102,1,7,1,1,1,1,1,2
102,1,7,1,2,1,1,1,2
102,1,7,2,0,1,1,1,1
102,1,7,2,1,1,1,1,1
102,1,7,2,2,1,1,1,1
102,1,7,3,0,0,1,1,1
102,1,7,3,1,0,1,1,3
102,1,7,3,2,1,1,1,5
102,1,8,1,0,1,1,1,1
102,1,8,1,1,1,1,1,1
102,1,8,1,2,1,1,1,1
102,1,8,2,0,1,1,1,1
102,1,8,2,1,1,1,1,1
102,1,8,2,2,1,1,1,1
102,1,8,3,0,1,1,1,1
102,1,8,3,1,1,1,1,1
102,1,8,3,2,1,1,1,1
103,0,0,1,0,0,1,1,1
103,0,0,1,1,0,1,1,3
103,0,0,1,2,0,1,1,7
103,0,0,2,0,0,1,1,1
103,0,0,2,1,0,1,1,3
103,0,0,2,2,0,1,1,7
103,0,0,3,0,0,1,1,1
103,0,0,3,1,0,1,1,3
103,0,0,3,2,0,1,1,7
103,0,1,1,0,0,1,1,1
103,0,1,1,1,0,1,1,3
103,0,1,1,2,0,1,1,7
103,0,1,2,0,0,1,1,1
103,0,1,2,1,0,1,1,3
103,0,1,2,2,0,1,1,7
103,0,1,3,0,0,1,1,1
103,0,1,3,1,0,1,1,3
103,0,1,3,2,0,1,1,7
103,0,2,1,0,1,1,1,1
103,0,2,1,1,1,1,1,1
103,0,2,1,2,1,1,1,1
103,0,2,2,0,0,1,1,1
103,0,2,2,1,0,1,1,3
103,0,2,2,2,0,1,1,7
103,0,2,3,0,0,1,1,1
103,0,2,3,1,0,1,1,3
103,0,2,3,2,0,1,1,7
103,0,3,1,0,0,1,1,1
103,0,3,1,1,0,1,1,3
103,0,3,1,2,0,1,1,7
103,0,3,2,0,0,1,1,1
103,0,3,2,1,0,1,1,3
103,0,3,2,2,0,1,1,7
103,0,3,3,0,0,1,1,1
103,0,3,3,1,0,1,1,3
103,0,3,3,2,0,1,1,7
103,0,4,1,0,0,1,1,1
103,0,4,1,1,0,1,1,3
103,0,4,1,2,0,1,1,7
103,0,4,2,0,0,1,1,1
103,0,4,2,1,0,1,1,3
103,0,4,2,2,0,1,1,7
103,0,4,3,0,0,1,1,1
103,0,4,3,1,0,1,1,3
103,0,4,3,2,0,1,1,7
103,0,5,1,0,1,1,1,1
103,0,5,1,1,1,1,1,1
103,0,5,1,2,1,1,1,1
103,0,5,2,0,0,1,1,1
103,0,5,2,1,1,1,1,2
103,0,5,2,2,1,1,1,2
103,0,5,3,0,0,1,1,1
103,0,5,3,1,0,1,1,3
103,0,5,3,2,0,1,1,7
103,0,6,1,0,0,1,1,1
103,0,6,1,1,0,1,1,3
103,0,6,1,2,0,1,1,7
103,0,6,2,0,1,1,1,1
103,0,6,2,1,1,1,1,1
103,0,6,2,2,1,1,1,1
103,0,6,3,0,0,1,1,1
103,0,6,3,1,0,1,1,3
103,0,6,3,2,0,1,1,7
103,0,7,1,0,0,1,1,1
103,0,7,1,1,1,1,1,3
103,0,7,1,2,1,1,1,5
103,0,7,2,0,1,1,1,1
103,0,7,2,1,1,1,1,1
103,0,7,2,2,1,1,1,1
103,0,7,3,0,0,1,1,1
103,0,7,3,1,0,1,1,3
103,0,7,3,2,0,1,1,7
103,0,8,1,0,1,1,1,1
103,0,8,1,1,1,1,1,1
103,0,8,1,2,1,1,1,1
103,0,8,2,0,1,1,1,1
103,0,8,2,1,1,1,1,1
103,0,8,2,2,1,1,1,1
103,0,8,3,0,1,1,1,1
103,0,8,3,1,1,1,1,1
103,0,8,3,2,1,1,1,1
103,1,0,1,0,0,1,1,1
103,1,0,1,1,0,1,1,3
103,1,0,1,2,0,1,1,19
103,1,0,2,0,0,1,1,1
103,1,0,2,1,0,1,1,3
103,1,0,2,2,0,1,1,19
103,1,0,3,0,0,1,1,1
103,1,0,3,1,0,1,1,3
103,1,0,3,2,0,1,1,19
103,1,1,1,0,0,1,1,1
103,1,1,1,1,0,1,1,3
103,1,1,1,2,0,1,1,19
103,1,1,2,0,0,1,1,1
103,1,1,2,1,0,1,1,3
103,1,1,2,2,0,1,1,19
103,1,1,3,0,0,1,1,1
103,1,1,3,1,0,1,1,3
103,1,1,3,2,0,1,1,19
103,1,2,1,0,1,1,1,1
103,1,2,1,1,1,1,1,1
103,1,2,1,2,1,1,1,1
103,1,2,2,0,0,1,1,1
103,1,2,2,1,0,1,1,3
103,1,2,2,2,0,1,1,19
103,1,2,3,0,0,1,1,1
103,1,2,3,1,0,1,1,3
103,1,2,3,2,0,1,1,19
103,1,3,1,0,0,1,1,1
103,1,3,1,1,0,1,1,3
103,1,3,1,2,0,1,1,19
103,1,3,2,0,0,1,1,1
103,1,3,2,1,0,1,1,3
103,1,3,2,2,0,1,1,19
103,1,3,3,0,0,1,1,1
103,1,3,3,1,0,1,1,3
103,1,3,3,2,0,1,1,19
103,1,4,1,0,0,1,1,1
103,1,4,1,1,0,1,1,3
103,1,4,1,2,0,1,1,19
103,1,4,2,0,0,1,1,1
103,1,4,2,1,0,1,1,3
103,1,4,2,2,0,1,1,19
103,1,4,3,0,0,1,1,1
103,1,4,3,1,0,1,1,3
103,1,4,3,2,0,1,1,19
103,1,5,1,0,1,1,1,1
103,1,5,1,1,1,1,1,1
103,1,5,1,2,1,1,1,1
103,1,5,2,0,0,1,1,1
103,1,5,2,1,1,1,1,2
103,1,5,2,2,1,1,1,2
103,1,5,3,0,0,1,1,1
103,1,5,3,1,0,1,1,3
103,1,5,3,2,1,1,1,3
103,1,6,1,0,0,1,1,1
103,1,6,1,1,0,1,1,3
103,1,6,1,2,0,1,1,19
103,1,6,2,0,1,1,1,1
103,1,6,2,1,1,1,1,1
103,1,6,2,2,1,1,1,1
103,1,6,3,0,0,1,1,1
103,1,6,3,1,0,1,1,3
103,1,6,3,2,0,1,1,19
103,1,7,1,0,0,1,1,1
103,1,7,1,1,1,1,1,3
103,1,7,1,2,1,1,1,8
103,1,7,2,0,1,1,1,1
103,1,7,2,1,1,1,1,1
103,1,7,2,2,1,1,1,1
103,1,7,3,0,0,1,1,1
103,1,7,3,1,0,1,1,3
103,1,7,3,2,1,1,1,8
103,1,8,1,0,1,1,1,1
103,1,8,1,1,1,1,1,1
103,1,8,1,2,1,1,1,1
103,1,8,2,0,1,1,1,1
103,1,8,2,1,1,1,1,1
103,1,8,2,2,1,1,1,1
103,1,8,3,0,1,1,1,1
103,1,8,3,1,1,1,1,1
103,1,8,3,2,1,1,1,1
104,0,0,1,0,0,1,1,1
104,0,0,1,1,0,1,1,3
104,0,0,1,2,0,1,1,7
104,0,0,2,0,0,1,1,1
104,0,0,2,1,0,1,1,3
104,0,0,2,2,0,1,1,7
104,0,0,3,0,0,1,1,1
104,0,0,3,1,0,1,1,3
104,0,0,3,2,0,1,1,7
104,0,1,1,0,0,1,1,1
104,0,1,1,1,0,1,1,3
104,0,1,1,2,0,1,1,7
104,0,1,2,0,0,1,1,1
104,0,1,2,1,0,1,1,3
104,0,1,2,2,0,1,1,7
104,0,1,3,0,0,1,1,1
104,0,1,3,1,0,1,1,3
104,0,1,3,2,0,1,1,7
104,0,2,1,0,1,1,1,1
104,0,2,1,1,1,1,1,1
104,0,2,1,2,1,1,1,1
104,0,2,2,0,0,1,1,1
104,0,2,2,1,0,1,1,3
104,0,2,2,2,0,1,1,7
104,0,2,3,0,0,1,1,1
104,0,2,3,1,0,1,1,3
104,0,2,3,2,0,1,1,7
104,0,3,1,0,0,1,1,1
104,0,3,1,1,0,1,1,3
104,0,3,1,2,0,1,1,7
104,0,3,2,0,0,1,1,1
104,0,3,2,1,0,1,1,3
104,0,3,2,2,0,1,1,7
104,0,3,3,0,0,1,1,1
104,0,3,3,1,0,1,1,3
104,0,3,3,2,0,1,1,7
104,0,4,1,0,0,1,1,1
104,0,4,1,1,0,1,1,3
104,0,4,1,2,0,1,1,7
104,0,4,2,0,0,1,1,1
104,0,4,2,1,0,1,1,3
104,0,4,2,2,0,1,1,7
104,0,4,3,0,0,1,1,1
104,0,4,3,1,0,1,1,3
104,0,4,3,2,0,1,1,7
104,0,5,1,0,1,1,1,1
104,0,5,1,1,1,1,1,1
104,0,5,1,2,1,1,1,1
104,0,5,2,0,0,1,1,1
104,0,5,2,1,1,1,1,3
104,0,5,2,2,1,1,1,4
104,0,5,3,0,0,1,1,1
104,0,5,3,1,0,1,1,3
104,0,5,3,2,0,1,1,7
104,0,6,1,0,0,1,1,1
104,0,6,1,1,0,1,1,3
104,0,6,1,2,0,1,1,7
104,0,6,2,0,1,1,1,1
104,0,6,2,1,1,1,1,1
104,0,6,2,2,1,1,1,1
104,0,6,3,0,0,1,1,1
104,0,6,3,1,0,1,1,3
104,0,6,3,2,0,1,1,7
104,0,7,1,0,0,1,1,1
104,0,7,1,1,1,1,1,3
104,0,7,1,2,1,1,1,5
104,0,7,2,0,1,1,1,1
104,0,7,2,1,1,1,1,1
104,0,7,2,2,1,1,1,1
104,0,7,3,0,0,1,1,1
104,0,7,3,1,0,1,1,3
104,0,7,3,2,0,1,1,7
104,0,8,1,0,1,1,1,1
104,0,8,1,1,1,1,1,1
104,0,8,1,2,1,1,1,1
104,0,8,2,0,1,1,1,1
104,0,8,2,1,1,1,1,1
104,0,8,2,2,1,1,1,1
104,0,8,3,0,1,1,1,1
104,0,8,3,1,1,1,1,1
104,0,8,3,2,1,1,1,1
104,1,0,1,0,0,1,1,1
104,1,0,1,1,0,1,1,3
104,1,0,1,2,0,1,1,13
104,1,0,2,0,0,1,1,1
104,1,0,2,1,0,1,1,3
104,1,0,2,2,0,1,1,13
104,1,0,3,0,0,1,1,1
104,1,0,3,1,0,1,1,3
104,1,0,3,2,0,1,1,13
104,1,1,1,0,0,1,1,1
104,1,1,1,1,0,1,1,3
104,1,1,1,2,0,1,1,13
104,1,1,2,0,0,1,1,1
104,1,1,2,1,0,1,1,3
104,1,1,2,2,0,1,1,13
104,1,1,3,0,0,1,1,1
104,1,1,3,1,0,1,1,3
104,1,1,3,2,0,1,1,13
104,1,2,1,0,1,1,1,1
104,1,2,1,1,1,1,1,1
104,1,2,1,2,1,1,1,1
104,1,2,2,0,0,1,1,1
104,1,2,2,1,0,1,1,3
104,1,2,2,2,0,1,1,13
104,1,2,3,0,0,1,1,1
104,1,2,3,1,0,1,1,3
104,1,2,3,2,0,1,1,13
104,1,3,1,0,0,1,1,1
104,1,3,1,1,0,1,1,3
104,1,3,1,2,0,1,1,13
104,1,3,2,0,0,1,1,1
104,1,3,2,1,0,1,1,3
104,1,3,2,2,0,1,1,13
104,1,3,3,0,0,1,1,1
104,1,3,3,1,0,1,1,3
104,1,3,3,2,0,1,1,13
104,1,4,1,0,0,1,1,1
104,1,4,1,1,0,1,1,3
104,1,4,1,2,0,1,1,13
104,1,4,2,0,0,1,1,1
104,1,4,2,1,0,1,1,3
104,1,4,2,2,0,1,1,13
104,1,4,3,0,0,1,1,1
104,1,4,3,1,0,1,1,3
104,1,4,3,2,0,1,1,13
104,1,5,1,0,1,1,1,1
104,1,5,1,1,1,1,1,1
104,1,5,1,2,1,1,1,1
104,1,5,2,0,0,1,1,1
104,1,5,2,1,1,1,1,3
104,1,5,2,2,1,1,1,4
104,1,5,3,0,0,1,1,1
104,1,5,3,1,0,1,1,3
104,1,5,3,2,1,1,1,7
104,1,6,1,0,0,1,1,1
104,1,6,1,1,0,1,1,3
104,1,6,1,2,0,1,1,13
104,1,6,2,0,1,1,1,1
104,1,6,2,1,1,1,1,1
104,1,6,2,2,1,1,1,1
104,1,6,3,0,0,1,1,1
104,1,6,3,1,0,1,1,3
104,1,6,3,2,0,1,1,13
104,1,7,1,0,0,1,1,1
104,1,7,1,1,1,1,1,3
104,1,7,1,2,1,1,1,5
104,1,7,2,0,1,1,1,1
104,1,7,2,1,1,1,1,1
104,1,7,2,2,1,1,1,1
104,1,7,3,0,0,1,1,1
104,1,7,3,1,0,1,1,3
104,1,7,3,2,1,1,1,11
104,1,8,1,0,1,1,1,1
104,1,8,1,1,1,1,1,1
104,1,8,1,2,1,1,1,1
104,1,8,2,0,1,1,1,1
104,1,8,2,1,1,1,1,1
104,1,8,2,2,1,1,1,1
104,1,8,3,0,1,1,1,1
104,1,8,3,1,1,1,1,1
104,1,8,3,2,1,1,1,1
105,0,0,1,0,0,1,1,1
105,0,0,1,1,0,1,1,3
105,0,0,1,2,0,1,1,7
105,0,0,2,0,0,1,1,1
105,0,0,2,1,0,1,1,3
105,0,0,2,2,0,1,1,7
105,0,0,3,0,0,1,1,1
105,0,0,3,1,0,1,1,3
105,0,0,3,2,0,1,1,7
105,0,1,1,0,0,1,1,1
105,0,1,1,1,0,1,1,3
105,0,1,1,2,0,1,1,7
105,0,1,2,0,0,1,1,1
105,0,1,2,1,0,1,1,3
105,0,1,2,2,0,1,1,7
105,0,1,3,0,0,1,1,1
105,0,1,3,1,0,1,1,3
105,0,1,3,2,0,1,1,7
105,0,2,1,0,1,1,1,1
105,0,2,1,1,1,1,1,1
105,0,2,1,2,1,1,1,1
105,0,2,2,0,0,1,1,1
105,0,2,2,1,0,1,1,3
105,0,2,2,2,0,1,1,7
105,0,2,3,0,0,1,1,1
105,0,2,3,1,0,1,1,3
105,0,2,3,2,0,1,1,7
105,0,3,1,0,0,1,1,1
105,0,3,1,1,0,1,1,3
105,0,3,1,2,0,1,1,7
105,0,3,2,0,0,1,1,1
105,0,3,2,1,0,1,1,3
105,0,3,2,2,0,1,1,7
105,0,3,3,0,0,1,1,1
105,0,3,3,1,0,1,1,3
105,0,3,3,2,0,1,1,7
105,0,4,1,0,0,1,1,1
105,0,4,1,1,0,1,1,3
105,0,4,1,2,0,1,1,7
105,0,4,2,0,0,1,1,1
105,0,4,2,1,0,1,1,3
105,0,4,2,2,0,1,1,7
105,0,4,3,0,0,1,1,1
105,0,4,3,1,0,1,1,3
105,0,4,3,2,0,1,1,7
105,0,5,1,0,1,1,1,1
105,0,5,1,1,1,1,1,1
105,0,5,1,2,1,1,1,1
105,0,5,2,0,0,1,1,1
105,0,5,2,1,1,1,1,3
105,0,5,2,2,1,1,1,4
105,0,5,3,0,0,1,1,1
105,0,5,3,1,0,1,1,3
105,0,5,3,2,0,1,1,7
105,0,6,1,0,0,1,1,1
105,0,6,1,1,0,1,1,3
105,0,6,1,2,0,1,1,7
105,0,6,2,0,1,1,1,1
105,0,6,2,1,1,1,1,1
105,0,6,2,2,1,1,1,1
105,0,6,3,0,0,1,1,1
105,0,6,3,1,0,1,1,3
105,0,6,3,2,0,1,1,7
105,0,7,1,0,0,1,1,1
105,0,7,1,1,1,1,1,3
105,0,7,1,2,1,1,1,4
105,0,7,2,0,1,1,1,1
105,0,7,2,1,1,1,1,1
105,0,7,2,2,1,1,1,1
105,0,7,3,0,0,1,1,1
105,0,7,3,1,0,1,1,3
105,0,7,3,2,0,1,1,7
105,0,8,1,0,1,1,1,1
105,0,8,1,1,1,1,1,1
105,0,8,1,2,1,1,1,1
105,0,8,2,0,1,1,1,1
105,0,8,2,1,1,1,1,1
105,0,8,2,2,1,1,1,1
105,0,8,3,0,1,1,1,1
105,0,8,3,1,1,1,1,1
105,0,8,3,2,1,1,1,1
105,1,0,1,0,0,1,1,1
105,1,0,1,1,0,1,1,3
105,1,0,1,2,0,1,1,19
105,1,0,2,0,0,1,1,1
105,1,0,2,1,0,1,1,3
105,1,0,2,2,0,1,1,19
105,1,0,3,0,0,1,1,1
105,1,0,3,1,0,1,1,3
105,1,0,3,2,0,1,1,19
105,1,1,1,0,0,1,1,1
105,1,1,1,1,0,1,1,3
105,1,1,1,2,0,1,1,19
105,1,1,2,0,0,1,1,1
105,1,1,2,1,0,1,1,3
105,1,1,2,2,0,1,1,19
105,1,1,3,0,0,1,1,1
105,1,1,3,1,0,1,1,3
105,1,1,3,2,0,1,1,19
105,1,2,1,0,1,1,1,1
105,1,2,1,1,1,1,1,1
105,1,2,1,2,1,1,1,1
105,1,2,2,0,0,1,1,1
105,1,2,2,1,0,1,1,3
105,1,2,2,2,0,1,1,19
105,1,2,3,0,0,1,1,1
105,1,2,3,1,0,1,1,3
105,1,2,3,2,0,1,1,19
105,1,3,1,0,0,1,1,1
105,1,3,1,1,0,1,1,3
105,1,3,1,2,0,1,1,19
105,1,3,2,0,0,1,1,1
105,1,3,2,1,0,1,1,3
105,1,3,2,2,0,1,1,19
105,1,3,3,0,0,1,1,1
105,1,3,3,1,0,1,1,3
105,1,3,3,2,0,1,1,19
105,1,4,1,0,0,1,1,1
105,1,4,1,1,0,1,1,3
105,1,4,1,2,0,1,1,19
105,1,4,2,0,0,1,1,1
105,1,4,2,1,0,1,1,3
105,1,4,2,2,0,1,1,19
105,1,4,3,0,0,1,1,1
105,1,4,3,1,0,1,1,3
105,1,4,3,2,0,1,1,19
105,1,5,1,0,1,1,1,1
105,1,5,1,1,1,1,1,1
105,1,5,1,2,1,1,1,1
105,1,5,2,0,0,1,1,1
105,1,5,2,1,1,1,1,3
105,1,5,2,2,1,1,1,4
105,1,5,3,0,0,1,1,1
105,1,5,3,1,0,1,1,3
105,1,5,3,2,1,1,1,4
105,1,6,1,0,0,1,1,1
105,1,6,1,1,0,1,1,3
105,1,6,1,2,0,1,1,19
105,1,6,2,0,1,1,1,1
105,1,6,2,1,1,1,1,1
105,1,6,2,2,1,1,1,1
105,1,6,3,0,0,1,1,1
105,1,6,3,1,0,1,1,3
105,1,6,3,2,0,1,1,19
105,1,7,1,0,0,1,1,1
105,1,7,1,1,1,1,1,3
105,1,7,1,2,1,1,1,8
105,1,7,2,0,1,1,1,1
105,1,7,2,1,1,1,1,1
105,1,7,2,2,1,1,1,1
105,1,7,3,0,0,1,1,1
105,1,7,3,1,0,1,1,3
105,1,7,3,2,1,1,1,8
105,1,8,1,0,1,1,1,1
105,1,8,1,1,1,1,1,1
105,1,8,1,2,1,1,1,1
105,1,8,2,0,1,1,1,1
105,1,8,2,1,1,1,1,1
105,1,8,2,2,1,1,1,1
105,1,8,3,0,1,1,1,1
105,1,8,3,1,1,1,1,1
105,1,8,3,2,1,1,1,1
106,0,0,1,0,0,1,1,1
106,0,0,1,1,0,1,1,3
106,0,0,1,2,0,1,1,7
106,0,0,2,0,0,1,1,1
106,0,0,2,1,0,1,1,3
106,0,0,2,2,0,1,1,7
106,0,0,3,0,0,1,1,1
106,0,0,3,1,0,1,1,3
106,0,0,3,2,0,1,1,7
106,0,1,1,0,0,1,1,1
106,0,1,1,1,0,1,1,3
106,0,1,1,2,0,1,1,7
106,0,1,2,0,0,1,1,1
106,0,1,2,1,0,1,1,3
106,0,1,2,2,0,1,1,7
106,0,1,3,0,0,1,1,1
106,0,1,3,1,0,1,1,3
106,0,1,3,2,0,1,1,7
106,0,2,1,0,1,1,1,1
106,0,2,1,1,1,1,1,1
106,0,2,1,2,1,1,1,1
106,0,2,2,0,0,1,1,1
106,0,2,2,1,0,1,1,3
106,0,2,2,2,0,1,1,7
106,0,2,3,0,0,1,1,1
106,0,2,3,1,0,1,1,3
106,0,2,3,2,0,1,1,7
106,0,3,1,0,0,1,1,1
106,0,3,1,1,0,1,1,3
106,0,3,1,2,0,1,1,7
106,0,3,2,0,0,1,1,1
106,0,3,2,1,0,1,1,3
106,0,3,2,2,0,1,1,7
106,0,3,3,0,0,1,1,1
106,0,3,3,1,0,1,1,3
106,0,3,3,2,0,1,1,7
106,0,4,1,0,0,1,1,1
106,0,4,1,1,0,1,1,3
106,0,4,1,2,0,1,1,7
106,0,4,2,0,0,1,1,1
106,0,4,2,1,0,1,1,3
106,0,4,2,2,0,1,1,7
106,0,4,3,0,0,1,1,1
106,0,4,3,1,0,1,1,3
106,0,4,3,2,0,1,1,7
106,0,5,1,0,1,1,1,1
106,0,5,1,1,1,1,1,1
106,0,5,1,2,1,1,1,1
106,0,5,2,0,0,1,1,1
106,0,5,2,1,1,1,1,3
106,0,5,2,2,1,1,1,4
106,0,5,3,0,0,1,1,1
106,0,5,3,1,0,1,1,3
106,0,5,3,2,1,1,1,4
106,0,6,1,0,0,1,1,1
106,0,6,1,1,0,1,1,3
106,0,6,1,2,0,1,1,7
106,0,6,2,0,1,1,1,1
106,0,6,2,1,1,1,1,1
106,0,6,2,2,1,1,1,1
106,0,6,3,0,0,1,1,1
106,0,6,3,1,0,1,1,3
106,0,6,3,2,0,1,1,7
106,0,7,1,0,0,1,1,1
106,0,7,1,1,1,1,1,2
106,0,7,1,2,1,1,1,2
106,0,7,2,0,1,1,1,1
106,0,7,2,1,1,1,1,1
106,0,7,2,2,1,1,1,1
106,0,7,3,0,0,1,1,1
106,0,7,3,1,1,1,1,2
106,0,7,3,2,1,1,1,2
106,0,8,1,0,1,1,1,1
106,0,8,1,1,1,1,1,1
106,0,8,1,2,1,1,1,1
106,0,8,2,0,1,1,1,1
106,0,8,2,1,1,1,1,1
106,0,8,2,2,1,1,1,1
106,0,8,3,0,1,1,1,1
106,0,8,3,1,1,1,1,1
106,0,8,3,2,1,1,1,1
106,1,0,1,0,0,1,1,1
106,1,0,1,1,0,1,1,3
106,1,0,1,2,0,1,1,13
106,1,0,2,0,0,1,1,1
106,1,0,2,1,0,1,1,3
106,1,0,2,2,0,1,1,13
106,1,0,3,0,0,1,1,1
106,1,0,3,1,0,1,1,3
106,1,0,3,2,0,1,1,13
106,1,1,1,0,0,1,1,1
106,1,1,1,1,0,1,1,3
106,1,1,1,2,0,1,1,13
106,1,1,2,0,0,1,1,1
106,1,1,2,1,0,1,1,3
106,1,1,2,2,0,1,1,13
106,1,1,3,0,0,1,1,1
106,1,1,3,1,0,1,1,3
106,1,1,3,2,0,1,1,13
106,1,2,1,0,1,1,1,1
106,1,2,1,1,1,1,1,1
106,1,2,1,2,1,1,1,1
106,1,2,2,0,0,1,1,1
106,1,2,2,1,0,1,1,3
106,1,2,2,2,0,1,1,13
106,1,2,3,0,0,1,1,1
106,1,2,3,1,0,1,1,3
106,1,2,3,2,0,1,1,13
106,1,3,1,0,0,1,1,1
106,1,3,1,1,0,1,1,3
106,1,3,1,2,0,1,1,13
106,1,3,2,0,0,1,1,1
106,1,3,2,1,0,1,1,3
106,1,3,2,2,0,1,1,13
106,1,3,3,0,0,1,1,1
106,1,3,3,1,0,1,1,3
106,1,3,3,2,0,1,1,13
106,1,4,1,0,0,1,1,1
106,1,4,1,1,0,1,1,3
106,1,4,1,2,0,1,1,13
106,1,4,2,0,0,1,1,1
106,1,4,2,1,0,1,1,3
106,1,4,2,2,0,1,1,13
106,1,4,3,0,0,1,1,1
106,1,4,3,1,0,1,1,3
106,1,4,3,2,0,1,1,13
106,1,5,1,0,1,1,1,1
106,1,5,1,1,1,1,1,1
106,1,5,1,2,1,1,1,1
106,1,5,2,0,0,1,1,1
106,1,5,2,1,1,1,1,3
106,1,5,2,2,1,1,1,4
106,1,5,3,0,0,1,1,1
106,1,5,3,1,0,1,1,3
106,1,5,3,2,1,1,1,4
106,1,6,1,0,0,1,1,1
106,1,6,1,1,0,1,1,3
106,1,6,1,2,0,1,1,13
106,1,6,2,0,1,1,1,1
106,1,6,2,1,1,1,1,1
106,1,6,2,2,1,1,1,1
106,1,6,3,0,0,1,1,1
106,1,6,3,1,0,1,1,3
106,1,6,3,2,0,1,1,13
106,1,7,1,0,0,1,1,1
106,1,7,1,1,1,1,1,2
106,1,7,1,2,1,1,1,2
106,1,7,2,0,1,1,1,1
106,1,7,2,1,1,1,1,1
106,1,7,2,2,1,1,1,1
106,1,7,3,0,0,1,1,1
106,1,7,3,1,1,1,1,2
106,1,7,3,2,1,1,1,2
106,1,8,1,0,1,1,1,1
106,1,8,1,1,1,1,1,1
106,1,8,1,2,1,1,1,1
106,1,8,2,0,1,1,1,1
106,1,8,2,1,1,1,1,1
106,1,8,2,2,1,1,1,1
106,1,8,3,0,1,1,1,1
106,1,8,3,1,1,1,1,1
106,1,8,3,2,1,1,1,1
107,0,0,1,0,0,1,1,1
107,0,0,1,1,0,1,1,3
107,0,0,1,2,0,1,1,7
107,0,0,2,0,0,1,1,1
107,0,0,2,1,0,1,1,3
107,0,0,2,2,0,1,1,7
107,0,0,3,0,0,1,1,1
107,0,0,3,1,0,1,1,3
107,0,0,3,2,0,1,1,7
107,0,1,1,0,0,1,1,1
107,0,1,1,1,0,1,1,3
107,0,1,1,2,0,1,1,7
107,0,1,2,0,0,1,1,1
107,0,1,2,1,0,1,1,3
107,0,1,2,2,0,1,1,7
107,0,1,3,0,0,1,1,1
107,0,1,3,1,0,1,1,3
107,0,1,3,2,0,1,1,7
107,0,2,1,0,1,1,1,1
107,0,2,1,1,1,1,1,1
107,0,2,1,2,1,1,1,1
107,0,2,2,0,0,1,1,1
107,0,2,2,1,0,1,1,3
107,0,2,2,2,0,1,1,7
107,0,2,3,0,0,1,1,1
107,0,2,3,1,0,1,1,3
107,0,2,3,2,0,1,1,7
107,0,3,1,0,0,1,1,1
107,0,3,1,1,0,1,1,3
107,0,3,1,2,0,1,1,7
107,0,3,2,0,0,1,1,1
107,0,3,2,1,0,1,1,3
107,0,3,2,2,0,1,1,7
107,0,3,3,0,0,1,1,1
107,0,3,3,1,0,1,1,3
107,0,3,3,2,0,1,1,7
107,0,4,1,0,0,1,1,1
107,0,4,1,1,0,1,1,3
107,0,4,1,2,0,1,1,7
107,0,4,2,0,0,1,1,1
107,0,4,2,1,0,1,1,3
107,0,4,2,2,0,1,1,7
107,0,4,3,0,0,1,1,1
107,0,4,3,1,0,1,1,3
107,0,4,3,2,0,1,1,7
107,0,5,1,0,1,1,1,1
107,0,5,1,1,1,1,1,1
107,0,5,1,2,1,1,1,1
107,0,5,2,0,0,1,1,1
107,0,5,2,1,1,1,1,3
107,0,5,2,2,1,1,1,4
107,0,5,3,0,0,1,1,1
107,0,5,3,1,0,1,1,3
107,0,5,3,2,0,1,1,7
107,0,6,1,0,0,1,1,1
107,0,6,1,1,0,1,1,3
107,0,6,1,2,0,1,1,7
107,0,6,2,0,1,1,1,1
107,0,6,2,1,1,1,1,1
107,0,6,2,2,1,1,1,1
107,0,6,3,0,0,1,1,1
107,0,6,3,1,0,1,1,3
107,0,6,3,2,0,1,1,7
107,0,7,1,0,0,1,1,1
107,0,7,1,1,1,1,1,3
107,0,7,1,2,1,1,1,5
107,0,7,2,0,1,1,1,1
107,0,7,2,1,1,1,1,1
107,0,7,2,2,1,1,1,1
107,0,7,3,0,0,1,1,1
107,0,7,3,1,0,1,1,3
107,0,7,3,2,0,1,1,7
107,0,8,1,0,1,1,1,1
107,0,8,1,1,1,1,1,1
107,0,8,1,2,1,1,1,1
107,0,8,2,0,1,1,1,1
107,0,8,2,1,1,1,1,1
107,0,8,2,2,1,1,1,1
107,0,8,3,0,1,1,1,1
107,0,8,3,1,1,1,1,1
107,0,8,3,2,1,1,1,1
107,1,0,1,0,0,1,1,1
107,1,0,1,1,0,1,1,3
107,1,0,1,2,0,1,1,19
107,1,0,2,0,0,1,1,1
107,1,0,2,1,0,1,1,3
107,1,0,2,2,0,1,1,19
107,1,0,3,0,0,1,1,1
107,1,0,3,1,0,1,1,3
107,1,0,3,2,0,1,1,19
107,1,1,1,0,0,1,1,1
107,1,1,1,1,0,1,1,3
107,1,1,1,2,0,1,1,19
107,1,1,2,0,0,1,1,1
107,1,1,2,1,0,1,1,3
107,1,1,2,2,0,1,1,19
107,1,1,3,0,0,1,1,1
107,1,1,3,1,0,1,1,3
107,1,1,3,2,0,1,1,19
107,1,2,1,0,1,1,1,1
107,1,2,1,1,1,1,1,1
107,1,2,1,2,1,1,1,1
107,1,2,2,0,0,1,1,1
107,1,2,2,1,0,1,1,3
107,1,2,2,2,0,1,1,19
107,1,2,3,0,0,1,1,1
107,1,2,3,1,0,1,1,3
107,1,2,3,2,0,1,1,19
107,1,3,1,0,0,1,1,1
107,1,3,1,1,0,1,1,3
107,1,3,1,2,0,1,1,19
107,1,3,2,0,0,1,1,1
107,1,3,2,1,0,1,1,3
107,1,3,2,2,0,1,1,19
107,1,3,3,0,0,1,1,1
107,1,3,3,1,0,1,1,3
107,1,3,3,2,0,1,1,19
107,1,4,1,0,0,1,1,1
107,1,4,1,1,0,1,1,3
107,1,4,1,2,0,1,1,19
107,1,4,2,0,0,1,1,1
107,1,4,2,1,0,1,1,3
107,1,4,2,2,0,1,1,19
107,1,4,3,0,0,1,1,1
107,1,4,3,1,0,1,1,3
107,1,4,3,2,0,1,1,19
107,1,5,1,0,1,1,1,1
107,1,5,1,1,1,1,1,1
107,1,5,1,2,1,1,1,1
107,1,5,2,0,0,1,1,1
107,1,5,2,1,1,1,1,3
107,1,5,2,2,1,1,1,4
107,1,5,3,0,0,1,1,1
107,1,5,3,1,0,1,1,3
107,1,5,3,2,1,1,1,4
107,1,6,1,0,0,1,1,1
107,1,6,1,1,0,1,1,3
107,1,6,1,2,0,1,1,19
107,1,6,2,0,1,1,1,1
107,1,6,2,1,1,1,1,1
107,1,6,2,2,1,1,1,1
107,1,6,3,0,0,1,1,1
107,1,6,3,1,0,1,1,3
107,1,6,3,2,0,1,1,19
107,1,7,1,0,0,1,1,1
107,1,7,1,1,1,1,1,3
107,1,7,1,2,1,1,1,8
107,1,7,2,0,1,1,1,1
107,1,7,2,1,1,1,1,1
107,1,7,2,2,1,1,1,1
107,1,7,3,0,0,1,1,1
107,1,7,3,1,0,1,1,3
107,1,7,3,2,1,1,1,8
107,1,8,1,0,1,1,1,1
107,1,8,1,1,1,1,1,1
107,1,8,1,2,1,1,1,1
107,1,8,2,0,1,1,1,1
107,1,8,2,1,1,1,1,1
107,1,8,2,2,1,1,1,1
107,1,8,3,0,1,1,1,1
107,1,8,3,1,1,1,1,1
107,1,8,3,2,1,1,1,1
108,0,0,1,0,0,1,1,1
108,0,0,1,1,0,1,1,3
108,0,0,1,2,0,1,1,7
108,0,0,2,0,0,1,1,1
108,0,0,2,1,0,1,1,3
108,0,0,2,2,0,1,1,7
108,0,0,3,0,0,1,1,1
108,0,0,3,1,0,1,1,3
108,0,0,3,2,0,1,1,7
108,0,1,1,0,0,1,1,1
108,0,1,1,1,0,1,1,3
108,0,1,1,2,0,1,1,7
108,0,1,2,0,0,1,1,1
108,0,1,2,1,0,1,1,3
108,0,1,2,2,0,1,1,7
108,0,1,3,0,0,1,1,1
108,0,1,3,1,0,1,1,3
108,0,1,3,2,0,1,1,7
108,0,2,1,0,1,1,1,1
108,0,2,1,1,1,1,1,1
108,0,2,1,2,1,1,1,1
108,0,2,2,0,0,1,1,1
108,0,2,2,1,0,1,1,3
108,0,2,2,2,0,1,1,7
108,0,2,3,0,0,1,1,1
108,0,2,3,1,0,1,1,3
108,0,2,3,2,0,1,1,7
108,0,3,1,0,0,1,1,1
108,0,3,1,1,0,1,1,3
108,0,3,1,2,0,1,1,7
108,0,3,2,0,0,1,1,1
108,0,3,2,1,0,1,1,3
108,0,3,2,2,0,1,1,7
108,0,3,3,0,0,1,1,1
108,0,3,3,1,0,1,1,3
108,0,3,3,2,0,1,1,7
108,0,4,1,0,0,1,1,1
108,0,4,1,1,0,1,1,3
108,0,4,1,2,0,1,1,7
108,0,4,2,0,0,1,1,1
108,0,4,2,1,0,1,1,3
108,0,4,2,2,0,1,1,7
108,0,4,3,0,0,1,1,1
108,0,4,3,1,0,1,1,3
108,0,4,3,2,0,1,1,7
108,0,5,1,0,1,1,1,1
108,0,5,1,1,1,1,1,1
108,0,5,1,2,1,1,1,1
108,0,5,2,0,0,1,1,1
108,0,5,2,1,1,1,1,3
108,0,5,2,2,1,1,1,5
108,0,5,3,0,0,1,1,1
108,0,5,3,1,0,1,1,3
108,0,5,3,2,0,1,1,7
108,0,6,1,0,0,1,1,1
108,0,6,1,1,0,1,1,3
108,0,6,1,2,0,1,1,7
108,0,6,2,0,1,1,1,1
108,0,6,2,1,1,1,1,1
108,0,6,2,2,1,1,1,1
108,0,6,3,0,0,1,1,1
108,0,6,3,1,0,1,1,3
108,0,6,3,2,0,1,1,7
108,0,7,1,0,0,1,1,1
108,0,7,1,1,1,1,1,3
108,0,7,1,2,1,1,1,5
108,0,7,2,0,1,1,1,1
108,0,7,2,1,1,1,1,1
108,0,7,2,2,1,1,1,1
108,0,7,3,0,0,1,1,1
108,0,7,3,1,0,1,1,3
108,0,7,3,2,0,1,1,7
108,0,8,1,0,1,1,1,1
108,0,8,1,1,1,1,1,1
108,0,8,1,2,1,1,1,1
108,0,8,2,0,1,1,1,1
108,0,8,2,1,1,1,1,1
108,0,8,2,2,1,1,1,1
108,0,8,3,0,1,1,1,1
108,0,8,3,1,1,1,1,1
108,0,8,3,2,1,1,1,1
108,1,0,1,0,0,1,1,1
108,1,0,1,1,0,1,1,3
108,1,0,1,2,0,1,1,19
108,1,0,2,0,0,1,1,1
108,1,0,2,1,0,1,1,3
108,1,0,2,2,0,1,1,19
108,1,0,3,0,0,1,1,1
108,1,0,3,1,0,1,1,3
108,1,0,3,2,0,1,1,19
108,1,1,1,0,0,1,1,1
108,1,1,1,1,0,1,1,3
108,1,1,1,2,0,1,1,19
108,1,1,2,0,0,1,1,1
108,1,1,2,1,0,1,1,3
108,1,1,2,2,0,1,1,19
108,1,1,3,0,0,1,1,1
108,1,1,3,1,0,1,1,3
108,1,1,3,2,0,1,1,19
108,1,2,1,0,1,1,1,1
108,1,2,1,1,1,1,1,1
108,1,2,1,2,1,1,1,1
108,1,2,2,0,0,1,1,1
108,1,2,2,1,0,1,1,3
108,1,2,2,2,0,1,1,19
108,1,2,3,0,0,1,1,1
108,1,2,3,1,0,1,1,3
108,1,2,3,2,0,1,1,19
108,1,3,1,0,0,1,1,1
108,1,3,1,1,0,1,1,3
108,1,3,1,2,0,1,1,19
108,1,3,2,0,0,1,1,1
108,1,3,2,1,0,1,1,3
108,1,3,2,2,0,1,1,19
108,1,3,3,0,0,1,1,1
108,1,3,3,1,0,1,1,3
108,1,3,3,2,0,1,1,19
108,1,4,1,0,0,1,1,1
108,1,4,1,1,0,1,1,3
108,1,4,1,2,0,1,1,19
108,1,4,2,0,0,1,1,1
108,1,4,2,1,0,1,1,3
108,1,4,2,2,0,1,1,19
108,1,4,3,0,0,1,1,1
108,1,4,3,1,0,1,1,3
108,1,4,3,2,0,1,1,19
108,1,5,1,0,1,1,1,1
108,1,5,1,1,1,1,1,1
108,1,5,1,2,1,1,1,1
108,1,5,2,0,0,1,1,1
108,1,5,2,1,1,1,1,3
108,1,5,2,2,1,1,1,4
108,1,5,3,0,0,1,1,1
108,1,5,3,1,0,1,1,3
108,1,5,3,2,1,1,1,13
108,1,6,1,0,0,1,1,1
108,1,6,1,1,0,1,1,3
108,1,6,1,2,0,1,1,19
108,1,6,2,0,1,1,1,1
108,1,6,2,1,1,1,1,1
108,1,6,2,2,1,1,1,1
108,1,6,3,0,0,1,1,1
108,1,6,3,1,0,1,1,3
108,1,6,3,2,0,1,1,19
108,1,7,1,0,0,1,1,1
108,1,7,1,1,1,1,1,3
108,1,7,1,2,1,1,1,11
108,1,7,2,0,1,1,1,1
108,1,7,2,1,1,1,1,1
108,1,7,2,2,1,1,1,1
108,1,7,3,0,0,1,1,1
108,1,7,3,1,0,1,1,3
108,1,7,3,2,1,1,1,17
108,1,8,1,0,1,1,1,1
108,1,8,1,1,1,1,1,1
108,1,8,1,2,1,1,1,1
108,1,8,2,0,1,1,1,1
108,1,8,2,1,1,1,1,1
108,1,8,2,2,1,1,1,1
108,1,8,3,0,1,1,1,1
108,1,8,3,1,1,1,1,1
108,1,8,3,2,1,1,1,1
109,0,0,1,0,0,1,1,1
109,0,0,1,1,0,1,1,3
109,0,0,1,2,0,1,1,7
109,0,0,2,0,0,1,1,1
109,0,0,2,1,0,1,1,3
109,0,0,2,2,0,1,1,7
109,0,0,3,0,0,1,1,1
109,0,0,3,1,0,1,1,3
109,0,0,3,2,0,1,1,7
109,0,1,1,0,0,1,1,1
109,0,1,1,1,0,1,1,3
109,0,1,1,2,0,1,1,7
109,0,1,2,0,0,1,1,1
109,0,1,2,1,0,1,1,3
109,0,1,2,2,0,1,1,7
109,0,1,3,0,0,1,1,1
109,0,1,3,1,0,1,1,3
109,0,1,3,2,0,1,1,7
109,0,2,1,0,1,1,1,1
109,0,2,1,1,1,1,1,1
109,0,2,1,2,1,1,1,1
109,0,2,2,0,0,1,1,1
109,0,2,2,1,0,1,1,3
109,0,2,2,2,0,1,1,7
109,0,2,3,0,0,1,1,1
109,0,2,3,1,0,1,1,3
109,0,2,3,2,0,1,1,7
109,0,3,1,0,0,1,1,1
109,0,3,1,1,0,1,1,3
109,0,3,1,2,0,1,1,7
109,0,3,2,0,0,1,1,1
109,0,3,2,1,0,1,1,3
109,0,3,2,2,0,1,1,7
109,0,3,3,0,0,1,1,1
109,0,3,3,1,0,1,1,3
109,0,3,3,2,0,1,1,7
109,0,4,1,0,0,1,1,1
109,0,4,1,1,0,1,1,3
109,0,4,1,2,0,1,1,7
109,0,4,2,0,0,1,1,1
109,0,4,2,1,0,1,1,3
109,0,4,2,2,0,1,1,7
109,0,4,3,0,0,1,1,1
109,0,4,3,1,0,1,1,3
109,0,4,3,2,0,1,1,7
109,0,5,1,0,1,1,1,1
109,0,5,1,1,1,1,1,1
109,0,5,1,2,1,1,1,1
109,0,5,2,0,0,1,1,1
109,0,5,2,1,1,1,1,3
109,0,5,2,2,1,1,1,5
109,0,5,3,0,0,1,1,1
109,0,5,3,1,0,1,1,3
109,0,5,3,2,0,1,1,7
109,0,6,1,0,0,1,1,1
109,0,6,1,1,0,1,1,3
109,0,6,1,2,0,1,1,7
109,0,6,2,0,1,1,1,1
109,0,6,2,1,1,1,1,1
109,0,6,2,2,1,1,1,1
109,0,6,3,0,0,1,1,1
109,0,6,3,1,0,1,1,3
109,0,6,3,2,0,1,1,7
109,0,7,1,0,0,1,1,1
109,0,7,1,1,1,1,1,3
109,0,7,1,2,1,1,1,4
109,0,7,2,0,1,1,1,1
109,0,7,2,1,1,1,1,1
109,0,7,2,2,1,1,1,1
109,0,7,3,0,0,1,1,1
109,0,7,3,1,0,1,1,3
109,0,7,3,2,0,1,1,7
109,0,8,1,0,1,1,1,1
109,0,8,1,1,1,1,1,1
109,0,8,1,2,1,1,1,1
109,0,8,2,0,1,1,1,1
109,0,8,2,1,1,1,1,1
109,0,8,2,2,1,1,1,1
109,0,8,3,0,1,1,1,1
109,0,8,3,1,1,1,1,1
109,0,8,3,2,1,1,1,1
109,1,0,1,0,0,1,1,1
109,1,0,1,1,0,1,1,3
109,1,0,1,2,0,1,1,19
109,1,0,2,0,0,1,1,1
109,1,0,2,1,0,1,1,3
109,1,0,2,2,0,1,1,19
109,1,0,3,0,0,1,1,1
109,1,0,3,1,0,1,1,3
109,1,0,3,2,0,1,1,19
109,1,1,1,0,0,1,1,1
109,1,1,1,1,0,1,1,3
109,1,1,1,2,0,1,1,19
109,1,1,2,0,0,1,1,1
109,1,1,2,1,0,1,1,3
109,1,1,2,2,0,1,1,19
109,1,1,3,0,0,1,1,1
109,1,1,3,1,0,1,1,3
109,1,1,3,2,0,1,1,19
109,1,2,1,0,1,1,1,1
109,1,2,1,1,1,1,1,1
109,1,2,1,2,1,1,1,1
109,1,2,2,0,0,1,1,1
109,1,2,2,1,0,1,1,3
109,1,2,2,2,0,1,1,19
109,1,2,3,0,0,1,1,1
109,1,2,3,1,0,1,1,3
109,1,2,3,2,0,1,1,19
109,1,3,1,0,0,1,1,1
109,1,3,1,1,0,1,1,3
109,1,3,1,2,0,1,1,19
109,1,3,2,0,0,1,1,1
109,1,3,2,1,0,1,1,3
109,1,3,2,2,0,1,1,19
109,1,3,3,0,0,1,1,1
109,1,3,3,1,0,1,1,3
109,1,3,3,2,0,1,1,19
109,1,4,1,0,0,1,1,1
109,1,4,1,1,0,1,1,3
109,1,4,1,2,0,1,1,19
109,1,4,2,0,0,1,1,1
109,1,4,2,1,0,1,1,3
109,1,4,2,2,0,1,1,19
109,1,4,3,0,0,1,1,1
109,1,4,3,1,0,1,1,3
109,1,4,3,2,0,1,1,19
109,1,5,1,0,1,1,1,1
109,1,5,1,1,1,1,1,1
109,1,5,1,2,1,1,1,1
109,1,5,2,0,0,1,1,1
109,1,5,2,1,1,1,1,3
109,1,5,2,2,1,1,1,4
109,1,5,3,0,0,1,1,1
109,1,5,3,1,0,1,1,3
109,1,5,3,2,1,1,1,4
109,1,6,1,0,0,1,1,1
109,1,6,1,1,0,1,1,3
109,1,6,1,2,0,1,1,19
109,1,6,2,0,1,1,1,1
109,1,6,2,1,1,1,1,1
109,1,6,2,2,1,1,1,1
109,1,6,3,0,0,1,1,1
109,1,6,3,1,0,1,1,3
109,1,6,3,2,0,1,1,19
109,1,7,1,0,0,1,1,1
109,1,7,1,1,1,1,1,3
109,1,7,1,2,1,1,1,8
109,1,7,2,0,1,1,1,1
109,1,7,2,1,1,1,1,1
109,1,7,2,2,1,1,1,1
109,1,7,3,0,0,1,1,1
109,1,7,3,1,0,1,1,3
109,1,7,3,2,1,1,1,8
109,1,8,1,0,1,1,1,1
109,1,8,1,1,1,1,1,1
109,1,8,1,2,1,1,1,1
109,1,8,2,0,1,1,1,1
109,1,8,2,1,1,1,1,1
109,1,8,2,2,1,1,1,1
109,1,8,3,0,1,1,1,1
109,1,8,3,1,1,1,1,1
109,1,8,3,2,1,1,1,1
110,0,0,1,0,0,1,1,1
110,0,0,1,1,0,1,1,3
110,0,0,1,2,0,1,1,7
110,0,0,2,0,0,1,1,1
110,0,0,2,1,0,1,1,3
110,0,0,2,2,0,1,1,7
110,0,0,3,0,0,1,1,1
110,0,0,3,1,0,1,1,3
110,0,0,3,2,0,1,1,7
110,0,1,1,0,0,1,1,1
110,0,1,1,1,0,1,1,3
110,0,1,1,2,0,1,1,7
110,0,1,2,0,0,1,1,1
110,0,1,2,1,0,1,1,3
110,0,1,2,2,0,1,1,7
110,0,1,3,0,0,1,1,1
110,0,1,3,1,0,1,1,3
110,0,1,3,2,0,1,1,7
110,0,2,1,0,1,1,1,1
110,0,2,1,1,1,1,1,1
110,0,2,1,2,1,1,1,1
110,0,2,2,0,0,1,1,1
110,0,2,2,1,0,1,1,3
110,0,2,2,2,0,1,1,7
110,0,2,3,0,0,1,1,1
110,0,2,3,1,0,1,1,3
110,0,2,3,2,0,1,1,7
110,0,3,1,0,0,1,1,1
110,0,3,1,1,0,1,1,3
110,0,3,1,2,0,1,1,7
110,0,3,2,0,0,1,1,1
110,0,3,2,1,0,1,1,3
110,0,3,2,2,0,1,1,7
110,0,3,3,0,0,1,1,1
110,0,3,3,1,0,1,1,3
110,0,3,3,2,0,1,1,7
110,0,4,1,0,0,1,1,1
110,0,4,1,1,0,1,1,3
110,0,4,1,2,0,1,1,7
110,0,4,2,0,0,1,1,1
110,0,4,2,1,0,1,1,3
110,0,4,2,2,0,1,1,7
110,0,4,3,0,0,1,1,1
110,0,4,3,1,0,1,1,3
110,0,4,3,2,0,1,1,7
110,0,5,1,0,1,1,1,1
110,0,5,1,1,1,1,1,1
110,0,5,1,2,1,1,1,1
110,0,5,2,0,0,1,1,1
110,0,5,2,1,1,1,1,3
110,0,5,2,2,1,1,1,5
110,0,5,3,0,0,1,1,1
110,0,5,3,1,0,1,1,3
110,0,5,3,2,0,1,1,7
110,0,6,1,0,0,1,1,1
110,0,6,1,1,0,1,1,3
110,0,6,1,2,0,1,1,7
110,0,6,2,0,1,1,1,1
110,0,6,2,1,1,1,1,1
110,0,6,2,2,1,1,1,1
110,0,6,3,0,0,1,1,1
110,0,6,3,1,0,1,1,3
110,0,6,3,2,0,1,1,7
110,0,7,1,0,0,1,1,1
110,0,7,1,1,1,1,1,2
110,0,7,1,2,1,1,1,2
110,0,7,2,0,1,1,1,1
110,0,7,2,1,1,1,1,1
110,0,7,2,2,1,1,1,1
110,0,7,3,0,0,1,1,1
110,0,7,3,1,0,1,1,3
110,0,7,3,2,0,1,1,7
110,0,8,1,0,1,1,1,1
110,0,8,1,1,1,1,1,1
110,0,8,1,2,1,1,1,1
110,0,8,2,0,1,1,1,1
110,0,8,2,1,1,1,1,1
110,0,8,2,2,1,1,1,1
110,0,8,3,0,1,1,1,1
110,0,8,3,1,1,1,1,1
110,0,8,3,2,1,1,1,1
110,1,0,1,0,0,1,1,1
110,1,0,1,1,0,1,1,3
110,1,0,1,2,0,1,1,19
110,1,0,2,0,0,1,1,1
110,1,0,2,1,0,1,1,3
110,1,0,2,2,0,1,1,19
110,1,0,3,0,0,1,1,1
110,1,0,3,1,0,1,1,3
110,1,0,3,2,0,1,1,19
110,1,1,1,0,0,1,1,1
110,1,1,1,1,0,1,1,3
110,1,1,1,2,0,1,1,19
110,1,1,2,0,0,1,1,1
110,1,1,2,1,0,1,1,3
110,1,1,2,2,0,1,1,19
110,1,1,3,0,0,1,1,1
110,1,1,3,1,0,1,1,3
110,1,1,3,2,0,1,1,19
110,1,2,1,0,1,1,1,1
110,1,2,1,1,1,1,1,1
110,1,2,1,2,1,1,1,1
110,1,2,2,0,0,1,1,1
110,1,2,2,1,0,1,1,3
110,1,2,2,2,0,1,1,19
110,1,2,3,0,0,1,1,1
110,1,2,3,1,0,1,1,3
110,1,2,3,2,0,1,1,19
110,1,3,1,0,0,1,1,1
110,1,3,1,1,0,1,1,3
110,1,3,1,2,0,1,1,19
110,1,3,2,0,0,1,1,1
110,1,3,2,1,0,1,1,3
110,1,3,2,2,0,1,1,19
110,1,3,3,0,0,1,1,1
110,1,3,3,1,0,1,1,3
110,1,3,3,2,0,1,1,19
110,1,4,1,0,0,1,1,1
110,1,4,1,1,0,1,1,3
110,1,4,1,2,0,1,1,19
110,1,4,2,0,0,1,1,1
110,1,4,2,1,0,1,1,3
110,1,4,2,2,0,1,1,19
110,1,4,3,0,0,1,1,1
110,1,4,3,1,0,1,1,3
110,1,4,3,2,0,1,1,19
110,1,5,1,0,1,1,1,1
110,1,5,1,1,1,1,1,1
110,1,5,1,2,1,1,1,1
110,1,5,2,0,0,1,1,1
110,1,5,2,1,1,1,1,3
110,1,5,2,2,1,1,1,4
110,1,5,3,0,0,1,1,1
110,1,5,3,1,0,1,1,3
110,1,5,3,2,1,1,1,4
110,1,6,1,0,0,1,1,1
110,1,6,1,1,0,1,1,3
110,1,6,1,2,0,1,1,19
110,1,6,2,0,1,1,1,1
110,1,6,2,1,1,1,1,1
110,1,6,2,2,1,1,1,1
110,1,6,3,0,0,1,1,1
110,1,6,3,1,0,1,1,3
110,1,6,3,2,0,1,1,19
110,1,7,1,0,0,1,1,1
110,1,7,1,1,1,1,1,2
110,1,7,1,2,1,1,1,2
110,1,7,2,0,1,1,1,1
110,1,7,2,1,1,1,1,1
110,1,7,2,2,1,1,1,1
110,1,7,3,0,0,1,1,1
110,1,7,3,1,0,1,1,3
110,1,7,3,2,1,1,1,5
110,1,8,1,0,1,1,1,1
110,1,8,1,1,1,1,1,1
110,1,8,1,2,1,1,1,1
110,1,8,2,0,1,1,1,1
110,1,8,2,1,1,1,1,1
110,1,8,2,2,1,1,1,1
110,1,8,3,0,1,1,1,1
110,1,8,3,1,1,1,1,1
110,1,8,3,2,1,1,1,1
111,0,0,1,0,0,1,1,1
111,0,0,1,1,0,1,1,3
111,0,0,1,2,0,1,1,7
111,0,0,2,0,0,1,1,1
111,0,0,2,1,0,1,1,3
111,0,0,2,2,0,1,1,7
111,0,0,3,0,0,1,1,1
111,0,0,3,1,0,1,1,3
111,0,0,3,2,0,1,1,7
111,0,1,1,0,0,1,1,1
111,0,1,1,1,0,1,1,3
111,0,1,1,2,0,1,1,7
111,0,1,2,0,0,1,1,1
111,0,1,2,1,0,1,1,3
111,0,1,2,2,0,1,1,7
111,0,1,3,0,0,1,1,1
111,0,1,3,1,0,1,1,3
111,0,1,3,2,0,1,1,7
111,0,2,1,0,1,1,1,1
111,0,2,1,1,1,1,1,1
111,0,2,1,2,1,1,1,1
111,0,2,2,0,0,1,1,1
111,0,2,2,1,0,1,1,3
111,0,2,2,2,0,1,1,7
111,0,2,3,0,0,1,1,1
111,0,2,3,1,0,1,1,3
111,0,2,3,2,0,1,1,7
111,0,3,1,0,0,1,1,1
111,0,3,1,1,0,1,1,3
111,0,3,1,2,0,1,1,7
111,0,3,2,0,0,1,1,1
111,0,3,2,1,0,1,1,3
111,0,3,2,2,0,1,1,7
111,0,3,3,0,0,1,1,1
111,0,3,3,1,0,1,1,3
111,0,3,3,2,0,1,1,7
111,0,4,1,0,0,1,1,1
111,0,4,1,1,0,1,1,3
111,0,4,1,2,0,1,1,7
111,0,4,2,0,0,1,1,1
111,0,4,2,1,0,1,1,3
111,0,4,2,2,0,1,1,7
111,0,4,3,0,0,1,1,1
111,0,4,3,1,0,1,1,3
111,0,4,3,2,0,1,1,7
111,0,5,1,0,1,1,1,1
111,0,5,1,1,1,1,1,1
111,0,5,1,2,1,1,1,1
111,0,5,2,0,0,1,1,1
111,0,5,2,1,1,1,1,3
111,0,5,2,2,1,1,1,5
111,0,5,3,0,0,1,1,1
111,0,5,3,1,0,1,1,3
111,0,5,3,2,0,1,1,7
111,0,6,1,0,0,1,1,1
111,0,6,1,1,0,1,1,3
111,0,6,1,2,0,1,1,7
111,0,6,2,0,1,1,1,1
111,0,6,2,1,1,1,1,1
111,0,6,2,2,1,1,1,1
111,0,6,3,0,0,1,1,1
111,0,6,3,1,0,1,1,3
111,0,6,3,2,0,1,1,7
111,0,7,1,0,0,1,1,1
111,0,7,1,1,1,1,1,3
111,0,7,1,2,1,1,1,5
111,0,7,2,0,1,1,1,1
111,0,7,2,1,1,1,1,1
111,0,7,2,2,1,1,1,1
111,0,7,3,0,0,1,1,1
111,0,7,3,1,0,1,1,3
111,0,7,3,2,0,1,1,7
111,0,8,1,0,1,1,1,1
111,0,8,1,1,1,1,1,1
111,0,8,1,2,1,1,1,1
111,0,8,2,0,1,1,1,1
111,0,8,2,1,1,1,1,1
111,0,8,2,2,1,1,1,1
111,0,8,3,0,1,1,1,1
111,0,8,3,1,1,1,1,1
111,0,8,3,2,1,1,1,1
111,1,0,1,0,0,1,1,1
111,1,0,1,1,0,1,1,3
111,1,0,1,2,0,1,1,19
111,1,0,2,0,0,1,1,1
111,1,0,2,1,0,1,1,3
111,1,0,2,2,0,1,1,19
111,1,0,3,0,0,1,1,1
111,1,0,3,1,0,1,1,3
111,1,0,3,2,0,1,1,19
111,1,1,1,0,0,1,1,1
111,1,1,1,1,0,1,1,3
111,1,1,1,2,0,1,1,19
111,1,1,2,0,0,1,1,1
111,1,1,2,1,0,1,1,3
111,1,1,2,2,0,1,1,19
111,1,1,3,0,0,1,1,1
111,1,1,3,1,0,1,1,3
111,1,1,3,2,0,1,1,19
111,1,2,1,0,1,1,1,1
111,1,2,1,1,1,1,1,1
111,1,2,1,2,1,1,1,1
111,1,2,2,0,0,1,1,1
111,1,2,2,1,0,1,1,3
111,1,2,2,2,0,1,1,19
111,1,2,3,0,0,1,1,1
111,1,2,3,1,0,1,1,3
111,1,2,3,2,0,1,1,19
111,1,3,1,0,0,1,1,1
111,1,3,1,1,0,1,1,3
111,1,3,1,2,0,1,1,19
111,1,3,2,0,0,1,1,1
111,1,3,2,1,0,1,1,3
111,1,3,2,2,0,1,1,19
111,1,3,3,0,0,1,1,1
111,1,3,3,1,0,1,1,3
111,1,3,3,2,0,1,1,19
111,1,4,1,0,0,1,1,1
111,1,4,1,1,0,1,1,3
111,1,4,1,2,0,1,1,19
111,1,4,2,0,0,1,1,1
111,1,4,2,1,0,1,1,3
111,1,4,2,2,0,1,1,19
111,1,4,3,0,0,1,1,1
111,1,4,3,1,0,1,1,3
111,1,4,3,2,0,1,1,19
111,1,5,1,0,1,1,1,1
111,1,5,1,1,1,1,1,1
111,1,5,1,2,1,1,1,1
111,1,5,2,0,0,1,1,1
111,1,5,2,1,1,1,1,3
111,1,5,2,2,1,1,1,4
111,1,5,3,0,0,1,1,1
111,1,5,3,1,0,1,1,3
111,1,5,3,2,1,1,1,4
111,1,6,1,0,0,1,1,1
111,1,6,1,1,0,1,1,3
111,1,6,1,2,0,1,1,19
111,1,6,2,0,1,1,1,1
111,1,6,2,1,1,1,1,1
111,1,6,2,2,1,1,1,1
111,1,6,3,0,0,1,1,1
111,1,6,3,1,0,1,1,3
111,1,6,3,2,0,1,1,19
111,1,7,1,0,0,1,1,1
111,1,7,1,1,1,1,1,3
111,1,7,1,2,1,1,1,8
111,1,7,2,0,1,1,1,1
111,1,7,2,1,1,1,1,1
111,1,7,2,2,1,1,1,1
111,1,7,3,0,0,1,1,1
111,1,7,3,1,0,1,1,3
111,1,7,3,2,1,1,1,8
111,1,8,1,0,1,1,1,1
111,1,8,1,1,1,1,1,1
111,1,8,1,2,1,1,1,1
111,1,8,2,0,1,1,1,1
111,1,8,2,1,1,1,1,1
111,1,8,2,2,1,1,1,1
111,1,8,3,0,1,1,1,1
111,1,8,3,1,1,1,1,1
111,1,8,3,2,1,1,1,1
112,0,0,1,0,0,1,1,1
112,0,0,1,1,0,1,1,3
112,0,0,1,2,0,1,1,5
112,0,0,2,0,0,1,1,1
112,0,0,2,1,0,1,1,3
112,0,0,2,2,0,1,1,5
112,0,0,3,0,0,1,1,1
112,0,0,3,1,0,1,1,3
112,0,0,3,2,0,1,1,5
112,0,1,1,0,0,1,1,1
112,0,1,1,1,0,1,1,3
112,0,1,1,2,0,1,1,5
112,0,1,2,0,0,1,1,1
112,0,1,2,1,0,1,1,3
112,0,1,2,2,0,1,1,5
112,0,1,3,0,0,1,1,1
112,0,1,3,1,0,1,1,3
112,0,1,3,2,0,1,1,5
112,0,2,1,0,1,1,1,1
112,0,2,1,1,1,1,1,1
112,0,2,1,2,1,1,1,1
112,0,2,2,0,0,1,1,1
112,0,2,2,1,0,1,1,3
112,0,2,2,2,0,1,1,5
112,0,2,3,0,0,1,1,1
112,0,2,3,1,0,1,1,3
112,0,2,3,2,0,1,1,5
112,0,3,1,0,0,1,1,1
112,0,3,1,1,0,1,1,3
112,0,3,1,2,0,1,1,5
112,0,3,2,0,0,1,1,1
112,0,3,2,1,0,1,1,3
112,0,3,2,2,0,1,1,5
112,0,3,3,0,0,1,1,1
112,0,3,3,1,0,1,1,3
112,0,3,3,2,0,1,1,5
112,0,4,1,0,0,1,1,1
112,0,4,1,1,0,1,1,3
112,0,4,1,2,0,1,1,5
112,0,4,2,0,0,1,1,1
112,0,4,2,1,0,1,1,3
112,0,4,2,2,0,1,1,5
112,0,4,3,0,0,1,1,1
112,0,4,3,1,0,1,1,3
112,0,4,3,2,0,1,1,5
112,0,5,1,0,1,1,1,1
112,0,5,1,1,1,1,1,1
112,0,5,1,2,1,1,1,1
112,0,5,2,0,0,1,1,1
112,0,5,2,1,1,1,1,3
112,0,5,2,2,1,1,1,3
112,0,5,3,0,0,1,1,1
112,0,5,3,1,0,1,1,3
112,0,5,3,2,0,1,1,5
112,0,6,1,0,0,1,1,1
112,0,6,1,1,0,1,1,3
112,0,6,1,2,0,1,1,5
112,0,6,2,0,1,1,1,1
112,0,6,2,1,1,1,1,1
112,0,6,2,2,1,1,1,1
112,0,6,3,0,0,1,1,1
112,0,6,3,1,0,1,1,3
112,0,6,3,2,0,1,1,5
112,0,7,1,0,0,1,1,1
112,0,7,1,1,0,1,1,3
112,0,7,1,2,0,1,1,5
112,0,7,2,0,1,1,1,1
112,0,7,2,1,1,1,1,1
112,0,7,2,2,1,1,1,1
112,0,7,3,0,0,1,1,1
112,0,7,3,1,0,1,1,3
112,0,7,3,2,0,1,1,5
112,0,8,1,0,1,1,1,1
112,0,8,1,1,1,1,1,1
112,0,8,1,2,1,1,1,1
112,0,8,2,0,1,1,1,1
112,0,8,2,1,1,1,1,1
112,0,8,2,2,1,1,1,1
112,0,8,3,0,1,1,1,1
112,0,8,3,1,1,1,1,1
112,0,8,3,2,1,1,1,1
112,1,0,1,0,0,1,1,1
112,1,0,1,1,0,1,1,3
112,1,0,1,2,0,1,1,11
112,1,0,2,0,0,1,1,1
112,1,0,2,1,0,1,1,3
112,1,0,2,2,0,1,1,11
112,1,0,3,0,0,1,1,1
112,1,0,3,1,0,1,1,3
112,1,0,3,2,0,1,1,11
112,1,1,1,0,0,1,1,1
112,1,1,1,1,0,1,1,3
112,1,1,1,2,0,1,1,11
112,1,1,2,0,0,1,1,1
112,1,1,2,1,0,1,1,3
112,1,1,2,2,0,1,1,11
112,1,1,3,0,0,1,1,1
112,1,1,3,1,0,1,1,3
112,1,1,3,2,0,1,1,11
112,1,2,1,0,1,1,1,1
112,1,2,1,1,1,1,1,1
112,1,2,1,2,1,1,1,1
112,1,2,2,0,0,1,1,1
112,1,2,2,1,0,1,1,3
112,1,2,2,2,0,1,1,11
112,1,2,3,0,0,1,1,1
112,1,2,3,1,0,1,1,3
112,1,2,3,2,0,1,1,11
112,1,3,1,0,0,1,1,1
112,1,3,1,1,0,1,1,3
112,1,3,1,2,0,1,1,11
112,1,3,2,0,0,1,1,1
112,1,3,2,1,0,1,1,3
112,1,3,2,2,0,1,1,11
112,1,3,3,0,0,1,1,1
112,1,3,3,1,0,1,1,3
112,1,3,3,2,0,1,1,11
112,1,4,1,0,0,1,1,1
112,1,4,1,1,0,1,1,3
112,1,4,1,2,0,1,1,11
112,1,4,2,0,0,1,1,1
112,1,4,2,1,0,1,1,3
112,1,4,2,2,0,1,1,11
112,1,4,3,0,0,1,1,1
112,1,4,3,1,0,1,1,3
112,1,4,3,2,0,1,1,11
112,1,5,1,0,1,1,1,1
112,1,5,1,1,1,1,1,1
112,1,5,1,2,1,1,1,1
112,1,5,2,0,0,1,1,1
112,1,5,2,1,1,1,1,3
112,1,5,2,2,1,1,1,3
112,1,5,3,0,0,1,1,1
112,1,5,3,1,0,1,1,3
112,1,5,3,2,1,1,1,5
112,1,6,1,0,0,1,1,1
112,1,6,1,1,0,1,1,3
112,1,6,1,2,0,1,1,11
112,1,6,2,0,1,1,1,1
112,1,6,2,1,1,1,1,1
112,1,6,2,2,1,1,1,1
112,1,6,3,0,0,1,1,1
112,1,6,3,1,0,1,1,3
112,1,6,3,2,0,1,1,11
112,1,7,1,0,0,1,1,1
112,1,7,1,1,0,1,1,3
112,1,7,1,2,0,1,1,11
112,1,7,2,0,1,1,1,1
112,1,7,2,1,1,1,1,1
112,1,7,2,2,1,1,1,1
112,1,7,3,0,0,1,1,1
112,1,7,3,1,0,1,1,3
112,1,7,3,2,0,1,1,11
112,1,8,1,0,1,1,1,1
112,1,8,1,1,1,1,1,1
112,1,8,1,2,1,1,1,1
112,1,8,2,0,1,1,1,1
112,1,8,2,1,1,1,1,1
112,1,8,2,2,1,1,1,1
112,1,8,3,0,1,1,1,1
112,1,8,3,1,1,1,1,1
112,1,8,3,2,1,1,1,1
113,0,0,1,0,0,1,1,1
113,0,0,1,1,0,1,1,3
113,0,0,1,2,0,1,1,7
113,0,0,2,0,0,1,1,1
113,0,0,2,1,0,1,1,3
113,0,0,2,2,0,1,1,7
113,0,0,3,0,0,1,1,1
113,0,0,3,1,0,1,1,3
113,0,0,3,2,0,1,1,7
113,0,1,1,0,0,1,1,1
113,0,1,1,1,0,1,1,3
113,0,1,1,2,0,1,1,7
113,0,1,2,0,0,1,1,1
113,0,1,2,1,0,1,1,3
113,0,1,2,2,0,1,1,7
113,0,1,3,0,0,1,1,1
113,0,1,3,1,0,1,1,3
113,0,1,3,2,0,1,1,7
113,0,2,1,0,1,1,1,1
113,0,2,1,1,1,1,1,1
113,0,2,1,2,1,1,1,1
113,0,2,2,0,0,1,1,1
113,0,2,2,1,0,1,1,3
113,0,2,2,2,0,1,1,7
113,0,2,3,0,0,1,1,1
113,0,2,3,1,0,1,1,3
113,0,2,3,2,0,1,1,7
113,0,3,1,0,0,1,1,1
113,0,3,1,1,0,1,1,3
113,0,3,1,2,0,1,1,7
113,0,3,2,0,0,1,1,1
113,0,3,2,1,0,1,1,3
113,0,3,2,2,0,1,1,7
113,0,3,3,0,0,1,1,1
113,0,3,3,1,0,1,1,3
113,0,3,3,2,0,1,1,7
113,0,4,1,0,0,1,1,1
113,0,4,1,1,0,1,1,3
113,0,4,1,2,0,1,1,7
113,0,4,2,0,0,1,1,1
113,0,4,2,1,0,1,1,3
113,0,4,2,2,0,1,1,7
113,0,4,3,0,0,1,1,1
113,0,4,3,1,0,1,1,3
113,0,4,3,2,0,1,1,7
113,0,5,1,0,1,1,1,1
113,0,5,1,1,1,1,1,1
113,0,5,1,2,1,1,1,1
113,0,5,2,0,0,1,1,1
113,0,5,2,1,1,1,1,3
113,0,5,2,2,1,1,1,5
113,0,5,3,0,0,1,1,1
113,0,5,3,1,0,1,1,3
113,0,5,3,2,0,1,1,7
113,0,6,1,0,0,1,1,1
113,0,6,1,1,0,1,1,3
113,0,6,1,2,0,1,1,7
113,0,6,2,0,1,1,1,1
113,0,6,2,1,1,1,1,1
113,0,6,2,2,1,1,1,1
113,0,6,3,0,0,1,1,1
113,0,6,3,1,0,1,1,3
113,0,6,3,2,0,1,1,7
113,0,7,1,0,0,1,1,1
113,0,7,1,1,0,1,1,3
113,0,7,1,2,0,1,1,7
113,0,7,2,0,1,1,1,1
113,0,7,2,1,1,1,1,1
113,0,7,2,2,1,1,1,1
113,0,7,3,0,0,1,1,1
113,0,7,3,1,0,1,1,3
113,0,7,3,2,0,1,1,7
113,0,8,1,0,1,1,1,1
113,0,8,1,1,1,1,1,1
113,0,8,1,2,1,1,1,1
113,0,8,2,0,1,1,1,1
113,0,8,2,1,1,1,1,1
113,0,8,2,2,1,1,1,1
113,0,8,3,0,1,1,1,1
113,0,8,3,1,1,1,1,1
113,0,8,3,2,1,1,1,1
113,1,0,1,0,0,1,1,1
113,1,0,1,1,0,1,1,3
113,1,0,1,2,0,1,1,13
113,1,0,2,0,0,1,1,1
113,1,0,2,1,0,1,1,3
113,1,0,2,2,0,1,1,13
113,1,0,3,0,0,1,1,1
113,1,0,3,1,0,1,1,3
113,1,0,3,2,0,1,1,13
113,1,1,1,0,0,1,1,1
113,1,1,1,1,0,1,1,3
113,1,1,1,2,0,1,1,13
113,1,1,2,0,0,1,1,1
113,1,1,2,1,0,1,1,3
113,1,1,2,2,0,1,1,13
113,1,1,3,0,0,1,1,1
113,1,1,3,1,0,1,1,3
113,1,1,3,2,0,1,1,13
113,1,2,1,0,1,1,1,1
113,1,2,1,1,1,1,1,1
113,1,2,1,2,1,1,1,1
113,1,2,2,0,0,1,1,1
113,1,2,2,1,0,1,1,3
113,1,2,2,2,0,1,1,13
113,1,2,3,0,0,1,1,1
113,1,2,3,1,0,1,1,3
113,1,2,3,2,0,1,1,13
113,1,3,1,0,0,1,1,1
113,1,3,1,1,0,1,1,3
113,1,3,1,2,0,1,1,13
113,1,3,2,0,0,1,1,1
113,1,3,2,1,0,1,1,3
113,1,3,2,2,0,1,1,13
113,1,3,3,0,0,1,1,1
113,1,3,3,1,0,1,1,3
113,1,3,3,2,0,1,1,13
113,1,4,1,0,0,1,1,1
113,1,4,1,1,0,1,1,3
113,1,4,1,2,0,1,1,13
113,1,4,2,0,0,1,1,1
113,1,4,2,1,0,1,1,3
113,1,4,2,2,0,1,1,13
113,1,4,3,0,0,1,1,1
113,1,4,3,1,0,1,1,3
113,1,4,3,2,0,1,1,13
113,1,5,1,0,1,1,1,1
113,1,5,1,1,1,1,1,1
113,1,5,1,2,1,1,1,1
113,1,5,2,0,0,1,1,1
113,1,5,2,1,1,1,1,3
113,1,5,2,2,1,1,1,5
113,1,5,3,0,0,1,1,1
113,1,5,3,1,0,1,1,3
113,1,5,3,2,1,1,1,7
113,1,6,1,0,0,1,1,1
113,1,6,1,1,0,1,1,3
113,1,6,1,2,0,1,1,13
113,1,6,2,0,1,1,1,1
113,1,6,2,1,1,1,1,1
113,1,6,2,2,1,1,1,1
113,1,6,3,0,0,1,1,1
113,1,6,3,1,0,1,1,3
113,1,6,3,2,0,1,1,13
113,1,7,1,0,0,1,1,1
113,1,7,1,1,0,1,1,3
113,1,7,1,2,0,1,1,13
113,1,7,2,0,1,1,1,1
113,1,7,2,1,1,1,1,1
113,1,7,2,2,1,1,1,1
113,1,7,3,0,0,1,1,1
113,1,7,3,1,0,1,1,3
113,1,7,3,2,0,1,1,13
113,1,8,1,0,1,1,1,1
113,1,8,1,1,1,1,1,1
113,1,8,1,2,1,1,1,1
113,1,8,2,0,1,1,1,1
113,1,8,2,1,1,1,1,1
113,1,8,2,2,1,1,1,1
113,1,8,3,0,1,1,1,1
113,1,8,3,1,1,1,1,1
113,1,8,3,2,1,1,1,1
114,0,0,1,0,0,1,1,1
114,0,0,1,1,0,1,1,3
114,0,0,1,2,0,1,1,7
114,0,0,2,0,0,1,1,1
114,0,0,2,1,0,1,1,3
114,0,0,2,2,0,1,1,7
114,0,0,3,0,0,1,1,1
114,0,0,3,1,0,1,1,3
114,0,0,3,2,0,1,1,7
114,0,1,1,0,0,1,1,1
114,0,1,1,1,0,1,1,3
114,0,1,1,2,0,1,1,7
114,0,1,2,0,0,1,1,1
114,0,1,2,1,0,1,1,3
114,0,1,2,2,0,1,1,7
114,0,1,3,0,0,1,1,1
114,0,1,3,1,0,1,1,3
114,0,1,3,2,0,1,1,7
114,0,2,1,0,1,1,1,1
114,0,2,1,1,1,1,1,1
114,0,2,1,2,1,1,1,1
114,0,2,2,0,0,1,1,1
114,0,2,2,1,0,1,1,3
114,0,2,2,2,0,1,1,7
114,0,2,3,0,0,1,1,1
114,0,2,3,1,0,1,1,3
114,0,2,3,2,0,1,1,7
114,0,3,1,0,0,1,1,1
114,0,3,1,1,0,1,1,3
114,0,3,1,2,0,1,1,7
114,0,3,2,0,0,1,1,1
114,0,3,2,1,0,1,1,3
114,0,3,2,2,0,1,1,7
114,0,3,3,0,0,1,1,1
114,0,3,3,1,0,1,1,3
114,0,3,3,2,0,1,1,7
114,0,4,1,0,0,1,1,1
114,0,4,1,1,0,1,1,3
114,0,4,1,2,0,1,1,7
114,0,4,2,0,0,1,1,1
114,0,4,2,1,0,1,1,3
114,0,4,2,2,0,1,1,7
114,0,4,3,0,0,1,1,1
114,0,4,3,1,0,1,1,3
114,0,4,3,2,0,1,1,7
114,0,5,1,0,1,1,1,1
114,0,5,1,1,1,1,1,1
114,0,5,1,2,1,1,1,1
114,0,5,2,0,0,1,1,1
114,0,5,2,1,1,1,1,3
114,0,5,2,2,1,1,1,5
114,0,5,3,0,0,1,1,1
114,0,5,3,1,0,1,1,3
114,0,5,3,2,0,1,1,7
114,0,6,1,0,0,1,1,1
114,0,6,1,1,0,1,1,3
114,0,6,1,2,0,1,1,7
114,0,6,2,0,1,1,1,1
114,0,6,2,1,1,1,1,1
114,0,6,2,2,1,1,1,1
114,0,6,3,0,0,1,1,1
114,0,6,3,1,0,1,1,3
114,0,6,3,2,0,1,1,7
114,0,7,1,0,0,1,1,1
114,0,7,1,1,1,1,1,2
114,0,7,1,2,1,1,1,2
114,0,7,2,0,1,1,1,1
114,0,7,2,1,1,1,1,1
114,0,7,2,2,1,1,1,1
114,0,7,3,0,0,1,1,1
114,0,7,3,1,0,1,1,3
114,0,7,3,2,0,1,1,7
114,0,8,1,0,1,1,1,1
114,0,8,1,1,1,1,1,1
114,0,8,1,2,1,1,1,1
114,0,8,2,0,1,1,1,1
114,0,8,2,1,1,1,1,1
114,0,8,2,2,1,1,1,1
114,0,8,3,0,1,1,1,1
114,0,8,3,1,1,1,1,1
114,0,8,3,2,1,1,1,1
114,1,0,1,0,0,1,1,1
114,1,0,1,1,0,1,1,3
114,1,0,1,2,0,1,1,13
114,1,0,2,0,0,1,1,1
114,1,0,2,1,0,1,1,3
114,1,0,2,2,0,1,1,13
114,1,0,3,0,0,1,1,1
114,1,0,3,1,0,1,1,3
114,1,0,3,2,0,1,1,13
114,1,1,1,0,0,1,1,1
114,1,1,1,1,0,1,1,3
114,1,1,1,2,0,1,1,13
114,1,1,2,0,0,1,1,1
114,1,1,2,1,0,1,1,3
114,1,1,2,2,0,1,1,13
114,1,1,3,0,0,1,1,1
114,1,1,3,1,0,1,1,3
114,1,1,3,2,0,1,1,13
114,1,2,1,0,1,1,1,1
114,1,2,1,1,1,1,1,1
114,1,2,1,2,1,1,1,1
114,1,2,2,0,0,1,1,1
114,1,2,2,1,0,1,1,3
114,1,2,2,2,0,1,1,13
114,1,2,3,0,0,1,1,1
114,1,2,3,1,0,1,1,3
114,1,2,3,2,0,1,1,13
114,1,3,1,0,0,1,1,1
114,1,3,1,1,0,1,1,3
114,1,3,1,2,0,1,1,13
114,1,3,2,0,0,1,1,1
114,1,3,2,1,0,1,1,3
114,1,3,2,2,0,1,1,13
114,1,3,3,0,0,1,1,1
114,1,3,3,1,0,1,1,3
114,1,3,3,2,0,1,1,13
114,1,4,1,0,0,1,1,1
114,1,4,1,1,0,1,1,3
114,1,4,1,2,0,1,1,13
114,1,4,2,0,0,1,1,1
114,1,4,2,1,0,1,1,3
114,1,4,2,2,0,1,1,13
114,1,4,3,0,0,1,1,1
114,1,4,3,1,0,1,1,3
114,1,4,3,2,0,1,1,13
114,1,5,1,0,1,1,1,1
114,1,5,1,1,1,1,1,1
114,1,5,1,2,1,1,1,1
114,1,5,2,0,0,1,1,1
114,1,5,2,1,1,1,1,3
114,1,5,2,2,1,1,1,5
114,1,5,3,0,0,1,1,1
114,1,5,3,1,0,1,1,3
114,1,5,3,2,1,1,1,7
114,1,6,1,0,0,1,1,1
114,1,6,1,1,0,1,1,3
114,1,6,1,2,0,1,1,13
114,1,6,2,0,1,1,1,1
114,1,6,2,1,1,1,1,1
114,1,6,2,2,1,1,1,1
114,1,6,3,0,0,1,1,1
114,1,6,3,1,0,1,1,3
114,1,6,3,2,0,1,1,13
114,1,7,1,0,0,1,1,1
114,1,7,1,1,1,1,1,2
114,1,7,1,2,1,1,1,2
114,1,7,2,0,1,1,1,1
114,1,7,2,1,1,1,1,1
114,1,7,2,2,1,1,1,1
114,1,7,3,0,0,1,1,1
114,1,7,3,1,0,1,1,3
114,1,7,3,2,1,1,1,8
114,1,8,1,0,1,1,1,1
114,1,8,1,1,1,1,1,1
114,1,8,1,2,1,1,1,1
114,1,8,2,0,1,1,1,1
114,1,8,2,1,1,1,1,1
114,1,8,2,2,1,1,1,1
114,1,8,3,0,1,1,1,1
114,1,8,3,1,1,1,1,1
114,1,8,3,2,1,1,1,1
115,0,0,1,0,0,1,1,1
115,0,0,1,1,0,1,1,3
115,0,0,1,2,0,1,1,7
115,0,0,2,0,0,1,1,1
115,0,0,2,1,0,1,1,3
115,0,0,2,2,0,1,1,7
115,0,0,3,0,0,1,1,1
115,0,0,3,1,0,1,1,3
115,0,0,3,2,0,1,1,7
115,0,1,1,0,0,1,1,1
115,0,1,1,1,0,1,1,3
115,0,1,1,2,0,1,1,7
115,0,1,2,0,0,1,1,1
115,0,1,2,1,0,1,1,3
115,0,1,2,2,0,1,1,7
115,0,1,3,0,0,1,1,1
115,0,1,3,1,0,1,1,3
115,0,1,3,2,0,1,1,7
115,0,2,1,0,1,1,1,1
115,0,2,1,1,1,1,1,1
115,0,2,1,2,1,1,1,1
115,0,2,2,0,0,1,1,1
115,0,2,2,1,0,1,1,3
115,0,2,2,2,0,1,1,7
115,0,2,3,0,0,1,1,1
115,0,2,3,1,0,1,1,3
115,0,2,3,2,0,1,1,7
115,0,3,1,0,0,1,1,1
115,0,3,1,1,0,1,1,3
115,0,3,1,2,0,1,1,7
115,0,3,2,0,0,1,1,1
115,0,3,2,1,0,1,1,3
115,0,3,2,2,0,1,1,7
115,0,3,3,0,0,1,1,1
115,0,3,3,1,0,1,1,3
115,0,3,3,2,0,1,1,7
115,0,4,1,0,0,1,1,1
115,0,4,1,1,0,1,1,3
115,0,4,1,2,0,1,1,7
115,0,4,2,0,0,1,1,1
115,0,4,2,1,0,1,1,3
115,0,4,2,2,0,1,1,7
115,0,4,3,0,0,1,1,1
115,0,4,3,1,0,1,1,3
115,0,4,3,2,0,1,1,7
115,0,5,1,0,1,1,1,1
115,0,5,1,1,1,1,1,1
115,0,5,1,2,1,1,1,1
115,0,5,2,0,0,1,1,1
115,0,5,2,1,1,1,1,3
115,0,5,2,2,1,1,1,5
115,0,5,3,0,0,1,1,1
115,0,5,3,1,0,1,1,3
115,0,5,3,2,0,1,1,7
115,0,6,1,0,0,1,1,1
115,0,6,1,1,0,1,1,3
115,0,6,1,2,0,1,1,7
115,0,6,2,0,1,1,1,1
115,0,6,2,1,1,1,1,1
115,0,6,2,2,1,1,1,1
115,0,6,3,0,0,1,1,1
115,0,6,3,1,0,1,1,3
115,0,6,3,2,0,1,1,7
115,0,7,1,0,0,1,1,1
115,0,7,1,1,0,1,1,3
115,0,7,1,2,0,1,1,7
115,0,7,2,0,1,1,1,1
115,0,7,2,1,1,1,1,1
115,0,7,2,2,1,1,1,1
115,0,7,3,0,0,1,1,1
115,0,7,3,1,0,1,1,3
115,0,7,3,2,0,1,1,7
115,0,8,1,0,1,1,1,1
115,0,8,1,1,1,1,1,1
115,0,8,1,2,1,1,1,1
115,0,8,2,0,1,1,1,1
115,0,8,2,1,1,1,1,1
115,0,8,2,2,1,1,1,1
115,0,8,3,0,1,1,1,1
115,0,8,3,1,1,1,1,1
115,0,8,3,2,1,1,1,1
115,1,0,1,0,0,1,1,1
115,1,0,1,1,0,1,1,3
115,1,0,1,2,0,1,1,19
115,1,0,2,0,0,1,1,1
115,1,0,2,1,0,1,1,3
115,1,0,2,2,0,1,1,19
115,1,0,3,0,0,1,1,1
115,1,0,3,1,0,1,1,3
115,1,0,3,2,0,1,1,19
115,1,1,1,0,0,1,1,1
115,1,1,1,1,0,1,1,3
115,1,1,1,2,0,1,1,19
115,1,1,2,0,0,1,1,1
115,1,1,2,1,0,1,1,3
115,1,1,2,2,0,1,1,19
115,1,1,3,0,0,1,1,1
115,1,1,3,1,0,1,1,3
115,1,1,3,2,0,1,1,19
115,1,2,1,0,1,1,1,1
115,1,2,1,1,1,1,1,1
115,1,2,1,2,1,1,1,1
115,1,2,2,0,0,1,1,1
115,1,2,2,1,0,1,1,3
115,1,2,2,2,0,1,1,19
115,1,2,3,0,0,1,1,1
115,1,2,3,1,0,1,1,3
115,1,2,3,2,0,1,1,19
115,1,3,1,0,0,1,1,1
115,1,3,1,1,0,1,1,3
115,1,3,1,2,0,1,1,19
115,1,3,2,0,0,1,1,1
115,1,3,2,1,0,1,1,3
115,1,3,2,2,0,1,1,19
115,1,3,3,0,0,1,1,1
115,1,3,3,1,0,1,1,3
115,1,3,3,2,0,1,1,19
115,1,4,1,0,0,1,1,1
115,1,4,1,1,0,1,1,3
115,1,4,1,2,0,1,1,19
115,1,4,2,0,0,1,1,1
115,1,4,2,1,0,1,1,3
115,1,4,2,2,0,1,1,19
115,1,4,3,0,0,1,1,1
115,1,4,3,1,0,1,1,3
115,1,4,3,2,0,1,1,19
115,1,5,1,0,1,1,1,1
115,1,5,1,1,1,1,1,1
115,1,5,1,2,1,1,1,1
115,1,5,2,0,0,1,1,1
115,1,5,2,1,1,1,1,3
115,1,5,2,2,1,1,1,11
115,1,5,3,0,0,1,1,1
115,1,5,3,1,0,1,1,3
115,1,5,3,2,1,1,1,13
115,1,6,1,0,0,1,1,1
115,1,6,1,1,0,1,1,3
115,1,6,1,2,0,1,1,19
115,1,6,2,0,1,1,1,1
115,1,6,2,1,1,1,1,1
115,1,6,2,2,1,1,1,1
115,1,6,3,0,0,1,1,1
115,1,6,3,1,0,1,1,3
115,1,6,3,2,0,1,1,19
115,1,7,1,0,0,1,1,1
115,1,7,1,1,0,1,1,3
115,1,7,1,2,0,1,1,19
115,1,7,2,0,1,1,1,1
115,1,7,2,1,1,1,1,1
115,1,7,2,2,1,1,1,1
115,1,7,3,0,0,1,1,1
115,1,7,3,1,0,1,1,3
115,1,7,3,2,0,1,1,19
115,1,8,1,0,1,1,1,1
115,1,8,1,1,1,1,1,1
115,1,8,1,2,1,1,1,1
115,1,8,2,0,1,1,1,1
115,1,8,2,1,1,1,1,1
115,1,8,2,2,1,1,1,1
115,1,8,3,0,1,1,1,1
115,1,8,3,1,1,1,1,1
115,1,8,3,2,1,1,1,1
116,0,0,1,0,0,1,1,1
116,0,0,1,1,0,1,1,3
116,0,0,1,2,0,1,1,7
116,0,0,2,0,0,1,1,1
116,0,0,2,1,0,1,1,3
116,0,0,2,2,0,1,1,7
116,0,0,3,0,0,1,1,1
116,0,0,3,1,0,1,1,3
116,0,0,3,2,0,1,1,7
116,0,1,1,0,0,1,1,1
116,0,1,1,1,0,1,1,3
116,0,1,1,2,0,1,1,7
116,0,1,2,0,0,1,1,1
116,0,1,2,1,0,1,1,3
116,0,1,2,2,0,1,1,7
116,0,1,3,0,0,1,1,1
116,0,1,3,1,0,1,1,3
116,0,1,3,2,0,1,1,7
116,0,2,1,0,1,1,1,1
116,0,2,1,1,1,1,1,1
116,0,2,1,2,1,1,1,1
116,0,2,2,0,0,1,1,1
116,0,2,2,1,0,1,1,3
116,0,2,2,2,0,1,1,7
116,0,2,3,0,0,1,1,1
116,0,2,3,1,0,1,1,3
116,0,2,3,2,0,1,1,7
116,0,3,1,0,0,1,1,1
116,0,3,1,1,0,1,1,3
116,0,3,1,2,0,1,1,7
116,0,3,2,0,0,1,1,1
116,0,3,2,1,0,1,1,3
116,0,3,2,2,0,1,1,7
116,0,3,3,0,0,1,1,1
116,0,3,3,1,0,1,1,3
116,0,3,3,2,0,1,1,7
116,0,4,1,0,0,1,1,1
116,0,4,1,1,0,1,1,3
116,0,4,1,2,0,1,1,7
116,0,4,2,0,0,1,1,1
116,0,4,2,1,0,1,1,3
116,0,4,2,2,0,1,1,7
116,0,4,3,0,0,1,1,1
116,0,4,3,1,0,1,1,3
116,0,4,3,2,0,1,1,7
116,0,5,1,0,1,1,1,1
116,0,5,1,1,1,1,1,1
116,0,5,1,2,1,1,1,1
116,0,5,2,0,0,1,1,1
116,0,5,2,1,1,1,1,2
116,0,5,2,2,1,1,1,2
116,0,5,3,0,0,1,1,1
116,0,5,3,1,0,1,1,3
116,0,5,3,2,0,1,1,7
116,0,6,1,0,0,1,1,1
116,0,6,1,1,0,1,1,3
116,0,6,1,2,0,1,1,7
116,0,6,2,0,1,1,1,1
116,0,6,2,1,1,1,1,1
116,0,6,2,2,1,1,1,1
116,0,6,3,0,0,1,1,1
116,0,6,3,1,0,1,1,3
116,0,6,3,2,0,1,1,7
116,0,7,1,0,0,1,1,1
116,0,7,1,1,0,1,1,3
116,0,7,1,2,0,1,1,7
116,0,7,2,0,1,1,1,1
116,0,7,2,1,1,1,1,1
116,0,7,2,2,1,1,1,1
116,0,7,3,0,0,1,1,1
116,0,7,3,1,0,1,1,3
116,0,7,3,2,0,1,1,7
116,0,8,1,0,1,1,1,1
116,0,8,1,1,1,1,1,1
116,0,8,1,2,1,1,1,1
116,0,8,2,0,1,1,1,1
116,0,8,2,1,1,1,1,1
116,0,8,2,2,1,1,1,1
116,0,8,3,0,1,1,1,1
116,0,8,3,1,1,1,1,1
116,0,8,3,2,1,1,1,1
116,1,0,1,0,0,1,1,1
116,1,0,1,1,0,1,1,3
116,1,0,1,2,0,1,1,13
116,1,0,2,0,0,1,1,1
116,1,0,2,1,0,1,1,3
116,1,0,2,2,0,1,1,13
116,1,0,3,0,0,1,1,1
116,1,0,3,1,0,1,1,3
116,1,0,3,2,0,1,1,13
116,1,1,1,0,0,1,1,1
116,1,1,1,1,0,1,1,3
116,1,1,1,2,0,1,1,13
116,1,1,2,0,0,1,1,1
116,1,1,2,1,0,1,1,3
116,1,1,2,2,0,1,1,13
116,1,1,3,0,0,1,1,1
116,1,1,3,1,0,1,1,3
116,1,1,3,2,0,1,1,13
116,1,2,1,0,1,1,1,1
116,1,2,1,1,1,1,1,1
116,1,2,1,2,1,1,1,1
116,1,2,2,0,0,1,1,1
116,1,2,2,1,0,1,1,3
116,1,2,2,2,0,1,1,13
116,1,2,3,0,0,1,1,1
116,1,2,3,1,0,1,1,3
116,1,2,3,2,0,1,1,13
116,1,3,1,0,0,1,1,1
116,1,3,1,1,0,1,1,3
116,1,3,1,2,0,1,1,13
116,1,3,2,0,0,1,1,1
116,1,3,2,1,0,1,1,3
116,1,3,2,2,0,1,1,13
116,1,3,3,0,0,1,1,1
116,1,3,3,1,0,1,1,3
116,1,3,3,2,0,1,1,13
116,1,4,1,0,0,1,1,1
116,1,4,1,1,0,1,1,3
116,1,4,1,2,0,1,1,13
116,1,4,2,0,0,1,1,1
116,1,4,2,1,0,1,1,3
116,1,4,2,2,0,1,1,13
116,1,4,3,0,0,1,1,1
116,1,4,3,1,0,1,1,3
116,1,4,3,2,0,1,1,13
116,1,5,1,0,1,1,1,1
116,1,5,1,1,1,1,1,1
116,1,5,1,2,1,1,1,1
116,1,5,2,0,0,1,1,1
116,1,5,2,1,1,1,1,2
116,1,5,2,2,1,1,1,2
116,1,5,3,0,0,1,1,1
116,1,5,3,1,0,1,1,3
116,1,5,3,2,1,1,1,6
116,1,6,1,0,0,1,1,1
116,1,6,1,1,0,1,1,3
116,1,6,1,2,0,1,1,13
116,1,6,2,0,1,1,1,1
116,1,6,2,1,1,1,1,1
116,1,6,2,2,1,1,1,1
116,1,6,3,0,0,1,1,1
116,1,6,3,1,0,1,1,3
116,1,6,3,2,0,1,1,13
116,1,7,1,0,0,1,1,1
116,1,7,1,1,0,1,1,3
116,1,7,1,2,0,1,1,13
116,1,7,2,0,1,1,1,1
116,1,7,2,1,1,1,1,1
116,1,7,2,2,1,1,1,1
116,1,7,3,0,0,1,1,1
116,1,7,3,1,0,1,1,3
116,1,7,3,2,0,1,1,13
116,1,8,1,0,1,1,1,1
116,1,8,1,1,1,1,1,1
116,1,8,1,2,1,1,1,1
116,1,8,2,0,1,1,1,1
116,1,8,2,1,1,1,1,1
116,1,8,2,2,1,1,1,1
116,1,8,3,0,1,1,1,1
116,1,8,3,1,1,1,1,1
116,1,8,3,2,1,1,1,1
117,0,0,1,0,0,1,1,1
117,0,0,1,1,0,1,1,3
117,0,0,1,2,0,1,1,7
117,0,0,2,0,0,1,1,1
117,0,0,2,1,0,1,1,3
117,0,0,2,2,0,1,1,7
117,0,0,3,0,0,1,1,1
117,0,0,3,1,0,1,1,3
117,0,0,3,2,0,1,1,7
117,0,1,1,0,0,1,1,1
117,0,1,1,1,0,1,1,3
117,0,1,1,2,0,1,1,7
117,0,1,2,0,0,1,1,1
117,0,1,2,1,0,1,1,3
117,0,1,2,2,0,1,1,7
117,0,1,3,0,0,1,1,1
117,0,1,3,1,0,1,1,3
117,0,1,3,2,0,1,1,7
117,0,2,1,0,1,1,1,1
117,0,2,1,1,1,1,1,1
117,0,2,1,2,1,1,1,1
117,0,2,2,0,0,1,1,1
117,0,2,2,1,0,1,1,3
117,0,2,2,2,0,1,1,7
117,0,2,3,0,0,1,1,1
117,0,2,3,1,0,1,1,3
117,0,2,3,2,0,1,1,7
117,0,3,1,0,0,1,1,1
117,0,3,1,1,0,1,1,3
117,0,3,1,2,0,1,1,7
117,0,3,2,0,0,1,1,1
117,0,3,2,1,0,1,1,3
117,0,3,2,2,0,1,1,7
117,0,3,3,0,0,1,1,1
117,0,3,3,1,0,1,1,3
117,0,3,3,2,0,1,1,7
117,0,4,1,0,0,1,1,1
117,0,4,1,1,0,1,1,3
117,0,4,1,2,0,1,1,7
117,0,4,2,0,0,1,1,1
117,0,4,2,1,0,1,1,3
117,0,4,2,2,0,1,1,7
117,0,4,3,0,0,1,1,1
117,0,4,3,1,0,1,1,3
117,0,4,3,2,0,1,1,7
117,0,5,1,0,1,1,1,1
117,0,5,1,1,1,1,1,1
117,0,5,1,2,1,1,1,1
117,0,5,2,0,0,1,1,1
117,0,5,2,1,1,1,1,2
117,0,5,2,2,1,1,1,2
117,0,5,3,0,0,1,1,1
117,0,5,3,1,1,1,1,2
117,0,5,3,2,1,1,1,2
117,0,6,1,0,0,1,1,1
117,0,6,1,1,0,1,1,3
117,0,6,1,2,0,1,1,7
117,0,6,2,0,1,1,1,1
117,0,6,2,1,1,1,1,1
117,0,6,2,2,1,1,1,1
117,0,6,3,0,0,1,1,1
117,0,6,3,1,0,1,1,3
117,0,6,3,2,0,1,1,7
117,0,7,1,0,0,1,1,1
117,0,7,1,1,0,1,1,3
117,0,7,1,2,0,1,1,7
117,0,7,2,0,1,1,1,1
117,0,7,2,1,1,1,1,1
117,0,7,2,2,1,1,1,1
117,0,7,3,0,0,1,1,1
117,0,7,3,1,0,1,1,3
117,0,7,3,2,0,1,1,7
117,0,8,1,0,1,1,1,1
117,0,8,1,1,1,1,1,1
117,0,8,1,2,1,1,1,1
117,0,8,2,0,1,1,1,1
117,0,8,2,1,1,1,1,1
117,0,8,2,2,1,1,1,1
117,0,8,3,0,1,1,1,1
117,0,8,3,1,1,1,1,1
117,0,8,3,2,1,1,1,1
117,1,0,1,0,0,1,1,1
117,1,0,1,1,0,1,1,3
117,1,0,1,2,0,1,1,13
117,1,0,2,0,0,1,1,1
117,1,0,2,1,0,1,1,3
117,1,0,2,2,0,1,1,13
117,1,0,3,0,0,1,1,1
117,1,0,3,1,0,1,1,3
117,1,0,3,2,0,1,1,13
117,1,1,1,0,0,1,1,1
117,1,1,1,1,0,1,1,3
117,1,1,1,2,0,1,1,13
117,1,1,2,0,0,1,1,1
117,1,1,2,1,0,1,1,3
117,1,1,2,2,0,1,1,13
117,1,1,3,0,0,1,1,1
117,1,1,3,1,0,1,1,3
117,1,1,3,2,0,1,1,13
117,1,2,1,0,1,1,1,1
117,1,2,1,1,1,1,1,1
117,1,2,1,2,1,1,1,1
117,1,2,2,0,0,1,1,1
117,1,2,2,1,0,1,1,3
117,1,2,2,2,0,1,1,13
117,1,2,3,0,0,1,1,1
117,1,2,3,1,0,1,1,3
117,1,2,3,2,0,1,1,13
117,1,3,1,0,0,1,1,1
117,1,3,1,1,0,1,1,3
117,1,3,1,2,0,1,1,13
117,1,3,2,0,0,1,1,1
117,1,3,2,1,0,1,1,3
117,1,3,2,2,0,1,1,13
117,1,3,3,0,0,1,1,1
117,1,3,3,1,0,1,1,3
117,1,3,3,2,0,1,1,13
117,1,4,1,0,0,1,1,1
117,1,4,1,1,0,1,1,3
117,1,4,1,2,0,1,1,13
117,1,4,2,0,0,1,1,1
117,1,4,2,1,0,1,1,3
117,1,4,2,2,0,1,1,13
117,1,4,3,0,0,1,1,1
117,1,4,3,1,0,1,1,3
117,1,4,3,2,0,1,1,13
117,1,5,1,0,1,1,1,1
117,1,5,1,1,1,1,1,1
117,1,5,1,2,1,1,1,1
117,1,5,2,0,0,1,1,1
117,1,5,2,1,1,1,1,2
117,1,5,2,2,1,1,1,2
117,1,5,3,0,0,1,1,1
117,1,5,3,1,1,1,1,2
117,1,5,3,2,1,1,1,2
117,1,6,1,0,0,1,1,1
117,1,6,1,1,0,1,1,3
117,1,6,1,2,0,1,1,13
117,1,6,2,0,1,1,1,1
117,1,6,2,1,1,1,1,1
117,1,6,2,2,1,1,1,1
117,1,6,3,0,0,1,1,1
117,1,6,3,1,0,1,1,3
117,1,6,3,2,0,1,1,13
117,1,7,1,0,0,1,1,1
117,1,7,1,1,0,1,1,3
117,1,7,1,2,0,1,1,13
117,1,7,2,0,1,1,1,1
117,1,7,2,1,1,1,1,1
117,1,7,2,2,1,1,1,1
117,1,7,3,0,0,1,1,1
117,1,7,3,1,0,1,1,3
117,1,7,3,2,0,1,1,13
117,1,8,1,0,1,1,1,1
117,1,8,1,1,1,1,1,1
117,1,8,1,2,1,1,1,1
117,1,8,2,0,1,1,1,1
117,1,8,2,1,1,1,1,1
117,1,8,2,2,1,1,1,1
117,1,8,3,0,1,1,1,1
117,1,8,3,1,1,1,1,1
117,1,8,3,2,1,1,1,1
118,0,0,1,0,0,1,1,1
118,0,0,1,1,0,1,1,3
118,0,0,1,2,0,1,1,7
118,0,0,2,0,0,1,1,1
118,0,0,2,1,0,1,1,3
118,0,0,2,2,0,1,1,7
118,0,0,3,0,0,1,1,1
118,0,0,3,1,0,1,1,3
118,0,0,3,2,0,1,1,7
118,0,1,1,0,0,1,1,1
118,0,1,1,1,0,1,1,3
118,0,1,1,2,0,1,1,7
118,0,1,2,0,0,1,1,1
118,0,1,2,1,0,1,1,3
118,0,1,2,2,0,1,1,7
118,0,1,3,0,0,1,1,1
118,0,1,3,1,0,1,1,3
118,0,1,3,2,0,1,1,7
118,0,2,1,0,1,1,1,1
118,0,2,1,1,1,1,1,1
118,0,2,1,2,1,1,1,1
118,0,2,2,0,0,1,1,1
118,0,2,2,1,0,1,1,3
118,0,2,2,2,0,1,1,7
118,0,2,3,0,0,1,1,1
118,0,2,3,1,0,1,1,3
118,0,2,3,2,0,1,1,7
118,0,3,1,0,0,1,1,1
118,0,3,1,1,0,1,1,3
118,0,3,1,2,0,1,1,7
118,0,3,2,0,0,1,1,1
118,0,3,2,1,0,1,1,3
118,0,3,2,2,0,1,1,7
118,0,3,3,0,0,1,1,1
118,0,3,3,1,0,1,1,3
118,0,3,3,2,0,1,1,7
118,0,4,1,0,0,1,1,1
118,0,4,1,1,0,1,1,3
118,0,4,1,2,0,1,1,7
118,0,4,2,0,0,1,1,1
118,0,4,2,1,0,1,1,3
118,0,4,2,2,0,1,1,7
118,0,4,3,0,0,1,1,1
118,0,4,3,1,0,1,1,3
118,0,4,3,2,0,1,1,7
118,0,5,1,0,1,1,1,1
118,0,5,1,1,1,1,1,1
118,0,5,1,2,1,1,1,1
118,0,5,2,0,0,1,1,1
118,0,5,2,1,1,1,1,2
118,0,5,2,2,1,1,1,2
118,0,5,3,0,0,1,1,1
118,0,5,3,1,0,1,1,3
118,0,5,3,2,0,1,1,7
118,0,6,1,0,0,1,1,1
118,0,6,1,1,0,1,1,3
118,0,6,1,2,0,1,1,7
118,0,6,2,0,1,1,1,1
118,0,6,2,1,1,1,1,1
118,0,6,2,2,1,1,1,1
118,0,6,3,0,0,1,1,1
118,0,6,3,1,0,1,1,3
118,0,6,3,2,0,1,1,7
118,0,7,1,0,0,1,1,1
118,0,7,1,1,1,1,1,2
118,0,7,1,2,1,1,1,2
118,0,7,2,0,1,1,1,1
118,0,7,2,1,1,1,1,1
118,0,7,2,2,1,1,1,1
118,0,7,3,0,0,1,1,1
118,0,7,3,1,0,1,1,3
118,0,7,3,2,0,1,1,7
118,0,8,1,0,1,1,1,1
118,0,8,1,1,1,1,1,1
118,0,8,1,2,1,1,1,1
118,0,8,2,0,1,1,1,1
118,0,8,2,1,1,1,1,1
118,0,8,2,2,1,1,1,1
118,0,8,3,0,1,1,1,1
118,0,8,3,1,1,1,1,1
118,0,8,3,2,1,1,1,1
118,1,0,1,0,0,1,1,1
118,1,0,1,1,0,1,1,3
118,1,0,1,2,0,1,1,19
118,1,0,2,0,0,1,1,1
118,1,0,2,1,0,1,1,3
118,1,0,2,2,0,1,1,19
118,1,0,3,0,0,1,1,1
118,1,0,3,1,0,1,1,3
118,1,0,3,2,0,1,1,19
118,1,1,1,0,0,1,1,1
118,1,1,1,1,0,1,1,3
118,1,1,1,2,0,1,1,19
118,1,1,2,0,0,1,1,1
118,1,1,2,1,0,1,1,3
118,1,1,2,2,0,1,1,19
118,1,1,3,0,0,1,1,1
118,1,1,3,1,0,1,1,3
118,1,1,3,2,0,1,1,19
118,1,2,1,0,1,1,1,1
118,1,2,1,1,1,1,1,1
118,1,2,1,2,1,1,1,1
118,1,2,2,0,0,1,1,1
118,1,2,2,1,0,1,1,3
118,1,2,2,2,0,1,1,19
118,1,2,3,0,0,1,1,1
118,1,2,3,1,0,1,1,3
118,1,2,3,2,0,1,1,19
118,1,3,1,0,0,1,1,1
118,1,3,1,1,0,1,1,3
118,1,3,1,2,0,1,1,19
118,1,3,2,0,0,1,1,1
118,1,3,2,1,0,1,1,3
118,1,3,2,2,0,1,1,19
118,1,3,3,0,0,1,1,1
118,1,3,3,1,0,1,1,3
118,1,3,3,2,0,1,1,19
118,1,4,1,0,0,1,1,1
118,1,4,1,1,0,1,1,3
118,1,4,1,2,0,1,1,19
118,1,4,2,0,0,1,1,1
118,1,4,2,1,0,1,1,3
118,1,4,2,2,0,1,1,19
118,1,4,3,0,0,1,1,1
118,1,4,3,1,0,1,1,3
118,1,4,3,2,0,1,1,19
118,1,5,1,0,1,1,1,1
118,1,5,1,1,1,1,1,1
118,1,5,1,2,1,1,1,1
118,1,5,2,0,0,1,1,1
118,1,5,2,1,1,1,1,2
118,1,5,2,2,1,1,1,2
118,1,5,3,0,0,1,1,1
118,1,5,3,1,0,1,1,3
118,1,5,3,2,1,1,1,3
118,1,6,1,0,0,1,1,1
118,1,6,1,1,0,1,1,3
118,1,6,1,2,0,1,1,19
118,1,6,2,0,1,1,1,1
118,1,6,2,1,1,1,1,1
118,1,6,2,2,1,1,1,1
118,1,6,3,0,0,1,1,1
118,1,6,3,1,0,1,1,3
118,1,6,3,2,0,1,1,19
118,1,7,1,0,0,1,1,1
118,1,7,1,1,1,1,1,2
118,1,7,1,2,1,1,1,2
118,1,7,2,0,1,1,1,1
118,1,7,2,1,1,1,1,1
118,1,7,2,2,1,1,1,1
118,1,7,3,0,0,1,1,1
118,1,7,3,1,0,1,1,3
118,1,7,3,2,1,1,1,5
118,1,8,1,0,1,1,1,1
118,1,8,1,1,1,1,1,1
118,1,8,1,2,1,1,1,1
118,1,8,2,0,1,1,1,1
118,1,8,2,1,1,1,1,1
118,1,8,2,2,1,1,1,1
118,1,8,3,0,1,1,1,1
118,1,8,3,1,1,1,1,1
118,1,8,3,2,1,1,1,1
119,0,0,1,0,0,1,1,1
119,0,0,1,1,0,1,1,3
119,0,0,1,2,0,1,1,7
119,0,0,2,0,0,1,1,1
119,0,0,2,1,0,1,1,3
119,0,0,2,2,0,1,1,7
119,0,0,3,0,0,1,1,1
119,0,0,3,1,0,1,1,3
119,0,0,3,2,0,1,1,7
119,0,1,1,0,0,1,1,1
119,0,1,1,1,0,1,1,3
119,0,1,1,2,0,1,1,7
119,0,1,2,0,0,1,1,1
119,0,1,2,1,0,1,1,3
119,0,1,2,2,0,1,1,7
119,0,1,3,0,0,1,1,1
119,0,1,3,1,0,1,1,3
119,0,1,3,2,0,1,1,7
119,0,2,1,0,1,1,1,1
119,0,2,1,1,1,1,1,1
119,0,2,1,2,1,1,1,1
119,0,2,2,0,0,1,1,1
119,0,2,2,1,0,1,1,3
119,0,2,2,2,0,1,1,7
119,0,2,3,0,0,1,1,1
119,0,2,3,1,0,1,1,3
119,0,2,3,2,0,1,1,7
119,0,3,1,0,0,1,1,1
119,0,3,1,1,0,1,1,3
119,0,3,1,2,0,1,1,7
119,0,3,2,0,0,1,1,1
119,0,3,2,1,0,1,1,3
119,0,3,2,2,0,1,1,7
119,0,3,3,0,0,1,1,1
119,0,3,3,1,0,1,1,3
119,0,3,3,2,0,1,1,7
119,0,4,1,0,0,1,1,1
119,0,4,1,1,0,1,1,3
119,0,4,1,2,0,1,1,7
119,0,4,2,0,0,1,1,1
119,0,4,2,1,0,1,1,3
119,0,4,2,2,0,1,1,7
119,0,4,3,0,0,1,1,1
119,0,4,3,1,0,1,1,3
119,0,4,3,2,0,1,1,7
119,0,5,1,0,1,1,1,1
119,0,5,1,1,1,1,1,1
119,0,5,1,2,1,1,1,1
119,0,5,2,0,0,1,1,1
119,0,5,2,1,1,1,1,2
119,0,5,2,2,1,1,1,2
119,0,5,3,0,0,1,1,1
119,0,5,3,1,0,1,1,3
119,0,5,3,2,0,1,1,7
119,0,6,1,0,0,1,1,1
119,0,6,1,1,0,1,1,3
119,0,6,1,2,0,1,1,7
119,0,6,2,0,1,1,1,1
119,0,6,2,1,1,1,1,1
119,0,6,2,2,1,1,1,1
119,0,6,3,0,0,1,1,1
119,0,6,3,1,0,1,1,3
119,0,6,3,2,0,1,1,7
119,0,7,1,0,0,1,1,1
119,0,7,1,1,0,1,1,3
119,0,7,1,2,0,1,1,7
119,0,7,2,0,1,1,1,1
119,0,7,2,1,1,1,1,1
119,0,7,2,2,1,1,1,1
119,0,7,3,0,0,1,1,1
119,0,7,3,1,0,1,1,3
119,0,7,3,2,0,1,1,7
119,0,8,1,0,1,1,1,1
119,0,8,1,1,1,1,1,1
119,0,8,1,2,1,1,1,1
119,0,8,2,0,1,1,1,1
119,0,8,2,1,1,1,1,1
119,0,8,2,2,1,1,1,1
119,0,8,3,0,1,1,1,1
119,0,8,3,1,1,1,1,1
119,0,8,3,2,1,1,1,1
119,1,0,1,0,0,1,1,1
119,1,0,1,1,0,1,1,3
119,1,0,1,2,0,1,1,19
119,1,0,2,0,0,1,1,1
119,1,0,2,1,0,1,1,3
119,1,0,2,2,0,1,1,19
119,1,0,3,0,0,1,1,1
119,1,0,3,1,0,1,1,3
119,1,0,3,2,0,1,1,19
119,1,1,1,0,0,1,1,1
119,1,1,1,1,0,1,1,3
119,1,1,1,2,0,1,1,19
119,1,1,2,0,0,1,1,1
119,1,1,2,1,0,1,1,3
119,1,1,2,2,0,1,1,19
119,1,1,3,0,0,1,1,1
119,1,1,3,1,0,1,1,3
119,1,1,3,2,0,1,1,19
119,1,2,1,0,1,1,1,1
119,1,2,1,1,1,1,1,1
119,1,2,1,2,1,1,1,1
119,1,2,2,0,0,1,1,1
119,1,2,2,1,0,1,1,3
119,1,2,2,2,0,1,1,19
119,1,2,3,0,0,1,1,1
119,1,2,3,1,0,1,1,3
119,1,2,3,2,0,1,1,19
119,1,3,1,0,0,1,1,1
119,1,3,1,1,0,1,1,3
119,1,3,1,2,0,1,1,19
119,1,3,2,0,0,1,1,1
119,1,3,2,1,0,1,1,3
119,1,3,2,2,0,1,1,19
119,1,3,3,0,0,1,1,1
119,1,3,3,1,0,1,1,3
119,1,3,3,2,0,1,1,19
119,1,4,1,0,0,1,1,1
119,1,4,1,1,0,1,1,3
119,1,4,1,2,0,1,1,19
119,1,4,2,0,0,1,1,1
119,1,4,2,1,0,1,1,3
119,1,4,2,2,0,1,1,19
119,1,4,3,0,0,1,1,1
119,1,4,3,1,0,1,1,3
119,1,4,3,2,0,1,1,19
119,1,5,1,0,1,1,1,1
119,1,5,1,1,1,1,1,1
119,1,5,1,2,1,1,1,1
119,1,5,2,0,0,1,1,1
119,1,5,2,1,1,1,1,2
119,1,5,2,2,1,1,1,2
119,1,5,3,0,0,1,1,1
119,1,5,3,1,0,1,1,3
119,1,5,3,2,1,1,1,3
119,1,6,1,0,0,1,1,1
119,1,6,1,1,0,1,1,3
119,1,6,1,2,0,1,1,19
119,1,6,2,0,1,1,1,1
119,1,6,2,1,1,1,1,1
119,1,6,2,2,1,1,1,1
119,1,6,3,0,0,1,1,1
119,1,6,3,1,0,1,1,3
119,1,6,3,2,0,1,1,19
119,1,7,1,0,0,1,1,1
119,1,7,1,1,0,1,1,3
119,1,7,1,2,0,1,1,19
119,1,7,2,0,1,1,1,1
119,1,7,2,1,1,1,1,1
119,1,7,2,2,1,1,1,1
119,1,7,3,0,0,1,1,1
119,1,7,3,1,0,1,1,3
119,1,7,3,2,0,1,1,19
119,1,8,1,0,1,1,1,1
119,1,8,1,1,1,1,1,1
119,1,8,1,2,1,1,1,1
119,1,8,2,0,1,1,1,1
119,1,8,2,1,1,1,1,1
119,1,8,2,2,1,1,1,1
119,1,8,3,0,1,1,1,1
119,1,8,3,1,1,1,1,1
119,1,8,3,2,1,1,1,1
120,0,0,1,0,0,1,1,1
120,0,0,1,1,0,1,1,3
120,0,0,1,2,0,1,1,7
120,0,0,2,0,0,1,1,1
120,0,0,2,1,0,1,1,3
120,0,0,2,2,0,1,1,7
120,0,0,3,0,0,1,1,1
120,0,0,3,1,0,1,1,3
120,0,0,3,2,0,1,1,7
120,0,1,1,0,0,1,1,1
120,0,1,1,1,0,1,1,3
120,0,1,1,2,0,1,1,7
120,0,1,2,0,0,1,1,1
120,0,1,2,1,0,1,1,3
120,0,1,2,2,0,1,1,7
120,0,1,3,0,0,1,1,1
120,0,1,3,1,0,1,1,3
120,0,1,3,2,0,1,1,7
120,0,2,1,0,1,1,1,1
120,0,2,1,1,1,1,1,1
120,0,2,1,2,1,1,1,1
120,0,2,2,0,0,1,1,1
120,0,2,2,1,0,1,1,3
120,0,2,2,2,0,1,1,7
120,0,2,3,0,0,1,1,1
120,0,2,3,1,0,1,1,3
120,0,2,3,2,0,1,1,7
120,0,3,1,0,0,1,1,1
120,0,3,1,1,0,1,1,3
120,0,3,1,2,0,1,1,7
120,0,3,2,0,0,1,1,1
120,0,3,2,1,0,1,1,3
120,0,3,2,2,0,1,1,7
120,0,3,3,0,0,1,1,1
120,0,3,3,1,0,1,1,3
120,0,3,3,2,0,1,1,7
120,0,4,1,0,0,1,1,1
120,0,4,1,1,0,1,1,3
120,0,4,1,2,0,1,1,7
120,0,4,2,0,0,1,1,1
120,0,4,2,1,0,1,1,3
120,0,4,2,2,0,1,1,7
120,0,4,3,0,0,1,1,1
120,0,4,3,1,0,1,1,3
120,0,4,3,2,0,1,1,7
120,0,5,1,0,1,1,1,1
120,0,5,1,1,1,1,1,1
120,0,5,1,2,1,1,1,1
120,0,5,2,0,0,1,1,1
120,0,5,2,1,1,1,1,3
120,0,5,2,2,1,1,1,4
120,0,5,3,0,0,1,1,1
120,0,5,3,1,0,1,1,3
120,0,5,3,2,0,1,1,7
120,0,6,1,0,0,1,1,1
120,0,6,1,1,0,1,1,3
120,0,6,1,2,0,1,1,7
120,0,6,2,0,1,1,1,1
120,0,6,2,1,1,1,1,1
120,0,6,2,2,1,1,1,1
120,0,6,3,0,0,1,1,1
120,0,6,3,1,0,1,1,3
120,0,6,3,2,0,1,1,7
120,0,7,1,0,0,1,1,1
120,0,7,1,1,0,1,1,3
120,0,7,1,2,0,1,1,7
120,0,7,2,0,1,1,1,1
120,0,7,2,1,1,1,1,1
120,0,7,2,2,1,1,1,1
120,0,7,3,0,0,1,1,1
120,0,7,3,1,0,1,1,3
120,0,7,3,2,0,1,1,7
120,0,8,1,0,1,1,1,1
120,0,8,1,1,1,1,1,1
120,0,8,1,2,1,1,1,1
120,0,8,2,0,1,1,1,1
120,0,8,2,1,1,1,1,1
120,0,8,2,2,1,1,1,1
120,0,8,3,0,1,1,1,1
120,0,8,3,1,1,1,1,1
120,0,8,3,2,1,1,1,1
120,1,0,1,0,0,1,1,1
120,1,0,1,1,0,1,1,3
120,1,0,1,2,0,1,1,13
120,1,0,2,0,0,1,1,1
120,1,0,2,1,0,1,1,3
120,1,0,2,2,0,1,1,13
120,1,0,3,0,0,1,1,1
120,1,0,3,1,0,1,1,3
120,1,0,3,2,0,1,1,13
120,1,1,1,0,0,1,1,1
120,1,1,1,1,0,1,1,3
120,1,1,1,2,0,1,1,13
120,1,1,2,0,0,1,1,1
120,1,1,2,1,0,1,1,3
120,1,1,2,2,0,1,1,13
120,1,1,3,0,0,1,1,1
120,1,1,3,1,0,1,1,3
120,1,1,3,2,0,1,1,13
120,1,2,1,0,1,1,1,1
120,1,2,1,1,1,1,1,1
120,1,2,1,2,1,1,1,1
120,1,2,2,0,0,1,1,1
120,1,2,2,1,0,1,1,3
120,1,2,2,2,0,1,1,13
120,1,2,3,0,0,1,1,1
120,1,2,3,1,0,1,1,3
120,1,2,3,2,0,1,1,13
120,1,3,1,0,0,1,1,1
120,1,3,1,1,0,1,1,3
120,1,3,1,2,0,1,1,13
120,1,3,2,0,0,1,1,1
120,1,3,2,1,0,1,1,3
120,1,3,2,2,0,1,1,13
120,1,3,3,0,0,1,1,1
120,1,3,3,1,0,1,1,3
120,1,3,3,2,0,1,1,13
120,1,4,1,0,0,1,1,1
120,1,4,1,1,0,1,1,3
120,1,4,1,2,0,1,1,13
120,1,4,2,0,0,1,1,1
120,1,4,2,1,0,1,1,3
120,1,4,2,2,0,1,1,13
120,1,4,3,0,0,1,1,1
120,1,4,3,1,0,1,1,3
120,1,4,3,2,0,1,1,13
120,1,5,1,0,1,1,1,1
120,1,5,1,1,1,1,1,1
120,1,5,1,2,1,1,1,1
120,1,5,2,0,0,1,1,1
120,1,5,2,1,1,1,1,3
120,1,5,2,2,1,1,1,4
120,1,5,3,0,0,1,1,1
120,1,5,3,1,0,1,1,3
120,1,5,3,2,1,1,1,7
120,1,6,1,0,0,1,1,1
120,1,6,1,1,0,1,1,3
120,1,6,1,2,0,1,1,13
120,1,6,2,0,1,1,1,1
120,1,6,2,1,1,1,1,1
120,1,6,2,2,1,1,1,1
120,1,6,3,0,0,1,1,1
120,1,6,3,1,0,1,1,3
120,1,6,3,2,0,1,1,13
120,1,7,1,0,0,1,1,1
120,1,7,1,1,0,1,1,3
120,1,7,1,2,0,1,1,13
120,1,7,2,0,1,1,1,1
120,1,7,2,1,1,1,1,1
120,1,7,2,2,1,1,1,1
120,1,7,3,0,0,1,1,1
120,1,7,3,1,0,1,1,3
120,1,7,3,2,0,1,1,13
120,1,8,1,0,1,1,1,1
120,1,8,1,1,1,1,1,1
120,1,8,1,2,1,1,1,1
120,1,8,2,0,1,1,1,1
120,1,8,2,1,1,1,1,1
120,1,8,2,2,1,1,1,1
120,1,8,3,0,1,1,1,1
120,1,8,3,1,1,1,1,1
120,1,8,3,2,1,1,1,1
121,0,0,1,0,0,1,1,1
121,0,0,1,1,0,1,1,3
121,0,0,1,2,0,1,1,7
121,0,0,2,0,0,1,1,1
121,0,0,2,1,0,1,1,3
121,0,0,2,2,0,1,1,7
121,0,0,3,0,0,1,1,1
121,0,0,3,1,0,1,1,3
121,0,0,3,2,0,1,1,7
121,0,1,1,0,0,1,1,1
121,0,1,1,1,0,1,1,3
121,0,1,1,2,0,1,1,7
121,0,1,2,0,0,1,1,1
121,0,1,2,1,0,1,1,3
121,0,1,2,2,0,1,1,7
121,0,1,3,0,0,1,1,1
121,0,1,3,1,0,1,1,3
121,0,1,3,2,0,1,1,7
121,0,2,1,0,1,1,1,1
121,0,2,1,1,1,1,1,1
121,0,2,1,2,1,1,1,1
121,0,2,2,0,0,1,1,1
121,0,2,2,1,0,1,1,3
121,0,2,2,2,0,1,1,7
121,0,2,3,0,0,1,1,1
121,0,2,3,1,0,1,1,3
121,0,2,3,2,0,1,1,7
121,0,3,1,0,0,1,1,1
121,0,3,1,1,0,1,1,3
121,0,3,1,2,0,1,1,7
121,0,3,2,0,0,1,1,1
121,0,3,2,1,0,1,1,3
121,0,3,2,2,0,1,1,7
121,0,3,3,0,0,1,1,1
121,0,3,3,1,0,1,1,3
121,0,3,3,2,0,1,1,7
121,0,4,1,0,0,1,1,1
121,0,4,1,1,0,1,1,3
121,0,4,1,2,0,1,1,7
121,0,4,2,0,0,1,1,1
121,0,4,2,1,0,1,1,3
121,0,4,2,2,0,1,1,7
121,0,4,3,0,0,1,1,1
121,0,4,3,1,0,1,1,3
121,0,4,3,2,0,1,1,7
121,0,5,1,0,1,1,1,1
121,0,5,1,1,1,1,1,1
121,0,5,1,2,1,1,1,1
121,0,5,2,0,0,1,1,1
121,0,5,2,1,1,1,1,3
121,0,5,2,2,1,1,1,4
121,0,5,3,0,0,1,1,1
121,0,5,3,1,0,1,1,3
121,0,5,3,2,0,1,1,7
121,0,6,1,0,0,1,1,1
121,0,6,1,1,0,1,1,3
121,0,6,1,2,0,1,1,7
121,0,6,2,0,1,1,1,1
121,0,6,2,1,1,1,1,1
121,0,6,2,2,1,1,1,1
121,0,6,3,0,0,1,1,1
121,0,6,3,1,0,1,1,3
121,0,6,3,2,0,1,1,7
121,0,7,1,0,0,1,1,1
121,0,7,1,1,0,1,1,3
121,0,7,1,2,0,1,1,7
121,0,7,2,0,1,1,1,1
121,0,7,2,1,1,1,1,1
121,0,7,2,2,1,1,1,1
121,0,7,3,0,0,1,1,1
121,0,7,3,1,0,1,1,3
121,0,7,3,2,0,1,1,7
121,0,8,1,0,1,1,1,1
121,0,8,1,1,1,1,1,1
121,0,8,1,2,1,1,1,1
121,0,8,2,0,1,1,1,1
121,0,8,2,1,1,1,1,1
121,0,8,2,2,1,1,1,1
121,0,8,3,0,1,1,1,1
121,0,8,3,1,1,1,1,1
121,0,8,3,2,1,1,1,1
121,1,0,1,0,0,1,1,1
121,1,0,1,1,0,1,1,3
121,1,0,1,2,0,1,1,19
121,1,0,2,0,0,1,1,1
121,1,0,2,1,0,1,1,3
121,1,0,2,2,0,1,1,19
121,1,0,3,0,0,1,1,1
121,1,0,3,1,0,1,1,3
121,1,0,3,2,0,1,1,19
121,1,1,1,0,0,1,1,1
121,1,1,1,1,0,1,1,3
121,1,1,1,2,0,1,1,19
121,1,1,2,0,0,1,1,1
121,1,1,2,1,0,1,1,3
121,1,1,2,2,0,1,1,19
121,1,1,3,0,0,1,1,1
121,1,1,3,1,0,1,1,3
121,1,1,3,2,0,1,1,19
121,1,2,1,0,1,1,1,1
121,1,2,1,1,1,1,1,1
121,1,2,1,2,1,1,1,1
121,1,2,2,0,0,1,1,1
121,1,2,2,1,0,1,1,3
121,1,2,2,2,0,1,1,19
121,1,2,3,0,0,1,1,1
121,1,2,3,1,0,1,1,3
121,1,2,3,2,0,1,1,19
121,1,3,1,0,0,1,1,1
121,1,3,1,1,0,1,1,3
121,1,3,1,2,0,1,1,19
121,1,3,2,0,0,1,1,1
121,1,3,2,1,0,1,1,3
121,1,3,2,2,0,1,1,19
121,1,3,3,0,0,1,1,1
121,1,3,3,1,0,1,1,3
121,1,3,3,2,0,1,1,19
121,1,4,1,0,0,1,1,1
121,1,4,1,1,0,1,1,3
121,1,4,1,2,0,1,1,19
121,1,4,2,0,0,1,1,1
121,1,4,2,1,0,1,1,3
121,1,4,2,2,0,1,1,19
121,1,4,3,0,0,1,1,1
121,1,4,3,1,0,1,1,3
121,1,4,3,2,0,1,1,19
121,1,5,1,0,1,1,1,1
121,1,5,1,1,1,1,1,1
121,1,5,1,2,1,1,1,1
121,1,5,2,0,0,1,1,1
121,1,5,2,1,1,1,1,3
121,1,5,2,2,1,1,1,4
121,1,5,3,0,0,1,1,1
121,1,5,3,1,0,1,1,3
121,1,5,3,2,1,1,1,4
121,1,6,1,0,0,1,1,1
121,1,6,1,1,0,1,1,3
121,1,6,1,2,0,1,1,19
121,1,6,2,0,1,1,1,1
121,1,6,2,1,1,1,1,1
121,1,6,2,2,1,1,1,1
121,1,6,3,0,0,1,1,1
121,1,6,3,1,0,1,1,3
121,1,6,3,2,0,1,1,19
121,1,7,1,0,0,1,1,1
121,1,7,1,1,0,1,1,3
121,1,7,1,2,0,1,1,19
121,1,7,2,0,1,1,1,1
121,1,7,2,1,1,1,1,1
121,1,7,2,2,1,1,1,1
121,1,7,3,0,0,1,1,1
121,1,7,3,1,0,1,1,3
121,1,7,3,2,0,1,1,19
121,1,8,1,0,1,1,1,1
121,1,8,1,1,1,1,1,1
121,1,8,1,2,1,1,1,1
121,1,8,2,0,1,1,1,1
121,1,8,2,1,1,1,1,1
121,1,8,2,2,1,1,1,1
121,1,8,3,0,1,1,1,1
121,1,8,3,1,1,1,1,1
121,1,8,3,2,1,1,1,1
122,0,0,1,0,0,1,1,1
122,0,0,1,1,0,1,1,3
122,0,0,1,2,0,1,1,7
122,0,0,2,0,0,1,1,1
122,0,0,2,1,0,1,1,3
122,0,0,2,2,0,1,1,7
122,0,0,3,0,0,1,1,1
122,0,0,3,1,0,1,1,3
122,0,0,3,2,0,1,1,7
122,0,1,1,0,0,1,1,1
122,0,1,1,1,0,1,1,3
122,0,1,1,2,0,1,1,7
122,0,1,2,0,0,1,1,1
122,0,1,2,1,0,1,1,3
122,0,1,2,2,0,1,1,7
122,0,1,3,0,0,1,1,1
122,0,1,3,1,0,1,1,3
122,0,1,3,2,0,1,1,7
122,0,2,1,0,1,1,1,1
122,0,2,1,1,1,1,1,1
122,0,2,1,2,1,1,1,1
122,0,2,2,0,0,1,1,1
122,0,2,2,1,0,1,1,3
122,0,2,2,2,0,1,1,7
122,0,2,3,0,0,1,1,1
122,0,2,3,1,0,1,1,3
122,0,2,3,2,0,1,1,7
122,0,3,1,0,0,1,1,1
122,0,3,1,1,0,1,1,3
122,0,3,1,2,0,1,1,7
122,0,3,2,0,0,1,1,1
122,0,3,2,1,0,1,1,3
122,0,3,2,2,0,1,1,7
122,0,3,3,0,0,1,1,1
122,0,3,3,1,0,1,1,3
122,0,3,3,2,0,1,1,7
122,0,4,1,0,0,1,1,1
122,0,4,1,1,0,1,1,3
122,0,4,1,2,0,1,1,7
122,0,4,2,0,0,1,1,1
122,0,4,2,1,0,1,1,3
122,0,4,2,2,0,1,1,7
122,0,4,3,0,0,1,1,1
122,0,4,3,1,0,1,1,3
122,0,4,3,2,0,1,1,7
122,0,5,1,0,1,1,1,1
122,0,5,1,1,1,1,1,1
122,0,5,1,2,1,1,1,1
122,0,5,2,0,0,1,1,1
122,0,5,2,1,1,1,1,3
122,0,5,2,2,1,1,1,4
122,0,5,3,0,0,1,1,1
122,0,5,3,1,0,1,1,3
122,0,5,3,2,1,1,1,4
122,0,6,1,0,0,1,1,1
122,0,6,1,1,0,1,1,3
122,0,6,1,2,0,1,1,7
122,0,6,2,0,1,1,1,1
122,0,6,2,1,1,1,1,1
122,0,6,2,2,1,1,1,1
122,0,6,3,0,0,1,1,1
122,0,6,3,1,0,1,1,3
122,0,6,3,2,0,1,1,7
122,0,7,1,0,0,1,1,1
122,0,7,1,1,1,1,1,2
122,0,7,1,2,1,1,1,2
122,0,7,2,0,1,1,1,1
122,0,7,2,1,1,1,1,1
122,0,7,2,2,1,1,1,1
122,0,7,3,0,0,1,1,1
122,0,7,3,1,1,1,1,2
122,0,7,3,2,1,1,1,2
122,0,8,1,0,1,1,1,1
122,0,8,1,1,1,1,1,1
122,0,8,1,2,1,1,1,1
122,0,8,2,0,1,1,1,1
122,0,8,2,1,1,1,1,1
122,0,8,2,2,1,1,1,1
122,0,8,3,0,1,1,1,1
122,0,8,3,1,1,1,1,1
122,0,8,3,2,1,1,1,1
122,1,0,1,0,0,1,1,1
122,1,0,1,1,0,1,1,3
122,1,0,1,2,0,1,1,13
122,1,0,2,0,0,1,1,1
122,1,0,2,1,0,1,1,3
122,1,0,2,2,0,1,1,13
122,1,0,3,0,0,1,1,1
122,1,0,3,1,0,1,1,3
122,1,0,3,2,0,1,1,13
122,1,1,1,0,0,1,1,1
122,1,1,1,1,0,1,1,3
122,1,1,1,2,0,1,1,13
122,1,1,2,0,0,1,1,1
122,1,1,2,1,0,1,1,3
122,1,1,2,2,0,1,1,13
122,1,1,3,0,0,1,1,1
122,1,1,3,1,0,1,1,3
122,1,1,3,2,0,1,1,13
122,1,2,1,0,1,1,1,1
122,1,2,1,1,1,1,1,1
122,1,2,1,2,1,1,1,1
122,1,2,2,0,0,1,1,1
122,1,2,2,1,0,1,1,3
122,1,2,2,2,0,1,1,13
122,1,2,3,0,0,1,1,1
122,1,2,3,1,0,1,1,3
122,1,2,3,2,0,1,1,13
122,1,3,1,0,0,1,1,1
122,1,3,1,1,0,1,1,3
122,1,3,1,2,0,1,1,13
122,1,3,2,0,0,1,1,1
122,1,3,2,1,0,1,1,3
122,1,3,2,2,0,1,1,13
122,1,3,3,0,0,1,1,1
122,1,3,3,1,0,1,1,3
122,1,3,3,2,0,1,1,13
122,1,4,1,0,0,1,1,1
122,1,4,1,1,0,1,1,3
122,1,4,1,2,0,1,1,13
122,1,4,2,0,0,1,1,1
122,1,4,2,1,0,1,1,3
122,1,4,2,2,0,1,1,13
122,1,4,3,0,0,1,1,1
122,1,4,3,1,0,1,1,3
122,1,4,3,2,0,1,1,13
122,1,5,1,0,1,1,1,1
122,1,5,1,1,1,1,1,1
122,1,5,1,2,1,1,1,1
122,1,5,2,0,0,1,1,1
122,1,5,2,1,1,1,1,3
122,1,5,2,2,1,1,1,4
122,1,5,3,0,0,1,1,1
122,1,5,3,1,0,1,1,3
122,1,5,3,2,1,1,1,4
122,1,6,1,0,0,1,1,1
122,1,6,1,1,0,1,1,3
122,1,6,1,2,0,1,1,13
122,1,6,2,0,1,1,1,1
122,1,6,2,1,1,1,1,1
122,1,6,2,2,1,1,1,1
122,1,6,3,0,0,1,1,1
122,1,6,3,1,0,1,1,3
122,1,6,3,2,0,1,1,13
122,1,7,1,0,0,1,1,1
122,1,7,1,1,1,1,1,2
122,1,7,1,2,1,1,1,2
122,1,7,2,0,1,1,1,1
122,1,7,2,1,1,1,1,1
122,1,7,2,2,1,1,1,1
122,1,7,3,0,0,1,1,1
122,1,7,3,1,1,1,1,2
122,1,7,3,2,1,1,1,2
122,1,8,1,0,1,1,1,1
122,1,8,1,1,1,1,1,1
122,1,8,1,2,1,1,1,1
122,1,8,2,0,1,1,1,1
122,1,8,2,1,1,1,1,1
122,1,8,2,2,1,1,1,1
122,1,8,3,0,1,1,1,1
122,1,8,3,1,1,1,1,1
122,1,8,3,2,1,1,1,1
123,0,0,1,0,0,1,1,1
123,0,0,1,1,0,1,1,3
123,0,0,1,2,0,1,1,7
123,0,0,2,0,0,1,1,1
123,0,0,2,1,0,1,1,3
123,0,0,2,2,0,1,1,7
123,0,0,3,0,0,1,1,1
123,0,0,3,1,0,1,1,3
123,0,0,3,2,0,1,1,7
123,0,1,1,0,0,1,1,1
123,0,1,1,1,0,1,1,3
123,0,1,1,2,0,1,1,7
123,0,1,2,0,0,1,1,1
123,0,1,2,1,0,1,1,3
123,0,1,2,2,0,1,1,7
123,0,1,3,0,0,1,1,1
123,0,1,3,1,0,1,1,3
123,0,1,3,2,0,1,1,7
123,0,2,1,0,1,1,1,1
123,0,2,1,1,1,1,1,1
123,0,2,1,2,1,1,1,1
123,0,2,2,0,0,1,1,1
123,0,2,2,1,0,1,1,3
123,0,2,2,2,0,1,1,7
123,0,2,3,0,0,1,1,1
123,0,2,3,1,0,1,1,3
123,0,2,3,2,0,1,1,7
123,0,3,1,0,0,1,1,1
123,0,3,1,1,0,1,1,3
123,0,3,1,2,0,1,1,7
123,0,3,2,0,0,1,1,1
123,0,3,2,1,0,1,1,3
123,0,3,2,2,0,1,1,7
123,0,3,3,0,0,1,1,1
123,0,3,3,1,0,1,1,3
123,0,3,3,2,0,1,1,7
123,0,4,1,0,0,1,1,1
123,0,4,1,1,0,1,1,3
123,0,4,1,2,0,1,1,7
123,0,4,2,0,0,1,1,1
123,0,4,2,1,0,1,1,3
123,0,4,2,2,0,1,1,7
123,0,4,3,0,0,1,1,1
123,0,4,3,1,0,1,1,3
123,0,4,3,2,0,1,1,7
123,0,5,1,0,1,1,1,1
123,0,5,1,1,1,1,1,1
123,0,5,1,2,1,1,1,1
123,0,5,2,0,0,1,1,1
123,0,5,2,1,1,1,1,3
123,0,5,2,2,1,1,1,4
123,0,5,3,0,0,1,1,1
123,0,5,3,1,0,1,1,3
123,0,5,3,2,0,1,1,7
123,0,6,1,0,0,1,1,1
123,0,6,1,1,0,1,1,3
123,0,6,1,2,0,1,1,7
123,0,6,2,0,1,1,1,1
123,0,6,2,1,1,1,1,1
123,0,6,2,2,1,1,1,1
123,0,6,3,0,0,1,1,1
123,0,6,3,1,0,1,1,3
123,0,6,3,2,0,1,1,7
123,0,7,1,0,0,1,1,1
123,0,7,1,1,0,1,1,3
123,0,7,1,2,0,1,1,7
123,0,7,2,0,1,1,1,1
123,0,7,2,1,1,1,1,1
123,0,7,2,2,1,1,1,1
123,0,7,3,0,0,1,1,1
123,0,7,3,1,0,1,1,3
123,0,7,3,2,0,1,1,7
123,0,8,1,0,1,1,1,1
123,0,8,1,1,1,1,1,1
123,0,8,1,2,1,1,1,1
123,0,8,2,0,1,1,1,1
123,0,8,2,1,1,1,1,1
123,0,8,2,2,1,1,1,1
123,0,8,3,0,1,1,1,1
123,0,8,3,1,1,1,1,1
123,0,8,3,2,1,1,1,1
123,1,0,1,0,0,1,1,1
123,1,0,1,1,0,1,1,3
123,1,0,1,2,0,1,1,19
123,1,0,2,0,0,1,1,1
123,1,0,2,1,0,1,1,3
123,1,0,2,2,0,1,1,19
123,1,0,3,0,0,1,1,1
123,1,0,3,1,0,1,1,3
123,1,0,3,2,0,1,1,19
123,1,1,1,0,0,1,1,1
123,1,1,1,1,0,1,1,3
123,1,1,1,2,0,1,1,19
123,1,1,2,0,0,1,1,1
123,1,1,2,1,0,1,1,3
123,1,1,2,2,0,1,1,19
123,1,1,3,0,0,1,1,1
123,1,1,3,1,0,1,1,3
123,1,1,3,2,0,1,1,19
123,1,2,1,0,1,1,1,1
123,1,2,1,1,1,1,1,1
123,1,2,1,2,1,1,1,1
123,1,2,2,0,0,1,1,1
123,1,2,2,1,0,1,1,3
123,1,2,2,2,0,1,1,19
123,1,2,3,0,0,1,1,1
123,1,2,3,1,0,1,1,3
123,1,2,3,2,0,1,1,19
123,1,3,1,0,0,1,1,1
123,1,3,1,1,0,1,1,3
123,1,3,1,2,0,1,1,19
123,1,3,2,0,0,1,1,1
123,1,3,2,1,0,1,1,3
123,1,3,2,2,0,1,1,19
123,1,3,3,0,0,1,1,1
123,1,3,3,1,0,1,1,3
123,1,3,3,2,0,1,1,19
123,1,4,1,0,0,1,1,1
123,1,4,1,1,0,1,1,3
123,1,4,1,2,0,1,1,19
123,1,4,2,0,0,1,1,1
123,1,4,2,1,0,1,1,3
123,1,4,2,2,0,1,1,19
123,1,4,3,0,0,1,1,1
123,1,4,3,1,0,1,1,3
123,1,4,3,2,0,1,1,19
123,1,5,1,0,1,1,1,1
123,1,5,1,1,1,1,1,1
123,1,5,1,2,1,1,1,1
123,1,5,2,0,0,1,1,1
123,1,5,2,1,1,1,1,3
123,1,5,2,2,1,1,1,4
123,1,5,3,0,0,1,1,1
123,1,5,3,1,0,1,1,3
123,1,5,3,2,1,1,1,4
123,1,6,1,0,0,1,1,1
123,1,6,1,1,0,1,1,3
123,1,6,1,2,0,1,1,19
123,1,6,2,0,1,1,1,1
123,1,6,2,1,1,1,1,1
123,1,6,2,2,1,1,1,1
123,1,6,3,0,0,1,1,1
123,1,6,3,1,0,1,1,3
123,1,6,3,2,0,1,1,19
123,1,7,1,0,0,1,1,1
123,1,7,1,1,0,1,1,3
123,1,7,1,2,0,1,1,19
123,1,7,2,0,1,1,1,1
123,1,7,2,1,1,1,1,1
123,1,7,2,2,1,1,1,1
123,1,7,3,0,0,1,1,1
123,1,7,3,1,0,1,1,3
123,1,7,3,2,0,1,1,19
123,1,8,1,0,1,1,1,1
123,1,8,1,1,1,1,1,1
123,1,8,1,2,1,1,1,1
123,1,8,2,0,1,1,1,1
123,1,8,2,1,1,1,1,1
123,1,8,2,2,1,1,1,1
123,1,8,3,0,1,1,1,1
123,1,8,3,1,1,1,1,1
123,1,8,3,2,1,1,1,1
124,0,0,1,0,0,1,1,1
124,0,0,1,1,0,1,1,3
124,0,0,1,2,0,1,1,7
124,0,0,2,0,0,1,1,1
124,0,0,2,1,0,1,1,3
124,0,0,2,2,0,1,1,7
124,0,0,3,0,0,1,1,1
124,0,0,3,1,0,1,1,3
124,0,0,3,2,0,1,1,7
124,0,1,1,0,0,1,1,1
124,0,1,1,1,0,1,1,3
124,0,1,1,2,0,1,1,7
124,0,1,2,0,0,1,1,1
124,0,1,2,1,0,1,1,3
124,0,1,2,2,0,1,1,7
124,0,1,3,0,0,1,1,1
124,0,1,3,1,0,1,1,3
124,0,1,3,2,0,1,1,7
124,0,2,1,0,1,1,1,1
124,0,2,1,1,1,1,1,1
124,0,2,1,2,1,1,1,1
124,0,2,2,0,0,1,1,1
124,0,2,2,1,0,1,1,3
124,0,2,2,2,0,1,1,7
124,0,2,3,0,0,1,1,1
124,0,2,3,1,0,1,1,3
124,0,2,3,2,0,1,1,7
124,0,3,1,0,0,1,1,1
124,0,3,1,1,0,1,1,3
124,0,3,1,2,0,1,1,7
124,0,3,2,0,0,1,1,1
124,0,3,2,1,0,1,1,3
124,0,3,2,2,0,1,1,7
124,0,3,3,0,0,1,1,1
124,0,3,3,1,0,1,1,3
124,0,3,3,2,0,1,1,7
124,0,4,1,0,0,1,1,1
124,0,4,1,1,0,1,1,3
124,0,4,1,2,0,1,1,7
124,0,4,2,0,0,1,1,1
124,0,4,2,1,0,1,1,3
124,0,4,2,2,0,1,1,7
124,0,4,3,0,0,1,1,1
124,0,4,3,1,0,1,1,3
124,0,4,3,2,0,1,1,7
124,0,5,1,0,1,1,1,1
124,0,5,1,1,1,1,1,1
124,0,5,1,2,1,1,1,1
124,0,5,2,0,0,1,1,1
124,0,5,2,1,1,1,1,3
124,0,5,2,2,1,1,1,5
124,0,5,3,0,0,1,1,1
124,0,5,3,1,0,1,1,3
124,0,5,3,2,0,1,1,7
124,0,6,1,0,0,1,1,1
124,0,6,1,1,0,1,1,3
124,0,6,1,2,0,1,1,7
124,0,6,2,0,1,1,1,1
124,0,6,2,1,1,1,1,1
124,0,6,2,2,1,1,1,1
124,0,6,3,0,0,1,1,1
124,0,6,3,1,0,1,1,3
124,0,6,3,2,0,1,1,7
124,0,7,1,0,0,1,1,1
124,0,7,1,1,0,1,1,3
124,0,7,1,2,0,1,1,7
124,0,7,2,0,1,1,1,1
124,0,7,2,1,1,1,1,1
124,0,7,2,2,1,1,1,1
124,0,7,3,0,0,1,1,1
124,0,7,3,1,0,1,1,3
124,0,7,3,2,0,1,1,7
124,0,8,1,0,1,1,1,1
124,0,8,1,1,1,1,1,1
124,0,8,1,2,1,1,1,1
124,0,8,2,0,1,1,1,1
124,0,8,2,1,1,1,1,1
124,0,8,2,2,1,1,1,1
124,0,8,3,0,1,1,1,1
124,0,8,3,1,1,1,1,1
124,0,8,3,2,1,1,1,1
124,1,0,1,0,0,1,1,1
124,1,0,1,1,0,1,1,3
124,1,0,1,2,0,1,1,19
124,1,0,2,0,0,1,1,1
124,1,0,2,1,0,1,1,3
124,1,0,2,2,0,1,1,19
124,1,0,3,0,0,1,1,1
124,1,0,3,1,0,1,1,3
124,1,0,3,2,0,1,1,19
124,1,1,1,0,0,1,1,1
124,1,1,1,1,0,1,1,3
124,1,1,1,2,0,1,1,19
124,1,1,2,0,0,1,1,1
124,1,1,2,1,0,1,1,3
124,1,1,2,2,0,1,1,19
124,1,1,3,0,0,1,1,1
124,1,1,3,1,0,1,1,3
124,1,1,3,2,0,1,1,19
124,1,2,1,0,1,1,1,1
124,1,2,1,1,1,1,1,1
124,1,2,1,2,1,1,1,1
124,1,2,2,0,0,1,1,1
124,1,2,2,1,0,1,1,3
124,1,2,2,2,0,1,1,19
124,1,2,3,0,0,1,1,1
124,1,2,3,1,0,1,1,3
124,1,2,3,2,0,1,1,19
124,1,3,1,0,0,1,1,1
124,1,3,1,1,0,1,1,3
124,1,3,1,2,0,1,1,19
124,1,3,2,0,0,1,1,1
124,1,3,2,1,0,1,1,3
124,1,3,2,2,0,1,1,19
124,1,3,3,0,0,1,1,1
124,1,3,3,1,0,1,1,3
124,1,3,3,2,0,1,1,19
124,1,4,1,0,0,1,1,1
124,1,4,1,1,0,1,1,3
124,1,4,1,2,0,1,1,19
124,1,4,2,0,0,1,1,1
124,1,4,2,1,0,1,1,3
124,1,4,2,2,0,1,1,19
124,1,4,3,0,0,1,1,1
124,1,4,3,1,0,1,1,3
124,1,4,3,2,0,1,1,19
124,1,5,1,0,1,1,1,1
124,1,5,1,1,1,1,1,1
124,1,5,1,2,1,1,1,1
124,1,5,2,0,0,1,1,1
124,1,5,2,1,1,1,1,3
124,1,5,2,2,1,1,1,4
124,1,5,3,0,0,1,1,1
124,1,5,3,1,0,1,1,3
124,1,5,3,2,1,1,1,13
124,1,6,1,0,0,1,1,1
124,1,6,1,1,0,1,1,3
124,1,6,1,2,0,1,1,19
124,1,6,2,0,1,1,1,1
124,1,6,2,1,1,1,1,1
124,1,6,2,2,1,1,1,1
124,1,6,3,0,0,1,1,1
124,1,6,3,1,0,1,1,3
124,1,6,3,2,0,1,1,19
124,1,7,1,0,0,1,1,1
124,1,7,1,1,0,1,1,3
124,1,7,1,2,0,1,1,19
124,1,7,2,0,1,1,1,1
124,1,7,2,1,1,1,1,1
124,1,7,2,2,1,1,1,1
124,1,7,3,0,0,1,1,1
124,1,7,3,1,0,1,1,3
124,1,7,3,2,0,1,1,19
124,1,8,1,0,1,1,1,1
124,1,8,1,1,1,1,1,1
124,1,8,1,2,1,1,1,1
124,1,8,2,0,1,1,1,1
124,1,8,2,1,1,1,1,1
124,1,8,2,2,1,1,1,1
124,1,8,3,0,1,1,1,1
124,1,8,3,1,1,1,1,1
124,1,8,3,2,1,1,1,1
125,0,0,1,0,0,1,1,1
125,0,0,1,1,0,1,1,3
125,0,0,1,2,0,1,1,7
125,0,0,2,0,0,1,1,1
125,0,0,2,1,0,1,1,3
125,0,0,2,2,0,1,1,7
125,0,0,3,0,0,1,1,1
125,0,0,3,1,0,1,1,3
125,0,0,3,2,0,1,1,7
125,0,1,1,0,0,1,1,1
125,0,1,1,1,0,1,1,3
125,0,1,1,2,0,1,1,7
125,0,1,2,0,0,1,1,1
125,0,1,2,1,0,1,1,3
125,0,1,2,2,0,1,1,7
125,0,1,3,0,0,1,1,1
125,0,1,3,1,0,1,1,3
125,0,1,3,2,0,1,1,7
125,0,2,1,0,1,1,1,1
125,0,2,1,1,1,1,1,1
125,0,2,1,2,1,1,1,1
125,0,2,2,0,0,1,1,1
125,0,2,2,1,0,1,1,3
125,0,2,2,2,0,1,1,7
125,0,2,3,0,0,1,1,1
125,0,2,3,1,0,1,1,3
125,0,2,3,2,0,1,1,7
125,0,3,1,0,0,1,1,1
125,0,3,1,1,0,1,1,3
125,0,3,1,2,0,1,1,7
125,0,3,2,0,0,1,1,1
125,0,3,2,1,0,1,1,3
125,0,3,2,2,0,1,1,7
125,0,3,3,0,0,1,1,1
125,0,3,3,1,0,1,1,3
125,0,3,3,2,0,1,1,7
125,0,4,1,0,0,1,1,1
125,0,4,1,1,0,1,1,3
125,0,4,1,2,0,1,1,7
125,0,4,2,0,0,1,1,1
125,0,4,2,1,0,1,1,3
125,0,4,2,2,0,1,1,7
125,0,4,3,0,0,1,1,1
125,0,4,3,1,0,1,1,3
125,0,4,3,2,0,1,1,7
125,0,5,1,0,1,1,1,1
125,0,5,1,1,1,1,1,1
125,0,5,1,2,1,1,1,1
125,0,5,2,0,0,1,1,1
125,0,5,2,1,1,1,1,3
125,0,5,2,2,1,1,1,5
125,0,5,3,0,0,1,1,1
125,0,5,3,1,0,1,1,3
125,0,5,3,2,0,1,1,7
125,0,6,1,0,0,1,1,1
125,0,6,1,1,0,1,1,3
125,0,6,1,2,0,1,1,7
125,0,6,2,0,1,1,1,1
125,0,6,2,1,1,1,1,1
125,0,6,2,2,1,1,1,1
125,0,6,3,0,0,1,1,1
125,0,6,3,1,0,1,1,3
125,0,6,3,2,0,1,1,7
125,0,7,1,0,0,1,1,1
125,0,7,1,1,0,1,1,3
125,0,7,1,2,0,1,1,7
125,0,7,2,0,1,1,1,1
125,0,7,2,1,1,1,1,1
125,0,7,2,2,1,1,1,1
125,0,7,3,0,0,1,1,1
125,0,7,3,1,0,1,1,3
125,0,7,3,2,0,1,1,7
125,0,8,1,0,1,1,1,1
125,0,8,1,1,1,1,1,1
125,0,8,1,2,1,1,1,1
125,0,8,2,0,1,1,1,1
125,0,8,2,1,1,1,1,1
125,0,8,2,2,1,1,1,1
125,0,8,3,0,1,1,1,1
125,0,8,3,1,1,1,1,1
125,0,8,3,2,1,1,1,1
125,1,0,1,0,0,1,1,1
125,1,0,1,1,0,1,1,3
125,1,0,1,2,0,1,1,19
125,1,0,2,0,0,1,1,1
125,1,0,2,1,0,1,1,3
125,1,0,2,2,0,1,1,19
125,1,0,3,0,0,1,1,1
125,1,0,3,1,0,1,1,3
125,1,0,3,2,0,1,1,19
125,1,1,1,0,0,1,1,1
125,1,1,1,1,0,1,1,3
125,1,1,1,2,0,1,1,19
125,1,1,2,0,0,1,1,1
125,1,1,2,1,0,1,1,3
125,1,1,2,2,0,1,1,19
125,1,1,3,0,0,1,1,1
125,1,1,3,1,0,1,1,3
125,1,1,3,2,0,1,1,19
125,1,2,1,0,1,1,1,1
125,1,2,1,1,1,1,1,1
125,1,2,1,2,1,1,1,1
125,1,2,2,0,0,1,1,1
125,1,2,2,1,0,1,1,3
125,1,2,2,2,0,1,1,19
125,1,2,3,0,0,1,1,1
125,1,2,3,1,0,1,1,3
125,1,2,3,2,0,1,1,19
125,1,3,1,0,0,1,1,1
125,1,3,1,1,0,1,1,3
125,1,3,1,2,0,1,1,19
125,1,3,2,0,0,1,1,1
125,1,3,2,1,0,1,1,3
125,1,3,2,2,0,1,1,19
125,1,3,3,0,0,1,1,1
125,1,3,3,1,0,1,1,3
125,1,3,3,2,0,1,1,19
125,1,4,1,0,0,1,1,1
125,1,4,1,1,0,1,1,3
125,1,4,1,2,0,1,1,19
125,1,4,2,0,0,1,1,1
125,1,4,2,1,0,1,1,3
125,1,4,2,2,0,1,1,19
125,1,4,3,0,0,1,1,1
125,1,4,3,1,0,1,1,3
125,1,4,3,2,0,1,1,19
125,1,5,1,0,1,1,1,1
125,1,5,1,1,1,1,1,1
125,1,5,1,2,1,1,1,1
125,1,5,2,0,0,1,1,1
125,1,5,2,1,1,1,1,3
125,1,5,2,2,1,1,1,4
125,1,5,3,0,0,1,1,1
125,1,5,3,1,0,1,1,3
125,1,5,3,2,1,1,1,4
125,1,6,1,0,0,1,1,1
125,1,6,1,1,0,1,1,3
125,1,6,1,2,0,1,1,19
125,1,6,2,0,1,1,1,1
125,1,6,2,1,1,1,1,1
125,1,6,2,2,1,1,1,1
125,1,6,3,0,0,1,1,1
125,1,6,3,1,0,1,1,3
125,1,6,3,2,0,1,1,19
125,1,7,1,0,0,1,1,1
125,1,7,1,1,0,1,1,3
125,1,7,1,2,0,1,1,19
125,1,7,2,0,1,1,1,1
125,1,7,2,1,1,1,1,1
125,1,7,2,2,1,1,1,1
125,1,7,3,0,0,1,1,1
125,1,7,3,1,0,1,1,3
125,1,7,3,2,0,1,1,19
125,1,8,1,0,1,1,1,1
125,1,8,1,1,1,1,1,1
125,1,8,1,2,1,1,1,1
125,1,8,2,0,1,1,1,1
125,1,8,2,1,1,1,1,1
125,1,8,2,2,1,1,1,1
125,1,8,3,0,1,1,1,1
125,1,8,3,1,1,1,1,1
125,1,8,3,2,1,1,1,1
126,0,0,1,0,0,1,1,1
126,0,0,1,1,0,1,1,3
126,0,0,1,2,0,1,1,7
126,0,0,2,0,0,1,1,1
126,0,0,2,1,0,1,1,3
126,0,0,2,2,0,1,1,7
126,0,0,3,0,0,1,1,1
126,0,0,3,1,0,1,1,3
126,0,0,3,2,0,1,1,7
126,0,1,1,0,0,1,1,1
126,0,1,1,1,0,1,1,3
126,0,1,1,2,0,1,1,7
126,0,1,2,0,0,1,1,1
126,0,1,2,1,0,1,1,3
126,0,1,2,2,0,1,1,7
126,0,1,3,0,0,1,1,1
126,0,1,3,1,0,1,1,3
126,0,1,3,2,0,1,1,7
126,0,2,1,0,1,1,1,1
126,0,2,1,1,1,1,1,1
126,0,2,1,2,1,1,1,1
126,0,2,2,0,0,1,1,1
126,0,2,2,1,0,1,1,3
126,0,2,2,2,0,1,1,7
126,0,2,3,0,0,1,1,1
126,0,2,3,1,0,1,1,3
126,0,2,3,2,0,1,1,7
126,0,3,1,0,0,1,1,1
126,0,3,1,1,0,1,1,3
126,0,3,1,2,0,1,1,7
126,0,3,2,0,0,1,1,1
126,0,3,2,1,0,1,1,3
126,0,3,2,2,0,1,1,7
126,0,3,3,0,0,1,1,1
126,0,3,3,1,0,1,1,3
126,0,3,3,2,0,1,1,7
126,0,4,1,0,0,1,1,1
126,0,4,1,1,0,1,1,3
126,0,4,1,2,0,1,1,7
126,0,4,2,0,0,1,1,1
126,0,4,2,1,0,1,1,3
126,0,4,2,2,0,1,1,7
126,0,4,3,0,0,1,1,1
126,0,4,3,1,0,1,1,3
126,0,4,3,2,0,1,1,7
126,0,5,1,0,1,1,1,1
126,0,5,1,1,1,1,1,1
126,0,5,1,2,1,1,1,1
126,0,5,2,0,0,1,1,1
126,0,5,2,1,1,1,1,3
126,0,5,2,2,1,1,1,5
126,0,5,3,0,0,1,1,1
126,0,5,3,1,0,1,1,3
126,0,5,3,2,0,1,1,7
126,0,6,1,0,0,1,1,1
126,0,6,1,1,0,1,1,3
126,0,6,1,2,0,1,1,7
126,0,6,2,0,1,1,1,1
126,0,6,2,1,1,1,1,1
126,0,6,2,2,1,1,1,1
126,0,6,3,0,0,1,1,1
126,0,6,3,1,0,1,1,3
126,0,6,3,2,0,1,1,7
126,0,7,1,0,0,1,1,1
126,0,7,1,1,1,1,1,2
126,0,7,1,2,1,1,1,2
126,0,7,2,0,1,1,1,1
126,0,7,2,1,1,1,1,1
126,0,7,2,2,1,1,1,1
126,0,7,3,0,0,1,1,1
126,0,7,3,1,0,1,1,3
126,0,7,3,2,0,1,1,7
126,0,8,1,0,1,1,1,1
126,0,8,1,1,1,1,1,1
126,0,8,1,2,1,1,1,1
126,0,8,2,0,1,1,1,1
126,0,8,2,1,1,1,1,1
126,0,8,2,2,1,1,1,1
126,0,8,3,0,1,1,1,1
126,0,8,3,1,1,1,1,1
126,0,8,3,2,1,1,1,1
126,1,0,1,0,0,1,1,1
126,1,0,1,1,0,1,1,3
126,1,0,1,2,0,1,1,19
126,1,0,2,0,0,1,1,1
126,1,0,2,1,0,1,1,3
126,1,0,2,2,0,1,1,19
126,1,0,3,0,0,1,1,1
126,1,0,3,1,0,1,1,3
126,1,0,3,2,0,1,1,19
126,1,1,1,0,0,1,1,1
126,1,1,1,1,0,1,1,3
126,1,1,1,2,0,1,1,19
126,1,1,2,0,0,1,1,1
126,1,1,2,1,0,1,1,3
126,1,1,2,2,0,1,1,19
126,1,1,3,0,0,1,1,1
126,1,1,3,1,0,1,1,3
126,1,1,3,2,0,1,1,19
126,1,2,1,0,1,1,1,1
126,1,2,1,1,1,1,1,1
126,1,2,1,2,1,1,1,1
126,1,2,2,0,0,1,1,1
126,1,2,2,1,0,1,1,3
126,1,2,2,2,0,1,1,19
126,1,2,3,0,0,1,1,1
126,1,2,3,1,0,1,1,3
126,1,2,3,2,0,1,1,19
126,1,3,1,0,0,1,1,1
126,1,3,1,1,0,1,1,3
126,1,3,1,2,0,1,1,19
126,1,3,2,0,0,1,1,1
126,1,3,2,1,0,1,1,3
126,1,3,2,2,0,1,1,19
126,1,3,3,0,0,1,1,1
126,1,3,3,1,0,1,1,3
126,1,3,3,2,0,1,1,19
126,1,4,1,0,0,1,1,1
126,1,4,1,1,0,1,1,3
126,1,4,1,2,0,1,1,19
126,1,4,2,0,0,1,1,1
126,1,4,2,1,0,1,1,3
126,1,4,2,2,0,1,1,19
126,1,4,3,0,0,1,1,1
126,1,4,3,1,0,1,1,3
126,1,4,3,2,0,1,1,19
126,1,5,1,0,1,1,1,1
126,1,5,1,1,1,1,1,1
126,1,5,1,2,1,1,1,1
126,1,5,2,0,0,1,1,1
126,1,5,2,1,1,1,1,3
126,1,5,2,2,1,1,1,4
126,1,5,3,0,0,1,1,1
126,1,5,3,1,0,1,1,3
126,1,5,3,2,1,1,1,4
126,1,6,1,0,0,1,1,1
126,1,6,1,1,0,1,1,3
126,1,6,1,2,0,1,1,19
126,1,6,2,0,1,1,1,1
126,1,6,2,1,1,1,1,1
126,1,6,2,2,1,1,1,1
126,1,6,3,0,0,1,1,1
126,1,6,3,1,0,1,1,3
126,1,6,3,2,0,1,1,19
126,1,7,1,0,0,1,1,1
126,1,7,1,1,1,1,1,2
126,1,7,1,2,1,1,1,2
126,1,7,2,0,1,1,1,1
126,1,7,2,1,1,1,1,1
126,1,7,2,2,1,1,1,1
126,1,7,3,0,0,1,1,1
126,1,7,3,1,0,1,1,3
126,1,7,3,2,1,1,1,5
126,1,8,1,0,1,1,1,1
126,1,8,1,1,1,1,1,1
126,1,8,1,2,1,1,1,1
126,1,8,2,0,1,1,1,1
126,1,8,2,1,1,1,1,1
126,1,8,2,2,1,1,1,1
126,1,8,3,0,1,1,1,1
126,1,8,3,1,1,1,1,1
126,1,8,3,2,1,1,1,1
127,0,0,1,0,0,1,1,1
127,0,0,1,1,0,1,1,3
127,0,0,1,2,0,1,1,7
127,0,0,2,0,0,1,1,1
127,0,0,2,1,0,1,1,3
127,0,0,2,2,0,1,1,7
127,0,0,3,0,0,1,1,1
127,0,0,3,1,0,1,1,3
127,0,0,3,2,0,1,1,7
127,0,1,1,0,0,1,1,1
127,0,1,1,1,0,1,1,3
127,0,1,1,2,0,1,1,7
127,0,1,2,0,0,1,1,1
127,0,1,2,1,0,1,1,3
127,0,1,2,2,0,1,1,7
127,0,1,3,0,0,1,1,1
127,0,1,3,1,0,1,1,3
127,0,1,3,2,0,1,1,7
127,0,2,1,0,1,1,1,1
127,0,2,1,1,1,1,1,1
127,0,2,1,2,1,1,1,1
127,0,2,2,0,0,1,1,1
127,0,2,2,1,0,1,1,3
127,0,2,2,2,0,1,1,7
127,0,2,3,0,0,1,1,1
127,0,2,3,1,0,1,1,3
127,0,2,3,2,0,1,1,7
127,0,3,1,0,0,1,1,1
127,0,3,1,1,0,1,1,3
127,0,3,1,2,0,1,1,7
127,0,3,2,0,0,1,1,1
127,0,3,2,1,0,1,1,3
127,0,3,2,2,0,1,1,7
127,0,3,3,0,0,1,1,1
127,0,3,3,1,0,1,1,3
127,0,3,3,2,0,1,1,7
127,0,4,1,0,0,1,1,1
127,0,4,1,1,0,1,1,3
127,0,4,1,2,0,1,1,7
127,0,4,2,0,0,1,1,1
127,0,4,2,1,0,1,1,3
127,0,4,2,2,0,1,1,7
127,0,4,3,0,0,1,1,1
127,0,4,3,1,0,1,1,3
127,0,4,3,2,0,1,1,7
127,0,5,1,0,1,1,1,1
127,0,5,1,1,1,1,1,1
127,0,5,1,2,1,1,1,1
127,0,5,2,0,0,1,1,1
127,0,5,2,1,1,1,1,3
127,0,5,2,2,1,1,1,5
127,0,5,3,0,0,1,1,1
127,0,5,3,1,0,1,1,3
127,0,5,3,2,0,1,1,7
127,0,6,1,0,0,1,1,1
127,0,6,1,1,0,1,1,3
127,0,6,1,2,0,1,1,7
127,0,6,2,0,1,1,1,1
127,0,6,2,1,1,1,1,1
127,0,6,2,2,1,1,1,1
127,0,6,3,0,0,1,1,1
127,0,6,3,1,0,1,1,3
127,0,6,3,2,0,1,1,7
127,0,7,1,0,0,1,1,1
127,0,7,1,1,0,1,1,3
127,0,7,1,2,0,1,1,7
127,0,7,2,0,1,1,1,1
127,0,7,2,1,1,1,1,1
127,0,7,2,2,1,1,1,1
127,0,7,3,0,0,1,1,1
127,0,7,3,1,0,1,1,3
127,0,7,3,2,0,1,1,7
127,0,8,1,0,1,1,1,1
127,0,8,1,1,1,1,1,1
127,0,8,1,2,1,1,1,1
127,0,8,2,0,1,1,1,1
127,0,8,2,1,1,1,1,1
127,0,8,2,2,1,1,1,1
127,0,8,3,0,1,1,1,1
127,0,8,3,1,1,1,1,1
127,0,8,3,2,1,1,1,1
127,1,0,1,0,0,1,1,1
127,1,0,1,1,0,1,1,3
127,1,0,1,2,0,1,1,19
127,1,0,2,0,0,1,1,1
127,1,0,2,1,0,1,1,3
127,1,0,2,2,0,1,1,19
127,1,0,3,0,0,1,1,1
127,1,0,3,1,0,1,1,3
127,1,0,3,2,0,1,1,19
127,1,1,1,0,0,1,1,1
127,1,1,1,1,0,1,1,3
127,1,1,1,2,0,1,1,19
127,1,1,2,0,0,1,1,1
127,1,1,2,1,0,1,1,3
127,1,1,2,2,0,1,1,19
127,1,1,3,0,0,1,1,1
127,1,1,3,1,0,1,1,3
127,1,1,3,2,0,1,1,19
127,1,2,1,0,1,1,1,1
127,1,2,1,1,1,1,1,1
127,1,2,1,2,1,1,1,1
127,1,2,2,0,0,1,1,1
127,1,2,2,1,0,1,1,3
127,1,2,2,2,0,1,1,19
127,1,2,3,0,0,1,1,1
127,1,2,3,1,0,1,1,3
127,1,2,3,2,0,1,1,19
127,1,3,1,0,0,1,1,1
127,1,3,1,1,0,1,1,3
127,1,3,1,2,0,1,1,19
127,1,3,2,0,0,1,1,1
127,1,3,2,1,0,1,1,3
127,1,3,2,2,0,1,1,19
127,1,3,3,0,0,1,1,1
127,1,3,3,1,0,1,1,3
127,1,3,3,2,0,1,1,19
127,1,4,1,0,0,1,1,1
127,1,4,1,1,0,1,1,3
127,1,4,1,2,0,1,1,19
127,1,4,2,0,0,1,1,1
127,1,4,2,1,0,1,1,3
127,1,4,2,2,0,1,1,19
127,1,4,3,0,0,1,1,1
127,1,4,3,1,0,1,1,3
127,1,4,3,2,0,1,1,19
127,1,5,1,0,1,1,1,1
127,1,5,1,1,1,1,1,1
127,1,5,1,2,1,1,1,1
127,1,5,2,0,0,1,1,1
127,1,5,2,1,1,1,1,3
127,1,5,2,2,1,1,1,4
127,1,5,3,0,0,1,1,1
127,1,5,3,1,0,1,1,3
127,1,5,3,2,1,1,1,4
127,1,6,1,0,0,1,1,1
127,1,6,1,1,0,1,1,3
127,1,6,1,2,0,1,1,19
127,1,6,2,0,1,1,1,1
127,1,6,2,1,1,1,1,1
127,1,6,2,2,1,1,1,1
127,1,6,3,0,0,1,1,1
127,1,6,3,1,0,1,1,3
127,1,6,3,2,0,1,1,19
127,1,7,1,0,0,1,1,1
127,1,7,1,1,0,1,1,3
127,1,7,1,2,0,1,1,19
127,1,7,2,0,1,1,1,1
127,1,7,2,1,1,1,1,1
127,1,7,2,2,1,1,1,1
127,1,7,3,0,0,1,1,1
127,1,7,3,1,0,1,1,3
127,1,7,3,2,0,1,1,19
127,1,8,1,0,1,1,1,1
127,1,8,1,1,1,1,1,1
127,1,8,1,2,1,1,1,1
127,1,8,2,0,1,1,1,1
127,1,8,2,1,1,1,1,1
127,1,8,2,2,1,1,1,1
127,1,8,3,0,1,1,1,1
127,1,8,3,1,1,1,1,1
127,1,8,3,2,1,1,1,1
