transition_code,observation_map,role_code,belief_mask,horizon,winning,oracle_agrees,checker_agrees,programs_examined
128,0,0,1,0,0,1,1,1
128,0,0,1,1,0,1,1,3
128,0,0,1,2,0,1,1,5
128,0,0,2,0,0,1,1,1
128,0,0,2,1,0,1,1,3
128,0,0,2,2,0,1,1,5
128,0,0,3,0,0,1,1,1
128,0,0,3,1,0,1,1,3
128,0,0,3,2,0,1,1,5
128,0,1,1,0,0,1,1,1
128,0,1,1,1,0,1,1,3
128,0,1,1,2,0,1,1,5
128,0,1,2,0,0,1,1,1
128,0,1,2,1,0,1,1,3
128,0,1,2,2,0,1,1,5
128,0,1,3,0,0,1,1,1
128,0,1,3,1,0,1,1,3
128,0,1,3,2,0,1,1,5
128,0,2,1,0,1,1,1,1
128,0,2,1,1,1,1,1,1
128,0,2,1,2,1,1,1,1
128,0,2,2,0,0,1,1,1
128,0,2,2,1,0,1,1,3
128,0,2,2,2,0,1,1,5
128,0,2,3,0,0,1,1,1
128,0,2,3,1,0,1,1,3
128,0,2,3,2,0,1,1,5
128,0,3,1,0,0,1,1,1
128,0,3,1,1,0,1,1,3
128,0,3,1,2,0,1,1,5
128,0,3,2,0,0,1,1,1
128,0,3,2,1,0,1,1,3
128,0,3,2,2,0,1,1,5
128,0,3,3,0,0,1,1,1
128,0,3,3,1,0,1,1,3
128,0,3,3,2,0,1,1,5
128,0,4,1,0,0,1,1,1
128,0,4,1,1,0,1,1,3
128,0,4,1,2,0,1,1,5
128,0,4,2,0,0,1,1,1
128,0,4,2,1,0,1,1,3
128,0,4,2,2,0,1,1,5
128,0,4,3,0,0,1,1,1
128,0,4,3,1,0,1,1,3
128,0,4,3,2,0,1,1,5
128,0,5,1,0,1,1,1,1
128,0,5,1,1,1,1,1,1
128,0,5,1,2,1,1,1,1
128,0,5,2,0,0,1,1,1
128,0,5,2,1,0,1,1,3
128,0,5,2,2,0,1,1,5
128,0,5,3,0,0,1,1,1
128,0,5,3,1,0,1,1,3
128,0,5,3,2,0,1,1,5
128,0,6,1,0,0,1,1,1
128,0,6,1,1,0,1,1,3
128,0,6,1,2,0,1,1,5
128,0,6,2,0,1,1,1,1
128,0,6,2,1,1,1,1,1
128,0,6,2,2,1,1,1,1
128,0,6,3,0,0,1,1,1
128,0,6,3,1,0,1,1,3
128,0,6,3,2,0,1,1,5
128,0,7,1,0,0,1,1,1
128,0,7,1,1,0,1,1,3
128,0,7,1,2,0,1,1,5
128,0,7,2,0,1,1,1,1
128,0,7,2,1,1,1,1,1
128,0,7,2,2,1,1,1,1
128,0,7,3,0,0,1,1,1
128,0,7,3,1,0,1,1,3
128,0,7,3,2,0,1,1,5
128,0,8,1,0,1,1,1,1
128,0,8,1,1,1,1,1,1
128,0,8,1,2,1,1,1,1
128,0,8,2,0,1,1,1,1
128,0,8,2,1,1,1,1,1
128,0,8,2,2,1,1,1,1
128,0,8,3,0,1,1,1,1
128,0,8,3,1,1,1,1,1
128,0,8,3,2,1,1,1,1
128,1,0,1,0,0,1,1,1
128,1,0,1,1,0,1,1,3
128,1,0,1,2,0,1,1,5
128,1,0,2,0,0,1,1,1
128,1,0,2,1,0,1,1,3
128,1,0,2,2,0,1,1,5
128,1,0,3,0,0,1,1,1
128,1,0,3,1,0,1,1,3
128,1,0,3,2,0,1,1,5
128,1,1,1,0,0,1,1,1
128,1,1,1,1,0,1,1,3
128,1,1,1,2,0,1,1,5
128,1,1,2,0,0,1,1,1
128,1,1,2,1,0,1,1,3
128,1,1,2,2,0,1,1,5
128,1,1,3,0,0,1,1,1
128,1,1,3,1,0,1,1,3
128,1,1,3,2,0,1,1,5
128,1,2,1,0,1,1,1,1
128,1,2,1,1,1,1,1,1
128,1,2,1,2,1,1,1,1
128,1,2,2,0,0,1,1,1
128,1,2,2,1,0,1,1,3
128,1,2,2,2,0,1,1,5
128,1,2,3,0,0,1,1,1
128,1,2,3,1,0,1,1,3
128,1,2,3,2,0,1,1,5
128,1,3,1,0,0,1,1,1
128,1,3,1,1,0,1,1,3
128,1,3,1,2,0,1,1,5
128,1,3,2,0,0,1,1,1
128,1,3,2,1,0,1,1,3
128,1,3,2,2,0,1,1,5
128,1,3,3,0,0,1,1,1
128,1,3,3,1,0,1,1,3
128,1,3,3,2,0,1,1,5
128,1,4,1,0,0,1,1,1
128,1,4,1,1,0,1,1,3
128,1,4,1,2,0,1,1,5
128,1,4,2,0,0,1,1,1
128,1,4,2,1,0,1,1,3
128,1,4,2,2,0,1,1,5
128,1,4,3,0,0,1,1,1
128,1,4,3,1,0,1,1,3
128,1,4,3,2,0,1,1,5
128,1,5,1,0,1,1,1,1
128,1,5,1,1,1,1,1,1
128,1,5,1,2,1,1,1,1
128,1,5,2,0,0,1,1,1
128,1,5,2,1,0,1,1,3
128,1,5,2,2,0,1,1,5
128,1,5,3,0,0,1,1,1
128,1,5,3,1,0,1,1,3
128,1,5,3,2,0,1,1,5
128,1,6,1,0,0,1,1,1
128,1,6,1,1,0,1,1,3
128,1,6,1,2,0,1,1,5
128,1,6,2,0,1,1,1,1
128,1,6,2,1,1,1,1,1
128,1,6,2,2,1,1,1,1
128,1,6,3,0,0,1,1,1
128,1,6,3,1,0,1,1,3
128,1,6,3,2,0,1,1,5
128,1,7,1,0,0,1,1,1
128,1,7,1,1,0,1,1,3
128,1,7,1,2,0,1,1,5
128,1,7,2,0,1,1,1,1
128,1,7,2,1,1,1,1,1
128,1,7,2,2,1,1,1,1
128,1,7,3,0,0,1,1,1
128,1,7,3,1,0,1,1,3
128,1,7,3,2,0,1,1,5
128,1,8,1,0,1,1,1,1
128,1,8,1,1,1,1,1,1
128,1,8,1,2,1,1,1,1
128,1,8,2,0,1,1,1,1
128,1,8,2,1,1,1,1,1
128,1,8,2,2,1,1,1,1
128,1,8,3,0,1,1,1,1
128,1,8,3,1,1,1,1,1
128,1,8,3,2,1,1,1,1
129,0,0,1,0,0,1,1,1
129,0,0,1,1,0,1,1,3
129,0,0,1,2,0,1,1,7
129,0,0,2,0,0,1,1,1
129,0,0,2,1,0,1,1,3
129,0,0,2,2,0,1,1,7
129,0,0,3,0,0,1,1,1
129,0,0,3,1,0,1,1,3
129,0,0,3,2,0,1,1,7
129,0,1,1,0,0,1,1,1
129,0,1,1,1,0,1,1,3
129,0,1,1,2,0,1,1,7
129,0,1,2,0,0,1,1,1
129,0,1,2,1,0,1,1,3
129,0,1,2,2,0,1,1,7
129,0,1,3,0,0,1,1,1
129,0,1,3,1,0,1,1,3
129,0,1,3,2,0,1,1,7
129,0,2,1,0,1,1,1,1
129,0,2,1,1,1,1,1,1
129,0,2,1,2,1,1,1,1
129,0,2,2,0,0,1,1,1
129,0,2,2,1,0,1,1,3
129,0,2,2,2,0,1,1,7
129,0,2,3,0,0,1,1,1
129,0,2,3,1,0,1,1,3
129,0,2,3,2,0,1,1,7
129,0,3,1,0,0,1,1,1
129,0,3,1,1,0,1,1,3
129,0,3,1,2,0,1,1,7
129,0,3,2,0,0,1,1,1
129,0,3,2,1,0,1,1,3
129,0,3,2,2,0,1,1,7
129,0,3,3,0,0,1,1,1
129,0,3,3,1,0,1,1,3
129,0,3,3,2,0,1,1,7
129,0,4,1,0,0,1,1,1
129,0,4,1,1,0,1,1,3
129,0,4,1,2,0,1,1,7
129,0,4,2,0,0,1,1,1
129,0,4,2,1,0,1,1,3
129,0,4,2,2,0,1,1,7
129,0,4,3,0,0,1,1,1
129,0,4,3,1,0,1,1,3
129,0,4,3,2,0,1,1,7
129,0,5,1,0,1,1,1,1
129,0,5,1,1,1,1,1,1
129,0,5,1,2,1,1,1,1
129,0,5,2,0,0,1,1,1
129,0,5,2,1,0,1,1,3
129,0,5,2,2,0,1,1,7
129,0,5,3,0,0,1,1,1
129,0,5,3,1,0,1,1,3
129,0,5,3,2,0,1,1,7
129,0,6,1,0,0,1,1,1
129,0,6,1,1,0,1,1,3
129,0,6,1,2,0,1,1,7
129,0,6,2,0,1,1,1,1
129,0,6,2,1,1,1,1,1
129,0,6,2,2,1,1,1,1
129,0,6,3,0,0,1,1,1
129,0,6,3,1,0,1,1,3
129,0,6,3,2,0,1,1,7
129,0,7,1,0,0,1,1,1
129,0,7,1,1,0,1,1,3
129,0,7,1,2,0,1,1,7
129,0,7,2,0,1,1,1,1
129,0,7,2,1,1,1,1,1
129,0,7,2,2,1,1,1,1
129,0,7,3,0,0,1,1,1
129,0,7,3,1,0,1,1,3
129,0,7,3,2,0,1,1,7
129,0,8,1,0,1,1,1,1
129,0,8,1,1,1,1,1,1
129,0,8,1,2,1,1,1,1
129,0,8,2,0,1,1,1,1
129,0,8,2,1,1,1,1,1
129,0,8,2,2,1,1,1,1
129,0,8,3,0,1,1,1,1
129,0,8,3,1,1,1,1,1
129,0,8,3,2,1,1,1,1
129,1,0,1,0,0,1,1,1
129,1,0,1,1,0,1,1,3
129,1,0,1,2,0,1,1,7
129,1,0,2,0,0,1,1,1
129,1,0,2,1,0,1,1,3
129,1,0,2,2,0,1,1,7
129,1,0,3,0,0,1,1,1
129,1,0,3,1,0,1,1,3
129,1,0,3,2,0,1,1,7
129,1,1,1,0,0,1,1,1
129,1,1,1,1,0,1,1,3
129,1,1,1,2,0,1,1,7
129,1,1,2,0,0,1,1,1
129,1,1,2,1,0,1,1,3
129,1,1,2,2,0,1,1,7
129,1,1,3,0,0,1,1,1
129,1,1,3,1,0,1,1,3
129,1,1,3,2,0,1,1,7
129,1,2,1,0,1,1,1,1
129,1,2,1,1,1,1,1,1
129,1,2,1,2,1,1,1,1
129,1,2,2,0,0,1,1,1
129,1,2,2,1,0,1,1,3
129,1,2,2,2,0,1,1,7
129,1,2,3,0,0,1,1,1
129,1,2,3,1,0,1,1,3
129,1,2,3,2,0,1,1,7
129,1,3,1,0,0,1,1,1
129,1,3,1,1,0,1,1,3
129,1,3,1,2,0,1,1,7
129,1,3,2,0,0,1,1,1
129,1,3,2,1,0,1,1,3
129,1,3,2,2,0,1,1,7
129,1,3,3,0,0,1,1,1
129,1,3,3,1,0,1,1,3
129,1,3,3,2,0,1,1,7
129,1,4,1,0,0,1,1,1
129,1,4,1,1,0,1,1,3
129,1,4,1,2,0,1,1,7
129,1,4,2,0,0,1,1,1
129,1,4,2,1,0,1,1,3
129,1,4,2,2,0,1,1,7
129,1,4,3,0,0,1,1,1
129,1,4,3,1,0,1,1,3
129,1,4,3,2,0,1,1,7
129,1,5,1,0,1,1,1,1
129,1,5,1,1,1,1,1,1
129,1,5,1,2,1,1,1,1
129,1,5,2,0,0,1,1,1
129,1,5,2,1,0,1,1,3
129,1,5,2,2,0,1,1,7
129,1,5,3,0,0,1,1,1
129,1,5,3,1,0,1,1,3
129,1,5,3,2,0,1,1,7
129,1,6,1,0,0,1,1,1
129,1,6,1,1,0,1,1,3
129,1,6,1,2,0,1,1,7
129,1,6,2,0,1,1,1,1
129,1,6,2,1,1,1,1,1
129,1,6,2,2,1,1,1,1
129,1,6,3,0,0,1,1,1
129,1,6,3,1,0,1,1,3
129,1,6,3,2,0,1,1,7
129,1,7,1,0,0,1,1,1
129,1,7,1,1,0,1,1,3
129,1,7,1,2,0,1,1,7
129,1,7,2,0,1,1,1,1
129,1,7,2,1,1,1,1,1
129,1,7,2,2,1,1,1,1
129,1,7,3,0,0,1,1,1
129,1,7,3,1,0,1,1,3
129,1,7,3,2,0,1,1,7
129,1,8,1,0,1,1,1,1
129,1,8,1,1,1,1,1,1
129,1,8,1,2,1,1,1,1
129,1,8,2,0,1,1,1,1
129,1,8,2,1,1,1,1,1
129,1,8,2,2,1,1,1,1
129,1,8,3,0,1,1,1,1
129,1,8,3,1,1,1,1,1
129,1,8,3,2,1,1,1,1
130,0,0,1,0,0,1,1,1
130,0,0,1,1,0,1,1,3
130,0,0,1,2,0,1,1,7
130,0,0,2,0,0,1,1,1
130,0,0,2,1,0,1,1,3
130,0,0,2,2,0,1,1,7
130,0,0,3,0,0,1,1,1
130,0,0,3,1,0,1,1,3
130,0,0,3,2,0,1,1,7
130,0,1,1,0,0,1,1,1
130,0,1,1,1,0,1,1,3
130,0,1,1,2,0,1,1,7
130,0,1,2,0,0,1,1,1
130,0,1,2,1,0,1,1,3
130,0,1,2,2,0,1,1,7
130,0,1,3,0,0,1,1,1
130,0,1,3,1,0,1,1,3
130,0,1,3,2,0,1,1,7
130,0,2,1,0,1,1,1,1
130,0,2,1,1,1,1,1,1
130,0,2,1,2,1,1,1,1
130,0,2,2,0,0,1,1,1
130,0,2,2,1,0,1,1,3
130,0,2,2,2,0,1,1,7
130,0,2,3,0,0,1,1,1
130,0,2,3,1,0,1,1,3
130,0,2,3,2,0,1,1,7
130,0,3,1,0,0,1,1,1
130,0,3,1,1,0,1,1,3
130,0,3,1,2,0,1,1,7
130,0,3,2,0,0,1,1,1
130,0,3,2,1,0,1,1,3
130,0,3,2,2,0,1,1,7
130,0,3,3,0,0,1,1,1
130,0,3,3,1,0,1,1,3
130,0,3,3,2,0,1,1,7
130,0,4,1,0,0,1,1,1
130,0,4,1,1,0,1,1,3
130,0,4,1,2,0,1,1,7
130,0,4,2,0,0,1,1,1
130,0,4,2,1,0,1,1,3
130,0,4,2,2,0,1,1,7
130,0,4,3,0,0,1,1,1
130,0,4,3,1,0,1,1,3
130,0,4,3,2,0,1,1,7
130,0,5,1,0,1,1,1,1
130,0,5,1,1,1,1,1,1
130,0,5,1,2,1,1,1,1
130,0,5,2,0,0,1,1,1
130,0,5,2,1,0,1,1,3
130,0,5,2,2,0,1,1,7
130,0,5,3,0,0,1,1,1
130,0,5,3,1,0,1,1,3
130,0,5,3,2,0,1,1,7
130,0,6,1,0,0,1,1,1
130,0,6,1,1,0,1,1,3
130,0,6,1,2,0,1,1,7
130,0,6,2,0,1,1,1,1
130,0,6,2,1,1,1,1,1
130,0,6,2,2,1,1,1,1
130,0,6,3,0,0,1,1,1
130,0,6,3,1,0,1,1,3
130,0,6,3,2,0,1,1,7
130,0,7,1,0,0,1,1,1
130,0,7,1,1,1,1,1,2
130,0,7,1,2,1,1,1,2
130,0,7,2,0,1,1,1,1
130,0,7,2,1,1,1,1,1
130,0,7,2,2,1,1,1,1
130,0,7,3,0,0,1,1,1
130,0,7,3,1,0,1,1,3
130,0,7,3,2,0,1,1,7
130,0,8,1,0,1,1,1,1
130,0,8,1,1,1,1,1,1
130,0,8,1,2,1,1,1,1
130,0,8,2,0,1,1,1,1
130,0,8,2,1,1,1,1,1
130,0,8,2,2,1,1,1,1
130,0,8,3,0,1,1,1,1
130,0,8,3,1,1,1,1,1
130,0,8,3,2,1,1,1,1
130,1,0,1,0,0,1,1,1
130,1,0,1,1,0,1,1,3
130,1,0,1,2,0,1,1,7
130,1,0,2,0,0,1,1,1
130,1,0,2,1,0,1,1,3
130,1,0,2,2,0,1,1,7
130,1,0,3,0,0,1,1,1
130,1,0,3,1,0,1,1,3
130,1,0,3,2,0,1,1,7
130,1,1,1,0,0,1,1,1
130,1,1,1,1,0,1,1,3
130,1,1,1,2,0,1,1,7
130,1,1,2,0,0,1,1,1
130,1,1,2,1,0,1,1,3
130,1,1,2,2,0,1,1,7
130,1,1,3,0,0,1,1,1
130,1,1,3,1,0,1,1,3
130,1,1,3,2,0,1,1,7
130,1,2,1,0,1,1,1,1
130,1,2,1,1,1,1,1,1
130,1,2,1,2,1,1,1,1
130,1,2,2,0,0,1,1,1
130,1,2,2,1,0,1,1,3
130,1,2,2,2,0,1,1,7
130,1,2,3,0,0,1,1,1
130,1,2,3,1,0,1,1,3
130,1,2,3,2,0,1,1,7
130,1,3,1,0,0,1,1,1
130,1,3,1,1,0,1,1,3
130,1,3,1,2,0,1,1,7
130,1,3,2,0,0,1,1,1
130,1,3,2,1,0,1,1,3
130,1,3,2,2,0,1,1,7
130,1,3,3,0,0,1,1,1
130,1,3,3,1,0,1,1,3
130,1,3,3,2,0,1,1,7
130,1,4,1,0,0,1,1,1
130,1,4,1,1,0,1,1,3
130,1,4,1,2,0,1,1,7
130,1,4,2,0,0,1,1,1
130,1,4,2,1,0,1,1,3
130,1,4,2,2,0,1,1,7
130,1,4,3,0,0,1,1,1
130,1,4,3,1,0,1,1,3
130,1,4,3,2,0,1,1,7
130,1,5,1,0,1,1,1,1
130,1,5,1,1,1,1,1,1
130,1,5,1,2,1,1,1,1
130,1,5,2,0,0,1,1,1
130,1,5,2,1,0,1,1,3
130,1,5,2,2,0,1,1,7
130,1,5,3,0,0,1,1,1
130,1,5,3,1,0,1,1,3
130,1,5,3,2,0,1,1,7
130,1,6,1,0,0,1,1,1
130,1,6,1,1,0,1,1,3
130,1,6,1,2,0,1,1,7
130,1,6,2,0,1,1,1,1
130,1,6,2,1,1,1,1,1
130,1,6,2,2,1,1,1,1
130,1,6,3,0,0,1,1,1
130,1,6,3,1,0,1,1,3
130,1,6,3,2,0,1,1,7
130,1,7,1,0,0,1,1,1
130,1,7,1,1,1,1,1,2
130,1,7,1,2,1,1,1,2
130,1,7,2,0,1,1,1,1
130,1,7,2,1,1,1,1,1
130,1,7,2,2,1,1,1,1
130,1,7,3,0,0,1,1,1
130,1,7,3,1,0,1,1,3
130,1,7,3,2,0,1,1,7
130,1,8,1,0,1,1,1,1
130,1,8,1,1,1,1,1,1
130,1,8,1,2,1,1,1,1
130,1,8,2,0,1,1,1,1
130,1,8,2,1,1,1,1,1
130,1,8,2,2,1,1,1,1
130,1,8,3,0,1,1,1,1
130,1,8,3,1,1,1,1,1
130,1,8,3,2,1,1,1,1
131,0,0,1,0,0,1,1,1
131,0,0,1,1,0,1,1,3
131,0,0,1,2,0,1,1,7
131,0,0,2,0,0,1,1,1
131,0,0,2,1,0,1,1,3
131,0,0,2,2,0,1,1,7
131,0,0,3,0,0,1,1,1
131,0,0,3,1,0,1,1,3
131,0,0,3,2,0,1,1,7
131,0,1,1,0,0,1,1,1
131,0,1,1,1,0,1,1,3
131,0,1,1,2,0,1,1,7
131,0,1,2,0,0,1,1,1
131,0,1,2,1,0,1,1,3
131,0,1,2,2,0,1,1,7
131,0,1,3,0,0,1,1,1
131,0,1,3,1,0,1,1,3
131,0,1,3,2,0,1,1,7
131,0,2,1,0,1,1,1,1
131,0,2,1,1,1,1,1,1
131,0,2,1,2,1,1,1,1
131,0,2,2,0,0,1,1,1
131,0,2,2,1,0,1,1,3
131,0,2,2,2,0,1,1,7
131,0,2,3,0,0,1,1,1
131,0,2,3,1,0,1,1,3
131,0,2,3,2,0,1,1,7
131,0,3,1,0,0,1,1,1
131,0,3,1,1,0,1,1,3
131,0,3,1,2,0,1,1,7
131,0,3,2,0,0,1,1,1
131,0,3,2,1,0,1,1,3
131,0,3,2,2,0,1,1,7
131,0,3,3,0,0,1,1,1
131,0,3,3,1,0,1,1,3
131,0,3,3,2,0,1,1,7
131,0,4,1,0,0,1,1,1
131,0,4,1,1,0,1,1,3
131,0,4,1,2,0,1,1,7
131,0,4,2,0,0,1,1,1
131,0,4,2,1,0,1,1,3
131,0,4,2,2,0,1,1,7
131,0,4,3,0,0,1,1,1
131,0,4,3,1,0,1,1,3
131,0,4,3,2,0,1,1,7
131,0,5,1,0,1,1,1,1
131,0,5,1,1,1,1,1,1
131,0,5,1,2,1,1,1,1
131,0,5,2,0,0,1,1,1
131,0,5,2,1,0,1,1,3
131,0,5,2,2,0,1,1,7
131,0,5,3,0,0,1,1,1
131,0,5,3,1,0,1,1,3
131,0,5,3,2,0,1,1,7
131,0,6,1,0,0,1,1,1
131,0,6,1,1,0,1,1,3
131,0,6,1,2,0,1,1,7
131,0,6,2,0,1,1,1,1
131,0,6,2,1,1,1,1,1
131,0,6,2,2,1,1,1,1
131,0,6,3,0,0,1,1,1
131,0,6,3,1,0,1,1,3
131,0,6,3,2,0,1,1,7
131,0,7,1,0,0,1,1,1
131,0,7,1,1,0,1,1,3
131,0,7,1,2,0,1,1,7
131,0,7,2,0,1,1,1,1
131,0,7,2,1,1,1,1,1
131,0,7,2,2,1,1,1,1
131,0,7,3,0,0,1,1,1
131,0,7,3,1,0,1,1,3
131,0,7,3,2,0,1,1,7
131,0,8,1,0,1,1,1,1
131,0,8,1,1,1,1,1,1
131,0,8,1,2,1,1,1,1
131,0,8,2,0,1,1,1,1
131,0,8,2,1,1,1,1,1
131,0,8,2,2,1,1,1,1
131,0,8,3,0,1,1,1,1
131,0,8,3,1,1,1,1,1
131,0,8,3,2,1,1,1,1
131,1,0,1,0,0,1,1,1
131,1,0,1,1,0,1,1,3
131,1,0,1,2,0,1,1,13
131,1,0,2,0,0,1,1,1
131,1,0,2,1,0,1,1,3
131,1,0,2,2,0,1,1,13
131,1,0,3,0,0,1,1,1
131,1,0,3,1,0,1,1,3
131,1,0,3,2,0,1,1,13
131,1,1,1,0,0,1,1,1
131,1,1,1,1,0,1,1,3
131,1,1,1,2,0,1,1,13
131,1,1,2,0,0,1,1,1
131,1,1,2,1,0,1,1,3
131,1,1,2,2,0,1,1,13
131,1,1,3,0,0,1,1,1
131,1,1,3,1,0,1,1,3
131,1,1,3,2,0,1,1,13
131,1,2,1,0,1,1,1,1
131,1,2,1,1,1,1,1,1
131,1,2,1,2,1,1,1,1
131,1,2,2,0,0,1,1,1
131,1,2,2,1,0,1,1,3
131,1,2,2,2,0,1,1,13
131,1,2,3,0,0,1,1,1
131,1,2,3,1,0,1,1,3
131,1,2,3,2,0,1,1,13
131,1,3,1,0,0,1,1,1
131,1,3,1,1,0,1,1,3
131,1,3,1,2,0,1,1,13
131,1,3,2,0,0,1,1,1
131,1,3,2,1,0,1,1,3
131,1,3,2,2,0,1,1,13
131,1,3,3,0,0,1,1,1
131,1,3,3,1,0,1,1,3
131,1,3,3,2,0,1,1,13
131,1,4,1,0,0,1,1,1
131,1,4,1,1,0,1,1,3
131,1,4,1,2,0,1,1,13
131,1,4,2,0,0,1,1,1
131,1,4,2,1,0,1,1,3
131,1,4,2,2,0,1,1,13
131,1,4,3,0,0,1,1,1
131,1,4,3,1,0,1,1,3
131,1,4,3,2,0,1,1,13
131,1,5,1,0,1,1,1,1
131,1,5,1,1,1,1,1,1
131,1,5,1,2,1,1,1,1
131,1,5,2,0,0,1,1,1
131,1,5,2,1,0,1,1,3
131,1,5,2,2,0,1,1,13
131,1,5,3,0,0,1,1,1
131,1,5,3,1,0,1,1,3
131,1,5,3,2,0,1,1,13
131,1,6,1,0,0,1,1,1
131,1,6,1,1,0,1,1,3
131,1,6,1,2,0,1,1,13
131,1,6,2,0,1,1,1,1
131,1,6,2,1,1,1,1,1
131,1,6,2,2,1,1,1,1
131,1,6,3,0,0,1,1,1
131,1,6,3,1,0,1,1,3
131,1,6,3,2,0,1,1,13
131,1,7,1,0,0,1,1,1
131,1,7,1,1,0,1,1,3
131,1,7,1,2,0,1,1,13
131,1,7,2,0,1,1,1,1
131,1,7,2,1,1,1,1,1
131,1,7,2,2,1,1,1,1
131,1,7,3,0,0,1,1,1
131,1,7,3,1,0,1,1,3
131,1,7,3,2,0,1,1,13
131,1,8,1,0,1,1,1,1
131,1,8,1,1,1,1,1,1
131,1,8,1,2,1,1,1,1
131,1,8,2,0,1,1,1,1
131,1,8,2,1,1,1,1,1
131,1,8,2,2,1,1,1,1
131,1,8,3,0,1,1,1,1
131,1,8,3,1,1,1,1,1
131,1,8,3,2,1,1,1,1
132,0,0,1,0,0,1,1,1
132,0,0,1,1,0,1,1,3
132,0,0,1,2,0,1,1,7
132,0,0,2,0,0,1,1,1
132,0,0,2,1,0,1,1,3
132,0,0,2,2,0,1,1,7
132,0,0,3,0,0,1,1,1
132,0,0,3,1,0,1,1,3
132,0,0,3,2,0,1,1,7
132,0,1,1,0,0,1,1,1
132,0,1,1,1,0,1,1,3
132,0,1,1,2,0,1,1,7
132,0,1,2,0,0,1,1,1
132,0,1,2,1,0,1,1,3
132,0,1,2,2,0,1,1,7
132,0,1,3,0,0,1,1,1
132,0,1,3,1,0,1,1,3
132,0,1,3,2,0,1,1,7
132,0,2,1,0,1,1,1,1
132,0,2,1,1,1,1,1,1
132,0,2,1,2,1,1,1,1
132,0,2,2,0,0,1,1,1
132,0,2,2,1,0,1,1,3
132,0,2,2,2,0,1,1,7
132,0,2,3,0,0,1,1,1
132,0,2,3,1,0,1,1,3
132,0,2,3,2,0,1,1,7
132,0,3,1,0,0,1,1,1
132,0,3,1,1,0,1,1,3
132,0,3,1,2,0,1,1,7
132,0,3,2,0,0,1,1,1
132,0,3,2,1,0,1,1,3
132,0,3,2,2,0,1,1,7
132,0,3,3,0,0,1,1,1
132,0,3,3,1,0,1,1,3
132,0,3,3,2,0,1,1,7
132,0,4,1,0,0,1,1,1
132,0,4,1,1,0,1,1,3
132,0,4,1,2,0,1,1,7
132,0,4,2,0,0,1,1,1
132,0,4,2,1,0,1,1,3
132,0,4,2,2,0,1,1,7
132,0,4,3,0,0,1,1,1
132,0,4,3,1,0,1,1,3
132,0,4,3,2,0,1,1,7
132,0,5,1,0,1,1,1,1
132,0,5,1,1,1,1,1,1
132,0,5,1,2,1,1,1,1
132,0,5,2,0,0,1,1,1
132,0,5,2,1,1,1,1,2
132,0,5,2,2,1,1,1,2
132,0,5,3,0,0,1,1,1
132,0,5,3,1,0,1,1,3
132,0,5,3,2,0,1,1,7
132,0,6,1,0,0,1,1,1
132,0,6,1,1,0,1,1,3
132,0,6,1,2,0,1,1,7
132,0,6,2,0,1,1,1,1
132,0,6,2,1,1,1,1,1
132,0,6,2,2,1,1,1,1
132,0,6,3,0,0,1,1,1
132,0,6,3,1,0,1,1,3
132,0,6,3,2,0,1,1,7
132,0,7,1,0,0,1,1,1
132,0,7,1,1,0,1,1,3
132,0,7,1,2,0,1,1,7
132,0,7,2,0,1,1,1,1
132,0,7,2,1,1,1,1,1
132,0,7,2,2,1,1,1,1
132,0,7,3,0,0,1,1,1
132,0,7,3,1,0,1,1,3
132,0,7,3,2,0,1,1,7
132,0,8,1,0,1,1,1,1
132,0,8,1,1,1,1,1,1
132,0,8,1,2,1,1,1,1
132,0,8,2,0,1,1,1,1
132,0,8,2,1,1,1,1,1
132,0,8,2,2,1,1,1,1
132,0,8,3,0,1,1,1,1
132,0,8,3,1,1,1,1,1
132,0,8,3,2,1,1,1,1
132,1,0,1,0,0,1,1,1
132,1,0,1,1,0,1,1,3
132,1,0,1,2,0,1,1,7
132,1,0,2,0,0,1,1,1
132,1,0,2,1,0,1,1,3
132,1,0,2,2,0,1,1,7
132,1,0,3,0,0,1,1,1
132,1,0,3,1,0,1,1,3
132,1,0,3,2,0,1,1,7
132,1,1,1,0,0,1,1,1
132,1,1,1,1,0,1,1,3
132,1,1,1,2,0,1,1,7
132,1,1,2,0,0,1,1,1
132,1,1,2,1,0,1,1,3
132,1,1,2,2,0,1,1,7
132,1,1,3,0,0,1,1,1
132,1,1,3,1,0,1,1,3
132,1,1,3,2,0,1,1,7
132,1,2,1,0,1,1,1,1
132,1,2,1,1,1,1,1,1
132,1,2,1,2,1,1,1,1
132,1,2,2,0,0,1,1,1
132,1,2,2,1,0,1,1,3
132,1,2,2,2,0,1,1,7
132,1,2,3,0,0,1,1,1
132,1,2,3,1,0,1,1,3
132,1,2,3,2,0,1,1,7
132,1,3,1,0,0,1,1,1
132,1,3,1,1,0,1,1,3
132,1,3,1,2,0,1,1,7
132,1,3,2,0,0,1,1,1
132,1,3,2,1,0,1,1,3
132,1,3,2,2,0,1,1,7
132,1,3,3,0,0,1,1,1
132,1,3,3,1,0,1,1,3
132,1,3,3,2,0,1,1,7
132,1,4,1,0,0,1,1,1
132,1,4,1,1,0,1,1,3
132,1,4,1,2,0,1,1,7
132,1,4,2,0,0,1,1,1
132,1,4,2,1,0,1,1,3
132,1,4,2,2,0,1,1,7
132,1,4,3,0,0,1,1,1
132,1,4,3,1,0,1,1,3
132,1,4,3,2,0,1,1,7
132,1,5,1,0,1,1,1,1
132,1,5,1,1,1,1,1,1
132,1,5,1,2,1,1,1,1
132,1,5,2,0,0,1,1,1
132,1,5,2,1,1,1,1,2
132,1,5,2,2,1,1,1,2
132,1,5,3,0,0,1,1,1
132,1,5,3,1,0,1,1,3
132,1,5,3,2,0,1,1,7
132,1,6,1,0,0,1,1,1
132,1,6,1,1,0,1,1,3
132,1,6,1,2,0,1,1,7
132,1,6,2,0,1,1,1,1
132,1,6,2,1,1,1,1,1
132,1,6,2,2,1,1,1,1
132,1,6,3,0,0,1,1,1
132,1,6,3,1,0,1,1,3
132,1,6,3,2,0,1,1,7
132,1,7,1,0,0,1,1,1
132,1,7,1,1,0,1,1,3
132,1,7,1,2,0,1,1,7
132,1,7,2,0,1,1,1,1
132,1,7,2,1,1,1,1,1
132,1,7,2,2,1,1,1,1
132,1,7,3,0,0,1,1,1
132,1,7,3,1,0,1,1,3
132,1,7,3,2,0,1,1,7
132,1,8,1,0,1,1,1,1
132,1,8,1,1,1,1,1,1
132,1,8,1,2,1,1,1,1
132,1,8,2,0,1,1,1,1
132,1,8,2,1,1,1,1,1
132,1,8,2,2,1,1,1,1
132,1,8,3,0,1,1,1,1
132,1,8,3,1,1,1,1,1
132,1,8,3,2,1,1,1,1
133,0,0,1,0,0,1,1,1
133,0,0,1,1,0,1,1,3
133,0,0,1,2,0,1,1,7
133,0,0,2,0,0,1,1,1
133,0,0,2,1,0,1,1,3
133,0,0,2,2,0,1,1,7
133,0,0,3,0,0,1,1,1
133,0,0,3,1,0,1,1,3
133,0,0,3,2,0,1,1,7
133,0,1,1,0,0,1,1,1
133,0,1,1,1,0,1,1,3
133,0,1,1,2,0,1,1,7
133,0,1,2,0,0,1,1,1
133,0,1,2,1,0,1,1,3
133,0,1,2,2,0,1,1,7
133,0,1,3,0,0,1,1,1
133,0,1,3,1,0,1,1,3
133,0,1,3,2,0,1,1,7
133,0,2,1,0,1,1,1,1
133,0,2,1,1,1,1,1,1
133,0,2,1,2,1,1,1,1
133,0,2,2,0,0,1,1,1
133,0,2,2,1,0,1,1,3
133,0,2,2,2,0,1,1,7
133,0,2,3,0,0,1,1,1
133,0,2,3,1,0,1,1,3
133,0,2,3,2,0,1,1,7
133,0,3,1,0,0,1,1,1
133,0,3,1,1,0,1,1,3
133,0,3,1,2,0,1,1,7
133,0,3,2,0,0,1,1,1
133,0,3,2,1,0,1,1,3
133,0,3,2,2,0,1,1,7
133,0,3,3,0,0,1,1,1
133,0,3,3,1,0,1,1,3
133,0,3,3,2,0,1,1,7
133,0,4,1,0,0,1,1,1
133,0,4,1,1,0,1,1,3
133,0,4,1,2,0,1,1,7
133,0,4,2,0,0,1,1,1
133,0,4,2,1,0,1,1,3
133,0,4,2,2,0,1,1,7
133,0,4,3,0,0,1,1,1
133,0,4,3,1,0,1,1,3
133,0,4,3,2,0,1,1,7
133,0,5,1,0,1,1,1,1
133,0,5,1,1,1,1,1,1
133,0,5,1,2,1,1,1,1
133,0,5,2,0,0,1,1,1
133,0,5,2,1,1,1,1,2
133,0,5,2,2,1,1,1,2
133,0,5,3,0,0,1,1,1
133,0,5,3,1,1,1,1,2
133,0,5,3,2,1,1,1,2
133,0,6,1,0,0,1,1,1
133,0,6,1,1,0,1,1,3
133,0,6,1,2,0,1,1,7
133,0,6,2,0,1,1,1,1
133,0,6,2,1,1,1,1,1
133,0,6,2,2,1,1,1,1
133,0,6,3,0,0,1,1,1
133,0,6,3,1,0,1,1,3
133,0,6,3,2,0,1,1,7
133,0,7,1,0,0,1,1,1
133,0,7,1,1,0,1,1,3
133,0,7,1,2,0,1,1,7
133,0,7,2,0,1,1,1,1
133,0,7,2,1,1,1,1,1
133,0,7,2,2,1,1,1,1
133,0,7,3,0,0,1,1,1
133,0,7,3,1,0,1,1,3
133,0,7,3,2,0,1,1,7
133,0,8,1,0,1,1,1,1
133,0,8,1,1,1,1,1,1
133,0,8,1,2,1,1,1,1
133,0,8,2,0,1,1,1,1
133,0,8,2,1,1,1,1,1
133,0,8,2,2,1,1,1,1
133,0,8,3,0,1,1,1,1
133,0,8,3,1,1,1,1,1
133,0,8,3,2,1,1,1,1
133,1,0,1,0,0,1,1,1
133,1,0,1,1,0,1,1,3
133,1,0,1,2,0,1,1,7
133,1,0,2,0,0,1,1,1
133,1,0,2,1,0,1,1,3
133,1,0,2,2,0,1,1,7
133,1,0,3,0,0,1,1,1
133,1,0,3,1,0,1,1,3
133,1,0,3,2,0,1,1,7
133,1,1,1,0,0,1,1,1
133,1,1,1,1,0,1,1,3
133,1,1,1,2,0,1,1,7
133,1,1,2,0,0,1,1,1
133,1,1,2,1,0,1,1,3
133,1,1,2,2,0,1,1,7
133,1,1,3,0,0,1,1,1
133,1,1,3,1,0,1,1,3
133,1,1,3,2,0,1,1,7
133,1,2,1,0,1,1,1,1
133,1,2,1,1,1,1,1,1
133,1,2,1,2,1,1,1,1
133,1,2,2,0,0,1,1,1
133,1,2,2,1,0,1,1,3
133,1,2,2,2,0,1,1,7
133,1,2,3,0,0,1,1,1
133,1,2,3,1,0,1,1,3
133,1,2,3,2,0,1,1,7
133,1,3,1,0,0,1,1,1
133,1,3,1,1,0,1,1,3
133,1,3,1,2,0,1,1,7
133,1,3,2,0,0,1,1,1
133,1,3,2,1,0,1,1,3
133,1,3,2,2,0,1,1,7
133,1,3,3,0,0,1,1,1
133,1,3,3,1,0,1,1,3
133,1,3,3,2,0,1,1,7
133,1,4,1,0,0,1,1,1
133,1,4,1,1,0,1,1,3
133,1,4,1,2,0,1,1,7
133,1,4,2,0,0,1,1,1
133,1,4,2,1,0,1,1,3
133,1,4,2,2,0,1,1,7
133,1,4,3,0,0,1,1,1
133,1,4,3,1,0,1,1,3
133,1,4,3,2,0,1,1,7
133,1,5,1,0,1,1,1,1
133,1,5,1,1,1,1,1,1
133,1,5,1,2,1,1,1,1
133,1,5,2,0,0,1,1,1
133,1,5,2,1,1,1,1,2
133,1,5,2,2,1,1,1,2
133,1,5,3,0,0,1,1,1
133,1,5,3,1,1,1,1,2
133,1,5,3,2,1,1,1,2
133,1,6,1,0,0,1,1,1
133,1,6,1,1,0,1,1,3
133,1,6,1,2,0,1,1,7
133,1,6,2,0,1,1,1,1
133,1,6,2,1,1,1,1,1
133,1,6,2,2,1,1,1,1
133,1,6,3,0,0,1,1,1
133,1,6,3,1,0,1,1,3
133,1,6,3,2,0,1,1,7
133,1,7,1,0,0,1,1,1
133,1,7,1,1,0,1,1,3
133,1,7,1,2,0,1,1,7
133,1,7,2,0,1,1,1,1
133,1,7,2,1,1,1,1,1
133,1,7,2,2,1,1,1,1
133,1,7,3,0,0,1,1,1
133,1,7,3,1,0,1,1,3
133,1,7,3,2,0,1,1,7
133,1,8,1,0,1,1,1,1
133,1,8,1,1,1,1,1,1
133,1,8,1,2,1,1,1,1
133,1,8,2,0,1,1,1,1
133,1,8,2,1,1,1,1,1
133,1,8,2,2,1,1,1,1
133,1,8,3,0,1,1,1,1
133,1,8,3,1,1,1,1,1
133,1,8,3,2,1,1,1,1
134,0,0,1,0,0,1,1,1
134,0,0,1,1,0,1,1,3
134,0,0,1,2,0,1,1,7
134,0,0,2,0,0,1,1,1
134,0,0,2,1,0,1,1,3
134,0,0,2,2,0,1,1,7
134,0,0,3,0,0,1,1,1
134,0,0,3,1,0,1,1,3
134,0,0,3,2,0,1,1,7
134,0,1,1,0,0,1,1,1
134,0,1,1,1,0,1,1,3
134,0,1,1,2,0,1,1,7
134,0,1,2,0,0,1,1,1
134,0,1,2,1,0,1,1,3
134,0,1,2,2,0,1,1,7
134,0,1,3,0,0,1,1,1
134,0,1,3,1,0,1,1,3
134,0,1,3,2,0,1,1,7
134,0,2,1,0,1,1,1,1
134,0,2,1,1,1,1,1,1
134,0,2,1,2,1,1,1,1
134,0,2,2,0,0,1,1,1
134,0,2,2,1,0,1,1,3
134,0,2,2,2,0,1,1,7
134,0,2,3,0,0,1,1,1
134,0,2,3,1,0,1,1,3
134,0,2,3,2,0,1,1,7
134,0,3,1,0,0,1,1,1
134,0,3,1,1,0,1,1,3
134,0,3,1,2,0,1,1,7
134,0,3,2,0,0,1,1,1
134,0,3,2,1,0,1,1,3
134,0,3,2,2,0,1,1,7
134,0,3,3,0,0,1,1,1
134,0,3,3,1,0,1,1,3
134,0,3,3,2,0,1,1,7
134,0,4,1,0,0,1,1,1
134,0,4,1,1,0,1,1,3
134,0,4,1,2,0,1,1,7
134,0,4,2,0,0,1,1,1
134,0,4,2,1,0,1,1,3
134,0,4,2,2,0,1,1,7
134,0,4,3,0,0,1,1,1
134,0,4,3,1,0,1,1,3
134,0,4,3,2,0,1,1,7
134,0,5,1,0,1,1,1,1
134,0,5,1,1,1,1,1,1
134,0,5,1,2,1,1,1,1
134,0,5,2,0,0,1,1,1
134,0,5,2,1,1,1,1,2
134,0,5,2,2,1,1,1,2
134,0,5,3,0,0,1,1,1
134,0,5,3,1,0,1,1,3
134,0,5,3,2,0,1,1,7
134,0,6,1,0,0,1,1,1
134,0,6,1,1,0,1,1,3
134,0,6,1,2,0,1,1,7
134,0,6,2,0,1,1,1,1
134,0,6,2,1,1,1,1,1
134,0,6,2,2,1,1,1,1
134,0,6,3,0,0,1,1,1
134,0,6,3,1,0,1,1,3
134,0,6,3,2,0,1,1,7
134,0,7,1,0,0,1,1,1
134,0,7,1,1,1,1,1,2
134,0,7,1,2,1,1,1,2
134,0,7,2,0,1,1,1,1
134,0,7,2,1,1,1,1,1
134,0,7,2,2,1,1,1,1
134,0,7,3,0,0,1,1,1
134,0,7,3,1,0,1,1,3
134,0,7,3,2,0,1,1,7
134,0,8,1,0,1,1,1,1
134,0,8,1,1,1,1,1,1
134,0,8,1,2,1,1,1,1
134,0,8,2,0,1,1,1,1
134,0,8,2,1,1,1,1,1
134,0,8,2,2,1,1,1,1
134,0,8,3,0,1,1,1,1
134,0,8,3,1,1,1,1,1
134,0,8,3,2,1,1,1,1
134,1,0,1,0,0,1,1,1
134,1,0,1,1,0,1,1,3
134,1,0,1,2,0,1,1,13
134,1,0,2,0,0,1,1,1
134,1,0,2,1,0,1,1,3
134,1,0,2,2,0,1,1,13
134,1,0,3,0,0,1,1,1
134,1,0,3,1,0,1,1,3
134,1,0,3,2,0,1,1,13
134,1,1,1,0,0,1,1,1
134,1,1,1,1,0,1,1,3
134,1,1,1,2,0,1,1,13
134,1,1,2,0,0,1,1,1
134,1,1,2,1,0,1,1,3
134,1,1,2,2,0,1,1,13
134,1,1,3,0,0,1,1,1
134,1,1,3,1,0,1,1,3
134,1,1,3,2,0,1,1,13
134,1,2,1,0,1,1,1,1
134,1,2,1,1,1,1,1,1
134,1,2,1,2,1,1,1,1
134,1,2,2,0,0,1,1,1
134,1,2,2,1,0,1,1,3
134,1,2,2,2,0,1,1,13
134,1,2,3,0,0,1,1,1
134,1,2,3,1,0,1,1,3
134,1,2,3,2,0,1,1,13
134,1,3,1,0,0,1,1,1
134,1,3,1,1,0,1,1,3
134,1,3,1,2,0,1,1,13
134,1,3,2,0,0,1,1,1
134,1,3,2,1,0,1,1,3
134,1,3,2,2,0,1,1,13
134,1,3,3,0,0,1,1,1
134,1,3,3,1,0,1,1,3
134,1,3,3,2,0,1,1,13
134,1,4,1,0,0,1,1,1
134,1,4,1,1,0,1,1,3
134,1,4,1,2,0,1,1,13
134,1,4,2,0,0,1,1,1
134,1,4,2,1,0,1,1,3
134,1,4,2,2,0,1,1,13
134,1,4,3,0,0,1,1,1
134,1,4,3,1,0,1,1,3
134,1,4,3,2,0,1,1,13
134,1,5,1,0,1,1,1,1
134,1,5,1,1,1,1,1,1
134,1,5,1,2,1,1,1,1
134,1,5,2,0,0,1,1,1
134,1,5,2,1,1,1,1,2
134,1,5,2,2,1,1,1,2
134,1,5,3,0,0,1,1,1
134,1,5,3,1,0,1,1,3
134,1,5,3,2,1,1,1,3
134,1,6,1,0,0,1,1,1
134,1,6,1,1,0,1,1,3
134,1,6,1,2,0,1,1,13
134,1,6,2,0,1,1,1,1
134,1,6,2,1,1,1,1,1
134,1,6,2,2,1,1,1,1
134,1,6,3,0,0,1,1,1
134,1,6,3,1,0,1,1,3
134,1,6,3,2,0,1,1,13
134,1,7,1,0,0,1,1,1
134,1,7,1,1,1,1,1,2
134,1,7,1,2,1,1,1,2
134,1,7,2,0,1,1,1,1
134,1,7,2,1,1,1,1,1
134,1,7,2,2,1,1,1,1
134,1,7,3,0,0,1,1,1
134,1,7,3,1,0,1,1,3
134,1,7,3,2,1,1,1,5
134,1,8,1,0,1,1,1,1
134,1,8,1,1,1,1,1,1
134,1,8,1,2,1,1,1,1
134,1,8,2,0,1,1,1,1
134,1,8,2,1,1,1,1,1
134,1,8,2,2,1,1,1,1
134,1,8,3,0,1,1,1,1
134,1,8,3,1,1,1,1,1
134,1,8,3,2,1,1,1,1
135,0,0,1,0,0,1,1,1
135,0,0,1,1,0,1,1,3
135,0,0,1,2,0,1,1,7
135,0,0,2,0,0,1,1,1
135,0,0,2,1,0,1,1,3
135,0,0,2,2,0,1,1,7
135,0,0,3,0,0,1,1,1
135,0,0,3,1,0,1,1,3
135,0,0,3,2,0,1,1,7
135,0,1,1,0,0,1,1,1
135,0,1,1,1,0,1,1,3
135,0,1,1,2,0,1,1,7
135,0,1,2,0,0,1,1,1
135,0,1,2,1,0,1,1,3
135,0,1,2,2,0,1,1,7
135,0,1,3,0,0,1,1,1
135,0,1,3,1,0,1,1,3
135,0,1,3,2,0,1,1,7
135,0,2,1,0,1,1,1,1
135,0,2,1,1,1,1,1,1
135,0,2,1,2,1,1,1,1
135,0,2,2,0,0,1,1,1
135,0,2,2,1,0,1,1,3
135,0,2,2,2,0,1,1,7
135,0,2,3,0,0,1,1,1
135,0,2,3,1,0,1,1,3
135,0,2,3,2,0,1,1,7
135,0,3,1,0,0,1,1,1
135,0,3,1,1,0,1,1,3
135,0,3,1,2,0,1,1,7
135,0,3,2,0,0,1,1,1
135,0,3,2,1,0,1,1,3
135,0,3,2,2,0,1,1,7
135,0,3,3,0,0,1,1,1
135,0,3,3,1,0,1,1,3
135,0,3,3,2,0,1,1,7
135,0,4,1,0,0,1,1,1
135,0,4,1,1,0,1,1,3
135,0,4,1,2,0,1,1,7
135,0,4,2,0,0,1,1,1
135,0,4,2,1,0,1,1,3
135,0,4,2,2,0,1,1,7
135,0,4,3,0,0,1,1,1
135,0,4,3,1,0,1,1,3
135,0,4,3,2,0,1,1,7
135,0,5,1,0,1,1,1,1
135,0,5,1,1,1,1,1,1
135,0,5,1,2,1,1,1,1
135,0,5,2,0,0,1,1,1
135,0,5,2,1,1,1,1,2
135,0,5,2,2,1,1,1,2
135,0,5,3,0,0,1,1,1
135,0,5,3,1,0,1,1,3
135,0,5,3,2,0,1,1,7
135,0,6,1,0,0,1,1,1
135,0,6,1,1,0,1,1,3
135,0,6,1,2,0,1,1,7
135,0,6,2,0,1,1,1,1
135,0,6,2,1,1,1,1,1
135,0,6,2,2,1,1,1,1
135,0,6,3,0,0,1,1,1
135,0,6,3,1,0,1,1,3
135,0,6,3,2,0,1,1,7
135,0,7,1,0,0,1,1,1
135,0,7,1,1,0,1,1,3
135,0,7,1,2,0,1,1,7
135,0,7,2,0,1,1,1,1
135,0,7,2,1,1,1,1,1
135,0,7,2,2,1,1,1,1
135,0,7,3,0,0,1,1,1
135,0,7,3,1,0,1,1,3
135,0,7,3,2,0,1,1,7
135,0,8,1,0,1,1,1,1
135,0,8,1,1,1,1,1,1
135,0,8,1,2,1,1,1,1
135,0,8,2,0,1,1,1,1
135,0,8,2,1,1,1,1,1
135,0,8,2,2,1,1,1,1
135,0,8,3,0,1,1,1,1
135,0,8,3,1,1,1,1,1
135,0,8,3,2,1,1,1,1
135,1,0,1,0,0,1,1,1
135,1,0,1,1,0,1,1,3
135,1,0,1,2,0,1,1,13
135,1,0,2,0,0,1,1,1
135,1,0,2,1,0,1,1,3
135,1,0,2,2,0,1,1,13
135,1,0,3,0,0,1,1,1
135,1,0,3,1,0,1,1,3
135,1,0,3,2,0,1,1,13
135,1,1,1,0,0,1,1,1
135,1,1,1,1,0,1,1,3
135,1,1,1,2,0,1,1,13
135,1,1,2,0,0,1,1,1
135,1,1,2,1,0,1,1,3
135,1,1,2,2,0,1,1,13
135,1,1,3,0,0,1,1,1
135,1,1,3,1,0,1,1,3
135,1,1,3,2,0,1,1,13
135,1,2,1,0,1,1,1,1
135,1,2,1,1,1,1,1,1
135,1,2,1,2,1,1,1,1
135,1,2,2,0,0,1,1,1
135,1,2,2,1,0,1,1,3
135,1,2,2,2,0,1,1,13
135,1,2,3,0,0,1,1,1
135,1,2,3,1,0,1,1,3
135,1,2,3,2,0,1,1,13
135,1,3,1,0,0,1,1,1
135,1,3,1,1,0,1,1,3
135,1,3,1,2,0,1,1,13
135,1,3,2,0,0,1,1,1
135,1,3,2,1,0,1,1,3
135,1,3,2,2,0,1,1,13
135,1,3,3,0,0,1,1,1
135,1,3,3,1,0,1,1,3
135,1,3,3,2,0,1,1,13
135,1,4,1,0,0,1,1,1
135,1,4,1,1,0,1,1,3
135,1,4,1,2,0,1,1,13
135,1,4,2,0,0,1,1,1
135,1,4,2,1,0,1,1,3
135,1,4,2,2,0,1,1,13
135,1,4,3,0,0,1,1,1
135,1,4,3,1,0,1,1,3
135,1,4,3,2,0,1,1,13
135,1,5,1,0,1,1,1,1
135,1,5,1,1,1,1,1,1
135,1,5,1,2,1,1,1,1
135,1,5,2,0,0,1,1,1
135,1,5,2,1,1,1,1,2
135,1,5,2,2,1,1,1,2
135,1,5,3,0,0,1,1,1
135,1,5,3,1,0,1,1,3
135,1,5,3,2,1,1,1,3
135,1,6,1,0,0,1,1,1
135,1,6,1,1,0,1,1,3
135,1,6,1,2,0,1,1,13
135,1,6,2,0,1,1,1,1
135,1,6,2,1,1,1,1,1
135,1,6,2,2,1,1,1,1
135,1,6,3,0,0,1,1,1
135,1,6,3,1,0,1,1,3
135,1,6,3,2,0,1,1,13
135,1,7,1,0,0,1,1,1
135,1,7,1,1,0,1,1,3
135,1,7,1,2,0,1,1,13
135,1,7,2,0,1,1,1,1
135,1,7,2,1,1,1,1,1
135,1,7,2,2,1,1,1,1
135,1,7,3,0,0,1,1,1
135,1,7,3,1,0,1,1,3
135,1,7,3,2,0,1,1,13
135,1,8,1,0,1,1,1,1
135,1,8,1,1,1,1,1,1
135,1,8,1,2,1,1,1,1
135,1,8,2,0,1,1,1,1
135,1,8,2,1,1,1,1,1
135,1,8,2,2,1,1,1,1
135,1,8,3,0,1,1,1,1
135,1,8,3,1,1,1,1,1
135,1,8,3,2,1,1,1,1
136,0,0,1,0,0,1,1,1
136,0,0,1,1,0,1,1,3
136,0,0,1,2,0,1,1,7
136,0,0,2,0,0,1,1,1
136,0,0,2,1,0,1,1,3
136,0,0,2,2,0,1,1,7
136,0,0,3,0,0,1,1,1
136,0,0,3,1,0,1,1,3
136,0,0,3,2,0,1,1,7
136,0,1,1,0,0,1,1,1
136,0,1,1,1,0,1,1,3
136,0,1,1,2,0,1,1,7
136,0,1,2,0,0,1,1,1
136,0,1,2,1,0,1,1,3
136,0,1,2,2,0,1,1,7
136,0,1,3,0,0,1,1,1
136,0,1,3,1,0,1,1,3
136,0,1,3,2,0,1,1,7
136,0,2,1,0,1,1,1,1
136,0,2,1,1,1,1,1,1
136,0,2,1,2,1,1,1,1
136,0,2,2,0,0,1,1,1
136,0,2,2,1,0,1,1,3
136,0,2,2,2,0,1,1,7
136,0,2,3,0,0,1,1,1
136,0,2,3,1,0,1,1,3
136,0,2,3,2,0,1,1,7
136,0,3,1,0,0,1,1,1
136,0,3,1,1,0,1,1,3
136,0,3,1,2,0,1,1,7
136,0,3,2,0,0,1,1,1
136,0,3,2,1,0,1,1,3
136,0,3,2,2,0,1,1,7
136,0,3,3,0,0,1,1,1
136,0,3,3,1,0,1,1,3
136,0,3,3,2,0,1,1,7
136,0,4,1,0,0,1,1,1
136,0,4,1,1,0,1,1,3
136,0,4,1,2,0,1,1,7
136,0,4,2,0,0,1,1,1
136,0,4,2,1,0,1,1,3
136,0,4,2,2,0,1,1,7
136,0,4,3,0,0,1,1,1
136,0,4,3,1,0,1,1,3
136,0,4,3,2,0,1,1,7
136,0,5,1,0,1,1,1,1
136,0,5,1,1,1,1,1,1
136,0,5,1,2,1,1,1,1
136,0,5,2,0,0,1,1,1
136,0,5,2,1,0,1,1,3
136,0,5,2,2,0,1,1,7
136,0,5,3,0,0,1,1,1
136,0,5,3,1,0,1,1,3
136,0,5,3,2,0,1,1,7
136,0,6,1,0,0,1,1,1
136,0,6,1,1,0,1,1,3
136,0,6,1,2,0,1,1,7
136,0,6,2,0,1,1,1,1
136,0,6,2,1,1,1,1,1
136,0,6,2,2,1,1,1,1
136,0,6,3,0,0,1,1,1
136,0,6,3,1,0,1,1,3
136,0,6,3,2,0,1,1,7
136,0,7,1,0,0,1,1,1
136,0,7,1,1,0,1,1,3
136,0,7,1,2,0,1,1,7
136,0,7,2,0,1,1,1,1
136,0,7,2,1,1,1,1,1
136,0,7,2,2,1,1,1,1
136,0,7,3,0,0,1,1,1
136,0,7,3,1,0,1,1,3
136,0,7,3,2,0,1,1,7
136,0,8,1,0,1,1,1,1
136,0,8,1,1,1,1,1,1
136,0,8,1,2,1,1,1,1
136,0,8,2,0,1,1,1,1
136,0,8,2,1,1,1,1,1
136,0,8,2,2,1,1,1,1
136,0,8,3,0,1,1,1,1
136,0,8,3,1,1,1,1,1
136,0,8,3,2,1,1,1,1
136,1,0,1,0,0,1,1,1
136,1,0,1,1,0,1,1,3
136,1,0,1,2,0,1,1,7
136,1,0,2,0,0,1,1,1
136,1,0,2,1,0,1,1,3
136,1,0,2,2,0,1,1,7
136,1,0,3,0,0,1,1,1
136,1,0,3,1,0,1,1,3
136,1,0,3,2,0,1,1,7
136,1,1,1,0,0,1,1,1
136,1,1,1,1,0,1,1,3
136,1,1,1,2,0,1,1,7
136,1,1,2,0,0,1,1,1
136,1,1,2,1,0,1,1,3
136,1,1,2,2,0,1,1,7
136,1,1,3,0,0,1,1,1
136,1,1,3,1,0,1,1,3
136,1,1,3,2,0,1,1,7
136,1,2,1,0,1,1,1,1
136,1,2,1,1,1,1,1,1
136,1,2,1,2,1,1,1,1
136,1,2,2,0,0,1,1,1
136,1,2,2,1,0,1,1,3
136,1,2,2,2,0,1,1,7
136,1,2,3,0,0,1,1,1
136,1,2,3,1,0,1,1,3
136,1,2,3,2,0,1,1,7
136,1,3,1,0,0,1,1,1
136,1,3,1,1,0,1,1,3
136,1,3,1,2,0,1,1,7
136,1,3,2,0,0,1,1,1
136,1,3,2,1,0,1,1,3
136,1,3,2,2,0,1,1,7
136,1,3,3,0,0,1,1,1
136,1,3,3,1,0,1,1,3
136,1,3,3,2,0,1,1,7
136,1,4,1,0,0,1,1,1
136,1,4,1,1,0,1,1,3
136,1,4,1,2,0,1,1,7
136,1,4,2,0,0,1,1,1
136,1,4,2,1,0,1,1,3
136,1,4,2,2,0,1,1,7
136,1,4,3,0,0,1,1,1
136,1,4,3,1,0,1,1,3
136,1,4,3,2,0,1,1,7
136,1,5,1,0,1,1,1,1
136,1,5,1,1,1,1,1,1
136,1,5,1,2,1,1,1,1
136,1,5,2,0,0,1,1,1
136,1,5,2,1,0,1,1,3
136,1,5,2,2,0,1,1,7
136,1,5,3,0,0,1,1,1
136,1,5,3,1,0,1,1,3
136,1,5,3,2,0,1,1,7
136,1,6,1,0,0,1,1,1
136,1,6,1,1,0,1,1,3
136,1,6,1,2,0,1,1,7
136,1,6,2,0,1,1,1,1
136,1,6,2,1,1,1,1,1
136,1,6,2,2,1,1,1,1
136,1,6,3,0,0,1,1,1
136,1,6,3,1,0,1,1,3
136,1,6,3,2,0,1,1,7
136,1,7,1,0,0,1,1,1
136,1,7,1,1,0,1,1,3
136,1,7,1,2,0,1,1,7
136,1,7,2,0,1,1,1,1
136,1,7,2,1,1,1,1,1
136,1,7,2,2,1,1,1,1
136,1,7,3,0,0,1,1,1
136,1,7,3,1,0,1,1,3
136,1,7,3,2,0,1,1,7
136,1,8,1,0,1,1,1,1
136,1,8,1,1,1,1,1,1
136,1,8,1,2,1,1,1,1
136,1,8,2,0,1,1,1,1
136,1,8,2,1,1,1,1,1
136,1,8,2,2,1,1,1,1
136,1,8,3,0,1,1,1,1
136,1,8,3,1,1,1,1,1
136,1,8,3,2,1,1,1,1
137,0,0,1,0,0,1,1,1
137,0,0,1,1,0,1,1,3
137,0,0,1,2,0,1,1,7
137,0,0,2,0,0,1,1,1
137,0,0,2,1,0,1,1,3
137,0,0,2,2,0,1,1,7
137,0,0,3,0,0,1,1,1
137,0,0,3,1,0,1,1,3
137,0,0,3,2,0,1,1,7
137,0,1,1,0,0,1,1,1
137,0,1,1,1,0,1,1,3
137,0,1,1,2,0,1,1,7
137,0,1,2,0,0,1,1,1
137,0,1,2,1,0,1,1,3
137,0,1,2,2,0,1,1,7
137,0,1,3,0,0,1,1,1
137,0,1,3,1,0,1,1,3
137,0,1,3,2,0,1,1,7
137,0,2,1,0,1,1,1,1
137,0,2,1,1,1,1,1,1
137,0,2,1,2,1,1,1,1
137,0,2,2,0,0,1,1,1
137,0,2,2,1,0,1,1,3
137,0,2,2,2,0,1,1,7
137,0,2,3,0,0,1,1,1
137,0,2,3,1,0,1,1,3
137,0,2,3,2,0,1,1,7
137,0,3,1,0,0,1,1,1
137,0,3,1,1,0,1,1,3
137,0,3,1,2,0,1,1,7
137,0,3,2,0,0,1,1,1
137,0,3,2,1,0,1,1,3
137,0,3,2,2,0,1,1,7
137,0,3,3,0,0,1,1,1
137,0,3,3,1,0,1,1,3
137,0,3,3,2,0,1,1,7
137,0,4,1,0,0,1,1,1
137,0,4,1,1,0,1,1,3
137,0,4,1,2,0,1,1,7
137,0,4,2,0,0,1,1,1
137,0,4,2,1,0,1,1,3
137,0,4,2,2,0,1,1,7
137,0,4,3,0,0,1,1,1
137,0,4,3,1,0,1,1,3
137,0,4,3,2,0,1,1,7
137,0,5,1,0,1,1,1,1
137,0,5,1,1,1,1,1,1
137,0,5,1,2,1,1,1,1
137,0,5,2,0,0,1,1,1
137,0,5,2,1,0,1,1,3
137,0,5,2,2,0,1,1,7
137,0,5,3,0,0,1,1,1
137,0,5,3,1,0,1,1,3
137,0,5,3,2,0,1,1,7
137,0,6,1,0,0,1,1,1
137,0,6,1,1,0,1,1,3
137,0,6,1,2,0,1,1,7
137,0,6,2,0,1,1,1,1
137,0,6,2,1,1,1,1,1
137,0,6,2,2,1,1,1,1
137,0,6,3,0,0,1,1,1
137,0,6,3,1,0,1,1,3
137,0,6,3,2,0,1,1,7
137,0,7,1,0,0,1,1,1
137,0,7,1,1,0,1,1,3
137,0,7,1,2,0,1,1,7
137,0,7,2,0,1,1,1,1
137,0,7,2,1,1,1,1,1
137,0,7,2,2,1,1,1,1
137,0,7,3,0,0,1,1,1
137,0,7,3,1,0,1,1,3
137,0,7,3,2,0,1,1,7
137,0,8,1,0,1,1,1,1
137,0,8,1,1,1,1,1,1
137,0,8,1,2,1,1,1,1
137,0,8,2,0,1,1,1,1
137,0,8,2,1,1,1,1,1
137,0,8,2,2,1,1,1,1
137,0,8,3,0,1,1,1,1
137,0,8,3,1,1,1,1,1
137,0,8,3,2,1,1,1,1
137,1,0,1,0,0,1,1,1
137,1,0,1,1,0,1,1,3
137,1,0,1,2,0,1,1,13
137,1,0,2,0,0,1,1,1
137,1,0,2,1,0,1,1,3
137,1,0,2,2,0,1,1,13
137,1,0,3,0,0,1,1,1
137,1,0,3,1,0,1,1,3
137,1,0,3,2,0,1,1,13
137,1,1,1,0,0,1,1,1
137,1,1,1,1,0,1,1,3
137,1,1,1,2,0,1,1,13
137,1,1,2,0,0,1,1,1
137,1,1,2,1,0,1,1,3
137,1,1,2,2,0,1,1,13
137,1,1,3,0,0,1,1,1
137,1,1,3,1,0,1,1,3
137,1,1,3,2,0,1,1,13
137,1,2,1,0,1,1,1,1
137,1,2,1,1,1,1,1,1
137,1,2,1,2,1,1,1,1
137,1,2,2,0,0,1,1,1
137,1,2,2,1,0,1,1,3
137,1,2,2,2,0,1,1,13
137,1,2,3,0,0,1,1,1
137,1,2,3,1,0,1,1,3
137,1,2,3,2,0,1,1,13
137,1,3,1,0,0,1,1,1
137,1,3,1,1,0,1,1,3
137,1,3,1,2,0,1,1,13
137,1,3,2,0,0,1,1,1
137,1,3,2,1,0,1,1,3
137,1,3,2,2,0,1,1,13
137,1,3,3,0,0,1,1,1
137,1,3,3,1,0,1,1,3
137,1,3,3,2,0,1,1,13
137,1,4,1,0,0,1,1,1
137,1,4,1,1,0,1,1,3
137,1,4,1,2,0,1,1,13
137,1,4,2,0,0,1,1,1
137,1,4,2,1,0,1,1,3
137,1,4,2,2,0,1,1,13
137,1,4,3,0,0,1,1,1
137,1,4,3,1,0,1,1,3
137,1,4,3,2,0,1,1,13
137,1,5,1,0,1,1,1,1
137,1,5,1,1,1,1,1,1
137,1,5,1,2,1,1,1,1
137,1,5,2,0,0,1,1,1
137,1,5,2,1,0,1,1,3
137,1,5,2,2,0,1,1,13
137,1,5,3,0,0,1,1,1
137,1,5,3,1,0,1,1,3
137,1,5,3,2,0,1,1,13
137,1,6,1,0,0,1,1,1
137,1,6,1,1,0,1,1,3
137,1,6,1,2,0,1,1,13
137,1,6,2,0,1,1,1,1
137,1,6,2,1,1,1,1,1
137,1,6,2,2,1,1,1,1
137,1,6,3,0,0,1,1,1
137,1,6,3,1,0,1,1,3
137,1,6,3,2,0,1,1,13
137,1,7,1,0,0,1,1,1
137,1,7,1,1,0,1,1,3
137,1,7,1,2,0,1,1,13
137,1,7,2,0,1,1,1,1
137,1,7,2,1,1,1,1,1
137,1,7,2,2,1,1,1,1
137,1,7,3,0,0,1,1,1
137,1,7,3,1,0,1,1,3
137,1,7,3,2,0,1,1,13
137,1,8,1,0,1,1,1,1
137,1,8,1,1,1,1,1,1
137,1,8,1,2,1,1,1,1
137,1,8,2,0,1,1,1,1
137,1,8,2,1,1,1,1,1
137,1,8,2,2,1,1,1,1
137,1,8,3,0,1,1,1,1
137,1,8,3,1,1,1,1,1
137,1,8,3,2,1,1,1,1
138,0,0,1,0,0,1,1,1
138,0,0,1,1,0,1,1,3
138,0,0,1,2,0,1,1,7
138,0,0,2,0,0,1,1,1
138,0,0,2,1,0,1,1,3
138,0,0,2,2,0,1,1,7
138,0,0,3,0,0,1,1,1
138,0,0,3,1,0,1,1,3
138,0,0,3,2,0,1,1,7
138,0,1,1,0,0,1,1,1
138,0,1,1,1,0,1,1,3
138,0,1,1,2,0,1,1,7
138,0,1,2,0,0,1,1,1
138,0,1,2,1,0,1,1,3
138,0,1,2,2,0,1,1,7
138,0,1,3,0,0,1,1,1
138,0,1,3,1,0,1,1,3
138,0,1,3,2,0,1,1,7
138,0,2,1,0,1,1,1,1
138,0,2,1,1,1,1,1,1
138,0,2,1,2,1,1,1,1
138,0,2,2,0,0,1,1,1
138,0,2,2,1,0,1,1,3
138,0,2,2,2,0,1,1,7
138,0,2,3,0,0,1,1,1
138,0,2,3,1,0,1,1,3
138,0,2,3,2,0,1,1,7
138,0,3,1,0,0,1,1,1
138,0,3,1,1,0,1,1,3
138,0,3,1,2,0,1,1,7
138,0,3,2,0,0,1,1,1
138,0,3,2,1,0,1,1,3
138,0,3,2,2,0,1,1,7
138,0,3,3,0,0,1,1,1
138,0,3,3,1,0,1,1,3
138,0,3,3,2,0,1,1,7
138,0,4,1,0,0,1,1,1
138,0,4,1,1,0,1,1,3
138,0,4,1,2,0,1,1,7
138,0,4,2,0,0,1,1,1
138,0,4,2,1,0,1,1,3
138,0,4,2,2,0,1,1,7
138,0,4,3,0,0,1,1,1
138,0,4,3,1,0,1,1,3
138,0,4,3,2,0,1,1,7
138,0,5,1,0,1,1,1,1
138,0,5,1,1,1,1,1,1
138,0,5,1,2,1,1,1,1
138,0,5,2,0,0,1,1,1
138,0,5,2,1,0,1,1,3
138,0,5,2,2,0,1,1,7
138,0,5,3,0,0,1,1,1
138,0,5,3,1,0,1,1,3
138,0,5,3,2,0,1,1,7
138,0,6,1,0,0,1,1,1
138,0,6,1,1,0,1,1,3
138,0,6,1,2,0,1,1,7
138,0,6,2,0,1,1,1,1
138,0,6,2,1,1,1,1,1
138,0,6,2,2,1,1,1,1
138,0,6,3,0,0,1,1,1
138,0,6,3,1,0,1,1,3
138,0,6,3,2,0,1,1,7
138,0,7,1,0,0,1,1,1
138,0,7,1,1,1,1,1,2
138,0,7,1,2,1,1,1,2
138,0,7,2,0,1,1,1,1
138,0,7,2,1,1,1,1,1
138,0,7,2,2,1,1,1,1
138,0,7,3,0,0,1,1,1
138,0,7,3,1,1,1,1,2
138,0,7,3,2,1,1,1,2
138,0,8,1,0,1,1,1,1
138,0,8,1,1,1,1,1,1
138,0,8,1,2,1,1,1,1
138,0,8,2,0,1,1,1,1
138,0,8,2,1,1,1,1,1
138,0,8,2,2,1,1,1,1
138,0,8,3,0,1,1,1,1
138,0,8,3,1,1,1,1,1
138,0,8,3,2,1,1,1,1
138,1,0,1,0,0,1,1,1
138,1,0,1,1,0,1,1,3
138,1,0,1,2,0,1,1,7
138,1,0,2,0,0,1,1,1
138,1,0,2,1,0,1,1,3
138,1,0,2,2,0,1,1,7
138,1,0,3,0,0,1,1,1
138,1,0,3,1,0,1,1,3
138,1,0,3,2,0,1,1,7
138,1,1,1,0,0,1,1,1
138,1,1,1,1,0,1,1,3
138,1,1,1,2,0,1,1,7
138,1,1,2,0,0,1,1,1
138,1,1,2,1,0,1,1,3
138,1,1,2,2,0,1,1,7
138,1,1,3,0,0,1,1,1
138,1,1,3,1,0,1,1,3
138,1,1,3,2,0,1,1,7
138,1,2,1,0,1,1,1,1
138,1,2,1,1,1,1,1,1
138,1,2,1,2,1,1,1,1
138,1,2,2,0,0,1,1,1
138,1,2,2,1,0,1,1,3
138,1,2,2,2,0,1,1,7
138,1,2,3,0,0,1,1,1
138,1,2,3,1,0,1,1,3
138,1,2,3,2,0,1,1,7
138,1,3,1,0,0,1,1,1
138,1,3,1,1,0,1,1,3
138,1,3,1,2,0,1,1,7
138,1,3,2,0,0,1,1,1
138,1,3,2,1,0,1,1,3
138,1,3,2,2,0,1,1,7
138,1,3,3,0,0,1,1,1
138,1,3,3,1,0,1,1,3
138,1,3,3,2,0,1,1,7
138,1,4,1,0,0,1,1,1
138,1,4,1,1,0,1,1,3
138,1,4,1,2,0,1,1,7
138,1,4,2,0,0,1,1,1
138,1,4,2,1,0,1,1,3
138,1,4,2,2,0,1,1,7
138,1,4,3,0,0,1,1,1
138,1,4,3,1,0,1,1,3
138,1,4,3,2,0,1,1,7
138,1,5,1,0,1,1,1,1
138,1,5,1,1,1,1,1,1
138,1,5,1,2,1,1,1,1
138,1,5,2,0,0,1,1,1
138,1,5,2,1,0,1,1,3
138,1,5,2,2,0,1,1,7
138,1,5,3,0,0,1,1,1
138,1,5,3,1,0,1,1,3
138,1,5,3,2,0,1,1,7
138,1,6,1,0,0,1,1,1
138,1,6,1,1,0,1,1,3
138,1,6,1,2,0,1,1,7
138,1,6,2,0,1,1,1,1
138,1,6,2,1,1,1,1,1
138,1,6,2,2,1,1,1,1
138,1,6,3,0,0,1,1,1
138,1,6,3,1,0,1,1,3
138,1,6,3,2,0,1,1,7
138,1,7,1,0,0,1,1,1
138,1,7,1,1,1,1,1,2
138,1,7,1,2,1,1,1,2
138,1,7,2,0,1,1,1,1
138,1,7,2,1,1,1,1,1
138,1,7,2,2,1,1,1,1
138,1,7,3,0,0,1,1,1
138,1,7,3,1,1,1,1,2
138,1,7,3,2,1,1,1,2
138,1,8,1,0,1,1,1,1
138,1,8,1,1,1,1,1,1
138,1,8,1,2,1,1,1,1
138,1,8,2,0,1,1,1,1
138,1,8,2,1,1,1,1,1
138,1,8,2,2,1,1,1,1
138,1,8,3,0,1,1,1,1
138,1,8,3,1,1,1,1,1
138,1,8,3,2,1,1,1,1
139,0,0,1,0,0,1,1,1
139,0,0,1,1,0,1,1,3
139,0,0,1,2,0,1,1,7
139,0,0,2,0,0,1,1,1
139,0,0,2,1,0,1,1,3
139,0,0,2,2,0,1,1,7
139,0,0,3,0,0,1,1,1
139,0,0,3,1,0,1,1,3
139,0,0,3,2,0,1,1,7
139,0,1,1,0,0,1,1,1
139,0,1,1,1,0,1,1,3
139,0,1,1,2,0,1,1,7
139,0,1,2,0,0,1,1,1
139,0,1,2,1,0,1,1,3
139,0,1,2,2,0,1,1,7
139,0,1,3,0,0,1,1,1
139,0,1,3,1,0,1,1,3
139,0,1,3,2,0,1,1,7
139,0,2,1,0,1,1,1,1
139,0,2,1,1,1,1,1,1
139,0,2,1,2,1,1,1,1
139,0,2,2,0,0,1,1,1
139,0,2,2,1,0,1,1,3
139,0,2,2,2,0,1,1,7
139,0,2,3,0,0,1,1,1
139,0,2,3,1,0,1,1,3
139,0,2,3,2,0,1,1,7
139,0,3,1,0,0,1,1,1
139,0,3,1,1,0,1,1,3
139,0,3,1,2,0,1,1,7
139,0,3,2,0,0,1,1,1
139,0,3,2,1,0,1,1,3
139,0,3,2,2,0,1,1,7
139,0,3,3,0,0,1,1,1
139,0,3,3,1,0,1,1,3
139,0,3,3,2,0,1,1,7
139,0,4,1,0,0,1,1,1
139,0,4,1,1,0,1,1,3
139,0,4,1,2,0,1,1,7
139,0,4,2,0,0,1,1,1
139,0,4,2,1,0,1,1,3
139,0,4,2,2,0,1,1,7
139,0,4,3,0,0,1,1,1
139,0,4,3,1,0,1,1,3
139,0,4,3,2,0,1,1,7
139,0,5,1,0,1,1,1,1
139,0,5,1,1,1,1,1,1
139,0,5,1,2,1,1,1,1
139,0,5,2,0,0,1,1,1
139,0,5,2,1,0,1,1,3
139,0,5,2,2,0,1,1,7
139,0,5,3,0,0,1,1,1
139,0,5,3,1,0,1,1,3
139,0,5,3,2,0,1,1,7
139,0,6,1,0,0,1,1,1
139,0,6,1,1,0,1,1,3
139,0,6,1,2,0,1,1,7
139,0,6,2,0,1,1,1,1
139,0,6,2,1,1,1,1,1
139,0,6,2,2,1,1,1,1
139,0,6,3,0,0,1,1,1
139,0,6,3,1,0,1,1,3
139,0,6,3,2,0,1,1,7
139,0,7,1,0,0,1,1,1
139,0,7,1,1,0,1,1,3
139,0,7,1,2,0,1,1,7
139,0,7,2,0,1,1,1,1
139,0,7,2,1,1,1,1,1
139,0,7,2,2,1,1,1,1
139,0,7,3,0,0,1,1,1
139,0,7,3,1,0,1,1,3
139,0,7,3,2,0,1,1,7
139,0,8,1,0,1,1,1,1
139,0,8,1,1,1,1,1,1
139,0,8,1,2,1,1,1,1
139,0,8,2,0,1,1,1,1
139,0,8,2,1,1,1,1,1
139,0,8,2,2,1,1,1,1
139,0,8,3,0,1,1,1,1
139,0,8,3,1,1,1,1,1
139,0,8,3,2,1,1,1,1
139,1,0,1,0,0,1,1,1
139,1,0,1,1,0,1,1,3
139,1,0,1,2,0,1,1,13
139,1,0,2,0,0,1,1,1
139,1,0,2,1,0,1,1,3
139,1,0,2,2,0,1,1,13
139,1,0,3,0,0,1,1,1
139,1,0,3,1,0,1,1,3
139,1,0,3,2,0,1,1,13
139,1,1,1,0,0,1,1,1
139,1,1,1,1,0,1,1,3
139,1,1,1,2,0,1,1,13
139,1,1,2,0,0,1,1,1
139,1,1,2,1,0,1,1,3
139,1,1,2,2,0,1,1,13
139,1,1,3,0,0,1,1,1
139,1,1,3,1,0,1,1,3
139,1,1,3,2,0,1,1,13
139,1,2,1,0,1,1,1,1
139,1,2,1,1,1,1,1,1
139,1,2,1,2,1,1,1,1
139,1,2,2,0,0,1,1,1
139,1,2,2,1,0,1,1,3
139,1,2,2,2,0,1,1,13
139,1,2,3,0,0,1,1,1
139,1,2,3,1,0,1,1,3
139,1,2,3,2,0,1,1,13
139,1,3,1,0,0,1,1,1
139,1,3,1,1,0,1,1,3
139,1,3,1,2,0,1,1,13
139,1,3,2,0,0,1,1,1
139,1,3,2,1,0,1,1,3
139,1,3,2,2,0,1,1,13
139,1,3,3,0,0,1,1,1
139,1,3,3,1,0,1,1,3
139,1,3,3,2,0,1,1,13
139,1,4,1,0,0,1,1,1
139,1,4,1,1,0,1,1,3
139,1,4,1,2,0,1,1,13
139,1,4,2,0,0,1,1,1
139,1,4,2,1,0,1,1,3
139,1,4,2,2,0,1,1,13
139,1,4,3,0,0,1,1,1
139,1,4,3,1,0,1,1,3
139,1,4,3,2,0,1,1,13
139,1,5,1,0,1,1,1,1
139,1,5,1,1,1,1,1,1
139,1,5,1,2,1,1,1,1
139,1,5,2,0,0,1,1,1
139,1,5,2,1,0,1,1,3
139,1,5,2,2,0,1,1,13
139,1,5,3,0,0,1,1,1
139,1,5,3,1,0,1,1,3
139,1,5,3,2,0,1,1,13
139,1,6,1,0,0,1,1,1
139,1,6,1,1,0,1,1,3
139,1,6,1,2,0,1,1,13
139,1,6,2,0,1,1,1,1
139,1,6,2,1,1,1,1,1
139,1,6,2,2,1,1,1,1
139,1,6,3,0,0,1,1,1
139,1,6,3,1,0,1,1,3
139,1,6,3,2,0,1,1,13
139,1,7,1,0,0,1,1,1
139,1,7,1,1,0,1,1,3
139,1,7,1,2,0,1,1,13
139,1,7,2,0,1,1,1,1
139,1,7,2,1,1,1,1,1
139,1,7,2,2,1,1,1,1
139,1,7,3,0,0,1,1,1
139,1,7,3,1,0,1,1,3
139,1,7,3,2,0,1,1,13
139,1,8,1,0,1,1,1,1
139,1,8,1,1,1,1,1,1
139,1,8,1,2,1,1,1,1
139,1,8,2,0,1,1,1,1
139,1,8,2,1,1,1,1,1
139,1,8,2,2,1,1,1,1
139,1,8,3,0,1,1,1,1
139,1,8,3,1,1,1,1,1
139,1,8,3,2,1,1,1,1
140,0,0,1,0,0,1,1,1
140,0,0,1,1,0,1,1,3
140,0,0,1,2,0,1,1,7
140,0,0,2,0,0,1,1,1
140,0,0,2,1,0,1,1,3
140,0,0,2,2,0,1,1,7
140,0,0,3,0,0,1,1,1
140,0,0,3,1,0,1,1,3
140,0,0,3,2,0,1,1,7
140,0,1,1,0,0,1,1,1
140,0,1,1,1,0,1,1,3
140,0,1,1,2,0,1,1,7
140,0,1,2,0,0,1,1,1
140,0,1,2,1,0,1,1,3
140,0,1,2,2,0,1,1,7
140,0,1,3,0,0,1,1,1
140,0,1,3,1,0,1,1,3
140,0,1,3,2,0,1,1,7
140,0,2,1,0,1,1,1,1
140,0,2,1,1,1,1,1,1
140,0,2,1,2,1,1,1,1
140,0,2,2,0,0,1,1,1
140,0,2,2,1,0,1,1,3
140,0,2,2,2,0,1,1,7
140,0,2,3,0,0,1,1,1
140,0,2,3,1,0,1,1,3
140,0,2,3,2,0,1,1,7
140,0,3,1,0,0,1,1,1
140,0,3,1,1,0,1,1,3
140,0,3,1,2,0,1,1,7
140,0,3,2,0,0,1,1,1
140,0,3,2,1,0,1,1,3
140,0,3,2,2,0,1,1,7
140,0,3,3,0,0,1,1,1
140,0,3,3,1,0,1,1,3
140,0,3,3,2,0,1,1,7
140,0,4,1,0,0,1,1,1
140,0,4,1,1,0,1,1,3
140,0,4,1,2,0,1,1,7
140,0,4,2,0,0,1,1,1
140,0,4,2,1,0,1,1,3
140,0,4,2,2,0,1,1,7
140,0,4,3,0,0,1,1,1
140,0,4,3,1,0,1,1,3
140,0,4,3,2,0,1,1,7
140,0,5,1,0,1,1,1,1
140,0,5,1,1,1,1,1,1
140,0,5,1,2,1,1,1,1
140,0,5,2,0,0,1,1,1
140,0,5,2,1,0,1,1,3
140,0,5,2,2,0,1,1,7
140,0,5,3,0,0,1,1,1
140,0,5,3,1,0,1,1,3
140,0,5,3,2,0,1,1,7
140,0,6,1,0,0,1,1,1
140,0,6,1,1,0,1,1,3
140,0,6,1,2,0,1,1,7
140,0,6,2,0,1,1,1,1
140,0,6,2,1,1,1,1,1
140,0,6,2,2,1,1,1,1
140,0,6,3,0,0,1,1,1
140,0,6,3,1,0,1,1,3
140,0,6,3,2,0,1,1,7
140,0,7,1,0,0,1,1,1
140,0,7,1,1,0,1,1,3
140,0,7,1,2,0,1,1,7
140,0,7,2,0,1,1,1,1
140,0,7,2,1,1,1,1,1
140,0,7,2,2,1,1,1,1
140,0,7,3,0,0,1,1,1
140,0,7,3,1,0,1,1,3
140,0,7,3,2,0,1,1,7
140,0,8,1,0,1,1,1,1
140,0,8,1,1,1,1,1,1
140,0,8,1,2,1,1,1,1
140,0,8,2,0,1,1,1,1
140,0,8,2,1,1,1,1,1
140,0,8,2,2,1,1,1,1
140,0,8,3,0,1,1,1,1
140,0,8,3,1,1,1,1,1
140,0,8,3,2,1,1,1,1
140,1,0,1,0,0,1,1,1
140,1,0,1,1,0,1,1,3
140,1,0,1,2,0,1,1,13
140,1,0,2,0,0,1,1,1
140,1,0,2,1,0,1,1,3
140,1,0,2,2,0,1,1,13
140,1,0,3,0,0,1,1,1
140,1,0,3,1,0,1,1,3
140,1,0,3,2,0,1,1,13
140,1,1,1,0,0,1,1,1
140,1,1,1,1,0,1,1,3
140,1,1,1,2,0,1,1,13
140,1,1,2,0,0,1,1,1
140,1,1,2,1,0,1,1,3
140,1,1,2,2,0,1,1,13
140,1,1,3,0,0,1,1,1
140,1,1,3,1,0,1,1,3
140,1,1,3,2,0,1,1,13
140,1,2,1,0,1,1,1,1
140,1,2,1,1,1,1,1,1
140,1,2,1,2,1,1,1,1
140,1,2,2,0,0,1,1,1
140,1,2,2,1,0,1,1,3
140,1,2,2,2,0,1,1,13
140,1,2,3,0,0,1,1,1
140,1,2,3,1,0,1,1,3
140,1,2,3,2,0,1,1,13
140,1,3,1,0,0,1,1,1
140,1,3,1,1,0,1,1,3
140,1,3,1,2,0,1,1,13
140,1,3,2,0,0,1,1,1
140,1,3,2,1,0,1,1,3
140,1,3,2,2,0,1,1,13
140,1,3,3,0,0,1,1,1
140,1,3,3,1,0,1,1,3
140,1,3,3,2,0,1,1,13
140,1,4,1,0,0,1,1,1
140,1,4,1,1,0,1,1,3
140,1,4,1,2,0,1,1,13
140,1,4,2,0,0,1,1,1
140,1,4,2,1,0,1,1,3
140,1,4,2,2,0,1,1,13
140,1,4,3,0,0,1,1,1
140,1,4,3,1,0,1,1,3
140,1,4,3,2,0,1,1,13
140,1,5,1,0,1,1,1,1
140,1,5,1,1,1,1,1,1
140,1,5,1,2,1,1,1,1
140,1,5,2,0,0,1,1,1
140,1,5,2,1,0,1,1,3
140,1,5,2,2,0,1,1,13
140,1,5,3,0,0,1,1,1
140,1,5,3,1,0,1,1,3
140,1,5,3,2,0,1,1,13
140,1,6,1,0,0,1,1,1
140,1,6,1,1,0,1,1,3
140,1,6,1,2,0,1,1,13
140,1,6,2,0,1,1,1,1
140,1,6,2,1,1,1,1,1
140,1,6,2,2,1,1,1,1
140,1,6,3,0,0,1,1,1
140,1,6,3,1,0,1,1,3
140,1,6,3,2,0,1,1,13
140,1,7,1,0,0,1,1,1
140,1,7,1,1,0,1,1,3
140,1,7,1,2,0,1,1,13
140,1,7,2,0,1,1,1,1
140,1,7,2,1,1,1,1,1
140,1,7,2,2,1,1,1,1
140,1,7,3,0,0,1,1,1
140,1,7,3,1,0,1,1,3
140,1,7,3,2,0,1,1,13
140,1,8,1,0,1,1,1,1
140,1,8,1,1,1,1,1,1
140,1,8,1,2,1,1,1,1
140,1,8,2,0,1,1,1,1
140,1,8,2,1,1,1,1,1
140,1,8,2,2,1,1,1,1
140,1,8,3,0,1,1,1,1
140,1,8,3,1,1,1,1,1
140,1,8,3,2,1,1,1,1
141,0,0,1,0,0,1,1,1
141,0,0,1,1,0,1,1,3
141,0,0,1,2,0,1,1,7
141,0,0,2,0,0,1,1,1
141,0,0,2,1,0,1,1,3
141,0,0,2,2,0,1,1,7
141,0,0,3,0,0,1,1,1
141,0,0,3,1,0,1,1,3
141,0,0,3,2,0,1,1,7
141,0,1,1,0,0,1,1,1
141,0,1,1,1,0,1,1,3
141,0,1,1,2,0,1,1,7
141,0,1,2,0,0,1,1,1
141,0,1,2,1,0,1,1,3
141,0,1,2,2,0,1,1,7
141,0,1,3,0,0,1,1,1
141,0,1,3,1,0,1,1,3
141,0,1,3,2,0,1,1,7
141,0,2,1,0,1,1,1,1
141,0,2,1,1,1,1,1,1
141,0,2,1,2,1,1,1,1
141,0,2,2,0,0,1,1,1
141,0,2,2,1,0,1,1,3
141,0,2,2,2,0,1,1,7
141,0,2,3,0,0,1,1,1
141,0,2,3,1,0,1,1,3
141,0,2,3,2,0,1,1,7
141,0,3,1,0,0,1,1,1
141,0,3,1,1,0,1,1,3
141,0,3,1,2,0,1,1,7
141,0,3,2,0,0,1,1,1
141,0,3,2,1,0,1,1,3
141,0,3,2,2,0,1,1,7
141,0,3,3,0,0,1,1,1
141,0,3,3,1,0,1,1,3
141,0,3,3,2,0,1,1,7
141,0,4,1,0,0,1,1,1
141,0,4,1,1,0,1,1,3
141,0,4,1,2,0,1,1,7
141,0,4,2,0,0,1,1,1
141,0,4,2,1,0,1,1,3
141,0,4,2,2,0,1,1,7
141,0,4,3,0,0,1,1,1
141,0,4,3,1,0,1,1,3
141,0,4,3,2,0,1,1,7
141,0,5,1,0,1,1,1,1
141,0,5,1,1,1,1,1,1
141,0,5,1,2,1,1,1,1
141,0,5,2,0,0,1,1,1
141,0,5,2,1,0,1,1,3
141,0,5,2,2,0,1,1,7
141,0,5,3,0,0,1,1,1
141,0,5,3,1,0,1,1,3
141,0,5,3,2,0,1,1,7
141,0,6,1,0,0,1,1,1
141,0,6,1,1,0,1,1,3
141,0,6,1,2,0,1,1,7
141,0,6,2,0,1,1,1,1
141,0,6,2,1,1,1,1,1
141,0,6,2,2,1,1,1,1
141,0,6,3,0,0,1,1,1
141,0,6,3,1,0,1,1,3
141,0,6,3,2,0,1,1,7
141,0,7,1,0,0,1,1,1
141,0,7,1,1,0,1,1,3
141,0,7,1,2,0,1,1,7
141,0,7,2,0,1,1,1,1
141,0,7,2,1,1,1,1,1
141,0,7,2,2,1,1,1,1
141,0,7,3,0,0,1,1,1
141,0,7,3,1,0,1,1,3
141,0,7,3,2,0,1,1,7
141,0,8,1,0,1,1,1,1
141,0,8,1,1,1,1,1,1
141,0,8,1,2,1,1,1,1
141,0,8,2,0,1,1,1,1
141,0,8,2,1,1,1,1,1
141,0,8,2,2,1,1,1,1
141,0,8,3,0,1,1,1,1
141,0,8,3,1,1,1,1,1
141,0,8,3,2,1,1,1,1
141,1,0,1,0,0,1,1,1
141,1,0,1,1,0,1,1,3
141,1,0,1,2,0,1,1,13
141,1,0,2,0,0,1,1,1
141,1,0,2,1,0,1,1,3
141,1,0,2,2,0,1,1,13
141,1,0,3,0,0,1,1,1
141,1,0,3,1,0,1,1,3
141,1,0,3,2,0,1,1,13
141,1,1,1,0,0,1,1,1
141,1,1,1,1,0,1,1,3
141,1,1,1,2,0,1,1,13
141,1,1,2,0,0,1,1,1
141,1,1,2,1,0,1,1,3
141,1,1,2,2,0,1,1,13
141,1,1,3,0,0,1,1,1
141,1,1,3,1,0,1,1,3
141,1,1,3,2,0,1,1,13
141,1,2,1,0,1,1,1,1
141,1,2,1,1,1,1,1,1
141,1,2,1,2,1,1,1,1
141,1,2,2,0,0,1,1,1
141,1,2,2,1,0,1,1,3
141,1,2,2,2,0,1,1,13
141,1,2,3,0,0,1,1,1
141,1,2,3,1,0,1,1,3
141,1,2,3,2,0,1,1,13
141,1,3,1,0,0,1,1,1
141,1,3,1,1,0,1,1,3
141,1,3,1,2,0,1,1,13
141,1,3,2,0,0,1,1,1
141,1,3,2,1,0,1,1,3
141,1,3,2,2,0,1,1,13
141,1,3,3,0,0,1,1,1
141,1,3,3,1,0,1,1,3
141,1,3,3,2,0,1,1,13
141,1,4,1,0,0,1,1,1
141,1,4,1,1,0,1,1,3
141,1,4,1,2,0,1,1,13
141,1,4,2,0,0,1,1,1
141,1,4,2,1,0,1,1,3
141,1,4,2,2,0,1,1,13
141,1,4,3,0,0,1,1,1
141,1,4,3,1,0,1,1,3
141,1,4,3,2,0,1,1,13
141,1,5,1,0,1,1,1,1
141,1,5,1,1,1,1,1,1
141,1,5,1,2,1,1,1,1
141,1,5,2,0,0,1,1,1
141,1,5,2,1,0,1,1,3
141,1,5,2,2,0,1,1,13
141,1,5,3,0,0,1,1,1
141,1,5,3,1,0,1,1,3
141,1,5,3,2,0,1,1,13
141,1,6,1,0,0,1,1,1
141,1,6,1,1,0,1,1,3
141,1,6,1,2,0,1,1,13
141,1,6,2,0,1,1,1,1
141,1,6,2,1,1,1,1,1
141,1,6,2,2,1,1,1,1
141,1,6,3,0,0,1,1,1
141,1,6,3,1,0,1,1,3
141,1,6,3,2,0,1,1,13
141,1,7,1,0,0,1,1,1
141,1,7,1,1,0,1,1,3
141,1,7,1,2,0,1,1,13
141,1,7,2,0,1,1,1,1
141,1,7,2,1,1,1,1,1
141,1,7,2,2,1,1,1,1
141,1,7,3,0,0,1,1,1
141,1,7,3,1,0,1,1,3
141,1,7,3,2,0,1,1,13
141,1,8,1,0,1,1,1,1
141,1,8,1,1,1,1,1,1
141,1,8,1,2,1,1,1,1
141,1,8,2,0,1,1,1,1
141,1,8,2,1,1,1,1,1
141,1,8,2,2,1,1,1,1
141,1,8,3,0,1,1,1,1
141,1,8,3,1,1,1,1,1
141,1,8,3,2,1,1,1,1
142,0,0,1,0,0,1,1,1
142,0,0,1,1,0,1,1,3
142,0,0,1,2,0,1,1,7
142,0,0,2,0,0,1,1,1
142,0,0,2,1,0,1,1,3
142,0,0,2,2,0,1,1,7
142,0,0,3,0,0,1,1,1
142,0,0,3,1,0,1,1,3
142,0,0,3,2,0,1,1,7
142,0,1,1,0,0,1,1,1
142,0,1,1,1,0,1,1,3
142,0,1,1,2,0,1,1,7
142,0,1,2,0,0,1,1,1
142,0,1,2,1,0,1,1,3
142,0,1,2,2,0,1,1,7
142,0,1,3,0,0,1,1,1
142,0,1,3,1,0,1,1,3
142,0,1,3,2,0,1,1,7
142,0,2,1,0,1,1,1,1
142,0,2,1,1,1,1,1,1
142,0,2,1,2,1,1,1,1
142,0,2,2,0,0,1,1,1
142,0,2,2,1,0,1,1,3
142,0,2,2,2,0,1,1,7
142,0,2,3,0,0,1,1,1
142,0,2,3,1,0,1,1,3
142,0,2,3,2,0,1,1,7
142,0,3,1,0,0,1,1,1
142,0,3,1,1,0,1,1,3
142,0,3,1,2,0,1,1,7
142,0,3,2,0,0,1,1,1
142,0,3,2,1,0,1,1,3
142,0,3,2,2,0,1,1,7
142,0,3,3,0,0,1,1,1
142,0,3,3,1,0,1,1,3
142,0,3,3,2,0,1,1,7
142,0,4,1,0,0,1,1,1
142,0,4,1,1,0,1,1,3
142,0,4,1,2,0,1,1,7
142,0,4,2,0,0,1,1,1
142,0,4,2,1,0,1,1,3
142,0,4,2,2,0,1,1,7
142,0,4,3,0,0,1,1,1
142,0,4,3,1,0,1,1,3
142,0,4,3,2,0,1,1,7
142,0,5,1,0,1,1,1,1
142,0,5,1,1,1,1,1,1
142,0,5,1,2,1,1,1,1
142,0,5,2,0,0,1,1,1
142,0,5,2,1,0,1,1,3
142,0,5,2,2,0,1,1,7
142,0,5,3,0,0,1,1,1
142,0,5,3,1,0,1,1,3
142,0,5,3,2,0,1,1,7
142,0,6,1,0,0,1,1,1
142,0,6,1,1,0,1,1,3
142,0,6,1,2,0,1,1,7
142,0,6,2,0,1,1,1,1
142,0,6,2,1,1,1,1,1
142,0,6,2,2,1,1,1,1
142,0,6,3,0,0,1,1,1
142,0,6,3,1,0,1,1,3
142,0,6,3,2,0,1,1,7
142,0,7,1,0,0,1,1,1
142,0,7,1,1,1,1,1,2
142,0,7,1,2,1,1,1,2
142,0,7,2,0,1,1,1,1
142,0,7,2,1,1,1,1,1
142,0,7,2,2,1,1,1,1
142,0,7,3,0,0,1,1,1
142,0,7,3,1,0,1,1,3
142,0,7,3,2,0,1,1,7
142,0,8,1,0,1,1,1,1
142,0,8,1,1,1,1,1,1
142,0,8,1,2,1,1,1,1
142,0,8,2,0,1,1,1,1
142,0,8,2,1,1,1,1,1
142,0,8,2,2,1,1,1,1
142,0,8,3,0,1,1,1,1
142,0,8,3,1,1,1,1,1
142,0,8,3,2,1,1,1,1
142,1,0,1,0,0,1,1,1
142,1,0,1,1,0,1,1,3
142,1,0,1,2,0,1,1,13
142,1,0,2,0,0,1,1,1
142,1,0,2,1,0,1,1,3
142,1,0,2,2,0,1,1,13
142,1,0,3,0,0,1,1,1
142,1,0,3,1,0,1,1,3
142,1,0,3,2,0,1,1,13
142,1,1,1,0,0,1,1,1
142,1,1,1,1,0,1,1,3
142,1,1,1,2,0,1,1,13
142,1,1,2,0,0,1,1,1
142,1,1,2,1,0,1,1,3
142,1,1,2,2,0,1,1,13
142,1,1,3,0,0,1,1,1
142,1,1,3,1,0,1,1,3
142,1,1,3,2,0,1,1,13
142,1,2,1,0,1,1,1,1
142,1,2,1,1,1,1,1,1
142,1,2,1,2,1,1,1,1
142,1,2,2,0,0,1,1,1
142,1,2,2,1,0,1,1,3
142,1,2,2,2,0,1,1,13
142,1,2,3,0,0,1,1,1
142,1,2,3,1,0,1,1,3
142,1,2,3,2,0,1,1,13
142,1,3,1,0,0,1,1,1
142,1,3,1,1,0,1,1,3
142,1,3,1,2,0,1,1,13
142,1,3,2,0,0,1,1,1
142,1,3,2,1,0,1,1,3
142,1,3,2,2,0,1,1,13
142,1,3,3,0,0,1,1,1
142,1,3,3,1,0,1,1,3
142,1,3,3,2,0,1,1,13
142,1,4,1,0,0,1,1,1
142,1,4,1,1,0,1,1,3
142,1,4,1,2,0,1,1,13
142,1,4,2,0,0,1,1,1
142,1,4,2,1,0,1,1,3
142,1,4,2,2,0,1,1,13
142,1,4,3,0,0,1,1,1
142,1,4,3,1,0,1,1,3
142,1,4,3,2,0,1,1,13
142,1,5,1,0,1,1,1,1
142,1,5,1,1,1,1,1,1
142,1,5,1,2,1,1,1,1
142,1,5,2,0,0,1,1,1
142,1,5,2,1,0,1,1,3
142,1,5,2,2,0,1,1,13
142,1,5,3,0,0,1,1,1
142,1,5,3,1,0,1,1,3
142,1,5,3,2,0,1,1,13
142,1,6,1,0,0,1,1,1
142,1,6,1,1,0,1,1,3
142,1,6,1,2,0,1,1,13
142,1,6,2,0,1,1,1,1
142,1,6,2,1,1,1,1,1
142,1,6,2,2,1,1,1,1
142,1,6,3,0,0,1,1,1
142,1,6,3,1,0,1,1,3
142,1,6,3,2,0,1,1,13
142,1,7,1,0,0,1,1,1
142,1,7,1,1,1,1,1,2
142,1,7,1,2,1,1,1,2
142,1,7,2,0,1,1,1,1
142,1,7,2,1,1,1,1,1
142,1,7,2,2,1,1,1,1
142,1,7,3,0,0,1,1,1
142,1,7,3,1,0,1,1,3
142,1,7,3,2,1,1,1,5
142,1,8,1,0,1,1,1,1
142,1,8,1,1,1,1,1,1
142,1,8,1,2,1,1,1,1
142,1,8,2,0,1,1,1,1
142,1,8,2,1,1,1,1,1
142,1,8,2,2,1,1,1,1
142,1,8,3,0,1,1,1,1
142,1,8,3,1,1,1,1,1
142,1,8,3,2,1,1,1,1
143,0,0,1,0,0,1,1,1
143,0,0,1,1,0,1,1,3
143,0,0,1,2,0,1,1,7
143,0,0,2,0,0,1,1,1
143,0,0,2,1,0,1,1,3
143,0,0,2,2,0,1,1,7
143,0,0,3,0,0,1,1,1
143,0,0,3,1,0,1,1,3
143,0,0,3,2,0,1,1,7
143,0,1,1,0,0,1,1,1
143,0,1,1,1,0,1,1,3
143,0,1,1,2,0,1,1,7
143,0,1,2,0,0,1,1,1
143,0,1,2,1,0,1,1,3
143,0,1,2,2,0,1,1,7
143,0,1,3,0,0,1,1,1
143,0,1,3,1,0,1,1,3
143,0,1,3,2,0,1,1,7
143,0,2,1,0,1,1,1,1
143,0,2,1,1,1,1,1,1
143,0,2,1,2,1,1,1,1
143,0,2,2,0,0,1,1,1
143,0,2,2,1,0,1,1,3
143,0,2,2,2,0,1,1,7
143,0,2,3,0,0,1,1,1
143,0,2,3,1,0,1,1,3
143,0,2,3,2,0,1,1,7
143,0,3,1,0,0,1,1,1
143,0,3,1,1,0,1,1,3
143,0,3,1,2,0,1,1,7
143,0,3,2,0,0,1,1,1
143,0,3,2,1,0,1,1,3
143,0,3,2,2,0,1,1,7
143,0,3,3,0,0,1,1,1
143,0,3,3,1,0,1,1,3
143,0,3,3,2,0,1,1,7
143,0,4,1,0,0,1,1,1
143,0,4,1,1,0,1,1,3
143,0,4,1,2,0,1,1,7
143,0,4,2,0,0,1,1,1
143,0,4,2,1,0,1,1,3
143,0,4,2,2,0,1,1,7
143,0,4,3,0,0,1,1,1
143,0,4,3,1,0,1,1,3
143,0,4,3,2,0,1,1,7
143,0,5,1,0,1,1,1,1
143,0,5,1,1,1,1,1,1
143,0,5,1,2,1,1,1,1
143,0,5,2,0,0,1,1,1
143,0,5,2,1,0,1,1,3
143,0,5,2,2,0,1,1,7
143,0,5,3,0,0,1,1,1
143,0,5,3,1,0,1,1,3
143,0,5,3,2,0,1,1,7
143,0,6,1,0,0,1,1,1
143,0,6,1,1,0,1,1,3
143,0,6,1,2,0,1,1,7
143,0,6,2,0,1,1,1,1
143,0,6,2,1,1,1,1,1
143,0,6,2,2,1,1,1,1
143,0,6,3,0,0,1,1,1
143,0,6,3,1,0,1,1,3
143,0,6,3,2,0,1,1,7
143,0,7,1,0,0,1,1,1
143,0,7,1,1,0,1,1,3
143,0,7,1,2,0,1,1,7
143,0,7,2,0,1,1,1,1
143,0,7,2,1,1,1,1,1
143,0,7,2,2,1,1,1,1
143,0,7,3,0,0,1,1,1
143,0,7,3,1,0,1,1,3
143,0,7,3,2,0,1,1,7
143,0,8,1,0,1,1,1,1
143,0,8,1,1,1,1,1,1
143,0,8,1,2,1,1,1,1
143,0,8,2,0,1,1,1,1
143,0,8,2,1,1,1,1,1
143,0,8,2,2,1,1,1,1
143,0,8,3,0,1,1,1,1
143,0,8,3,1,1,1,1,1
143,0,8,3,2,1,1,1,1
143,1,0,1,0,0,1,1,1
143,1,0,1,1,0,1,1,3
143,1,0,1,2,0,1,1,13
143,1,0,2,0,0,1,1,1
143,1,0,2,1,0,1,1,3
143,1,0,2,2,0,1,1,13
143,1,0,3,0,0,1,1,1
143,1,0,3,1,0,1,1,3
143,1,0,3,2,0,1,1,13
143,1,1,1,0,0,1,1,1
143,1,1,1,1,0,1,1,3
143,1,1,1,2,0,1,1,13
143,1,1,2,0,0,1,1,1
143,1,1,2,1,0,1,1,3
143,1,1,2,2,0,1,1,13
143,1,1,3,0,0,1,1,1
143,1,1,3,1,0,1,1,3
143,1,1,3,2,0,1,1,13
143,1,2,1,0,1,1,1,1
143,1,2,1,1,1,1,1,1
143,1,2,1,2,1,1,1,1
143,1,2,2,0,0,1,1,1
143,1,2,2,1,0,1,1,3
143,1,2,2,2,0,1,1,13
143,1,2,3,0,0,1,1,1
143,1,2,3,1,0,1,1,3
143,1,2,3,2,0,1,1,13
143,1,3,1,0,0,1,1,1
143,1,3,1,1,0,1,1,3
143,1,3,1,2,0,1,1,13
143,1,3,2,0,0,1,1,1
143,1,3,2,1,0,1,1,3
143,1,3,2,2,0,1,1,13
143,1,3,3,0,0,1,1,1
143,1,3,3,1,0,1,1,3
143,1,3,3,2,0,1,1,13
143,1,4,1,0,0,1,1,1
143,1,4,1,1,0,1,1,3
143,1,4,1,2,0,1,1,13
143,1,4,2,0,0,1,1,1
143,1,4,2,1,0,1,1,3
143,1,4,2,2,0,1,1,13
143,1,4,3,0,0,1,1,1
143,1,4,3,1,0,1,1,3
143,1,4,3,2,0,1,1,13
143,1,5,1,0,1,1,1,1
143,1,5,1,1,1,1,1,1
143,1,5,1,2,1,1,1,1
143,1,5,2,0,0,1,1,1
143,1,5,2,1,0,1,1,3
143,1,5,2,2,0,1,1,13
143,1,5,3,0,0,1,1,1
143,1,5,3,1,0,1,1,3
143,1,5,3,2,0,1,1,13
143,1,6,1,0,0,1,1,1
143,1,6,1,1,0,1,1,3
143,1,6,1,2,0,1,1,13
143,1,6,2,0,1,1,1,1
143,1,6,2,1,1,1,1,1
143,1,6,2,2,1,1,1,1
143,1,6,3,0,0,1,1,1
143,1,6,3,1,0,1,1,3
143,1,6,3,2,0,1,1,13
143,1,7,1,0,0,1,1,1
143,1,7,1,1,0,1,1,3
143,1,7,1,2,0,1,1,13
143,1,7,2,0,1,1,1,1
143,1,7,2,1,1,1,1,1
143,1,7,2,2,1,1,1,1
143,1,7,3,0,0,1,1,1
143,1,7,3,1,0,1,1,3
143,1,7,3,2,0,1,1,13
143,1,8,1,0,1,1,1,1
143,1,8,1,1,1,1,1,1
143,1,8,1,2,1,1,1,1
143,1,8,2,0,1,1,1,1
143,1,8,2,1,1,1,1,1
143,1,8,2,2,1,1,1,1
143,1,8,3,0,1,1,1,1
143,1,8,3,1,1,1,1,1
143,1,8,3,2,1,1,1,1
144,0,0,1,0,0,1,1,1
144,0,0,1,1,0,1,1,3
144,0,0,1,2,0,1,1,5
144,0,0,2,0,0,1,1,1
144,0,0,2,1,0,1,1,3
144,0,0,2,2,0,1,1,5
144,0,0,3,0,0,1,1,1
144,0,0,3,1,0,1,1,3
144,0,0,3,2,0,1,1,5
144,0,1,1,0,0,1,1,1
144,0,1,1,1,0,1,1,3
144,0,1,1,2,0,1,1,5
144,0,1,2,0,0,1,1,1
144,0,1,2,1,0,1,1,3
144,0,1,2,2,0,1,1,5
144,0,1,3,0,0,1,1,1
144,0,1,3,1,0,1,1,3
144,0,1,3,2,0,1,1,5
144,0,2,1,0,1,1,1,1
144,0,2,1,1,1,1,1,1
144,0,2,1,2,1,1,1,1
144,0,2,2,0,0,1,1,1
144,0,2,2,1,0,1,1,3
144,0,2,2,2,0,1,1,5
144,0,2,3,0,0,1,1,1
144,0,2,3,1,0,1,1,3
144,0,2,3,2,0,1,1,5
144,0,3,1,0,0,1,1,1
144,0,3,1,1,0,1,1,3
144,0,3,1,2,0,1,1,5
144,0,3,2,0,0,1,1,1
144,0,3,2,1,0,1,1,3
144,0,3,2,2,0,1,1,5
144,0,3,3,0,0,1,1,1
144,0,3,3,1,0,1,1,3
144,0,3,3,2,0,1,1,5
144,0,4,1,0,0,1,1,1
144,0,4,1,1,0,1,1,3
144,0,4,1,2,0,1,1,5
144,0,4,2,0,0,1,1,1
144,0,4,2,1,0,1,1,3
144,0,4,2,2,0,1,1,5
144,0,4,3,0,0,1,1,1
144,0,4,3,1,0,1,1,3
144,0,4,3,2,0,1,1,5
144,0,5,1,0,1,1,1,1
144,0,5,1,1,1,1,1,1
144,0,5,1,2,1,1,1,1
144,0,5,2,0,0,1,1,1
144,0,5,2,1,0,1,1,3
144,0,5,2,2,0,1,1,5
144,0,5,3,0,0,1,1,1
144,0,5,3,1,0,1,1,3
144,0,5,3,2,0,1,1,5
144,0,6,1,0,0,1,1,1
144,0,6,1,1,0,1,1,3
144,0,6,1,2,0,1,1,5
144,0,6,2,0,1,1,1,1
144,0,6,2,1,1,1,1,1
144,0,6,2,2,1,1,1,1
144,0,6,3,0,0,1,1,1
144,0,6,3,1,0,1,1,3
144,0,6,3,2,0,1,1,5
144,0,7,1,0,0,1,1,1
144,0,7,1,1,0,1,1,3
144,0,7,1,2,0,1,1,5
144,0,7,2,0,1,1,1,1
144,0,7,2,1,1,1,1,1
144,0,7,2,2,1,1,1,1
144,0,7,3,0,0,1,1,1
144,0,7,3,1,0,1,1,3
144,0,7,3,2,0,1,1,5
144,0,8,1,0,1,1,1,1
144,0,8,1,1,1,1,1,1
144,0,8,1,2,1,1,1,1
144,0,8,2,0,1,1,1,1
144,0,8,2,1,1,1,1,1
144,0,8,2,2,1,1,1,1
144,0,8,3,0,1,1,1,1
144,0,8,3,1,1,1,1,1
144,0,8,3,2,1,1,1,1
144,1,0,1,0,0,1,1,1
144,1,0,1,1,0,1,1,3
144,1,0,1,2,0,1,1,11
144,1,0,2,0,0,1,1,1
144,1,0,2,1,0,1,1,3
144,1,0,2,2,0,1,1,11
144,1,0,3,0,0,1,1,1
144,1,0,3,1,0,1,1,3
144,1,0,3,2,0,1,1,11
144,1,1,1,0,0,1,1,1
144,1,1,1,1,0,1,1,3
144,1,1,1,2,0,1,1,11
144,1,1,2,0,0,1,1,1
144,1,1,2,1,0,1,1,3
144,1,1,2,2,0,1,1,11
144,1,1,3,0,0,1,1,1
144,1,1,3,1,0,1,1,3
144,1,1,3,2,0,1,1,11
144,1,2,1,0,1,1,1,1
144,1,2,1,1,1,1,1,1
144,1,2,1,2,1,1,1,1
144,1,2,2,0,0,1,1,1
144,1,2,2,1,0,1,1,3
144,1,2,2,2,0,1,1,11
144,1,2,3,0,0,1,1,1
144,1,2,3,1,0,1,1,3
144,1,2,3,2,0,1,1,11
144,1,3,1,0,0,1,1,1
144,1,3,1,1,0,1,1,3
144,1,3,1,2,0,1,1,11
144,1,3,2,0,0,1,1,1
144,1,3,2,1,0,1,1,3
144,1,3,2,2,0,1,1,11
144,1,3,3,0,0,1,1,1
144,1,3,3,1,0,1,1,3
144,1,3,3,2,0,1,1,11
144,1,4,1,0,0,1,1,1
144,1,4,1,1,0,1,1,3
144,1,4,1,2,0,1,1,11
144,1,4,2,0,0,1,1,1
144,1,4,2,1,0,1,1,3
144,1,4,2,2,0,1,1,11
144,1,4,3,0,0,1,1,1
144,1,4,3,1,0,1,1,3
144,1,4,3,2,0,1,1,11
144,1,5,1,0,1,1,1,1
144,1,5,1,1,1,1,1,1
144,1,5,1,2,1,1,1,1
144,1,5,2,0,0,1,1,1
144,1,5,2,1,0,1,1,3
144,1,5,2,2,0,1,1,11
144,1,5,3,0,0,1,1,1
144,1,5,3,1,0,1,1,3
144,1,5,3,2,0,1,1,11
144,1,6,1,0,0,1,1,1
144,1,6,1,1,0,1,1,3
144,1,6,1,2,0,1,1,11
144,1,6,2,0,1,1,1,1
144,1,6,2,1,1,1,1,1
144,1,6,2,2,1,1,1,1
144,1,6,3,0,0,1,1,1
144,1,6,3,1,0,1,1,3
144,1,6,3,2,0,1,1,11
144,1,7,1,0,0,1,1,1
144,1,7,1,1,0,1,1,3
144,1,7,1,2,0,1,1,11
144,1,7,2,0,1,1,1,1
144,1,7,2,1,1,1,1,1
144,1,7,2,2,1,1,1,1
144,1,7,3,0,0,1,1,1
144,1,7,3,1,0,1,1,3
144,1,7,3,2,0,1,1,11
144,1,8,1,0,1,1,1,1
144,1,8,1,1,1,1,1,1
144,1,8,1,2,1,1,1,1
144,1,8,2,0,1,1,1,1
144,1,8,2,1,1,1,1,1
144,1,8,2,2,1,1,1,1
144,1,8,3,0,1,1,1,1
144,1,8,3,1,1,1,1,1
144,1,8,3,2,1,1,1,1
145,0,0,1,0,0,1,1,1
145,0,0,1,1,0,1,1,3
145,0,0,1,2,0,1,1,7
145,0,0,2,0,0,1,1,1
145,0,0,2,1,0,1,1,3
145,0,0,2,2,0,1,1,7
145,0,0,3,0,0,1,1,1
145,0,0,3,1,0,1,1,3
145,0,0,3,2,0,1,1,7
145,0,1,1,0,0,1,1,1
145,0,1,1,1,0,1,1,3
145,0,1,1,2,0,1,1,7
145,0,1,2,0,0,1,1,1
145,0,1,2,1,0,1,1,3
145,0,1,2,2,0,1,1,7
145,0,1,3,0,0,1,1,1
145,0,1,3,1,0,1,1,3
145,0,1,3,2,0,1,1,7
145,0,2,1,0,1,1,1,1
145,0,2,1,1,1,1,1,1
145,0,2,1,2,1,1,1,1
145,0,2,2,0,0,1,1,1
145,0,2,2,1,0,1,1,3
145,0,2,2,2,0,1,1,7
145,0,2,3,0,0,1,1,1
145,0,2,3,1,0,1,1,3
145,0,2,3,2,0,1,1,7
145,0,3,1,0,0,1,1,1
145,0,3,1,1,0,1,1,3
145,0,3,1,2,0,1,1,7
145,0,3,2,0,0,1,1,1
145,0,3,2,1,0,1,1,3
145,0,3,2,2,0,1,1,7
145,0,3,3,0,0,1,1,1
145,0,3,3,1,0,1,1,3
145,0,3,3,2,0,1,1,7
145,0,4,1,0,0,1,1,1
145,0,4,1,1,0,1,1,3
145,0,4,1,2,0,1,1,7
145,0,4,2,0,0,1,1,1
145,0,4,2,1,0,1,1,3
145,0,4,2,2,0,1,1,7
145,0,4,3,0,0,1,1,1
145,0,4,3,1,0,1,1,3
145,0,4,3,2,0,1,1,7
145,0,5,1,0,1,1,1,1
145,0,5,1,1,1,1,1,1
145,0,5,1,2,1,1,1,1
145,0,5,2,0,0,1,1,1
145,0,5,2,1,0,1,1,3
145,0,5,2,2,0,1,1,7
145,0,5,3,0,0,1,1,1
145,0,5,3,1,0,1,1,3
145,0,5,3,2,0,1,1,7
145,0,6,1,0,0,1,1,1
145,0,6,1,1,0,1,1,3
145,0,6,1,2,0,1,1,7
145,0,6,2,0,1,1,1,1
145,0,6,2,1,1,1,1,1
145,0,6,2,2,1,1,1,1
145,0,6,3,0,0,1,1,1
145,0,6,3,1,0,1,1,3
145,0,6,3,2,0,1,1,7
145,0,7,1,0,0,1,1,1
145,0,7,1,1,0,1,1,3
145,0,7,1,2,0,1,1,7
145,0,7,2,0,1,1,1,1
145,0,7,2,1,1,1,1,1
145,0,7,2,2,1,1,1,1
145,0,7,3,0,0,1,1,1
145,0,7,3,1,0,1,1,3
145,0,7,3,2,0,1,1,7
145,0,8,1,0,1,1,1,1
145,0,8,1,1,1,1,1,1
145,0,8,1,2,1,1,1,1
145,0,8,2,0,1,1,1,1
145,0,8,2,1,1,1,1,1
145,0,8,2,2,1,1,1,1
145,0,8,3,0,1,1,1,1
145,0,8,3,1,1,1,1,1
145,0,8,3,2,1,1,1,1
145,1,0,1,0,0,1,1,1
145,1,0,1,1,0,1,1,3
145,1,0,1,2,0,1,1,13
145,1,0,2,0,0,1,1,1
145,1,0,2,1,0,1,1,3
145,1,0,2,2,0,1,1,13
145,1,0,3,0,0,1,1,1
145,1,0,3,1,0,1,1,3
145,1,0,3,2,0,1,1,13
145,1,1,1,0,0,1,1,1
145,1,1,1,1,0,1,1,3
145,1,1,1,2,0,1,1,13
145,1,1,2,0,0,1,1,1
145,1,1,2,1,0,1,1,3
145,1,1,2,2,0,1,1,13
145,1,1,3,0,0,1,1,1
145,1,1,3,1,0,1,1,3
145,1,1,3,2,0,1,1,13
145,1,2,1,0,1,1,1,1
145,1,2,1,1,1,1,1,1
145,1,2,1,2,1,1,1,1
145,1,2,2,0,0,1,1,1
145,1,2,2,1,0,1,1,3
145,1,2,2,2,0,1,1,13
145,1,2,3,0,0,1,1,1
145,1,2,3,1,0,1,1,3
145,1,2,3,2,0,1,1,13
145,1,3,1,0,0,1,1,1
145,1,3,1,1,0,1,1,3
145,1,3,1,2,0,1,1,13
145,1,3,2,0,0,1,1,1
145,1,3,2,1,0,1,1,3
145,1,3,2,2,0,1,1,13
145,1,3,3,0,0,1,1,1
145,1,3,3,1,0,1,1,3
145,1,3,3,2,0,1,1,13
145,1,4,1,0,0,1,1,1
145,1,4,1,1,0,1,1,3
145,1,4,1,2,0,1,1,13
145,1,4,2,0,0,1,1,1
145,1,4,2,1,0,1,1,3
145,1,4,2,2,0,1,1,13
145,1,4,3,0,0,1,1,1
145,1,4,3,1,0,1,1,3
145,1,4,3,2,0,1,1,13
145,1,5,1,0,1,1,1,1
145,1,5,1,1,1,1,1,1
145,1,5,1,2,1,1,1,1
145,1,5,2,0,0,1,1,1
145,1,5,2,1,0,1,1,3
145,1,5,2,2,0,1,1,13
145,1,5,3,0,0,1,1,1
145,1,5,3,1,0,1,1,3
145,1,5,3,2,0,1,1,13
145,1,6,1,0,0,1,1,1
145,1,6,1,1,0,1,1,3
145,1,6,1,2,0,1,1,13
145,1,6,2,0,1,1,1,1
145,1,6,2,1,1,1,1,1
145,1,6,2,2,1,1,1,1
145,1,6,3,0,0,1,1,1
145,1,6,3,1,0,1,1,3
145,1,6,3,2,0,1,1,13
145,1,7,1,0,0,1,1,1
145,1,7,1,1,0,1,1,3
145,1,7,1,2,0,1,1,13
145,1,7,2,0,1,1,1,1
145,1,7,2,1,1,1,1,1
145,1,7,2,2,1,1,1,1
145,1,7,3,0,0,1,1,1
145,1,7,3,1,0,1,1,3
145,1,7,3,2,0,1,1,13
145,1,8,1,0,1,1,1,1
145,1,8,1,1,1,1,1,1
145,1,8,1,2,1,1,1,1
145,1,8,2,0,1,1,1,1
145,1,8,2,1,1,1,1,1
145,1,8,2,2,1,1,1,1
145,1,8,3,0,1,1,1,1
145,1,8,3,1,1,1,1,1
145,1,8,3,2,1,1,1,1
146,0,0,1,0,0,1,1,1
146,0,0,1,1,0,1,1,3
146,0,0,1,2,0,1,1,7
146,0,0,2,0,0,1,1,1
146,0,0,2,1,0,1,1,3
146,0,0,2,2,0,1,1,7
146,0,0,3,0,0,1,1,1
146,0,0,3,1,0,1,1,3
146,0,0,3,2,0,1,1,7
146,0,1,1,0,0,1,1,1
146,0,1,1,1,0,1,1,3
146,0,1,1,2,0,1,1,7
146,0,1,2,0,0,1,1,1
146,0,1,2,1,0,1,1,3
146,0,1,2,2,0,1,1,7
146,0,1,3,0,0,1,1,1
146,0,1,3,1,0,1,1,3
146,0,1,3,2,0,1,1,7
146,0,2,1,0,1,1,1,1
146,0,2,1,1,1,1,1,1
146,0,2,1,2,1,1,1,1
146,0,2,2,0,0,1,1,1
146,0,2,2,1,0,1,1,3
146,0,2,2,2,0,1,1,7
146,0,2,3,0,0,1,1,1
146,0,2,3,1,0,1,1,3
146,0,2,3,2,0,1,1,7
146,0,3,1,0,0,1,1,1
146,0,3,1,1,0,1,1,3
146,0,3,1,2,0,1,1,7
146,0,3,2,0,0,1,1,1
146,0,3,2,1,0,1,1,3
146,0,3,2,2,0,1,1,7
146,0,3,3,0,0,1,1,1
146,0,3,3,1,0,1,1,3
146,0,3,3,2,0,1,1,7
146,0,4,1,0,0,1,1,1
146,0,4,1,1,0,1,1,3
146,0,4,1,2,0,1,1,7
146,0,4,2,0,0,1,1,1
146,0,4,2,1,0,1,1,3
146,0,4,2,2,0,1,1,7
146,0,4,3,0,0,1,1,1
146,0,4,3,1,0,1,1,3
146,0,4,3,2,0,1,1,7
146,0,5,1,0,1,1,1,1
146,0,5,1,1,1,1,1,1
146,0,5,1,2,1,1,1,1
146,0,5,2,0,0,1,1,1
146,0,5,2,1,0,1,1,3
146,0,5,2,2,0,1,1,7
146,0,5,3,0,0,1,1,1
146,0,5,3,1,0,1,1,3
146,0,5,3,2,0,1,1,7
146,0,6,1,0,0,1,1,1
146,0,6,1,1,0,1,1,3
146,0,6,1,2,0,1,1,7
146,0,6,2,0,1,1,1,1
146,0,6,2,1,1,1,1,1
146,0,6,2,2,1,1,1,1
146,0,6,3,0,0,1,1,1
146,0,6,3,1,0,1,1,3
146,0,6,3,2,0,1,1,7
146,0,7,1,0,0,1,1,1
146,0,7,1,1,1,1,1,2
146,0,7,1,2,1,1,1,2
146,0,7,2,0,1,1,1,1
146,0,7,2,1,1,1,1,1
146,0,7,2,2,1,1,1,1
146,0,7,3,0,0,1,1,1
146,0,7,3,1,0,1,1,3
146,0,7,3,2,0,1,1,7
146,0,8,1,0,1,1,1,1
146,0,8,1,1,1,1,1,1
146,0,8,1,2,1,1,1,1
146,0,8,2,0,1,1,1,1
146,0,8,2,1,1,1,1,1
146,0,8,2,2,1,1,1,1
146,0,8,3,0,1,1,1,1
146,0,8,3,1,1,1,1,1
146,0,8,3,2,1,1,1,1
146,1,0,1,0,0,1,1,1
146,1,0,1,1,0,1,1,3
146,1,0,1,2,0,1,1,13
146,1,0,2,0,0,1,1,1
146,1,0,2,1,0,1,1,3
146,1,0,2,2,0,1,1,13
146,1,0,3,0,0,1,1,1
146,1,0,3,1,0,1,1,3
146,1,0,3,2,0,1,1,13
146,1,1,1,0,0,1,1,1
146,1,1,1,1,0,1,1,3
146,1,1,1,2,0,1,1,13
146,1,1,2,0,0,1,1,1
146,1,1,2,1,0,1,1,3
146,1,1,2,2,0,1,1,13
146,1,1,3,0,0,1,1,1
146,1,1,3,1,0,1,1,3
146,1,1,3,2,0,1,1,13
146,1,2,1,0,1,1,1,1
146,1,2,1,1,1,1,1,1
146,1,2,1,2,1,1,1,1
146,1,2,2,0,0,1,1,1
146,1,2,2,1,0,1,1,3
146,1,2,2,2,0,1,1,13
146,1,2,3,0,0,1,1,1
146,1,2,3,1,0,1,1,3
146,1,2,3,2,0,1,1,13
146,1,3,1,0,0,1,1,1
146,1,3,1,1,0,1,1,3
146,1,3,1,2,0,1,1,13
146,1,3,2,0,0,1,1,1
146,1,3,2,1,0,1,1,3
146,1,3,2,2,0,1,1,13
146,1,3,3,0,0,1,1,1
146,1,3,3,1,0,1,1,3
146,1,3,3,2,0,1,1,13
146,1,4,1,0,0,1,1,1
146,1,4,1,1,0,1,1,3
146,1,4,1,2,0,1,1,13
146,1,4,2,0,0,1,1,1
146,1,4,2,1,0,1,1,3
146,1,4,2,2,0,1,1,13
146,1,4,3,0,0,1,1,1
146,1,4,3,1,0,1,1,3
146,1,4,3,2,0,1,1,13
146,1,5,1,0,1,1,1,1
146,1,5,1,1,1,1,1,1
146,1,5,1,2,1,1,1,1
146,1,5,2,0,0,1,1,1
146,1,5,2,1,0,1,1,3
146,1,5,2,2,0,1,1,13
146,1,5,3,0,0,1,1,1
146,1,5,3,1,0,1,1,3
146,1,5,3,2,0,1,1,13
146,1,6,1,0,0,1,1,1
146,1,6,1,1,0,1,1,3
146,1,6,1,2,0,1,1,13
146,1,6,2,0,1,1,1,1
146,1,6,2,1,1,1,1,1
146,1,6,2,2,1,1,1,1
146,1,6,3,0,0,1,1,1
146,1,6,3,1,0,1,1,3
146,1,6,3,2,0,1,1,13
146,1,7,1,0,0,1,1,1
146,1,7,1,1,1,1,1,2
146,1,7,1,2,1,1,1,2
146,1,7,2,0,1,1,1,1
146,1,7,2,1,1,1,1,1
146,1,7,2,2,1,1,1,1
146,1,7,3,0,0,1,1,1
146,1,7,3,1,0,1,1,3
146,1,7,3,2,1,1,1,8
146,1,8,1,0,1,1,1,1
146,1,8,1,1,1,1,1,1
146,1,8,1,2,1,1,1,1
146,1,8,2,0,1,1,1,1
146,1,8,2,1,1,1,1,1
146,1,8,2,2,1,1,1,1
146,1,8,3,0,1,1,1,1
146,1,8,3,1,1,1,1,1
146,1,8,3,2,1,1,1,1
147,0,0,1,0,0,1,1,1
147,0,0,1,1,0,1,1,3
147,0,0,1,2,0,1,1,7
147,0,0,2,0,0,1,1,1
147,0,0,2,1,0,1,1,3
147,0,0,2,2,0,1,1,7
147,0,0,3,0,0,1,1,1
147,0,0,3,1,0,1,1,3
147,0,0,3,2,0,1,1,7
147,0,1,1,0,0,1,1,1
147,0,1,1,1,0,1,1,3
147,0,1,1,2,0,1,1,7
147,0,1,2,0,0,1,1,1
147,0,1,2,1,0,1,1,3
147,0,1,2,2,0,1,1,7
147,0,1,3,0,0,1,1,1
147,0,1,3,1,0,1,1,3
147,0,1,3,2,0,1,1,7
147,0,2,1,0,1,1,1,1
147,0,2,1,1,1,1,1,1
147,0,2,1,2,1,1,1,1
147,0,2,2,0,0,1,1,1
147,0,2,2,1,0,1,1,3
147,0,2,2,2,0,1,1,7
147,0,2,3,0,0,1,1,1
147,0,2,3,1,0,1,1,3
147,0,2,3,2,0,1,1,7
147,0,3,1,0,0,1,1,1
147,0,3,1,1,0,1,1,3
147,0,3,1,2,0,1,1,7
147,0,3,2,0,0,1,1,1
147,0,3,2,1,0,1,1,3
147,0,3,2,2,0,1,1,7
147,0,3,3,0,0,1,1,1
147,0,3,3,1,0,1,1,3
147,0,3,3,2,0,1,1,7
147,0,4,1,0,0,1,1,1
147,0,4,1,1,0,1,1,3
147,0,4,1,2,0,1,1,7
147,0,4,2,0,0,1,1,1
147,0,4,2,1,0,1,1,3
147,0,4,2,2,0,1,1,7
147,0,4,3,0,0,1,1,1
147,0,4,3,1,0,1,1,3
147,0,4,3,2,0,1,1,7
147,0,5,1,0,1,1,1,1
147,0,5,1,1,1,1,1,1
147,0,5,1,2,1,1,1,1
147,0,5,2,0,0,1,1,1
147,0,5,2,1,0,1,1,3
147,0,5,2,2,0,1,1,7
147,0,5,3,0,0,1,1,1
147,0,5,3,1,0,1,1,3
147,0,5,3,2,0,1,1,7
147,0,6,1,0,0,1,1,1
147,0,6,1,1,0,1,1,3
147,0,6,1,2,0,1,1,7
147,0,6,2,0,1,1,1,1
147,0,6,2,1,1,1,1,1
147,0,6,2,2,1,1,1,1
147,0,6,3,0,0,1,1,1
147,0,6,3,1,0,1,1,3
147,0,6,3,2,0,1,1,7
147,0,7,1,0,0,1,1,1
147,0,7,1,1,0,1,1,3
147,0,7,1,2,0,1,1,7
147,0,7,2,0,1,1,1,1
147,0,7,2,1,1,1,1,1
147,0,7,2,2,1,1,1,1
147,0,7,3,0,0,1,1,1
147,0,7,3,1,0,1,1,3
147,0,7,3,2,0,1,1,7
147,0,8,1,0,1,1,1,1
147,0,8,1,1,1,1,1,1
147,0,8,1,2,1,1,1,1
147,0,8,2,0,1,1,1,1
147,0,8,2,1,1,1,1,1
147,0,8,2,2,1,1,1,1
147,0,8,3,0,1,1,1,1
147,0,8,3,1,1,1,1,1
147,0,8,3,2,1,1,1,1
147,1,0,1,0,0,1,1,1
147,1,0,1,1,0,1,1,3
147,1,0,1,2,0,1,1,19
147,1,0,2,0,0,1,1,1
147,1,0,2,1,0,1,1,3
147,1,0,2,2,0,1,1,19
147,1,0,3,0,0,1,1,1
147,1,0,3,1,0,1,1,3
147,1,0,3,2,0,1,1,19
147,1,1,1,0,0,1,1,1
147,1,1,1,1,0,1,1,3
147,1,1,1,2,0,1,1,19
147,1,1,2,0,0,1,1,1
147,1,1,2,1,0,1,1,3
147,1,1,2,2,0,1,1,19
147,1,1,3,0,0,1,1,1
147,1,1,3,1,0,1,1,3
147,1,1,3,2,0,1,1,19
147,1,2,1,0,1,1,1,1
147,1,2,1,1,1,1,1,1
147,1,2,1,2,1,1,1,1
147,1,2,2,0,0,1,1,1
147,1,2,2,1,0,1,1,3
147,1,2,2,2,0,1,1,19
147,1,2,3,0,0,1,1,1
147,1,2,3,1,0,1,1,3
147,1,2,3,2,0,1,1,19
147,1,3,1,0,0,1,1,1
147,1,3,1,1,0,1,1,3
147,1,3,1,2,0,1,1,19
147,1,3,2,0,0,1,1,1
147,1,3,2,1,0,1,1,3
147,1,3,2,2,0,1,1,19
147,1,3,3,0,0,1,1,1
147,1,3,3,1,0,1,1,3
147,1,3,3,2,0,1,1,19
147,1,4,1,0,0,1,1,1
147,1,4,1,1,0,1,1,3
147,1,4,1,2,0,1,1,19
147,1,4,2,0,0,1,1,1
147,1,4,2,1,0,1,1,3
147,1,4,2,2,0,1,1,19
147,1,4,3,0,0,1,1,1
147,1,4,3,1,0,1,1,3
147,1,4,3,2,0,1,1,19
147,1,5,1,0,1,1,1,1
147,1,5,1,1,1,1,1,1
147,1,5,1,2,1,1,1,1
147,1,5,2,0,0,1,1,1
147,1,5,2,1,0,1,1,3
147,1,5,2,2,0,1,1,19
147,1,5,3,0,0,1,1,1
147,1,5,3,1,0,1,1,3
147,1,5,3,2,0,1,1,19
147,1,6,1,0,0,1,1,1
147,1,6,1,1,0,1,1,3
147,1,6,1,2,0,1,1,19
147,1,6,2,0,1,1,1,1
147,1,6,2,1,1,1,1,1
147,1,6,2,2,1,1,1,1
147,1,6,3,0,0,1,1,1
147,1,6,3,1,0,1,1,3
147,1,6,3,2,0,1,1,19
147,1,7,1,0,0,1,1,1
147,1,7,1,1,0,1,1,3
147,1,7,1,2,0,1,1,19
147,1,7,2,0,1,1,1,1
147,1,7,2,1,1,1,1,1
147,1,7,2,2,1,1,1,1
147,1,7,3,0,0,1,1,1
147,1,7,3,1,0,1,1,3
147,1,7,3,2,0,1,1,19
147,1,8,1,0,1,1,1,1
147,1,8,1,1,1,1,1,1
147,1,8,1,2,1,1,1,1
147,1,8,2,0,1,1,1,1
147,1,8,2,1,1,1,1,1
147,1,8,2,2,1,1,1,1
147,1,8,3,0,1,1,1,1
147,1,8,3,1,1,1,1,1
147,1,8,3,2,1,1,1,1
148,0,0,1,0,0,1,1,1
148,0,0,1,1,0,1,1,3
148,0,0,1,2,0,1,1,7
148,0,0,2,0,0,1,1,1
148,0,0,2,1,0,1,1,3
148,0,0,2,2,0,1,1,7
148,0,0,3,0,0,1,1,1
148,0,0,3,1,0,1,1,3
148,0,0,3,2,0,1,1,7
148,0,1,1,0,0,1,1,1
148,0,1,1,1,0,1,1,3
148,0,1,1,2,0,1,1,7
148,0,1,2,0,0,1,1,1
148,0,1,2,1,0,1,1,3
148,0,1,2,2,0,1,1,7
148,0,1,3,0,0,1,1,1
148,0,1,3,1,0,1,1,3
148,0,1,3,2,0,1,1,7
148,0,2,1,0,1,1,1,1
148,0,2,1,1,1,1,1,1
148,0,2,1,2,1,1,1,1
148,0,2,2,0,0,1,1,1
148,0,2,2,1,0,1,1,3
148,0,2,2,2,0,1,1,7
148,0,2,3,0,0,1,1,1
148,0,2,3,1,0,1,1,3
148,0,2,3,2,0,1,1,7
148,0,3,1,0,0,1,1,1
148,0,3,1,1,0,1,1,3
148,0,3,1,2,0,1,1,7
148,0,3,2,0,0,1,1,1
148,0,3,2,1,0,1,1,3
148,0,3,2,2,0,1,1,7
148,0,3,3,0,0,1,1,1
148,0,3,3,1,0,1,1,3
148,0,3,3,2,0,1,1,7
148,0,4,1,0,0,1,1,1
148,0,4,1,1,0,1,1,3
148,0,4,1,2,0,1,1,7
148,0,4,2,0,0,1,1,1
148,0,4,2,1,0,1,1,3
148,0,4,2,2,0,1,1,7
148,0,4,3,0,0,1,1,1
148,0,4,3,1,0,1,1,3
148,0,4,3,2,0,1,1,7
148,0,5,1,0,1,1,1,1
148,0,5,1,1,1,1,1,1
148,0,5,1,2,1,1,1,1
148,0,5,2,0,0,1,1,1
148,0,5,2,1,1,1,1,2
148,0,5,2,2,1,1,1,2
148,0,5,3,0,0,1,1,1
148,0,5,3,1,0,1,1,3
148,0,5,3,2,0,1,1,7
148,0,6,1,0,0,1,1,1
148,0,6,1,1,0,1,1,3
148,0,6,1,2,0,1,1,7
148,0,6,2,0,1,1,1,1
148,0,6,2,1,1,1,1,1
148,0,6,2,2,1,1,1,1
148,0,6,3,0,0,1,1,1
148,0,6,3,1,0,1,1,3
148,0,6,3,2,0,1,1,7
148,0,7,1,0,0,1,1,1
148,0,7,1,1,0,1,1,3
148,0,7,1,2,0,1,1,7
148,0,7,2,0,1,1,1,1
148,0,7,2,1,1,1,1,1
148,0,7,2,2,1,1,1,1
148,0,7,3,0,0,1,1,1
148,0,7,3,1,0,1,1,3
148,0,7,3,2,0,1,1,7
148,0,8,1,0,1,1,1,1
148,0,8,1,1,1,1,1,1
148,0,8,1,2,1,1,1,1
148,0,8,2,0,1,1,1,1
148,0,8,2,1,1,1,1,1
148,0,8,2,2,1,1,1,1
148,0,8,3,0,1,1,1,1
148,0,8,3,1,1,1,1,1
148,0,8,3,2,1,1,1,1
148,1,0,1,0,0,1,1,1
148,1,0,1,1,0,1,1,3
148,1,0,1,2,0,1,1,13
148,1,0,2,0,0,1,1,1
148,1,0,2,1,0,1,1,3
148,1,0,2,2,0,1,1,13
148,1,0,3,0,0,1,1,1
148,1,0,3,1,0,1,1,3
148,1,0,3,2,0,1,1,13
148,1,1,1,0,0,1,1,1
148,1,1,1,1,0,1,1,3
148,1,1,1,2,0,1,1,13
148,1,1,2,0,0,1,1,1
148,1,1,2,1,0,1,1,3
148,1,1,2,2,0,1,1,13
148,1,1,3,0,0,1,1,1
148,1,1,3,1,0,1,1,3
148,1,1,3,2,0,1,1,13
148,1,2,1,0,1,1,1,1
148,1,2,1,1,1,1,1,1
148,1,2,1,2,1,1,1,1
148,1,2,2,0,0,1,1,1
148,1,2,2,1,0,1,1,3
148,1,2,2,2,0,1,1,13
148,1,2,3,0,0,1,1,1
148,1,2,3,1,0,1,1,3
148,1,2,3,2,0,1,1,13
148,1,3,1,0,0,1,1,1
148,1,3,1,1,0,1,1,3
148,1,3,1,2,0,1,1,13
148,1,3,2,0,0,1,1,1
148,1,3,2,1,0,1,1,3
148,1,3,2,2,0,1,1,13
148,1,3,3,0,0,1,1,1
148,1,3,3,1,0,1,1,3
148,1,3,3,2,0,1,1,13
148,1,4,1,0,0,1,1,1
148,1,4,1,1,0,1,1,3
148,1,4,1,2,0,1,1,13
148,1,4,2,0,0,1,1,1
148,1,4,2,1,0,1,1,3
148,1,4,2,2,0,1,1,13
148,1,4,3,0,0,1,1,1
148,1,4,3,1,0,1,1,3
148,1,4,3,2,0,1,1,13
148,1,5,1,0,1,1,1,1
148,1,5,1,1,1,1,1,1
148,1,5,1,2,1,1,1,1
148,1,5,2,0,0,1,1,1
148,1,5,2,1,1,1,1,2
148,1,5,2,2,1,1,1,2
148,1,5,3,0,0,1,1,1
148,1,5,3,1,0,1,1,3
148,1,5,3,2,1,1,1,6
148,1,6,1,0,0,1,1,1
148,1,6,1,1,0,1,1,3
148,1,6,1,2,0,1,1,13
148,1,6,2,0,1,1,1,1
148,1,6,2,1,1,1,1,1
148,1,6,2,2,1,1,1,1
148,1,6,3,0,0,1,1,1
148,1,6,3,1,0,1,1,3
148,1,6,3,2,0,1,1,13
148,1,7,1,0,0,1,1,1
148,1,7,1,1,0,1,1,3
148,1,7,1,2,0,1,1,13
148,1,7,2,0,1,1,1,1
148,1,7,2,1,1,1,1,1
148,1,7,2,2,1,1,1,1
148,1,7,3,0,0,1,1,1
148,1,7,3,1,0,1,1,3
148,1,7,3,2,0,1,1,13
148,1,8,1,0,1,1,1,1
148,1,8,1,1,1,1,1,1
148,1,8,1,2,1,1,1,1
148,1,8,2,0,1,1,1,1
148,1,8,2,1,1,1,1,1
148,1,8,2,2,1,1,1,1
148,1,8,3,0,1,1,1,1
148,1,8,3,1,1,1,1,1
148,1,8,3,2,1,1,1,1
149,0,0,1,0,0,1,1,1
149,0,0,1,1,0,1,1,3
149,0,0,1,2,0,1,1,7
149,0,0,2,0,0,1,1,1
149,0,0,2,1,0,1,1,3
149,0,0,2,2,0,1,1,7
149,0,0,3,0,0,1,1,1
149,0,0,3,1,0,1,1,3
149,0,0,3,2,0,1,1,7
149,0,1,1,0,0,1,1,1
149,0,1,1,1,0,1,1,3
149,0,1,1,2,0,1,1,7
149,0,1,2,0,0,1,1,1
149,0,1,2,1,0,1,1,3
149,0,1,2,2,0,1,1,7
149,0,1,3,0,0,1,1,1
149,0,1,3,1,0,1,1,3
149,0,1,3,2,0,1,1,7
149,0,2,1,0,1,1,1,1
149,0,2,1,1,1,1,1,1
149,0,2,1,2,1,1,1,1
149,0,2,2,0,0,1,1,1
149,0,2,2,1,0,1,1,3
149,0,2,2,2,0,1,1,7
149,0,2,3,0,0,1,1,1
149,0,2,3,1,0,1,1,3
149,0,2,3,2,0,1,1,7
149,0,3,1,0,0,1,1,1
149,0,3,1,1,0,1,1,3
149,0,3,1,2,0,1,1,7
149,0,3,2,0,0,1,1,1
149,0,3,2,1,0,1,1,3
149,0,3,2,2,0,1,1,7
149,0,3,3,0,0,1,1,1
149,0,3,3,1,0,1,1,3
149,0,3,3,2,0,1,1,7
149,0,4,1,0,0,1,1,1
149,0,4,1,1,0,1,1,3
149,0,4,1,2,0,1,1,7
149,0,4,2,0,0,1,1,1
149,0,4,2,1,0,1,1,3
149,0,4,2,2,0,1,1,7
149,0,4,3,0,0,1,1,1
149,0,4,3,1,0,1,1,3
149,0,4,3,2,0,1,1,7
149,0,5,1,0,1,1,1,1
149,0,5,1,1,1,1,1,1
149,0,5,1,2,1,1,1,1
149,0,5,2,0,0,1,1,1
149,0,5,2,1,1,1,1,2
149,0,5,2,2,1,1,1,2
149,0,5,3,0,0,1,1,1
149,0,5,3,1,1,1,1,2
149,0,5,3,2,1,1,1,2
149,0,6,1,0,0,1,1,1
149,0,6,1,1,0,1,1,3
149,0,6,1,2,0,1,1,7
149,0,6,2,0,1,1,1,1
149,0,6,2,1,1,1,1,1
149,0,6,2,2,1,1,1,1
149,0,6,3,0,0,1,1,1
149,0,6,3,1,0,1,1,3
149,0,6,3,2,0,1,1,7
149,0,7,1,0,0,1,1,1
149,0,7,1,1,0,1,1,3
149,0,7,1,2,0,1,1,7
149,0,7,2,0,1,1,1,1
149,0,7,2,1,1,1,1,1
149,0,7,2,2,1,1,1,1
149,0,7,3,0,0,1,1,1
149,0,7,3,1,0,1,1,3
149,0,7,3,2,0,1,1,7
149,0,8,1,0,1,1,1,1
149,0,8,1,1,1,1,1,1
149,0,8,1,2,1,1,1,1
149,0,8,2,0,1,1,1,1
149,0,8,2,1,1,1,1,1
149,0,8,2,2,1,1,1,1
149,0,8,3,0,1,1,1,1
149,0,8,3,1,1,1,1,1
149,0,8,3,2,1,1,1,1
149,1,0,1,0,0,1,1,1
149,1,0,1,1,0,1,1,3
149,1,0,1,2,0,1,1,13
149,1,0,2,0,0,1,1,1
149,1,0,2,1,0,1,1,3
149,1,0,2,2,0,1,1,13
149,1,0,3,0,0,1,1,1
149,1,0,3,1,0,1,1,3
149,1,0,3,2,0,1,1,13
149,1,1,1,0,0,1,1,1
149,1,1,1,1,0,1,1,3
149,1,1,1,2,0,1,1,13
149,1,1,2,0,0,1,1,1
149,1,1,2,1,0,1,1,3
149,1,1,2,2,0,1,1,13
149,1,1,3,0,0,1,1,1
149,1,1,3,1,0,1,1,3
149,1,1,3,2,0,1,1,13
149,1,2,1,0,1,1,1,1
149,1,2,1,1,1,1,1,1
149,1,2,1,2,1,1,1,1
149,1,2,2,0,0,1,1,1
149,1,2,2,1,0,1,1,3
149,1,2,2,2,0,1,1,13
149,1,2,3,0,0,1,1,1
149,1,2,3,1,0,1,1,3
149,1,2,3,2,0,1,1,13
149,1,3,1,0,0,1,1,1
149,1,3,1,1,0,1,1,3
149,1,3,1,2,0,1,1,13
149,1,3,2,0,0,1,1,1
149,1,3,2,1,0,1,1,3
149,1,3,2,2,0,1,1,13
149,1,3,3,0,0,1,1,1
149,1,3,3,1,0,1,1,3
149,1,3,3,2,0,1,1,13
149,1,4,1,0,0,1,1,1
149,1,4,1,1,0,1,1,3
149,1,4,1,2,0,1,1,13
149,1,4,2,0,0,1,1,1
149,1,4,2,1,0,1,1,3
149,1,4,2,2,0,1,1,13
149,1,4,3,0,0,1,1,1
149,1,4,3,1,0,1,1,3
149,1,4,3,2,0,1,1,13
149,1,5,1,0,1,1,1,1
149,1,5,1,1,1,1,1,1
149,1,5,1,2,1,1,1,1
149,1,5,2,0,0,1,1,1
149,1,5,2,1,1,1,1,2
149,1,5,2,2,1,1,1,2
149,1,5,3,0,0,1,1,1
149,1,5,3,1,1,1,1,2
149,1,5,3,2,1,1,1,2
149,1,6,1,0,0,1,1,1
149,1,6,1,1,0,1,1,3
149,1,6,1,2,0,1,1,13
149,1,6,2,0,1,1,1,1
149,1,6,2,1,1,1,1,1
149,1,6,2,2,1,1,1,1
149,1,6,3,0,0,1,1,1
149,1,6,3,1,0,1,1,3
149,1,6,3,2,0,1,1,13
149,1,7,1,0,0,1,1,1
149,1,7,1,1,0,1,1,3
149,1,7,1,2,0,1,1,13
149,1,7,2,0,1,1,1,1
149,1,7,2,1,1,1,1,1
149,1,7,2,2,1,1,1,1
149,1,7,3,0,0,1,1,1
149,1,7,3,1,0,1,1,3
149,1,7,3,2,0,1,1,13
149,1,8,1,0,1,1,1,1
149,1,8,1,1,1,1,1,1
149,1,8,1,2,1,1,1,1
149,1,8,2,0,1,1,1,1
149,1,8,2,1,1,1,1,1
149,1,8,2,2,1,1,1,1
149,1,8,3,0,1,1,1,1
149,1,8,3,1,1,1,1,1
149,1,8,3,2,1,1,1,1
150,0,0,1,0,0,1,1,1
150,0,0,1,1,0,1,1,3
150,0,0,1,2,0,1,1,7
150,0,0,2,0,0,1,1,1
150,0,0,2,1,0,1,1,3
150,0,0,2,2,0,1,1,7
150,0,0,3,0,0,1,1,1
150,0,0,3,1,0,1,1,3
150,0,0,3,2,0,1,1,7
150,0,1,1,0,0,1,1,1
150,0,1,1,1,0,1,1,3
150,0,1,1,2,0,1,1,7
150,0,1,2,0,0,1,1,1
150,0,1,2,1,0,1,1,3
150,0,1,2,2,0,1,1,7
150,0,1,3,0,0,1,1,1
150,0,1,3,1,0,1,1,3
150,0,1,3,2,0,1,1,7
150,0,2,1,0,1,1,1,1
150,0,2,1,1,1,1,1,1
150,0,2,1,2,1,1,1,1
150,0,2,2,0,0,1,1,1
150,0,2,2,1,0,1,1,3
150,0,2,2,2,0,1,1,7
150,0,2,3,0,0,1,1,1
150,0,2,3,1,0,1,1,3
150,0,2,3,2,0,1,1,7
150,0,3,1,0,0,1,1,1
150,0,3,1,1,0,1,1,3
150,0,3,1,2,0,1,1,7
150,0,3,2,0,0,1,1,1
150,0,3,2,1,0,1,1,3
150,0,3,2,2,0,1,1,7
150,0,3,3,0,0,1,1,1
150,0,3,3,1,0,1,1,3
150,0,3,3,2,0,1,1,7
150,0,4,1,0,0,1,1,1
150,0,4,1,1,0,1,1,3
150,0,4,1,2,0,1,1,7
150,0,4,2,0,0,1,1,1
150,0,4,2,1,0,1,1,3
150,0,4,2,2,0,1,1,7
150,0,4,3,0,0,1,1,1
150,0,4,3,1,0,1,1,3
150,0,4,3,2,0,1,1,7
150,0,5,1,0,1,1,1,1
150,0,5,1,1,1,1,1,1
150,0,5,1,2,1,1,1,1
150,0,5,2,0,0,1,1,1
150,0,5,2,1,1,1,1,2
150,0,5,2,2,1,1,1,2
150,0,5,3,0,0,1,1,1
150,0,5,3,1,0,1,1,3
150,0,5,3,2,0,1,1,7
150,0,6,1,0,0,1,1,1
150,0,6,1,1,0,1,1,3
150,0,6,1,2,0,1,1,7
150,0,6,2,0,1,1,1,1
150,0,6,2,1,1,1,1,1
150,0,6,2,2,1,1,1,1
150,0,6,3,0,0,1,1,1
150,0,6,3,1,0,1,1,3
150,0,6,3,2,0,1,1,7
150,0,7,1,0,0,1,1,1
150,0,7,1,1,1,1,1,2
150,0,7,1,2,1,1,1,2
150,0,7,2,0,1,1,1,1
150,0,7,2,1,1,1,1,1
150,0,7,2,2,1,1,1,1
150,0,7,3,0,0,1,1,1
150,0,7,3,1,0,1,1,3
150,0,7,3,2,0,1,1,7
150,0,8,1,0,1,1,1,1
150,0,8,1,1,1,1,1,1
150,0,8,1,2,1,1,1,1
150,0,8,2,0,1,1,1,1
150,0,8,2,1,1,1,1,1
150,0,8,2,2,1,1,1,1
150,0,8,3,0,1,1,1,1
150,0,8,3,1,1,1,1,1
150,0,8,3,2,1,1,1,1
150,1,0,1,0,0,1,1,1
150,1,0,1,1,0,1,1,3
150,1,0,1,2,0,1,1,19
150,1,0,2,0,0,1,1,1
150,1,0,2,1,0,1,1,3
150,1,0,2,2,0,1,1,19
150,1,0,3,0,0,1,1,1
150,1,0,3,1,0,1,1,3
150,1,0,3,2,0,1,1,19
150,1,1,1,0,0,1,1,1
150,1,1,1,1,0,1,1,3
150,1,1,1,2,0,1,1,19
150,1,1,2,0,0,1,1,1
150,1,1,2,1,0,1,1,3
150,1,1,2,2,0,1,1,19
150,1,1,3,0,0,1,1,1
150,1,1,3,1,0,1,1,3
150,1,1,3,2,0,1,1,19
150,1,2,1,0,1,1,1,1
150,1,2,1,1,1,1,1,1
150,1,2,1,2,1,1,1,1
150,1,2,2,0,0,1,1,1
150,1,2,2,1,0,1,1,3
150,1,2,2,2,0,1,1,19
150,1,2,3,0,0,1,1,1
150,1,2,3,1,0,1,1,3
150,1,2,3,2,0,1,1,19
150,1,3,1,0,0,1,1,1
150,1,3,1,1,0,1,1,3
150,1,3,1,2,0,1,1,19
150,1,3,2,0,0,1,1,1
150,1,3,2,1,0,1,1,3
150,1,3,2,2,0,1,1,19
150,1,3,3,0,0,1,1,1
150,1,3,3,1,0,1,1,3
150,1,3,3,2,0,1,1,19
150,1,4,1,0,0,1,1,1
150,1,4,1,1,0,1,1,3
150,1,4,1,2,0,1,1,19
150,1,4,2,0,0,1,1,1
150,1,4,2,1,0,1,1,3
150,1,4,2,2,0,1,1,19
150,1,4,3,0,0,1,1,1
150,1,4,3,1,0,1,1,3
150,1,4,3,2,0,1,1,19
150,1,5,1,0,1,1,1,1
150,1,5,1,1,1,1,1,1
150,1,5,1,2,1,1,1,1
150,1,5,2,0,0,1,1,1
150,1,5,2,1,1,1,1,2
150,1,5,2,2,1,1,1,2
150,1,5,3,0,0,1,1,1
150,1,5,3,1,0,1,1,3
150,1,5,3,2,1,1,1,3
150,1,6,1,0,0,1,1,1
150,1,6,1,1,0,1,1,3
150,1,6,1,2,0,1,1,19
150,1,6,2,0,1,1,1,1
150,1,6,2,1,1,1,1,1
150,1,6,2,2,1,1,1,1
150,1,6,3,0,0,1,1,1
150,1,6,3,1,0,1,1,3
150,1,6,3,2,0,1,1,19
150,1,7,1,0,0,1,1,1
150,1,7,1,1,1,1,1,2
150,1,7,1,2,1,1,1,2
150,1,7,2,0,1,1,1,1
150,1,7,2,1,1,1,1,1
150,1,7,2,2,1,1,1,1
150,1,7,3,0,0,1,1,1
150,1,7,3,1,0,1,1,3
150,1,7,3,2,1,1,1,5
150,1,8,1,0,1,1,1,1
150,1,8,1,1,1,1,1,1
150,1,8,1,2,1,1,1,1
150,1,8,2,0,1,1,1,1
150,1,8,2,1,1,1,1,1
150,1,8,2,2,1,1,1,1
150,1,8,3,0,1,1,1,1
150,1,8,3,1,1,1,1,1
150,1,8,3,2,1,1,1,1
151,0,0,1,0,0,1,1,1
151,0,0,1,1,0,1,1,3
151,0,0,1,2,0,1,1,7
151,0,0,2,0,0,1,1,1
151,0,0,2,1,0,1,1,3
151,0,0,2,2,0,1,1,7
151,0,0,3,0,0,1,1,1
151,0,0,3,1,0,1,1,3
151,0,0,3,2,0,1,1,7
151,0,1,1,0,0,1,1,1
151,0,1,1,1,0,1,1,3
151,0,1,1,2,0,1,1,7
151,0,1,2,0,0,1,1,1
151,0,1,2,1,0,1,1,3
151,0,1,2,2,0,1,1,7
151,0,1,3,0,0,1,1,1
151,0,1,3,1,0,1,1,3
151,0,1,3,2,0,1,1,7
151,0,2,1,0,1,1,1,1
151,0,2,1,1,1,1,1,1
151,0,2,1,2,1,1,1,1
151,0,2,2,0,0,1,1,1
151,0,2,2,1,0,1,1,3
151,0,2,2,2,0,1,1,7
151,0,2,3,0,0,1,1,1
151,0,2,3,1,0,1,1,3
151,0,2,3,2,0,1,1,7
151,0,3,1,0,0,1,1,1
151,0,3,1,1,0,1,1,3
151,0,3,1,2,0,1,1,7
151,0,3,2,0,0,1,1,1
151,0,3,2,1,0,1,1,3
151,0,3,2,2,0,1,1,7
151,0,3,3,0,0,1,1,1
151,0,3,3,1,0,1,1,3
151,0,3,3,2,0,1,1,7
151,0,4,1,0,0,1,1,1
151,0,4,1,1,0,1,1,3
151,0,4,1,2,0,1,1,7
151,0,4,2,0,0,1,1,1
151,0,4,2,1,0,1,1,3
151,0,4,2,2,0,1,1,7
151,0,4,3,0,0,1,1,1
151,0,4,3,1,0,1,1,3
151,0,4,3,2,0,1,1,7
151,0,5,1,0,1,1,1,1
151,0,5,1,1,1,1,1,1
151,0,5,1,2,1,1,1,1
151,0,5,2,0,0,1,1,1
151,0,5,2,1,1,1,1,2
151,0,5,2,2,1,1,1,2
151,0,5,3,0,0,1,1,1
151,0,5,3,1,0,1,1,3
151,0,5,3,2,0,1,1,7
151,0,6,1,0,0,1,1,1
151,0,6,1,1,0,1,1,3
151,0,6,1,2,0,1,1,7
151,0,6,2,0,1,1,1,1
151,0,6,2,1,1,1,1,1
151,0,6,2,2,1,1,1,1
151,0,6,3,0,0,1,1,1
151,0,6,3,1,0,1,1,3
151,0,6,3,2,0,1,1,7
151,0,7,1,0,0,1,1,1
151,0,7,1,1,0,1,1,3
151,0,7,1,2,0,1,1,7
151,0,7,2,0,1,1,1,1
151,0,7,2,1,1,1,1,1
151,0,7,2,2,1,1,1,1
151,0,7,3,0,0,1,1,1
151,0,7,3,1,0,1,1,3
151,0,7,3,2,0,1,1,7
151,0,8,1,0,1,1,1,1
151,0,8,1,1,1,1,1,1
151,0,8,1,2,1,1,1,1
151,0,8,2,0,1,1,1,1
151,0,8,2,1,1,1,1,1
151,0,8,2,2,1,1,1,1
151,0,8,3,0,1,1,1,1
151,0,8,3,1,1,1,1,1
151,0,8,3,2,1,1,1,1
151,1,0,1,0,0,1,1,1
151,1,0,1,1,0,1,1,3
151,1,0,1,2,0,1,1,19
151,1,0,2,0,0,1,1,1
151,1,0,2,1,0,1,1,3
151,1,0,2,2,0,1,1,19
151,1,0,3,0,0,1,1,1
151,1,0,3,1,0,1,1,3
151,1,0,3,2,0,1,1,19
151,1,1,1,0,0,1,1,1
151,1,1,1,1,0,1,1,3
151,1,1,1,2,0,1,1,19
151,1,1,2,0,0,1,1,1
151,1,1,2,1,0,1,1,3
151,1,1,2,2,0,1,1,19
151,1,1,3,0,0,1,1,1
151,1,1,3,1,0,1,1,3
151,1,1,3,2,0,1,1,19
151,1,2,1,0,1,1,1,1
151,1,2,1,1,1,1,1,1
151,1,2,1,2,1,1,1,1
151,1,2,2,0,0,1,1,1
151,1,2,2,1,0,1,1,3
151,1,2,2,2,0,1,1,19
151,1,2,3,0,0,1,1,1
151,1,2,3,1,0,1,1,3
151,1,2,3,2,0,1,1,19
151,1,3,1,0,0,1,1,1
151,1,3,1,1,0,1,1,3
151,1,3,1,2,0,1,1,19
151,1,3,2,0,0,1,1,1
151,1,3,2,1,0,1,1,3
151,1,3,2,2,0,1,1,19
151,1,3,3,0,0,1,1,1
151,1,3,3,1,0,1,1,3
151,1,3,3,2,0,1,1,19
151,1,4,1,0,0,1,1,1
151,1,4,1,1,0,1,1,3
151,1,4,1,2,0,1,1,19
151,1,4,2,0,0,1,1,1
151,1,4,2,1,0,1,1,3
151,1,4,2,2,0,1,1,19
151,1,4,3,0,0,1,1,1
151,1,4,3,1,0,1,1,3
151,1,4,3,2,0,1,1,19
151,1,5,1,0,1,1,1,1
151,1,5,1,1,1,1,1,1
151,1,5,1,2,1,1,1,1
151,1,5,2,0,0,1,1,1
151,1,5,2,1,1,1,1,2
151,1,5,2,2,1,1,1,2
151,1,5,3,0,0,1,1,1
151,1,5,3,1,0,1,1,3
151,1,5,3,2,1,1,1,3
151,1,6,1,0,0,1,1,1
151,1,6,1,1,0,1,1,3
151,1,6,1,2,0,1,1,19
151,1,6,2,0,1,1,1,1
151,1,6,2,1,1,1,1,1
151,1,6,2,2,1,1,1,1
151,1,6,3,0,0,1,1,1
151,1,6,3,1,0,1,1,3
151,1,6,3,2,0,1,1,19
151,1,7,1,0,0,1,1,1
151,1,7,1,1,0,1,1,3
151,1,7,1,2,0,1,1,19
151,1,7,2,0,1,1,1,1
151,1,7,2,1,1,1,1,1
151,1,7,2,2,1,1,1,1
151,1,7,3,0,0,1,1,1
151,1,7,3,1,0,1,1,3
151,1,7,3,2,0,1,1,19
151,1,8,1,0,1,1,1,1
151,1,8,1,1,1,1,1,1
151,1,8,1,2,1,1,1,1
151,1,8,2,0,1,1,1,1
151,1,8,2,1,1,1,1,1
151,1,8,2,2,1,1,1,1
151,1,8,3,0,1,1,1,1
151,1,8,3,1,1,1,1,1
151,1,8,3,2,1,1,1,1
152,0,0,1,0,0,1,1,1
152,0,0,1,1,0,1,1,3
152,0,0,1,2,0,1,1,7
152,0,0,2,0,0,1,1,1
152,0,0,2,1,0,1,1,3
152,0,0,2,2,0,1,1,7
152,0,0,3,0,0,1,1,1
152,0,0,3,1,0,1,1,3
152,0,0,3,2,0,1,1,7
152,0,1,1,0,0,1,1,1
152,0,1,1,1,0,1,1,3
152,0,1,1,2,0,1,1,7
152,0,1,2,0,0,1,1,1
152,0,1,2,1,0,1,1,3
152,0,1,2,2,0,1,1,7
152,0,1,3,0,0,1,1,1
152,0,1,3,1,0,1,1,3
152,0,1,3,2,0,1,1,7
152,0,2,1,0,1,1,1,1
152,0,2,1,1,1,1,1,1
152,0,2,1,2,1,1,1,1
152,0,2,2,0,0,1,1,1
152,0,2,2,1,0,1,1,3
152,0,2,2,2,0,1,1,7
152,0,2,3,0,0,1,1,1
152,0,2,3,1,0,1,1,3
152,0,2,3,2,0,1,1,7
152,0,3,1,0,0,1,1,1
152,0,3,1,1,0,1,1,3
152,0,3,1,2,0,1,1,7
152,0,3,2,0,0,1,1,1
152,0,3,2,1,0,1,1,3
152,0,3,2,2,0,1,1,7
152,0,3,3,0,0,1,1,1
152,0,3,3,1,0,1,1,3
152,0,3,3,2,0,1,1,7
152,0,4,1,0,0,1,1,1
152,0,4,1,1,0,1,1,3
152,0,4,1,2,0,1,1,7
152,0,4,2,0,0,1,1,1
152,0,4,2,1,0,1,1,3
152,0,4,2,2,0,1,1,7
152,0,4,3,0,0,1,1,1
152,0,4,3,1,0,1,1,3
152,0,4,3,2,0,1,1,7
152,0,5,1,0,1,1,1,1
152,0,5,1,1,1,1,1,1
152,0,5,1,2,1,1,1,1
152,0,5,2,0,0,1,1,1
152,0,5,2,1,0,1,1,3
152,0,5,2,2,0,1,1,7
152,0,5,3,0,0,1,1,1
152,0,5,3,1,0,1,1,3
152,0,5,3,2,0,1,1,7
152,0,6,1,0,0,1,1,1
152,0,6,1,1,0,1,1,3
152,0,6,1,2,0,1,1,7
152,0,6,2,0,1,1,1,1
152,0,6,2,1,1,1,1,1
152,0,6,2,2,1,1,1,1
152,0,6,3,0,0,1,1,1
152,0,6,3,1,0,1,1,3
152,0,6,3,2,0,1,1,7
152,0,7,1,0,0,1,1,1
152,0,7,1,1,0,1,1,3
152,0,7,1,2,0,1,1,7
152,0,7,2,0,1,1,1,1
152,0,7,2,1,1,1,1,1
152,0,7,2,2,1,1,1,1
152,0,7,3,0,0,1,1,1
152,0,7,3,1,0,1,1,3
152,0,7,3,2,0,1,1,7
152,0,8,1,0,1,1,1,1
152,0,8,1,1,1,1,1,1
152,0,8,1,2,1,1,1,1
152,0,8,2,0,1,1,1,1
152,0,8,2,1,1,1,1,1
152,0,8,2,2,1,1,1,1
152,0,8,3,0,1,1,1,1
152,0,8,3,1,1,1,1,1
152,0,8,3,2,1,1,1,1
152,1,0,1,0,0,1,1,1
152,1,0,1,1,0,1,1,3
152,1,0,1,2,0,1,1,13
152,1,0,2,0,0,1,1,1
152,1,0,2,1,0,1,1,3
152,1,0,2,2,0,1,1,13
152,1,0,3,0,0,1,1,1
152,1,0,3,1,0,1,1,3
152,1,0,3,2,0,1,1,13
152,1,1,1,0,0,1,1,1
152,1,1,1,1,0,1,1,3
152,1,1,1,2,0,1,1,13
152,1,1,2,0,0,1,1,1
152,1,1,2,1,0,1,1,3
152,1,1,2,2,0,1,1,13
152,1,1,3,0,0,1,1,1
152,1,1,3,1,0,1,1,3
152,1,1,3,2,0,1,1,13
152,1,2,1,0,1,1,1,1
152,1,2,1,1,1,1,1,1
152,1,2,1,2,1,1,1,1
152,1,2,2,0,0,1,1,1
152,1,2,2,1,0,1,1,3
152,1,2,2,2,0,1,1,13
152,1,2,3,0,0,1,1,1
152,1,2,3,1,0,1,1,3
152,1,2,3,2,0,1,1,13
152,1,3,1,0,0,1,1,1
152,1,3,1,1,0,1,1,3
152,1,3,1,2,0,1,1,13
152,1,3,2,0,0,1,1,1
152,1,3,2,1,0,1,1,3
152,1,3,2,2,0,1,1,13
152,1,3,3,0,0,1,1,1
152,1,3,3,1,0,1,1,3
152,1,3,3,2,0,1,1,13
152,1,4,1,0,0,1,1,1
152,1,4,1,1,0,1,1,3
152,1,4,1,2,0,1,1,13
152,1,4,2,0,0,1,1,1
152,1,4,2,1,0,1,1,3
152,1,4,2,2,0,1,1,13
152,1,4,3,0,0,1,1,1
152,1,4,3,1,0,1,1,3
152,1,4,3,2,0,1,1,13
152,1,5,1,0,1,1,1,1
152,1,5,1,1,1,1,1,1
152,1,5,1,2,1,1,1,1
152,1,5,2,0,0,1,1,1
152,1,5,2,1,0,1,1,3
152,1,5,2,2,0,1,1,13
152,1,5,3,0,0,1,1,1
152,1,5,3,1,0,1,1,3
152,1,5,3,2,0,1,1,13
152,1,6,1,0,0,1,1,1
152,1,6,1,1,0,1,1,3
152,1,6,1,2,0,1,1,13
152,1,6,2,0,1,1,1,1
152,1,6,2,1,1,1,1,1
152,1,6,2,2,1,1,1,1
152,1,6,3,0,0,1,1,1
152,1,6,3,1,0,1,1,3
152,1,6,3,2,0,1,1,13
152,1,7,1,0,0,1,1,1
152,1,7,1,1,0,1,1,3
152,1,7,1,2,0,1,1,13
152,1,7,2,0,1,1,1,1
152,1,7,2,1,1,1,1,1
152,1,7,2,2,1,1,1,1
152,1,7,3,0,0,1,1,1
152,1,7,3,1,0,1,1,3
152,1,7,3,2,0,1,1,13
152,1,8,1,0,1,1,1,1
152,1,8,1,1,1,1,1,1
152,1,8,1,2,1,1,1,1
152,1,8,2,0,1,1,1,1
152,1,8,2,1,1,1,1,1
152,1,8,2,2,1,1,1,1
152,1,8,3,0,1,1,1,1
152,1,8,3,1,1,1,1,1
152,1,8,3,2,1,1,1,1
153,0,0,1,0,0,1,1,1
153,0,0,1,1,0,1,1,3
153,0,0,1,2,0,1,1,7
153,0,0,2,0,0,1,1,1
153,0,0,2,1,0,1,1,3
153,0,0,2,2,0,1,1,7
153,0,0,3,0,0,1,1,1
153,0,0,3,1,0,1,1,3
153,0,0,3,2,0,1,1,7
153,0,1,1,0,0,1,1,1
153,0,1,1,1,0,1,1,3
153,0,1,1,2,0,1,1,7
153,0,1,2,0,0,1,1,1
153,0,1,2,1,0,1,1,3
153,0,1,2,2,0,1,1,7
153,0,1,3,0,0,1,1,1
153,0,1,3,1,0,1,1,3
153,0,1,3,2,0,1,1,7
153,0,2,1,0,1,1,1,1
153,0,2,1,1,1,1,1,1
153,0,2,1,2,1,1,1,1
153,0,2,2,0,0,1,1,1
153,0,2,2,1,0,1,1,3
153,0,2,2,2,0,1,1,7
153,0,2,3,0,0,1,1,1
153,0,2,3,1,0,1,1,3
153,0,2,3,2,0,1,1,7
153,0,3,1,0,0,1,1,1
153,0,3,1,1,0,1,1,3
153,0,3,1,2,0,1,1,7
153,0,3,2,0,0,1,1,1
153,0,3,2,1,0,1,1,3
153,0,3,2,2,0,1,1,7
153,0,3,3,0,0,1,1,1
153,0,3,3,1,0,1,1,3
153,0,3,3,2,0,1,1,7
153,0,4,1,0,0,1,1,1
153,0,4,1,1,0,1,1,3
153,0,4,1,2,0,1,1,7
153,0,4,2,0,0,1,1,1
153,0,4,2,1,0,1,1,3
153,0,4,2,2,0,1,1,7
153,0,4,3,0,0,1,1,1
153,0,4,3,1,0,1,1,3
153,0,4,3,2,0,1,1,7
153,0,5,1,0,1,1,1,1
153,0,5,1,1,1,1,1,1
153,0,5,1,2,1,1,1,1
153,0,5,2,0,0,1,1,1
153,0,5,2,1,0,1,1,3
153,0,5,2,2,0,1,1,7
153,0,5,3,0,0,1,1,1
153,0,5,3,1,0,1,1,3
153,0,5,3,2,0,1,1,7
153,0,6,1,0,0,1,1,1
153,0,6,1,1,0,1,1,3
153,0,6,1,2,0,1,1,7
153,0,6,2,0,1,1,1,1
153,0,6,2,1,1,1,1,1
153,0,6,2,2,1,1,1,1
153,0,6,3,0,0,1,1,1
153,0,6,3,1,0,1,1,3
153,0,6,3,2,0,1,1,7
153,0,7,1,0,0,1,1,1
153,0,7,1,1,0,1,1,3
153,0,7,1,2,0,1,1,7
153,0,7,2,0,1,1,1,1
153,0,7,2,1,1,1,1,1
153,0,7,2,2,1,1,1,1
153,0,7,3,0,0,1,1,1
153,0,7,3,1,0,1,1,3
153,0,7,3,2,0,1,1,7
153,0,8,1,0,1,1,1,1
153,0,8,1,1,1,1,1,1
153,0,8,1,2,1,1,1,1
153,0,8,2,0,1,1,1,1
153,0,8,2,1,1,1,1,1
153,0,8,2,2,1,1,1,1
153,0,8,3,0,1,1,1,1
153,0,8,3,1,1,1,1,1
153,0,8,3,2,1,1,1,1
153,1,0,1,0,0,1,1,1
153,1,0,1,1,0,1,1,3
153,1,0,1,2,0,1,1,19
153,1,0,2,0,0,1,1,1
153,1,0,2,1,0,1,1,3
153,1,0,2,2,0,1,1,19
153,1,0,3,0,0,1,1,1
153,1,0,3,1,0,1,1,3
153,1,0,3,2,0,1,1,19
153,1,1,1,0,0,1,1,1
153,1,1,1,1,0,1,1,3
153,1,1,1,2,0,1,1,19
153,1,1,2,0,0,1,1,1
153,1,1,2,1,0,1,1,3
153,1,1,2,2,0,1,1,19
153,1,1,3,0,0,1,1,1
153,1,1,3,1,0,1,1,3
153,1,1,3,2,0,1,1,19
153,1,2,1,0,1,1,1,1
153,1,2,1,1,1,1,1,1
153,1,2,1,2,1,1,1,1
153,1,2,2,0,0,1,1,1
153,1,2,2,1,0,1,1,3
153,1,2,2,2,0,1,1,19
153,1,2,3,0,0,1,1,1
153,1,2,3,1,0,1,1,3
153,1,2,3,2,0,1,1,19
153,1,3,1,0,0,1,1,1
153,1,3,1,1,0,1,1,3
153,1,3,1,2,0,1,1,19
153,1,3,2,0,0,1,1,1
153,1,3,2,1,0,1,1,3
153,1,3,2,2,0,1,1,19
153,1,3,3,0,0,1,1,1
153,1,3,3,1,0,1,1,3
153,1,3,3,2,0,1,1,19
153,1,4,1,0,0,1,1,1
153,1,4,1,1,0,1,1,3
153,1,4,1,2,0,1,1,19
153,1,4,2,0,0,1,1,1
153,1,4,2,1,0,1,1,3
153,1,4,2,2,0,1,1,19
153,1,4,3,0,0,1,1,1
153,1,4,3,1,0,1,1,3
153,1,4,3,2,0,1,1,19
153,1,5,1,0,1,1,1,1
153,1,5,1,1,1,1,1,1
153,1,5,1,2,1,1,1,1
153,1,5,2,0,0,1,1,1
153,1,5,2,1,0,1,1,3
153,1,5,2,2,0,1,1,19
153,1,5,3,0,0,1,1,1
153,1,5,3,1,0,1,1,3
153,1,5,3,2,0,1,1,19
153,1,6,1,0,0,1,1,1
153,1,6,1,1,0,1,1,3
153,1,6,1,2,0,1,1,19
153,1,6,2,0,1,1,1,1
153,1,6,2,1,1,1,1,1
153,1,6,2,2,1,1,1,1
153,1,6,3,0,0,1,1,1
153,1,6,3,1,0,1,1,3
153,1,6,3,2,0,1,1,19
153,1,7,1,0,0,1,1,1
153,1,7,1,1,0,1,1,3
153,1,7,1,2,0,1,1,19
153,1,7,2,0,1,1,1,1
153,1,7,2,1,1,1,1,1
153,1,7,2,2,1,1,1,1
153,1,7,3,0,0,1,1,1
153,1,7,3,1,0,1,1,3
153,1,7,3,2,0,1,1,19
153,1,8,1,0,1,1,1,1
153,1,8,1,1,1,1,1,1
153,1,8,1,2,1,1,1,1
153,1,8,2,0,1,1,1,1
153,1,8,2,1,1,1,1,1
153,1,8,2,2,1,1,1,1
153,1,8,3,0,1,1,1,1
153,1,8,3,1,1,1,1,1
153,1,8,3,2,1,1,1,1
154,0,0,1,0,0,1,1,1
154,0,0,1,1,0,1,1,3
154,0,0,1,2,0,1,1,7
154,0,0,2,0,0,1,1,1
154,0,0,2,1,0,1,1,3
154,0,0,2,2,0,1,1,7
154,0,0,3,0,0,1,1,1
154,0,0,3,1,0,1,1,3
154,0,0,3,2,0,1,1,7
154,0,1,1,0,0,1,1,1
154,0,1,1,1,0,1,1,3
154,0,1,1,2,0,1,1,7
154,0,1,2,0,0,1,1,1
154,0,1,2,1,0,1,1,3
154,0,1,2,2,0,1,1,7
154,0,1,3,0,0,1,1,1
154,0,1,3,1,0,1,1,3
154,0,1,3,2,0,1,1,7
154,0,2,1,0,1,1,1,1
154,0,2,1,1,1,1,1,1
154,0,2,1,2,1,1,1,1
154,0,2,2,0,0,1,1,1
154,0,2,2,1,0,1,1,3
154,0,2,2,2,0,1,1,7
154,0,2,3,0,0,1,1,1
154,0,2,3,1,0,1,1,3
154,0,2,3,2,0,1,1,7
154,0,3,1,0,0,1,1,1
154,0,3,1,1,0,1,1,3
154,0,3,1,2,0,1,1,7
154,0,3,2,0,0,1,1,1
154,0,3,2,1,0,1,1,3
154,0,3,2,2,0,1,1,7
154,0,3,3,0,0,1,1,1
154,0,3,3,1,0,1,1,3
154,0,3,3,2,0,1,1,7
154,0,4,1,0,0,1,1,1
154,0,4,1,1,0,1,1,3
154,0,4,1,2,0,1,1,7
154,0,4,2,0,0,1,1,1
154,0,4,2,1,0,1,1,3
154,0,4,2,2,0,1,1,7
154,0,4,3,0,0,1,1,1
154,0,4,3,1,0,1,1,3
154,0,4,3,2,0,1,1,7
154,0,5,1,0,1,1,1,1
154,0,5,1,1,1,1,1,1
154,0,5,1,2,1,1,1,1
154,0,5,2,0,0,1,1,1
154,0,5,2,1,0,1,1,3
154,0,5,2,2,0,1,1,7
154,0,5,3,0,0,1,1,1
154,0,5,3,1,0,1,1,3
154,0,5,3,2,0,1,1,7
154,0,6,1,0,0,1,1,1
154,0,6,1,1,0,1,1,3
154,0,6,1,2,0,1,1,7
154,0,6,2,0,1,1,1,1
154,0,6,2,1,1,1,1,1
154,0,6,2,2,1,1,1,1
154,0,6,3,0,0,1,1,1
154,0,6,3,1,0,1,1,3
154,0,6,3,2,0,1,1,7
154,0,7,1,0,0,1,1,1
154,0,7,1,1,1,1,1,2
154,0,7,1,2,1,1,1,2
154,0,7,2,0,1,1,1,1
154,0,7,2,1,1,1,1,1
154,0,7,2,2,1,1,1,1
154,0,7,3,0,0,1,1,1
154,0,7,3,1,1,1,1,2
154,0,7,3,2,1,1,1,2
154,0,8,1,0,1,1,1,1
154,0,8,1,1,1,1,1,1
154,0,8,1,2,1,1,1,1
154,0,8,2,0,1,1,1,1
154,0,8,2,1,1,1,1,1
154,0,8,2,2,1,1,1,1
154,0,8,3,0,1,1,1,1
154,0,8,3,1,1,1,1,1
154,0,8,3,2,1,1,1,1
154,1,0,1,0,0,1,1,1
154,1,0,1,1,0,1,1,3
154,1,0,1,2,0,1,1,13
154,1,0,2,0,0,1,1,1
154,1,0,2,1,0,1,1,3
154,1,0,2,2,0,1,1,13
154,1,0,3,0,0,1,1,1
154,1,0,3,1,0,1,1,3
154,1,0,3,2,0,1,1,13
154,1,1,1,0,0,1,1,1
154,1,1,1,1,0,1,1,3
154,1,1,1,2,0,1,1,13
154,1,1,2,0,0,1,1,1
154,1,1,2,1,0,1,1,3
154,1,1,2,2,0,1,1,13
154,1,1,3,0,0,1,1,1
154,1,1,3,1,0,1,1,3
154,1,1,3,2,0,1,1,13
154,1,2,1,0,1,1,1,1
154,1,2,1,1,1,1,1,1
154,1,2,1,2,1,1,1,1
154,1,2,2,0,0,1,1,1
154,1,2,2,1,0,1,1,3
154,1,2,2,2,0,1,1,13
154,1,2,3,0,0,1,1,1
154,1,2,3,1,0,1,1,3
154,1,2,3,2,0,1,1,13
154,1,3,1,0,0,1,1,1
154,1,3,1,1,0,1,1,3
154,1,3,1,2,0,1,1,13
154,1,3,2,0,0,1,1,1
154,1,3,2,1,0,1,1,3
154,1,3,2,2,0,1,1,13
154,1,3,3,0,0,1,1,1
154,1,3,3,1,0,1,1,3
154,1,3,3,2,0,1,1,13
154,1,4,1,0,0,1,1,1
154,1,4,1,1,0,1,1,3
154,1,4,1,2,0,1,1,13
154,1,4,2,0,0,1,1,1
154,1,4,2,1,0,1,1,3
154,1,4,2,2,0,1,1,13
154,1,4,3,0,0,1,1,1
154,1,4,3,1,0,1,1,3
154,1,4,3,2,0,1,1,13
154,1,5,1,0,1,1,1,1
154,1,5,1,1,1,1,1,1
154,1,5,1,2,1,1,1,1
154,1,5,2,0,0,1,1,1
154,1,5,2,1,0,1,1,3
154,1,5,2,2,0,1,1,13
154,1,5,3,0,0,1,1,1
154,1,5,3,1,0,1,1,3
154,1,5,3,2,0,1,1,13
154,1,6,1,0,0,1,1,1
154,1,6,1,1,0,1,1,3
154,1,6,1,2,0,1,1,13
154,1,6,2,0,1,1,1,1
154,1,6,2,1,1,1,1,1
154,1,6,2,2,1,1,1,1
154,1,6,3,0,0,1,1,1
154,1,6,3,1,0,1,1,3
154,1,6,3,2,0,1,1,13
154,1,7,1,0,0,1,1,1
154,1,7,1,1,1,1,1,2
154,1,7,1,2,1,1,1,2
154,1,7,2,0,1,1,1,1
154,1,7,2,1,1,1,1,1
154,1,7,2,2,1,1,1,1
154,1,7,3,0,0,1,1,1
154,1,7,3,1,1,1,1,2
154,1,7,3,2,1,1,1,2
154,1,8,1,0,1,1,1,1
154,1,8,1,1,1,1,1,1
154,1,8,1,2,1,1,1,1
154,1,8,2,0,1,1,1,1
154,1,8,2,1,1,1,1,1
154,1,8,2,2,1,1,1,1
154,1,8,3,0,1,1,1,1
154,1,8,3,1,1,1,1,1
154,1,8,3,2,1,1,1,1
155,0,0,1,0,0,1,1,1
155,0,0,1,1,0,1,1,3
155,0,0,1,2,0,1,1,7
155,0,0,2,0,0,1,1,1
155,0,0,2,1,0,1,1,3
155,0,0,2,2,0,1,1,7
155,0,0,3,0,0,1,1,1
155,0,0,3,1,0,1,1,3
155,0,0,3,2,0,1,1,7
155,0,1,1,0,0,1,1,1
155,0,1,1,1,0,1,1,3
155,0,1,1,2,0,1,1,7
155,0,1,2,0,0,1,1,1
155,0,1,2,1,0,1,1,3
155,0,1,2,2,0,1,1,7
155,0,1,3,0,0,1,1,1
155,0,1,3,1,0,1,1,3
155,0,1,3,2,0,1,1,7
155,0,2,1,0,1,1,1,1
155,0,2,1,1,1,1,1,1
155,0,2,1,2,1,1,1,1
155,0,2,2,0,0,1,1,1
155,0,2,2,1,0,1,1,3
155,0,2,2,2,0,1,1,7
155,0,2,3,0,0,1,1,1
155,0,2,3,1,0,1,1,3
155,0,2,3,2,0,1,1,7
155,0,3,1,0,0,1,1,1
155,0,3,1,1,0,1,1,3
155,0,3,1,2,0,1,1,7
155,0,3,2,0,0,1,1,1
155,0,3,2,1,0,1,1,3
155,0,3,2,2,0,1,1,7
155,0,3,3,0,0,1,1,1
155,0,3,3,1,0,1,1,3
155,0,3,3,2,0,1,1,7
155,0,4,1,0,0,1,1,1
155,0,4,1,1,0,1,1,3
155,0,4,1,2,0,1,1,7
155,0,4,2,0,0,1,1,1
155,0,4,2,1,0,1,1,3
155,0,4,2,2,0,1,1,7
155,0,4,3,0,0,1,1,1
155,0,4,3,1,0,1,1,3
155,0,4,3,2,0,1,1,7
155,0,5,1,0,1,1,1,1
155,0,5,1,1,1,1,1,1
155,0,5,1,2,1,1,1,1
155,0,5,2,0,0,1,1,1
155,0,5,2,1,0,1,1,3
155,0,5,2,2,0,1,1,7
155,0,5,3,0,0,1,1,1
155,0,5,3,1,0,1,1,3
155,0,5,3,2,0,1,1,7
155,0,6,1,0,0,1,1,1
155,0,6,1,1,0,1,1,3
155,0,6,1,2,0,1,1,7
155,0,6,2,0,1,1,1,1
155,0,6,2,1,1,1,1,1
155,0,6,2,2,1,1,1,1
155,0,6,3,0,0,1,1,1
155,0,6,3,1,0,1,1,3
155,0,6,3,2,0,1,1,7
155,0,7,1,0,0,1,1,1
155,0,7,1,1,0,1,1,3
155,0,7,1,2,0,1,1,7
155,0,7,2,0,1,1,1,1
155,0,7,2,1,1,1,1,1
155,0,7,2,2,1,1,1,1
155,0,7,3,0,0,1,1,1
155,0,7,3,1,0,1,1,3
155,0,7,3,2,0,1,1,7
155,0,8,1,0,1,1,1,1
155,0,8,1,1,1,1,1,1
155,0,8,1,2,1,1,1,1
155,0,8,2,0,1,1,1,1
155,0,8,2,1,1,1,1,1
155,0,8,2,2,1,1,1,1
155,0,8,3,0,1,1,1,1
155,0,8,3,1,1,1,1,1
155,0,8,3,2,1,1,1,1
155,1,0,1,0,0,1,1,1
155,1,0,1,1,0,1,1,3
155,1,0,1,2,0,1,1,19
155,1,0,2,0,0,1,1,1
155,1,0,2,1,0,1,1,3
155,1,0,2,2,0,1,1,19
155,1,0,3,0,0,1,1,1
155,1,0,3,1,0,1,1,3
155,1,0,3,2,0,1,1,19
155,1,1,1,0,0,1,1,1
155,1,1,1,1,0,1,1,3
155,1,1,1,2,0,1,1,19
155,1,1,2,0,0,1,1,1
155,1,1,2,1,0,1,1,3
155,1,1,2,2,0,1,1,19
155,1,1,3,0,0,1,1,1
155,1,1,3,1,0,1,1,3
155,1,1,3,2,0,1,1,19
155,1,2,1,0,1,1,1,1
155,1,2,1,1,1,1,1,1
155,1,2,1,2,1,1,1,1
155,1,2,2,0,0,1,1,1
155,1,2,2,1,0,1,1,3
155,1,2,2,2,0,1,1,19
155,1,2,3,0,0,1,1,1
155,1,2,3,1,0,1,1,3
155,1,2,3,2,0,1,1,19
155,1,3,1,0,0,1,1,1
155,1,3,1,1,0,1,1,3
155,1,3,1,2,0,1,1,19
155,1,3,2,0,0,1,1,1
155,1,3,2,1,0,1,1,3
155,1,3,2,2,0,1,1,19
155,1,3,3,0,0,1,1,1
155,1,3,3,1,0,1,1,3
155,1,3,3,2,0,1,1,19
155,1,4,1,0,0,1,1,1
155,1,4,1,1,0,1,1,3
155,1,4,1,2,0,1,1,19
155,1,4,2,0,0,1,1,1
155,1,4,2,1,0,1,1,3
155,1,4,2,2,0,1,1,19
155,1,4,3,0,0,1,1,1
155,1,4,3,1,0,1,1,3
155,1,4,3,2,0,1,1,19
155,1,5,1,0,1,1,1,1
155,1,5,1,1,1,1,1,1
155,1,5,1,2,1,1,1,1
155,1,5,2,0,0,1,1,1
155,1,5,2,1,0,1,1,3
155,1,5,2,2,0,1,1,19
155,1,5,3,0,0,1,1,1
155,1,5,3,1,0,1,1,3
155,1,5,3,2,0,1,1,19
155,1,6,1,0,0,1,1,1
155,1,6,1,1,0,1,1,3
155,1,6,1,2,0,1,1,19
155,1,6,2,0,1,1,1,1
155,1,6,2,1,1,1,1,1
155,1,6,2,2,1,1,1,1
155,1,6,3,0,0,1,1,1
155,1,6,3,1,0,1,1,3
155,1,6,3,2,0,1,1,19
155,1,7,1,0,0,1,1,1
155,1,7,1,1,0,1,1,3
155,1,7,1,2,0,1,1,19
155,1,7,2,0,1,1,1,1
155,1,7,2,1,1,1,1,1
155,1,7,2,2,1,1,1,1
155,1,7,3,0,0,1,1,1
155,1,7,3,1,0,1,1,3
155,1,7,3,2,0,1,1,19
155,1,8,1,0,1,1,1,1
155,1,8,1,1,1,1,1,1
155,1,8,1,2,1,1,1,1
155,1,8,2,0,1,1,1,1
155,1,8,2,1,1,1,1,1
155,1,8,2,2,1,1,1,1
155,1,8,3,0,1,1,1,1
155,1,8,3,1,1,1,1,1
155,1,8,3,2,1,1,1,1
156,0,0,1,0,0,1,1,1
156,0,0,1,1,0,1,1,3
156,0,0,1,2,0,1,1,7
156,0,0,2,0,0,1,1,1
156,0,0,2,1,0,1,1,3
156,0,0,2,2,0,1,1,7
156,0,0,3,0,0,1,1,1
156,0,0,3,1,0,1,1,3
156,0,0,3,2,0,1,1,7
156,0,1,1,0,0,1,1,1
156,0,1,1,1,0,1,1,3
156,0,1,1,2,0,1,1,7
156,0,1,2,0,0,1,1,1
156,0,1,2,1,0,1,1,3
156,0,1,2,2,0,1,1,7
156,0,1,3,0,0,1,1,1
156,0,1,3,1,0,1,1,3
156,0,1,3,2,0,1,1,7
156,0,2,1,0,1,1,1,1
156,0,2,1,1,1,1,1,1
156,0,2,1,2,1,1,1,1
156,0,2,2,0,0,1,1,1
156,0,2,2,1,0,1,1,3
156,0,2,2,2,0,1,1,7
156,0,2,3,0,0,1,1,1
156,0,2,3,1,0,1,1,3
156,0,2,3,2,0,1,1,7
156,0,3,1,0,0,1,1,1
156,0,3,1,1,0,1,1,3
156,0,3,1,2,0,1,1,7
156,0,3,2,0,0,1,1,1
156,0,3,2,1,0,1,1,3
156,0,3,2,2,0,1,1,7
156,0,3,3,0,0,1,1,1
156,0,3,3,1,0,1,1,3
156,0,3,3,2,0,1,1,7
156,0,4,1,0,0,1,1,1
156,0,4,1,1,0,1,1,3
156,0,4,1,2,0,1,1,7
156,0,4,2,0,0,1,1,1
156,0,4,2,1,0,1,1,3
156,0,4,2,2,0,1,1,7
156,0,4,3,0,0,1,1,1
156,0,4,3,1,0,1,1,3
156,0,4,3,2,0,1,1,7
156,0,5,1,0,1,1,1,1
156,0,5,1,1,1,1,1,1
156,0,5,1,2,1,1,1,1
156,0,5,2,0,0,1,1,1
156,0,5,2,1,0,1,1,3
156,0,5,2,2,0,1,1,7
156,0,5,3,0,0,1,1,1
156,0,5,3,1,0,1,1,3
156,0,5,3,2,0,1,1,7
156,0,6,1,0,0,1,1,1
156,0,6,1,1,0,1,1,3
156,0,6,1,2,0,1,1,7
156,0,6,2,0,1,1,1,1
156,0,6,2,1,1,1,1,1
156,0,6,2,2,1,1,1,1
156,0,6,3,0,0,1,1,1
156,0,6,3,1,0,1,1,3
156,0,6,3,2,0,1,1,7
156,0,7,1,0,0,1,1,1
156,0,7,1,1,0,1,1,3
156,0,7,1,2,0,1,1,7
156,0,7,2,0,1,1,1,1
156,0,7,2,1,1,1,1,1
156,0,7,2,2,1,1,1,1
156,0,7,3,0,0,1,1,1
156,0,7,3,1,0,1,1,3
156,0,7,3,2,0,1,1,7
156,0,8,1,0,1,1,1,1
156,0,8,1,1,1,1,1,1
156,0,8,1,2,1,1,1,1
156,0,8,2,0,1,1,1,1
156,0,8,2,1,1,1,1,1
156,0,8,2,2,1,1,1,1
156,0,8,3,0,1,1,1,1
156,0,8,3,1,1,1,1,1
156,0,8,3,2,1,1,1,1
156,1,0,1,0,0,1,1,1
156,1,0,1,1,0,1,1,3
156,1,0,1,2,0,1,1,19
156,1,0,2,0,0,1,1,1
156,1,0,2,1,0,1,1,3
156,1,0,2,2,0,1,1,19
156,1,0,3,0,0,1,1,1
156,1,0,3,1,0,1,1,3
156,1,0,3,2,0,1,1,19
156,1,1,1,0,0,1,1,1
156,1,1,1,1,0,1,1,3
156,1,1,1,2,0,1,1,19
156,1,1,2,0,0,1,1,1
156,1,1,2,1,0,1,1,3
156,1,1,2,2,0,1,1,19
156,1,1,3,0,0,1,1,1
156,1,1,3,1,0,1,1,3
156,1,1,3,2,0,1,1,19
156,1,2,1,0,1,1,1,1
156,1,2,1,1,1,1,1,1
156,1,2,1,2,1,1,1,1
156,1,2,2,0,0,1,1,1
156,1,2,2,1,0,1,1,3
156,1,2,2,2,0,1,1,19
156,1,2,3,0,0,1,1,1
156,1,2,3,1,0,1,1,3
156,1,2,3,2,0,1,1,19
156,1,3,1,0,0,1,1,1
156,1,3,1,1,0,1,1,3
156,1,3,1,2,0,1,1,19
156,1,3,2,0,0,1,1,1
156,1,3,2,1,0,1,1,3
156,1,3,2,2,0,1,1,19
156,1,3,3,0,0,1,1,1
156,1,3,3,1,0,1,1,3
156,1,3,3,2,0,1,1,19
156,1,4,1,0,0,1,1,1
156,1,4,1,1,0,1,1,3
156,1,4,1,2,0,1,1,19
156,1,4,2,0,0,1,1,1
156,1,4,2,1,0,1,1,3
156,1,4,2,2,0,1,1,19
156,1,4,3,0,0,1,1,1
156,1,4,3,1,0,1,1,3
156,1,4,3,2,0,1,1,19
156,1,5,1,0,1,1,1,1
156,1,5,1,1,1,1,1,1
156,1,5,1,2,1,1,1,1
156,1,5,2,0,0,1,1,1
156,1,5,2,1,0,1,1,3
156,1,5,2,2,0,1,1,19
156,1,5,3,0,0,1,1,1
156,1,5,3,1,0,1,1,3
156,1,5,3,2,0,1,1,19
156,1,6,1,0,0,1,1,1
156,1,6,1,1,0,1,1,3
156,1,6,1,2,0,1,1,19
156,1,6,2,0,1,1,1,1
156,1,6,2,1,1,1,1,1
156,1,6,2,2,1,1,1,1
156,1,6,3,0,0,1,1,1
156,1,6,3,1,0,1,1,3
156,1,6,3,2,0,1,1,19
156,1,7,1,0,0,1,1,1
156,1,7,1,1,0,1,1,3
156,1,7,1,2,0,1,1,19
156,1,7,2,0,1,1,1,1
156,1,7,2,1,1,1,1,1
156,1,7,2,2,1,1,1,1
156,1,7,3,0,0,1,1,1
156,1,7,3,1,0,1,1,3
156,1,7,3,2,0,1,1,19
156,1,8,1,0,1,1,1,1
156,1,8,1,1,1,1,1,1
156,1,8,1,2,1,1,1,1
156,1,8,2,0,1,1,1,1
156,1,8,2,1,1,1,1,1
156,1,8,2,2,1,1,1,1
156,1,8,3,0,1,1,1,1
156,1,8,3,1,1,1,1,1
156,1,8,3,2,1,1,1,1
157,0,0,1,0,0,1,1,1
157,0,0,1,1,0,1,1,3
157,0,0,1,2,0,1,1,7
157,0,0,2,0,0,1,1,1
157,0,0,2,1,0,1,1,3
157,0,0,2,2,0,1,1,7
157,0,0,3,0,0,1,1,1
157,0,0,3,1,0,1,1,3
157,0,0,3,2,0,1,1,7
157,0,1,1,0,0,1,1,1
157,0,1,1,1,0,1,1,3
157,0,1,1,2,0,1,1,7
157,0,1,2,0,0,1,1,1
157,0,1,2,1,0,1,1,3
157,0,1,2,2,0,1,1,7
157,0,1,3,0,0,1,1,1
157,0,1,3,1,0,1,1,3
157,0,1,3,2,0,1,1,7
157,0,2,1,0,1,1,1,1
157,0,2,1,1,1,1,1,1
157,0,2,1,2,1,1,1,1
157,0,2,2,0,0,1,1,1
157,0,2,2,1,0,1,1,3
157,0,2,2,2,0,1,1,7
157,0,2,3,0,0,1,1,1
157,0,2,3,1,0,1,1,3
157,0,2,3,2,0,1,1,7
157,0,3,1,0,0,1,1,1
157,0,3,1,1,0,1,1,3
157,0,3,1,2,0,1,1,7
157,0,3,2,0,0,1,1,1
157,0,3,2,1,0,1,1,3
157,0,3,2,2,0,1,1,7
157,0,3,3,0,0,1,1,1
157,0,3,3,1,0,1,1,3
157,0,3,3,2,0,1,1,7
157,0,4,1,0,0,1,1,1
157,0,4,1,1,0,1,1,3
157,0,4,1,2,0,1,1,7
157,0,4,2,0,0,1,1,1
157,0,4,2,1,0,1,1,3
157,0,4,2,2,0,1,1,7
157,0,4,3,0,0,1,1,1
157,0,4,3,1,0,1,1,3
157,0,4,3,2,0,1,1,7
157,0,5,1,0,1,1,1,1
157,0,5,1,1,1,1,1,1
157,0,5,1,2,1,1,1,1
157,0,5,2,0,0,1,1,1
157,0,5,2,1,0,1,1,3
157,0,5,2,2,0,1,1,7
157,0,5,3,0,0,1,1,1
157,0,5,3,1,0,1,1,3
157,0,5,3,2,0,1,1,7
157,0,6,1,0,0,1,1,1
157,0,6,1,1,0,1,1,3
157,0,6,1,2,0,1,1,7
157,0,6,2,0,1,1,1,1
157,0,6,2,1,1,1,1,1
157,0,6,2,2,1,1,1,1
157,0,6,3,0,0,1,1,1
157,0,6,3,1,0,1,1,3
157,0,6,3,2,0,1,1,7
157,0,7,1,0,0,1,1,1
157,0,7,1,1,0,1,1,3
157,0,7,1,2,0,1,1,7
157,0,7,2,0,1,1,1,1
157,0,7,2,1,1,1,1,1
157,0,7,2,2,1,1,1,1
157,0,7,3,0,0,1,1,1
157,0,7,3,1,0,1,1,3
157,0,7,3,2,0,1,1,7
157,0,8,1,0,1,1,1,1
157,0,8,1,1,1,1,1,1
157,0,8,1,2,1,1,1,1
157,0,8,2,0,1,1,1,1
157,0,8,2,1,1,1,1,1
157,0,8,2,2,1,1,1,1
157,0,8,3,0,1,1,1,1
157,0,8,3,1,1,1,1,1
157,0,8,3,2,1,1,1,1
157,1,0,1,0,0,1,1,1
157,1,0,1,1,0,1,1,3
157,1,0,1,2,0,1,1,19
157,1,0,2,0,0,1,1,1
157,1,0,2,1,0,1,1,3
157,1,0,2,2,0,1,1,19
157,1,0,3,0,0,1,1,1
157,1,0,3,1,0,1,1,3
157,1,0,3,2,0,1,1,19
157,1,1,1,0,0,1,1,1
157,1,1,1,1,0,1,1,3
157,1,1,1,2,0,1,1,19
157,1,1,2,0,0,1,1,1
157,1,1,2,1,0,1,1,3
157,1,1,2,2,0,1,1,19
157,1,1,3,0,0,1,1,1
157,1,1,3,1,0,1,1,3
157,1,1,3,2,0,1,1,19
157,1,2,1,0,1,1,1,1
157,1,2,1,1,1,1,1,1
157,1,2,1,2,1,1,1,1
157,1,2,2,0,0,1,1,1
157,1,2,2,1,0,1,1,3
157,1,2,2,2,0,1,1,19
157,1,2,3,0,0,1,1,1
157,1,2,3,1,0,1,1,3
157,1,2,3,2,0,1,1,19
157,1,3,1,0,0,1,1,1
157,1,3,1,1,0,1,1,3
157,1,3,1,2,0,1,1,19
157,1,3,2,0,0,1,1,1
157,1,3,2,1,0,1,1,3
157,1,3,2,2,0,1,1,19
157,1,3,3,0,0,1,1,1
157,1,3,3,1,0,1,1,3
157,1,3,3,2,0,1,1,19
157,1,4,1,0,0,1,1,1
157,1,4,1,1,0,1,1,3
157,1,4,1,2,0,1,1,19
157,1,4,2,0,0,1,1,1
157,1,4,2,1,0,1,1,3
157,1,4,2,2,0,1,1,19
157,1,4,3,0,0,1,1,1
157,1,4,3,1,0,1,1,3
157,1,4,3,2,0,1,1,19
157,1,5,1,0,1,1,1,1
157,1,5,1,1,1,1,1,1
157,1,5,1,2,1,1,1,1
157,1,5,2,0,0,1,1,1
157,1,5,2,1,0,1,1,3
157,1,5,2,2,0,1,1,19
157,1,5,3,0,0,1,1,1
157,1,5,3,1,0,1,1,3
157,1,5,3,2,0,1,1,19
157,1,6,1,0,0,1,1,1
157,1,6,1,1,0,1,1,3
157,1,6,1,2,0,1,1,19
157,1,6,2,0,1,1,1,1
157,1,6,2,1,1,1,1,1
157,1,6,2,2,1,1,1,1
157,1,6,3,0,0,1,1,1
157,1,6,3,1,0,1,1,3
157,1,6,3,2,0,1,1,19
157,1,7,1,0,0,1,1,1
157,1,7,1,1,0,1,1,3
157,1,7,1,2,0,1,1,19
157,1,7,2,0,1,1,1,1
157,1,7,2,1,1,1,1,1
157,1,7,2,2,1,1,1,1
157,1,7,3,0,0,1,1,1
157,1,7,3,1,0,1,1,3
157,1,7,3,2,0,1,1,19
157,1,8,1,0,1,1,1,1
157,1,8,1,1,1,1,1,1
157,1,8,1,2,1,1,1,1
157,1,8,2,0,1,1,1,1
157,1,8,2,1,1,1,1,1
157,1,8,2,2,1,1,1,1
157,1,8,3,0,1,1,1,1
157,1,8,3,1,1,1,1,1
157,1,8,3,2,1,1,1,1
158,0,0,1,0,0,1,1,1
158,0,0,1,1,0,1,1,3
158,0,0,1,2,0,1,1,7
158,0,0,2,0,0,1,1,1
158,0,0,2,1,0,1,1,3
158,0,0,2,2,0,1,1,7
158,0,0,3,0,0,1,1,1
158,0,0,3,1,0,1,1,3
158,0,0,3,2,0,1,1,7
158,0,1,1,0,0,1,1,1
158,0,1,1,1,0,1,1,3
158,0,1,1,2,0,1,1,7
158,0,1,2,0,0,1,1,1
158,0,1,2,1,0,1,1,3
158,0,1,2,2,0,1,1,7
158,0,1,3,0,0,1,1,1
158,0,1,3,1,0,1,1,3
158,0,1,3,2,0,1,1,7
158,0,2,1,0,1,1,1,1
158,0,2,1,1,1,1,1,1
158,0,2,1,2,1,1,1,1
158,0,2,2,0,0,1,1,1
158,0,2,2,1,0,1,1,3
158,0,2,2,2,0,1,1,7
158,0,2,3,0,0,1,1,1
158,0,2,3,1,0,1,1,3
158,0,2,3,2,0,1,1,7
158,0,3,1,0,0,1,1,1
158,0,3,1,1,0,1,1,3
158,0,3,1,2,0,1,1,7
158,0,3,2,0,0,1,1,1
158,0,3,2,1,0,1,1,3
158,0,3,2,2,0,1,1,7
158,0,3,3,0,0,1,1,1
158,0,3,3,1,0,1,1,3
158,0,3,3,2,0,1,1,7
158,0,4,1,0,0,1,1,1
158,0,4,1,1,0,1,1,3
158,0,4,1,2,0,1,1,7
158,0,4,2,0,0,1,1,1
158,0,4,2,1,0,1,1,3
158,0,4,2,2,0,1,1,7
158,0,4,3,0,0,1,1,1
158,0,4,3,1,0,1,1,3
158,0,4,3,2,0,1,1,7
158,0,5,1,0,1,1,1,1
158,0,5,1,1,1,1,1,1
158,0,5,1,2,1,1,1,1
158,0,5,2,0,0,1,1,1
158,0,5,2,1,0,1,1,3
158,0,5,2,2,0,1,1,7
158,0,5,3,0,0,1,1,1
158,0,5,3,1,0,1,1,3
158,0,5,3,2,0,1,1,7
158,0,6,1,0,0,1,1,1
158,0,6,1,1,0,1,1,3
158,0,6,1,2,0,1,1,7
158,0,6,2,0,1,1,1,1
158,0,6,2,1,1,1,1,1
158,0,6,2,2,1,1,1,1
158,0,6,3,0,0,1,1,1
158,0,6,3,1,0,1,1,3
158,0,6,3,2,0,1,1,7
158,0,7,1,0,0,1,1,1
158,0,7,1,1,1,1,1,2
158,0,7,1,2,1,1,1,2
158,0,7,2,0,1,1,1,1
158,0,7,2,1,1,1,1,1
158,0,7,2,2,1,1,1,1
158,0,7,3,0,0,1,1,1
158,0,7,3,1,0,1,1,3
158,0,7,3,2,0,1,1,7
158,0,8,1,0,1,1,1,1
158,0,8,1,1,1,1,1,1
158,0,8,1,2,1,1,1,1
158,0,8,2,0,1,1,1,1
158,0,8,2,1,1,1,1,1
158,0,8,2,2,1,1,1,1
158,0,8,3,0,1,1,1,1
158,0,8,3,1,1,1,1,1
158,0,8,3,2,1,1,1,1
158,1,0,1,0,0,1,1,1
158,1,0,1,1,0,1,1,3
158,1,0,1,2,0,1,1,19
158,1,0,2,0,0,1,1,1
158,1,0,2,1,0,1,1,3
158,1,0,2,2,0,1,1,19
158,1,0,3,0,0,1,1,1
158,1,0,3,1,0,1,1,3
158,1,0,3,2,0,1,1,19
158,1,1,1,0,0,1,1,1
158,1,1,1,1,0,1,1,3
158,1,1,1,2,0,1,1,19
158,1,1,2,0,0,1,1,1
158,1,1,2,1,0,1,1,3
158,1,1,2,2,0,1,1,19
158,1,1,3,0,0,1,1,1
158,1,1,3,1,0,1,1,3
158,1,1,3,2,0,1,1,19
158,1,2,1,0,1,1,1,1
158,1,2,1,1,1,1,1,1
158,1,2,1,2,1,1,1,1
158,1,2,2,0,0,1,1,1
158,1,2,2,1,0,1,1,3
158,1,2,2,2,0,1,1,19
158,1,2,3,0,0,1,1,1
158,1,2,3,1,0,1,1,3
158,1,2,3,2,0,1,1,19
158,1,3,1,0,0,1,1,1
158,1,3,1,1,0,1,1,3
158,1,3,1,2,0,1,1,19
158,1,3,2,0,0,1,1,1
158,1,3,2,1,0,1,1,3
158,1,3,2,2,0,1,1,19
158,1,3,3,0,0,1,1,1
158,1,3,3,1,0,1,1,3
158,1,3,3,2,0,1,1,19
158,1,4,1,0,0,1,1,1
158,1,4,1,1,0,1,1,3
158,1,4,1,2,0,1,1,19
158,1,4,2,0,0,1,1,1
158,1,4,2,1,0,1,1,3
158,1,4,2,2,0,1,1,19
158,1,4,3,0,0,1,1,1
158,1,4,3,1,0,1,1,3
158,1,4,3,2,0,1,1,19
158,1,5,1,0,1,1,1,1
158,1,5,1,1,1,1,1,1
158,1,5,1,2,1,1,1,1
158,1,5,2,0,0,1,1,1
158,1,5,2,1,0,1,1,3
158,1,5,2,2,0,1,1,19
158,1,5,3,0,0,1,1,1
158,1,5,3,1,0,1,1,3
158,1,5,3,2,0,1,1,19
158,1,6,1,0,0,1,1,1
158,1,6,1,1,0,1,1,3
158,1,6,1,2,0,1,1,19
158,1,6,2,0,1,1,1,1
158,1,6,2,1,1,1,1,1
158,1,6,2,2,1,1,1,1
158,1,6,3,0,0,1,1,1
158,1,6,3,1,0,1,1,3
158,1,6,3,2,0,1,1,19
158,1,7,1,0,0,1,1,1
158,1,7,1,1,1,1,1,2
158,1,7,1,2,1,1,1,2
158,1,7,2,0,1,1,1,1
158,1,7,2,1,1,1,1,1
158,1,7,2,2,1,1,1,1
158,1,7,3,0,0,1,1,1
158,1,7,3,1,0,1,1,3
158,1,7,3,2,1,1,1,5
158,1,8,1,0,1,1,1,1
158,1,8,1,1,1,1,1,1
158,1,8,1,2,1,1,1,1
158,1,8,2,0,1,1,1,1
158,1,8,2,1,1,1,1,1
158,1,8,2,2,1,1,1,1
158,1,8,3,0,1,1,1,1
158,1,8,3,1,1,1,1,1
158,1,8,3,2,1,1,1,1
159,0,0,1,0,0,1,1,1
159,0,0,1,1,0,1,1,3
159,0,0,1,2,0,1,1,7
159,0,0,2,0,0,1,1,1
159,0,0,2,1,0,1,1,3
159,0,0,2,2,0,1,1,7
159,0,0,3,0,0,1,1,1
159,0,0,3,1,0,1,1,3
159,0,0,3,2,0,1,1,7
159,0,1,1,0,0,1,1,1
159,0,1,1,1,0,1,1,3
159,0,1,1,2,0,1,1,7
159,0,1,2,0,0,1,1,1
159,0,1,2,1,0,1,1,3
159,0,1,2,2,0,1,1,7
159,0,1,3,0,0,1,1,1
159,0,1,3,1,0,1,1,3
159,0,1,3,2,0,1,1,7
159,0,2,1,0,1,1,1,1
159,0,2,1,1,1,1,1,1
159,0,2,1,2,1,1,1,1
159,0,2,2,0,0,1,1,1
159,0,2,2,1,0,1,1,3
159,0,2,2,2,0,1,1,7
159,0,2,3,0,0,1,1,1
159,0,2,3,1,0,1,1,3
159,0,2,3,2,0,1,1,7
159,0,3,1,0,0,1,1,1
159,0,3,1,1,0,1,1,3
159,0,3,1,2,0,1,1,7
159,0,3,2,0,0,1,1,1
159,0,3,2,1,0,1,1,3
159,0,3,2,2,0,1,1,7
159,0,3,3,0,0,1,1,1
159,0,3,3,1,0,1,1,3
159,0,3,3,2,0,1,1,7
159,0,4,1,0,0,1,1,1
159,0,4,1,1,0,1,1,3
159,0,4,1,2,0,1,1,7
159,0,4,2,0,0,1,1,1
159,0,4,2,1,0,1,1,3
159,0,4,2,2,0,1,1,7
159,0,4,3,0,0,1,1,1
159,0,4,3,1,0,1,1,3
159,0,4,3,2,0,1,1,7
159,0,5,1,0,1,1,1,1
159,0,5,1,1,1,1,1,1
159,0,5,1,2,1,1,1,1
159,0,5,2,0,0,1,1,1
159,0,5,2,1,0,1,1,3
159,0,5,2,2,0,1,1,7
159,0,5,3,0,0,1,1,1
159,0,5,3,1,0,1,1,3
159,0,5,3,2,0,1,1,7
159,0,6,1,0,0,1,1,1
159,0,6,1,1,0,1,1,3
159,0,6,1,2,0,1,1,7
159,0,6,2,0,1,1,1,1
159,0,6,2,1,1,1,1,1
159,0,6,2,2,1,1,1,1
159,0,6,3,0,0,1,1,1
159,0,6,3,1,0,1,1,3
159,0,6,3,2,0,1,1,7
159,0,7,1,0,0,1,1,1
159,0,7,1,1,0,1,1,3
159,0,7,1,2,0,1,1,7
159,0,7,2,0,1,1,1,1
159,0,7,2,1,1,1,1,1
159,0,7,2,2,1,1,1,1
159,0,7,3,0,0,1,1,1
159,0,7,3,1,0,1,1,3
159,0,7,3,2,0,1,1,7
159,0,8,1,0,1,1,1,1
159,0,8,1,1,1,1,1,1
159,0,8,1,2,1,1,1,1
159,0,8,2,0,1,1,1,1
159,0,8,2,1,1,1,1,1
159,0,8,2,2,1,1,1,1
159,0,8,3,0,1,1,1,1
159,0,8,3,1,1,1,1,1
159,0,8,3,2,1,1,1,1
159,1,0,1,0,0,1,1,1
159,1,0,1,1,0,1,1,3
159,1,0,1,2,0,1,1,19
159,1,0,2,0,0,1,1,1
159,1,0,2,1,0,1,1,3
159,1,0,2,2,0,1,1,19
159,1,0,3,0,0,1,1,1
159,1,0,3,1,0,1,1,3
159,1,0,3,2,0,1,1,19
159,1,1,1,0,0,1,1,1
159,1,1,1,1,0,1,1,3
159,1,1,1,2,0,1,1,19
159,1,1,2,0,0,1,1,1
159,1,1,2,1,0,1,1,3
159,1,1,2,2,0,1,1,19
159,1,1,3,0,0,1,1,1
159,1,1,3,1,0,1,1,3
159,1,1,3,2,0,1,1,19
159,1,2,1,0,1,1,1,1
159,1,2,1,1,1,1,1,1
159,1,2,1,2,1,1,1,1
159,1,2,2,0,0,1,1,1
159,1,2,2,1,0,1,1,3
159,1,2,2,2,0,1,1,19
159,1,2,3,0,0,1,1,1
159,1,2,3,1,0,1,1,3
159,1,2,3,2,0,1,1,19
159,1,3,1,0,0,1,1,1
159,1,3,1,1,0,1,1,3
159,1,3,1,2,0,1,1,19
159,1,3,2,0,0,1,1,1
159,1,3,2,1,0,1,1,3
159,1,3,2,2,0,1,1,19
159,1,3,3,0,0,1,1,1
159,1,3,3,1,0,1,1,3
159,1,3,3,2,0,1,1,19
159,1,4,1,0,0,1,1,1
159,1,4,1,1,0,1,1,3
159,1,4,1,2,0,1,1,19
159,1,4,2,0,0,1,1,1
159,1,4,2,1,0,1,1,3
159,1,4,2,2,0,1,1,19
159,1,4,3,0,0,1,1,1
159,1,4,3,1,0,1,1,3
159,1,4,3,2,0,1,1,19
159,1,5,1,0,1,1,1,1
159,1,5,1,1,1,1,1,1
159,1,5,1,2,1,1,1,1
159,1,5,2,0,0,1,1,1
159,1,5,2,1,0,1,1,3
159,1,5,2,2,0,1,1,19
159,1,5,3,0,0,1,1,1
159,1,5,3,1,0,1,1,3
159,1,5,3,2,0,1,1,19
159,1,6,1,0,0,1,1,1
159,1,6,1,1,0,1,1,3
159,1,6,1,2,0,1,1,19
159,1,6,2,0,1,1,1,1
159,1,6,2,1,1,1,1,1
159,1,6,2,2,1,1,1,1
159,1,6,3,0,0,1,1,1
159,1,6,3,1,0,1,1,3
159,1,6,3,2,0,1,1,19
159,1,7,1,0,0,1,1,1
159,1,7,1,1,0,1,1,3
159,1,7,1,2,0,1,1,19
159,1,7,2,0,1,1,1,1
159,1,7,2,1,1,1,1,1
159,1,7,2,2,1,1,1,1
159,1,7,3,0,0,1,1,1
159,1,7,3,1,0,1,1,3
159,1,7,3,2,0,1,1,19
159,1,8,1,0,1,1,1,1
159,1,8,1,1,1,1,1,1
159,1,8,1,2,1,1,1,1
159,1,8,2,0,1,1,1,1
159,1,8,2,1,1,1,1,1
159,1,8,2,2,1,1,1,1
159,1,8,3,0,1,1,1,1
159,1,8,3,1,1,1,1,1
159,1,8,3,2,1,1,1,1
