transition_code,observation_map,role_code,belief_mask,horizon,winning,oracle_agrees,checker_agrees,programs_examined
192,0,0,1,0,0,1,1,1
192,0,0,1,1,0,1,1,3
192,0,0,1,2,0,1,1,5
192,0,0,2,0,0,1,1,1
192,0,0,2,1,0,1,1,3
192,0,0,2,2,0,1,1,5
192,0,0,3,0,0,1,1,1
192,0,0,3,1,0,1,1,3
192,0,0,3,2,0,1,1,5
192,0,1,1,0,0,1,1,1
192,0,1,1,1,0,1,1,3
192,0,1,1,2,0,1,1,5
192,0,1,2,0,0,1,1,1
192,0,1,2,1,0,1,1,3
192,0,1,2,2,0,1,1,5
192,0,1,3,0,0,1,1,1
192,0,1,3,1,0,1,1,3
192,0,1,3,2,0,1,1,5
192,0,2,1,0,1,1,1,1
192,0,2,1,1,1,1,1,1
192,0,2,1,2,1,1,1,1
192,0,2,2,0,0,1,1,1
192,0,2,2,1,0,1,1,3
192,0,2,2,2,0,1,1,5
192,0,2,3,0,0,1,1,1
192,0,2,3,1,0,1,1,3
192,0,2,3,2,0,1,1,5
192,0,3,1,0,0,1,1,1
192,0,3,1,1,0,1,1,3
192,0,3,1,2,0,1,1,5
192,0,3,2,0,0,1,1,1
192,0,3,2,1,0,1,1,3
192,0,3,2,2,0,1,1,5
192,0,3,3,0,0,1,1,1
192,0,3,3,1,0,1,1,3
192,0,3,3,2,0,1,1,5
192,0,4,1,0,0,1,1,1
192,0,4,1,1,0,1,1,3
192,0,4,1,2,0,1,1,5
192,0,4,2,0,0,1,1,1
192,0,4,2,1,0,1,1,3
192,0,4,2,2,0,1,1,5
192,0,4,3,0,0,1,1,1
192,0,4,3,1,0,1,1,3
192,0,4,3,2,0,1,1,5
192,0,5,1,0,1,1,1,1
192,0,5,1,1,1,1,1,1
192,0,5,1,2,1,1,1,1
192,0,5,2,0,0,1,1,1
192,0,5,2,1,0,1,1,3
192,0,5,2,2,0,1,1,5
192,0,5,3,0,0,1,1,1
192,0,5,3,1,0,1,1,3
192,0,5,3,2,0,1,1,5
192,0,6,1,0,0,1,1,1
192,0,6,1,1,0,1,1,3
192,0,6,1,2,0,1,1,5
192,0,6,2,0,1,1,1,1
192,0,6,2,1,1,1,1,1
192,0,6,2,2,1,1,1,1
192,0,6,3,0,0,1,1,1
192,0,6,3,1,0,1,1,3
192,0,6,3,2,0,1,1,5
192,0,7,1,0,0,1,1,1
192,0,7,1,1,0,1,1,3
192,0,7,1,2,0,1,1,5
192,0,7,2,0,1,1,1,1
192,0,7,2,1,1,1,1,1
192,0,7,2,2,1,1,1,1
192,0,7,3,0,0,1,1,1
192,0,7,3,1,0,1,1,3
192,0,7,3,2,0,1,1,5
192,0,8,1,0,1,1,1,1
192,0,8,1,1,1,1,1,1
192,0,8,1,2,1,1,1,1
192,0,8,2,0,1,1,1,1
192,0,8,2,1,1,1,1,1
192,0,8,2,2,1,1,1,1
192,0,8,3,0,1,1,1,1
192,0,8,3,1,1,1,1,1
192,0,8,3,2,1,1,1,1
192,1,0,1,0,0,1,1,1
192,1,0,1,1,0,1,1,3
192,1,0,1,2,0,1,1,11
192,1,0,2,0,0,1,1,1
192,1,0,2,1,0,1,1,3
192,1,0,2,2,0,1,1,11
192,1,0,3,0,0,1,1,1
192,1,0,3,1,0,1,1,3
192,1,0,3,2,0,1,1,11
192,1,1,1,0,0,1,1,1
192,1,1,1,1,0,1,1,3
192,1,1,1,2,0,1,1,11
192,1,1,2,0,0,1,1,1
192,1,1,2,1,0,1,1,3
192,1,1,2,2,0,1,1,11
192,1,1,3,0,0,1,1,1
192,1,1,3,1,0,1,1,3
192,1,1,3,2,0,1,1,11
192,1,2,1,0,1,1,1,1
192,1,2,1,1,1,1,1,1
192,1,2,1,2,1,1,1,1
192,1,2,2,0,0,1,1,1
192,1,2,2,1,0,1,1,3
192,1,2,2,2,0,1,1,11
192,1,2,3,0,0,1,1,1
192,1,2,3,1,0,1,1,3
192,1,2,3,2,0,1,1,11
192,1,3,1,0,0,1,1,1
192,1,3,1,1,0,1,1,3
192,1,3,1,2,0,1,1,11
192,1,3,2,0,0,1,1,1
192,1,3,2,1,0,1,1,3
192,1,3,2,2,0,1,1,11
192,1,3,3,0,0,1,1,1
192,1,3,3,1,0,1,1,3
192,1,3,3,2,0,1,1,11
192,1,4,1,0,0,1,1,1
192,1,4,1,1,0,1,1,3
192,1,4,1,2,0,1,1,11
192,1,4,2,0,0,1,1,1
192,1,4,2,1,0,1,1,3
192,1,4,2,2,0,1,1,11
192,1,4,3,0,0,1,1,1
192,1,4,3,1,0,1,1,3
192,1,4,3,2,0,1,1,11
192,1,5,1,0,1,1,1,1
192,1,5,1,1,1,1,1,1
192,1,5,1,2,1,1,1,1
192,1,5,2,0,0,1,1,1
192,1,5,2,1,0,1,1,3
192,1,5,2,2,0,1,1,11
192,1,5,3,0,0,1,1,1
192,1,5,3,1,0,1,1,3
192,1,5,3,2,0,1,1,11
192,1,6,1,0,0,1,1,1
192,1,6,1,1,0,1,1,3
192,1,6,1,2,0,1,1,11
192,1,6,2,0,1,1,1,1
192,1,6,2,1,1,1,1,1
192,1,6,2,2,1,1,1,1
192,1,6,3,0,0,1,1,1
192,1,6,3,1,0,1,1,3
192,1,6,3,2,0,1,1,11
192,1,7,1,0,0,1,1,1
192,1,7,1,1,0,1,1,3
192,1,7,1,2,0,1,1,11
192,1,7,2,0,1,1,1,1
192,1,7,2,1,1,1,1,1
192,1,7,2,2,1,1,1,1
192,1,7,3,0,0,1,1,1
192,1,7,3,1,0,1,1,3
192,1,7,3,2,0,1,1,11
192,1,8,1,0,1,1,1,1
192,1,8,1,1,1,1,1,1
192,1,8,1,2,1,1,1,1
192,1,8,2,0,1,1,1,1
192,1,8,2,1,1,1,1,1
192,1,8,2,2,1,1,1,1
192,1,8,3,0,1,1,1,1
192,1,8,3,1,1,1,1,1
192,1,8,3,2,1,1,1,1
193,0,0,1,0,0,1,1,1
193,0,0,1,1,0,1,1,3
193,0,0,1,2,0,1,1,7
193,0,0,2,0,0,1,1,1
193,0,0,2,1,0,1,1,3
193,0,0,2,2,0,1,1,7
193,0,0,3,0,0,1,1,1
193,0,0,3,1,0,1,1,3
193,0,0,3,2,0,1,1,7
193,0,1,1,0,0,1,1,1
193,0,1,1,1,0,1,1,3
193,0,1,1,2,0,1,1,7
193,0,1,2,0,0,1,1,1
193,0,1,2,1,0,1,1,3
193,0,1,2,2,0,1,1,7
193,0,1,3,0,0,1,1,1
193,0,1,3,1,0,1,1,3
193,0,1,3,2,0,1,1,7
193,0,2,1,0,1,1,1,1
193,0,2,1,1,1,1,1,1
193,0,2,1,2,1,1,1,1
193,0,2,2,0,0,1,1,1
193,0,2,2,1,0,1,1,3
193,0,2,2,2,0,1,1,7
193,0,2,3,0,0,1,1,1
193,0,2,3,1,0,1,1,3
193,0,2,3,2,0,1,1,7
193,0,3,1,0,0,1,1,1
193,0,3,1,1,0,1,1,3
193,0,3,1,2,0,1,1,7
193,0,3,2,0,0,1,1,1
193,0,3,2,1,0,1,1,3
193,0,3,2,2,0,1,1,7
193,0,3,3,0,0,1,1,1
193,0,3,3,1,0,1,1,3
193,0,3,3,2,0,1,1,7
193,0,4,1,0,0,1,1,1
193,0,4,1,1,0,1,1,3
193,0,4,1,2,0,1,1,7
193,0,4,2,0,0,1,1,1
193,0,4,2,1,0,1,1,3
193,0,4,2,2,0,1,1,7
193,0,4,3,0,0,1,1,1
193,0,4,3,1,0,1,1,3
193,0,4,3,2,0,1,1,7
193,0,5,1,0,1,1,1,1
193,0,5,1,1,1,1,1,1
193,0,5,1,2,1,1,1,1
193,0,5,2,0,0,1,1,1
193,0,5,2,1,0,1,1,3
193,0,5,2,2,0,1,1,7
193,0,5,3,0,0,1,1,1
193,0,5,3,1,0,1,1,3
193,0,5,3,2,0,1,1,7
193,0,6,1,0,0,1,1,1
193,0,6,1,1,0,1,1,3
193,0,6,1,2,0,1,1,7
193,0,6,2,0,1,1,1,1
193,0,6,2,1,1,1,1,1
193,0,6,2,2,1,1,1,1
193,0,6,3,0,0,1,1,1
193,0,6,3,1,0,1,1,3
193,0,6,3,2,0,1,1,7
193,0,7,1,0,0,1,1,1
193,0,7,1,1,0,1,1,3
193,0,7,1,2,0,1,1,7
193,0,7,2,0,1,1,1,1
193,0,7,2,1,1,1,1,1
193,0,7,2,2,1,1,1,1
193,0,7,3,0,0,1,1,1
193,0,7,3,1,0,1,1,3
193,0,7,3,2,0,1,1,7
193,0,8,1,0,1,1,1,1
193,0,8,1,1,1,1,1,1
193,0,8,1,2,1,1,1,1
193,0,8,2,0,1,1,1,1
193,0,8,2,1,1,1,1,1
193,0,8,2,2,1,1,1,1
193,0,8,3,0,1,1,1,1
193,0,8,3,1,1,1,1,1
193,0,8,3,2,1,1,1,1
193,1,0,1,0,0,1,1,1
193,1,0,1,1,0,1,1,3
193,1,0,1,2,0,1,1,13
193,1,0,2,0,0,1,1,1
193,1,0,2,1,0,1,1,3
193,1,0,2,2,0,1,1,13
193,1,0,3,0,0,1,1,1
193,1,0,3,1,0,1,1,3
193,1,0,3,2,0,1,1,13
193,1,1,1,0,0,1,1,1
193,1,1,1,1,0,1,1,3
193,1,1,1,2,0,1,1,13
193,1,1,2,0,0,1,1,1
193,1,1,2,1,0,1,1,3
193,1,1,2,2,0,1,1,13
193,1,1,3,0,0,1,1,1
193,1,1,3,1,0,1,1,3
193,1,1,3,2,0,1,1,13
193,1,2,1,0,1,1,1,1
193,1,2,1,1,1,1,1,1
193,1,2,1,2,1,1,1,1
193,1,2,2,0,0,1,1,1
193,1,2,2,1,0,1,1,3
193,1,2,2,2,0,1,1,13
193,1,2,3,0,0,1,1,1
193,1,2,3,1,0,1,1,3
193,1,2,3,2,0,1,1,13
193,1,3,1,0,0,1,1,1
193,1,3,1,1,0,1,1,3
193,1,3,1,2,0,1,1,13
193,1,3,2,0,0,1,1,1
193,1,3,2,1,0,1,1,3
193,1,3,2,2,0,1,1,13
193,1,3,3,0,0,1,1,1
193,1,3,3,1,0,1,1,3
193,1,3,3,2,0,1,1,13
193,1,4,1,0,0,1,1,1
193,1,4,1,1,0,1,1,3
193,1,4,1,2,0,1,1,13
193,1,4,2,0,0,1,1,1
193,1,4,2,1,0,1,1,3
193,1,4,2,2,0,1,1,13
193,1,4,3,0,0,1,1,1
193,1,4,3,1,0,1,1,3
193,1,4,3,2,0,1,1,13
193,1,5,1,0,1,1,1,1
193,1,5,1,1,1,1,1,1
193,1,5,1,2,1,1,1,1
193,1,5,2,0,0,1,1,1
193,1,5,2,1,0,1,1,3
193,1,5,2,2,0,1,1,13
193,1,5,3,0,0,1,1,1
193,1,5,3,1,0,1,1,3
193,1,5,3,2,0,1,1,13
193,1,6,1,0,0,1,1,1
193,1,6,1,1,0,1,1,3
193,1,6,1,2,0,1,1,13
193,1,6,2,0,1,1,1,1
193,1,6,2,1,1,1,1,1
193,1,6,2,2,1,1,1,1
193,1,6,3,0,0,1,1,1
193,1,6,3,1,0,1,1,3
193,1,6,3,2,0,1,1,13
193,1,7,1,0,0,1,1,1
193,1,7,1,1,0,1,1,3
193,1,7,1,2,0,1,1,13
193,1,7,2,0,1,1,1,1
193,1,7,2,1,1,1,1,1
193,1,7,2,2,1,1,1,1
193,1,7,3,0,0,1,1,1
193,1,7,3,1,0,1,1,3
193,1,7,3,2,0,1,1,13
193,1,8,1,0,1,1,1,1
193,1,8,1,1,1,1,1,1
193,1,8,1,2,1,1,1,1
193,1,8,2,0,1,1,1,1
193,1,8,2,1,1,1,1,1
193,1,8,2,2,1,1,1,1
193,1,8,3,0,1,1,1,1
193,1,8,3,1,1,1,1,1
193,1,8,3,2,1,1,1,1
194,0,0,1,0,0,1,1,1
194,0,0,1,1,0,1,1,3
194,0,0,1,2,0,1,1,7
194,0,0,2,0,0,1,1,1
194,0,0,2,1,0,1,1,3
194,0,0,2,2,0,1,1,7
194,0,0,3,0,0,1,1,1
194,0,0,3,1,0,1,1,3
194,0,0,3,2,0,1,1,7
194,0,1,1,0,0,1,1,1
194,0,1,1,1,0,1,1,3
194,0,1,1,2,0,1,1,7
194,0,1,2,0,0,1,1,1
194,0,1,2,1,0,1,1,3
194,0,1,2,2,0,1,1,7
194,0,1,3,0,0,1,1,1
194,0,1,3,1,0,1,1,3
194,0,1,3,2,0,1,1,7
194,0,2,1,0,1,1,1,1
194,0,2,1,1,1,1,1,1
194,0,2,1,2,1,1,1,1
194,0,2,2,0,0,1,1,1
194,0,2,2,1,0,1,1,3
194,0,2,2,2,0,1,1,7
194,0,2,3,0,0,1,1,1
194,0,2,3,1,0,1,1,3
194,0,2,3,2,0,1,1,7
194,0,3,1,0,0,1,1,1
194,0,3,1,1,0,1,1,3
194,0,3,1,2,0,1,1,7
194,0,3,2,0,0,1,1,1
194,0,3,2,1,0,1,1,3
194,0,3,2,2,0,1,1,7
194,0,3,3,0,0,1,1,1
194,0,3,3,1,0,1,1,3
194,0,3,3,2,0,1,1,7
194,0,4,1,0,0,1,1,1
194,0,4,1,1,0,1,1,3
194,0,4,1,2,0,1,1,7
194,0,4,2,0,0,1,1,1
194,0,4,2,1,0,1,1,3
194,0,4,2,2,0,1,1,7
194,0,4,3,0,0,1,1,1
194,0,4,3,1,0,1,1,3
194,0,4,3,2,0,1,1,7
194,0,5,1,0,1,1,1,1
194,0,5,1,1,1,1,1,1
194,0,5,1,2,1,1,1,1
194,0,5,2,0,0,1,1,1
194,0,5,2,1,0,1,1,3
194,0,5,2,2,0,1,1,7
194,0,5,3,0,0,1,1,1
194,0,5,3,1,0,1,1,3
194,0,5,3,2,0,1,1,7
194,0,6,1,0,0,1,1,1
194,0,6,1,1,0,1,1,3
194,0,6,1,2,0,1,1,7
194,0,6,2,0,1,1,1,1
194,0,6,2,1,1,1,1,1
194,0,6,2,2,1,1,1,1
194,0,6,3,0,0,1,1,1
194,0,6,3,1,0,1,1,3
194,0,6,3,2,0,1,1,7
194,0,7,1,0,0,1,1,1
194,0,7,1,1,1,1,1,2
194,0,7,1,2,1,1,1,2
194,0,7,2,0,1,1,1,1
194,0,7,2,1,1,1,1,1
194,0,7,2,2,1,1,1,1
194,0,7,3,0,0,1,1,1
194,0,7,3,1,0,1,1,3
194,0,7,3,2,0,1,1,7
194,0,8,1,0,1,1,1,1
194,0,8,1,1,1,1,1,1
194,0,8,1,2,1,1,1,1
194,0,8,2,0,1,1,1,1
194,0,8,2,1,1,1,1,1
194,0,8,2,2,1,1,1,1
194,0,8,3,0,1,1,1,1
194,0,8,3,1,1,1,1,1
194,0,8,3,2,1,1,1,1
194,1,0,1,0,0,1,1,1
194,1,0,1,1,0,1,1,3
194,1,0,1,2,0,1,1,13
194,1,0,2,0,0,1,1,1
194,1,0,2,1,0,1,1,3
194,1,0,2,2,0,1,1,13
194,1,0,3,0,0,1,1,1
194,1,0,3,1,0,1,1,3
194,1,0,3,2,0,1,1,13
194,1,1,1,0,0,1,1,1
194,1,1,1,1,0,1,1,3
194,1,1,1,2,0,1,1,13
194,1,1,2,0,0,1,1,1
194,1,1,2,1,0,1,1,3
194,1,1,2,2,0,1,1,13
194,1,1,3,0,0,1,1,1
194,1,1,3,1,0,1,1,3
194,1,1,3,2,0,1,1,13
194,1,2,1,0,1,1,1,1
194,1,2,1,1,1,1,1,1
194,1,2,1,2,1,1,1,1
194,1,2,2,0,0,1,1,1
194,1,2,2,1,0,1,1,3
194,1,2,2,2,0,1,1,13
194,1,2,3,0,0,1,1,1
194,1,2,3,1,0,1,1,3
194,1,2,3,2,0,1,1,13
194,1,3,1,0,0,1,1,1
194,1,3,1,1,0,1,1,3
194,1,3,1,2,0,1,1,13
194,1,3,2,0,0,1,1,1
194,1,3,2,1,0,1,1,3
194,1,3,2,2,0,1,1,13
194,1,3,3,0,0,1,1,1
194,1,3,3,1,0,1,1,3
194,1,3,3,2,0,1,1,13
194,1,4,1,0,0,1,1,1
194,1,4,1,1,0,1,1,3
194,1,4,1,2,0,1,1,13
194,1,4,2,0,0,1,1,1
194,1,4,2,1,0,1,1,3
194,1,4,2,2,0,1,1,13
194,1,4,3,0,0,1,1,1
194,1,4,3,1,0,1,1,3
194,1,4,3,2,0,1,1,13
194,1,5,1,0,1,1,1,1
194,1,5,1,1,1,1,1,1
194,1,5,1,2,1,1,1,1
194,1,5,2,0,0,1,1,1
194,1,5,2,1,0,1,1,3
194,1,5,2,2,0,1,1,13
194,1,5,3,0,0,1,1,1
194,1,5,3,1,0,1,1,3
194,1,5,3,2,0,1,1,13
194,1,6,1,0,0,1,1,1
194,1,6,1,1,0,1,1,3
194,1,6,1,2,0,1,1,13
194,1,6,2,0,1,1,1,1
194,1,6,2,1,1,1,1,1
194,1,6,2,2,1,1,1,1
194,1,6,3,0,0,1,1,1
194,1,6,3,1,0,1,1,3
194,1,6,3,2,0,1,1,13
194,1,7,1,0,0,1,1,1
194,1,7,1,1,1,1,1,2
194,1,7,1,2,1,1,1,2
194,1,7,2,0,1,1,1,1
194,1,7,2,1,1,1,1,1
194,1,7,2,2,1,1,1,1
194,1,7,3,0,0,1,1,1
194,1,7,3,1,0,1,1,3
194,1,7,3,2,0,1,1,13
194,1,8,1,0,1,1,1,1
194,1,8,1,1,1,1,1,1
194,1,8,1,2,1,1,1,1
194,1,8,2,0,1,1,1,1
194,1,8,2,1,1,1,1,1
194,1,8,2,2,1,1,1,1
194,1,8,3,0,1,1,1,1
194,1,8,3,1,1,1,1,1
194,1,8,3,2,1,1,1,1
195,0,0,1,0,0,1,1,1
195,0,0,1,1,0,1,1,3
195,0,0,1,2,0,1,1,7
195,0,0,2,0,0,1,1,1
195,0,0,2,1,0,1,1,3
195,0,0,2,2,0,1,1,7
195,0,0,3,0,0,1,1,1
195,0,0,3,1,0,1,1,3
195,0,0,3,2,0,1,1,7
195,0,1,1,0,0,1,1,1
195,0,1,1,1,0,1,1,3
195,0,1,1,2,0,1,1,7
195,0,1,2,0,0,1,1,1
195,0,1,2,1,0,1,1,3
195,0,1,2,2,0,1,1,7
195,0,1,3,0,0,1,1,1
195,0,1,3,1,0,1,1,3
195,0,1,3,2,0,1,1,7
195,0,2,1,0,1,1,1,1
195,0,2,1,1,1,1,1,1
195,0,2,1,2,1,1,1,1
195,0,2,2,0,0,1,1,1
195,0,2,2,1,0,1,1,3
195,0,2,2,2,0,1,1,7
195,0,2,3,0,0,1,1,1
195,0,2,3,1,0,1,1,3
195,0,2,3,2,0,1,1,7
195,0,3,1,0,0,1,1,1
195,0,3,1,1,0,1,1,3
195,0,3,1,2,0,1,1,7
195,0,3,2,0,0,1,1,1
195,0,3,2,1,0,1,1,3
195,0,3,2,2,0,1,1,7
195,0,3,3,0,0,1,1,1
195,0,3,3,1,0,1,1,3
195,0,3,3,2,0,1,1,7
195,0,4,1,0,0,1,1,1
195,0,4,1,1,0,1,1,3
195,0,4,1,2,0,1,1,7
195,0,4,2,0,0,1,1,1
195,0,4,2,1,0,1,1,3
195,0,4,2,2,0,1,1,7
195,0,4,3,0,0,1,1,1
195,0,4,3,1,0,1,1,3
195,0,4,3,2,0,1,1,7
195,0,5,1,0,1,1,1,1
195,0,5,1,1,1,1,1,1
195,0,5,1,2,1,1,1,1
195,0,5,2,0,0,1,1,1
195,0,5,2,1,0,1,1,3
195,0,5,2,2,0,1,1,7
195,0,5,3,0,0,1,1,1
195,0,5,3,1,0,1,1,3
195,0,5,3,2,0,1,1,7
195,0,6,1,0,0,1,1,1
195,0,6,1,1,0,1,1,3
195,0,6,1,2,0,1,1,7
195,0,6,2,0,1,1,1,1
195,0,6,2,1,1,1,1,1
195,0,6,2,2,1,1,1,1
195,0,6,3,0,0,1,1,1
195,0,6,3,1,0,1,1,3
195,0,6,3,2,0,1,1,7
195,0,7,1,0,0,1,1,1
195,0,7,1,1,0,1,1,3
195,0,7,1,2,0,1,1,7
195,0,7,2,0,1,1,1,1
195,0,7,2,1,1,1,1,1
195,0,7,2,2,1,1,1,1
195,0,7,3,0,0,1,1,1
195,0,7,3,1,0,1,1,3
195,0,7,3,2,0,1,1,7
195,0,8,1,0,1,1,1,1
195,0,8,1,1,1,1,1,1
195,0,8,1,2,1,1,1,1
195,0,8,2,0,1,1,1,1
195,0,8,2,1,1,1,1,1
195,0,8,2,2,1,1,1,1
195,0,8,3,0,1,1,1,1
195,0,8,3,1,1,1,1,1
195,0,8,3,2,1,1,1,1
195,1,0,1,0,0,1,1,1
195,1,0,1,1,0,1,1,3
195,1,0,1,2,0,1,1,19
195,1,0,2,0,0,1,1,1
195,1,0,2,1,0,1,1,3
195,1,0,2,2,0,1,1,19
195,1,0,3,0,0,1,1,1
195,1,0,3,1,0,1,1,3
195,1,0,3,2,0,1,1,19
195,1,1,1,0,0,1,1,1
195,1,1,1,1,0,1,1,3
195,1,1,1,2,0,1,1,19
195,1,1,2,0,0,1,1,1
195,1,1,2,1,0,1,1,3
195,1,1,2,2,0,1,1,19
195,1,1,3,0,0,1,1,1
195,1,1,3,1,0,1,1,3
195,1,1,3,2,0,1,1,19
195,1,2,1,0,1,1,1,1
195,1,2,1,1,1,1,1,1
195,1,2,1,2,1,1,1,1
195,1,2,2,0,0,1,1,1
195,1,2,2,1,0,1,1,3
195,1,2,2,2,0,1,1,19
195,1,2,3,0,0,1,1,1
195,1,2,3,1,0,1,1,3
195,1,2,3,2,0,1,1,19
195,1,3,1,0,0,1,1,1
195,1,3,1,1,0,1,1,3
195,1,3,1,2,0,1,1,19
195,1,3,2,0,0,1,1,1
195,1,3,2,1,0,1,1,3
195,1,3,2,2,0,1,1,19
195,1,3,3,0,0,1,1,1
195,1,3,3,1,0,1,1,3
195,1,3,3,2,0,1,1,19
195,1,4,1,0,0,1,1,1
195,1,4,1,1,0,1,1,3
195,1,4,1,2,0,1,1,19
195,1,4,2,0,0,1,1,1
195,1,4,2,1,0,1,1,3
195,1,4,2,2,0,1,1,19
195,1,4,3,0,0,1,1,1
195,1,4,3,1,0,1,1,3
195,1,4,3,2,0,1,1,19
195,1,5,1,0,1,1,1,1
195,1,5,1,1,1,1,1,1
195,1,5,1,2,1,1,1,1
195,1,5,2,0,0,1,1,1
195,1,5,2,1,0,1,1,3
195,1,5,2,2,0,1,1,19
195,1,5,3,0,0,1,1,1
195,1,5,3,1,0,1,1,3
195,1,5,3,2,0,1,1,19
195,1,6,1,0,0,1,1,1
195,1,6,1,1,0,1,1,3
195,1,6,1,2,0,1,1,19
195,1,6,2,0,1,1,1,1
195,1,6,2,1,1,1,1,1
195,1,6,2,2,1,1,1,1
195,1,6,3,0,0,1,1,1
195,1,6,3,1,0,1,1,3
195,1,6,3,2,0,1,1,19
195,1,7,1,0,0,1,1,1
195,1,7,1,1,0,1,1,3
195,1,7,1,2,0,1,1,19
195,1,7,2,0,1,1,1,1
195,1,7,2,1,1,1,1,1
195,1,7,2,2,1,1,1,1
195,1,7,3,0,0,1,1,1
195,1,7,3,1,0,1,1,3
195,1,7,3,2,0,1,1,19
195,1,8,1,0,1,1,1,1
195,1,8,1,1,1,1,1,1
195,1,8,1,2,1,1,1,1
195,1,8,2,0,1,1,1,1
195,1,8,2,1,1,1,1,1
195,1,8,2,2,1,1,1,1
195,1,8,3,0,1,1,1,1
195,1,8,3,1,1,1,1,1
195,1,8,3,2,1,1,1,1
196,0,0,1,0,0,1,1,1
196,0,0,1,1,0,1,1,3
196,0,0,1,2,0,1,1,7
196,0,0,2,0,0,1,1,1
196,0,0,2,1,0,1,1,3
196,0,0,2,2,0,1,1,7
196,0,0,3,0,0,1,1,1
196,0,0,3,1,0,1,1,3
196,0,0,3,2,0,1,1,7
196,0,1,1,0,0,1,1,1
196,0,1,1,1,0,1,1,3
196,0,1,1,2,0,1,1,7
196,0,1,2,0,0,1,1,1
196,0,1,2,1,0,1,1,3
196,0,1,2,2,0,1,1,7
196,0,1,3,0,0,1,1,1
196,0,1,3,1,0,1,1,3
196,0,1,3,2,0,1,1,7
196,0,2,1,0,1,1,1,1
196,0,2,1,1,1,1,1,1
196,0,2,1,2,1,1,1,1
196,0,2,2,0,0,1,1,1
196,0,2,2,1,0,1,1,3
196,0,2,2,2,0,1,1,7
196,0,2,3,0,0,1,1,1
196,0,2,3,1,0,1,1,3
196,0,2,3,2,0,1,1,7
196,0,3,1,0,0,1,1,1
196,0,3,1,1,0,1,1,3
196,0,3,1,2,0,1,1,7
196,0,3,2,0,0,1,1,1
196,0,3,2,1,0,1,1,3
196,0,3,2,2,0,1,1,7
196,0,3,3,0,0,1,1,1
196,0,3,3,1,0,1,1,3
196,0,3,3,2,0,1,1,7
196,0,4,1,0,0,1,1,1
196,0,4,1,1,0,1,1,3
196,0,4,1,2,0,1,1,7
196,0,4,2,0,0,1,1,1
196,0,4,2,1,0,1,1,3
196,0,4,2,2,0,1,1,7
196,0,4,3,0,0,1,1,1
196,0,4,3,1,0,1,1,3
196,0,4,3,2,0,1,1,7
196,0,5,1,0,1,1,1,1
196,0,5,1,1,1,1,1,1
196,0,5,1,2,1,1,1,1
196,0,5,2,0,0,1,1,1
196,0,5,2,1,1,1,1,2
196,0,5,2,2,1,1,1,2
196,0,5,3,0,0,1,1,1
196,0,5,3,1,0,1,1,3
196,0,5,3,2,0,1,1,7
196,0,6,1,0,0,1,1,1
196,0,6,1,1,0,1,1,3
196,0,6,1,2,0,1,1,7
196,0,6,2,0,1,1,1,1
196,0,6,2,1,1,1,1,1
196,0,6,2,2,1,1,1,1
196,0,6,3,0,0,1,1,1
196,0,6,3,1,0,1,1,3
196,0,6,3,2,0,1,1,7
196,0,7,1,0,0,1,1,1
196,0,7,1,1,0,1,1,3
196,0,7,1,2,0,1,1,7
196,0,7,2,0,1,1,1,1
196,0,7,2,1,1,1,1,1
196,0,7,2,2,1,1,1,1
196,0,7,3,0,0,1,1,1
196,0,7,3,1,0,1,1,3
196,0,7,3,2,0,1,1,7
196,0,8,1,0,1,1,1,1
196,0,8,1,1,1,1,1,1
196,0,8,1,2,1,1,1,1
196,0,8,2,0,1,1,1,1
196,0,8,2,1,1,1,1,1
196,0,8,2,2,1,1,1,1
196,0,8,3,0,1,1,1,1
196,0,8,3,1,1,1,1,1
196,0,8,3,2,1,1,1,1
196,1,0,1,0,0,1,1,1
196,1,0,1,1,0,1,1,3
196,1,0,1,2,0,1,1,13
196,1,0,2,0,0,1,1,1
196,1,0,2,1,0,1,1,3
196,1,0,2,2,0,1,1,13
196,1,0,3,0,0,1,1,1
196,1,0,3,1,0,1,1,3
196,1,0,3,2,0,1,1,13
196,1,1,1,0,0,1,1,1
196,1,1,1,1,0,1,1,3
196,1,1,1,2,0,1,1,13
196,1,1,2,0,0,1,1,1
196,1,1,2,1,0,1,1,3
196,1,1,2,2,0,1,1,13
196,1,1,3,0,0,1,1,1
196,1,1,3,1,0,1,1,3
196,1,1,3,2,0,1,1,13
196,1,2,1,0,1,1,1,1
196,1,2,1,1,1,1,1,1
196,1,2,1,2,1,1,1,1
196,1,2,2,0,0,1,1,1
196,1,2,2,1,0,1,1,3
196,1,2,2,2,0,1,1,13
196,1,2,3,0,0,1,1,1
196,1,2,3,1,0,1,1,3
196,1,2,3,2,0,1,1,13
196,1,3,1,0,0,1,1,1
196,1,3,1,1,0,1,1,3
196,1,3,1,2,0,1,1,13
196,1,3,2,0,0,1,1,1
196,1,3,2,1,0,1,1,3
196,1,3,2,2,0,1,1,13
196,1,3,3,0,0,1,1,1
196,1,3,3,1,0,1,1,3
196,1,3,3,2,0,1,1,13
196,1,4,1,0,0,1,1,1
196,1,4,1,1,0,1,1,3
196,1,4,1,2,0,1,1,13
196,1,4,2,0,0,1,1,1
196,1,4,2,1,0,1,1,3
196,1,4,2,2,0,1,1,13
196,1,4,3,0,0,1,1,1
196,1,4,3,1,0,1,1,3
196,1,4,3,2,0,1,1,13
196,1,5,1,0,1,1,1,1
196,1,5,1,1,1,1,1,1
196,1,5,1,2,1,1,1,1
196,1,5,2,0,0,1,1,1
196,1,5,2,1,1,1,1,2
196,1,5,2,2,1,1,1,2
196,1,5,3,0,0,1,1,1
196,1,5,3,1,0,1,1,3
196,1,5,3,2,0,1,1,13
196,1,6,1,0,0,1,1,1
196,1,6,1,1,0,1,1,3
196,1,6,1,2,0,1,1,13
196,1,6,2,0,1,1,1,1
196,1,6,2,1,1,1,1,1
196,1,6,2,2,1,1,1,1
196,1,6,3,0,0,1,1,1
196,1,6,3,1,0,1,1,3
196,1,6,3,2,0,1,1,13
196,1,7,1,0,0,1,1,1
196,1,7,1,1,0,1,1,3
196,1,7,1,2,0,1,1,13
196,1,7,2,0,1,1,1,1
196,1,7,2,1,1,1,1,1
196,1,7,2,2,1,1,1,1
196,1,7,3,0,0,1,1,1
196,1,7,3,1,0,1,1,3
196,1,7,3,2,0,1,1,13
196,1,8,1,0,1,1,1,1
196,1,8,1,1,1,1,1,1
196,1,8,1,2,1,1,1,1
196,1,8,2,0,1,1,1,1
196,1,8,2,1,1,1,1,1
196,1,8,2,2,1,1,1,1
196,1,8,3,0,1,1,1,1
196,1,8,3,1,1,1,1,1
196,1,8,3,2,1,1,1,1
197,0,0,1,0,0,1,1,1
197,0,0,1,1,0,1,1,3
197,0,0,1,2,0,1,1,7
197,0,0,2,0,0,1,1,1
197,0,0,2,1,0,1,1,3
197,0,0,2,2,0,1,1,7
197,0,0,3,0,0,1,1,1
197,0,0,3,1,0,1,1,3
197,0,0,3,2,0,1,1,7
197,0,1,1,0,0,1,1,1
197,0,1,1,1,0,1,1,3
197,0,1,1,2,0,1,1,7
197,0,1,2,0,0,1,1,1
197,0,1,2,1,0,1,1,3
197,0,1,2,2,0,1,1,7
197,0,1,3,0,0,1,1,1
197,0,1,3,1,0,1,1,3
197,0,1,3,2,0,1,1,7
197,0,2,1,0,1,1,1,1
197,0,2,1,1,1,1,1,1
197,0,2,1,2,1,1,1,1
197,0,2,2,0,0,1,1,1
197,0,2,2,1,0,1,1,3
197,0,2,2,2,0,1,1,7
197,0,2,3,0,0,1,1,1
197,0,2,3,1,0,1,1,3
197,0,2,3,2,0,1,1,7
197,0,3,1,0,0,1,1,1
197,0,3,1,1,0,1,1,3
197,0,3,1,2,0,1,1,7
197,0,3,2,0,0,1,1,1
197,0,3,2,1,0,1,1,3
197,0,3,2,2,0,1,1,7
197,0,3,3,0,0,1,1,1
197,0,3,3,1,0,1,1,3
197,0,3,3,2,0,1,1,7
197,0,4,1,0,0,1,1,1
197,0,4,1,1,0,1,1,3
197,0,4,1,2,0,1,1,7
197,0,4,2,0,0,1,1,1
197,0,4,2,1,0,1,1,3
197,0,4,2,2,0,1,1,7
197,0,4,3,0,0,1,1,1
197,0,4,3,1,0,1,1,3
197,0,4,3,2,0,1,1,7
197,0,5,1,0,1,1,1,1
197,0,5,1,1,1,1,1,1
197,0,5,1,2,1,1,1,1
197,0,5,2,0,0,1,1,1
197,0,5,2,1,1,1,1,2
197,0,5,2,2,1,1,1,2
197,0,5,3,0,0,1,1,1
197,0,5,3,1,1,1,1,2
197,0,5,3,2,1,1,1,2
197,0,6,1,0,0,1,1,1
197,0,6,1,1,0,1,1,3
197,0,6,1,2,0,1,1,7
197,0,6,2,0,1,1,1,1
197,0,6,2,1,1,1,1,1
197,0,6,2,2,1,1,1,1
197,0,6,3,0,0,1,1,1
197,0,6,3,1,0,1,1,3
197,0,6,3,2,0,1,1,7
197,0,7,1,0,0,1,1,1
197,0,7,1,1,0,1,1,3
197,0,7,1,2,0,1,1,7
197,0,7,2,0,1,1,1,1
197,0,7,2,1,1,1,1,1
197,0,7,2,2,1,1,1,1
197,0,7,3,0,0,1,1,1
197,0,7,3,1,0,1,1,3
197,0,7,3,2,0,1,1,7
197,0,8,1,0,1,1,1,1
197,0,8,1,1,1,1,1,1
197,0,8,1,2,1,1,1,1
197,0,8,2,0,1,1,1,1
197,0,8,2,1,1,1,1,1
197,0,8,2,2,1,1,1,1
197,0,8,3,0,1,1,1,1
197,0,8,3,1,1,1,1,1
197,0,8,3,2,1,1,1,1
197,1,0,1,0,0,1,1,1
197,1,0,1,1,0,1,1,3
197,1,0,1,2,0,1,1,13
197,1,0,2,0,0,1,1,1
197,1,0,2,1,0,1,1,3
197,1,0,2,2,0,1,1,13
197,1,0,3,0,0,1,1,1
197,1,0,3,1,0,1,1,3
197,1,0,3,2,0,1,1,13
197,1,1,1,0,0,1,1,1
197,1,1,1,1,0,1,1,3
197,1,1,1,2,0,1,1,13
197,1,1,2,0,0,1,1,1
197,1,1,2,1,0,1,1,3
197,1,1,2,2,0,1,1,13
197,1,1,3,0,0,1,1,1
197,1,1,3,1,0,1,1,3
197,1,1,3,2,0,1,1,13
197,1,2,1,0,1,1,1,1
197,1,2,1,1,1,1,1,1
197,1,2,1,2,1,1,1,1
197,1,2,2,0,0,1,1,1
197,1,2,2,1,0,1,1,3
197,1,2,2,2,0,1,1,13
197,1,2,3,0,0,1,1,1
197,1,2,3,1,0,1,1,3
197,1,2,3,2,0,1,1,13
197,1,3,1,0,0,1,1,1
197,1,3,1,1,0,1,1,3
197,1,3,1,2,0,1,1,13
197,1,3,2,0,0,1,1,1
197,1,3,2,1,0,1,1,3
197,1,3,2,2,0,1,1,13
197,1,3,3,0,0,1,1,1
197,1,3,3,1,0,1,1,3
197,1,3,3,2,0,1,1,13
197,1,4,1,0,0,1,1,1
197,1,4,1,1,0,1,1,3
197,1,4,1,2,0,1,1,13
197,1,4,2,0,0,1,1,1
197,1,4,2,1,0,1,1,3
197,1,4,2,2,0,1,1,13
197,1,4,3,0,0,1,1,1
197,1,4,3,1,0,1,1,3
197,1,4,3,2,0,1,1,13
197,1,5,1,0,1,1,1,1
197,1,5,1,1,1,1,1,1
197,1,5,1,2,1,1,1,1
197,1,5,2,0,0,1,1,1
197,1,5,2,1,1,1,1,2
197,1,5,2,2,1,1,1,2
197,1,5,3,0,0,1,1,1
197,1,5,3,1,1,1,1,2
197,1,5,3,2,1,1,1,2
197,1,6,1,0,0,1,1,1
197,1,6,1,1,0,1,1,3
197,1,6,1,2,0,1,1,13
197,1,6,2,0,1,1,1,1
197,1,6,2,1,1,1,1,1
197,1,6,2,2,1,1,1,1
197,1,6,3,0,0,1,1,1
197,1,6,3,1,0,1,1,3
197,1,6,3,2,0,1,1,13
197,1,7,1,0,0,1,1,1
197,1,7,1,1,0,1,1,3
197,1,7,1,2,0,1,1,13
197,1,7,2,0,1,1,1,1
197,1,7,2,1,1,1,1,1
197,1,7,2,2,1,1,1,1
197,1,7,3,0,0,1,1,1
197,1,7,3,1,0,1,1,3
197,1,7,3,2,0,1,1,13
197,1,8,1,0,1,1,1,1
197,1,8,1,1,1,1,1,1
197,1,8,1,2,1,1,1,1
197,1,8,2,0,1,1,1,1
197,1,8,2,1,1,1,1,1
197,1,8,2,2,1,1,1,1
197,1,8,3,0,1,1,1,1
197,1,8,3,1,1,1,1,1
197,1,8,3,2,1,1,1,1
198,0,0,1,0,0,1,1,1
198,0,0,1,1,0,1,1,3
198,0,0,1,2,0,1,1,7
198,0,0,2,0,0,1,1,1
198,0,0,2,1,0,1,1,3
198,0,0,2,2,0,1,1,7
198,0,0,3,0,0,1,1,1
198,0,0,3,1,0,1,1,3
198,0,0,3,2,0,1,1,7
198,0,1,1,0,0,1,1,1
198,0,1,1,1,0,1,1,3
198,0,1,1,2,0,1,1,7
198,0,1,2,0,0,1,1,1
198,0,1,2,1,0,1,1,3
198,0,1,2,2,0,1,1,7
198,0,1,3,0,0,1,1,1
198,0,1,3,1,0,1,1,3
198,0,1,3,2,0,1,1,7
198,0,2,1,0,1,1,1,1
198,0,2,1,1,1,1,1,1
198,0,2,1,2,1,1,1,1
198,0,2,2,0,0,1,1,1
198,0,2,2,1,0,1,1,3
198,0,2,2,2,0,1,1,7
198,0,2,3,0,0,1,1,1
198,0,2,3,1,0,1,1,3
198,0,2,3,2,0,1,1,7
198,0,3,1,0,0,1,1,1
198,0,3,1,1,0,1,1,3
198,0,3,1,2,0,1,1,7
198,0,3,2,0,0,1,1,1
198,0,3,2,1,0,1,1,3
198,0,3,2,2,0,1,1,7
198,0,3,3,0,0,1,1,1
198,0,3,3,1,0,1,1,3
198,0,3,3,2,0,1,1,7
198,0,4,1,0,0,1,1,1
198,0,4,1,1,0,1,1,3
198,0,4,1,2,0,1,1,7
198,0,4,2,0,0,1,1,1
198,0,4,2,1,0,1,1,3
198,0,4,2,2,0,1,1,7
198,0,4,3,0,0,1,1,1
198,0,4,3,1,0,1,1,3
198,0,4,3,2,0,1,1,7
198,0,5,1,0,1,1,1,1
198,0,5,1,1,1,1,1,1
198,0,5,1,2,1,1,1,1
198,0,5,2,0,0,1,1,1
198,0,5,2,1,1,1,1,2
198,0,5,2,2,1,1,1,2
198,0,5,3,0,0,1,1,1
198,0,5,3,1,0,1,1,3
198,0,5,3,2,0,1,1,7
198,0,6,1,0,0,1,1,1
198,0,6,1,1,0,1,1,3
198,0,6,1,2,0,1,1,7
198,0,6,2,0,1,1,1,1
198,0,6,2,1,1,1,1,1
198,0,6,2,2,1,1,1,1
198,0,6,3,0,0,1,1,1
198,0,6,3,1,0,1,1,3
198,0,6,3,2,0,1,1,7
198,0,7,1,0,0,1,1,1
198,0,7,1,1,1,1,1,2
198,0,7,1,2,1,1,1,2
198,0,7,2,0,1,1,1,1
198,0,7,2,1,1,1,1,1
198,0,7,2,2,1,1,1,1
198,0,7,3,0,0,1,1,1
198,0,7,3,1,0,1,1,3
198,0,7,3,2,0,1,1,7
198,0,8,1,0,1,1,1,1
198,0,8,1,1,1,1,1,1
198,0,8,1,2,1,1,1,1
198,0,8,2,0,1,1,1,1
198,0,8,2,1,1,1,1,1
198,0,8,2,2,1,1,1,1
198,0,8,3,0,1,1,1,1
198,0,8,3,1,1,1,1,1
198,0,8,3,2,1,1,1,1
198,1,0,1,0,0,1,1,1
198,1,0,1,1,0,1,1,3
198,1,0,1,2,0,1,1,19
198,1,0,2,0,0,1,1,1
198,1,0,2,1,0,1,1,3
198,1,0,2,2,0,1,1,19
198,1,0,3,0,0,1,1,1
198,1,0,3,1,0,1,1,3
198,1,0,3,2,0,1,1,19
198,1,1,1,0,0,1,1,1
198,1,1,1,1,0,1,1,3
198,1,1,1,2,0,1,1,19
198,1,1,2,0,0,1,1,1
198,1,1,2,1,0,1,1,3
198,1,1,2,2,0,1,1,19
198,1,1,3,0,0,1,1,1
198,1,1,3,1,0,1,1,3
198,1,1,3,2,0,1,1,19
198,1,2,1,0,1,1,1,1
198,1,2,1,1,1,1,1,1
198,1,2,1,2,1,1,1,1
198,1,2,2,0,0,1,1,1
198,1,2,2,1,0,1,1,3
198,1,2,2,2,0,1,1,19
198,1,2,3,0,0,1,1,1
198,1,2,3,1,0,1,1,3
198,1,2,3,2,0,1,1,19
198,1,3,1,0,0,1,1,1
198,1,3,1,1,0,1,1,3
198,1,3,1,2,0,1,1,19
198,1,3,2,0,0,1,1,1
198,1,3,2,1,0,1,1,3
198,1,3,2,2,0,1,1,19
198,1,3,3,0,0,1,1,1
198,1,3,3,1,0,1,1,3
198,1,3,3,2,0,1,1,19
198,1,4,1,0,0,1,1,1
198,1,4,1,1,0,1,1,3
198,1,4,1,2,0,1,1,19
198,1,4,2,0,0,1,1,1
198,1,4,2,1,0,1,1,3
198,1,4,2,2,0,1,1,19
198,1,4,3,0,0,1,1,1
198,1,4,3,1,0,1,1,3
198,1,4,3,2,0,1,1,19
198,1,5,1,0,1,1,1,1
198,1,5,1,1,1,1,1,1
198,1,5,1,2,1,1,1,1
198,1,5,2,0,0,1,1,1
198,1,5,2,1,1,1,1,2
198,1,5,2,2,1,1,1,2
198,1,5,3,0,0,1,1,1
198,1,5,3,1,0,1,1,3
198,1,5,3,2,1,1,1,3
198,1,6,1,0,0,1,1,1
198,1,6,1,1,0,1,1,3
198,1,6,1,2,0,1,1,19
198,1,6,2,0,1,1,1,1
198,1,6,2,1,1,1,1,1
198,1,6,2,2,1,1,1,1
198,1,6,3,0,0,1,1,1
198,1,6,3,1,0,1,1,3
198,1,6,3,2,0,1,1,19
198,1,7,1,0,0,1,1,1
198,1,7,1,1,1,1,1,2
198,1,7,1,2,1,1,1,2
198,1,7,2,0,1,1,1,1
198,1,7,2,1,1,1,1,1
198,1,7,2,2,1,1,1,1
198,1,7,3,0,0,1,1,1
198,1,7,3,1,0,1,1,3
198,1,7,3,2,1,1,1,5
198,1,8,1,0,1,1,1,1
198,1,8,1,1,1,1,1,1
198,1,8,1,2,1,1,1,1
198,1,8,2,0,1,1,1,1
198,1,8,2,1,1,1,1,1
198,1,8,2,2,1,1,1,1
198,1,8,3,0,1,1,1,1
198,1,8,3,1,1,1,1,1
198,1,8,3,2,1,1,1,1
199,0,0,1,0,0,1,1,1
199,0,0,1,1,0,1,1,3
199,0,0,1,2,0,1,1,7
199,0,0,2,0,0,1,1,1
199,0,0,2,1,0,1,1,3
199,0,0,2,2,0,1,1,7
199,0,0,3,0,0,1,1,1
199,0,0,3,1,0,1,1,3
199,0,0,3,2,0,1,1,7
199,0,1,1,0,0,1,1,1
199,0,1,1,1,0,1,1,3
199,0,1,1,2,0,1,1,7
199,0,1,2,0,0,1,1,1
199,0,1,2,1,0,1,1,3
199,0,1,2,2,0,1,1,7
199,0,1,3,0,0,1,1,1
199,0,1,3,1,0,1,1,3
199,0,1,3,2,0,1,1,7
199,0,2,1,0,1,1,1,1
199,0,2,1,1,1,1,1,1
199,0,2,1,2,1,1,1,1
199,0,2,2,0,0,1,1,1
199,0,2,2,1,0,1,1,3
199,0,2,2,2,0,1,1,7
199,0,2,3,0,0,1,1,1
199,0,2,3,1,0,1,1,3
199,0,2,3,2,0,1,1,7
199,0,3,1,0,0,1,1,1
199,0,3,1,1,0,1,1,3
199,0,3,1,2,0,1,1,7
199,0,3,2,0,0,1,1,1
199,0,3,2,1,0,1,1,3
199,0,3,2,2,0,1,1,7
199,0,3,3,0,0,1,1,1
199,0,3,3,1,0,1,1,3
199,0,3,3,2,0,1,1,7
199,0,4,1,0,0,1,1,1
199,0,4,1,1,0,1,1,3
199,0,4,1,2,0,1,1,7
199,0,4,2,0,0,1,1,1
199,0,4,2,1,0,1,1,3
199,0,4,2,2,0,1,1,7
199,0,4,3,0,0,1,1,1
199,0,4,3,1,0,1,1,3
199,0,4,3,2,0,1,1,7
199,0,5,1,0,1,1,1,1
199,0,5,1,1,1,1,1,1
199,0,5,1,2,1,1,1,1
199,0,5,2,0,0,1,1,1
199,0,5,2,1,1,1,1,2
199,0,5,2,2,1,1,1,2
199,0,5,3,0,0,1,1,1
199,0,5,3,1,0,1,1,3
199,0,5,3,2,0,1,1,7
199,0,6,1,0,0,1,1,1
199,0,6,1,1,0,1,1,3
199,0,6,1,2,0,1,1,7
199,0,6,2,0,1,1,1,1
199,0,6,2,1,1,1,1,1
199,0,6,2,2,1,1,1,1
199,0,6,3,0,0,1,1,1
199,0,6,3,1,0,1,1,3
199,0,6,3,2,0,1,1,7
199,0,7,1,0,0,1,1,1
199,0,7,1,1,0,1,1,3
199,0,7,1,2,0,1,1,7
199,0,7,2,0,1,1,1,1
199,0,7,2,1,1,1,1,1
199,0,7,2,2,1,1,1,1
199,0,7,3,0,0,1,1,1
199,0,7,3,1,0,1,1,3
199,0,7,3,2,0,1,1,7
199,0,8,1,0,1,1,1,1
199,0,8,1,1,1,1,1,1
199,0,8,1,2,1,1,1,1
199,0,8,2,0,1,1,1,1
199,0,8,2,1,1,1,1,1
199,0,8,2,2,1,1,1,1
199,0,8,3,0,1,1,1,1
199,0,8,3,1,1,1,1,1
199,0,8,3,2,1,1,1,1
199,1,0,1,0,0,1,1,1
199,1,0,1,1,0,1,1,3
199,1,0,1,2,0,1,1,19
199,1,0,2,0,0,1,1,1
199,1,0,2,1,0,1,1,3
199,1,0,2,2,0,1,1,19
199,1,0,3,0,0,1,1,1
199,1,0,3,1,0,1,1,3
199,1,0,3,2,0,1,1,19
199,1,1,1,0,0,1,1,1
199,1,1,1,1,0,1,1,3
199,1,1,1,2,0,1,1,19
199,1,1,2,0,0,1,1,1
199,1,1,2,1,0,1,1,3
199,1,1,2,2,0,1,1,19
199,1,1,3,0,0,1,1,1
199,1,1,3,1,0,1,1,3
199,1,1,3,2,0,1,1,19
199,1,2,1,0,1,1,1,1
199,1,2,1,1,1,1,1,1
199,1,2,1,2,1,1,1,1
199,1,2,2,0,0,1,1,1
199,1,2,2,1,0,1,1,3
199,1,2,2,2,0,1,1,19
199,1,2,3,0,0,1,1,1
199,1,2,3,1,0,1,1,3
199,1,2,3,2,0,1,1,19
199,1,3,1,0,0,1,1,1
199,1,3,1,1,0,1,1,3
199,1,3,1,2,0,1,1,19
199,1,3,2,0,0,1,1,1
199,1,3,2,1,0,1,1,3
199,1,3,2,2,0,1,1,19
199,1,3,3,0,0,1,1,1
199,1,3,3,1,0,1,1,3
199,1,3,3,2,0,1,1,19
199,1,4,1,0,0,1,1,1
199,1,4,1,1,0,1,1,3
199,1,4,1,2,0,1,1,19
199,1,4,2,0,0,1,1,1
199,1,4,2,1,0,1,1,3
199,1,4,2,2,0,1,1,19
199,1,4,3,0,0,1,1,1
199,1,4,3,1,0,1,1,3
199,1,4,3,2,0,1,1,19
199,1,5,1,0,1,1,1,1
199,1,5,1,1,1,1,1,1
199,1,5,1,2,1,1,1,1
199,1,5,2,0,0,1,1,1
199,1,5,2,1,1,1,1,2
199,1,5,2,2,1,1,1,2
199,1,5,3,0,0,1,1,1
199,1,5,3,1,0,1,1,3
199,1,5,3,2,1,1,1,3
199,1,6,1,0,0,1,1,1
199,1,6,1,1,0,1,1,3
199,1,6,1,2,0,1,1,19
199,1,6,2,0,1,1,1,1
199,1,6,2,1,1,1,1,1
199,1,6,2,2,1,1,1,1
199,1,6,3,0,0,1,1,1
199,1,6,3,1,0,1,1,3
199,1,6,3,2,0,1,1,19
199,1,7,1,0,0,1,1,1
199,1,7,1,1,0,1,1,3
199,1,7,1,2,0,1,1,19
199,1,7,2,0,1,1,1,1
199,1,7,2,1,1,1,1,1
199,1,7,2,2,1,1,1,1
199,1,7,3,0,0,1,1,1
199,1,7,3,1,0,1,1,3
199,1,7,3,2,0,1,1,19
199,1,8,1,0,1,1,1,1
199,1,8,1,1,1,1,1,1
199,1,8,1,2,1,1,1,1
199,1,8,2,0,1,1,1,1
199,1,8,2,1,1,1,1,1
199,1,8,2,2,1,1,1,1
199,1,8,3,0,1,1,1,1
199,1,8,3,1,1,1,1,1
199,1,8,3,2,1,1,1,1
200,0,0,1,0,0,1,1,1
200,0,0,1,1,0,1,1,3
200,0,0,1,2,0,1,1,7
200,0,0,2,0,0,1,1,1
200,0,0,2,1,0,1,1,3
200,0,0,2,2,0,1,1,7
200,0,0,3,0,0,1,1,1
200,0,0,3,1,0,1,1,3
200,0,0,3,2,0,1,1,7
200,0,1,1,0,0,1,1,1
200,0,1,1,1,0,1,1,3
200,0,1,1,2,0,1,1,7
200,0,1,2,0,0,1,1,1
200,0,1,2,1,0,1,1,3
200,0,1,2,2,0,1,1,7
200,0,1,3,0,0,1,1,1
200,0,1,3,1,0,1,1,3
200,0,1,3,2,0,1,1,7
200,0,2,1,0,1,1,1,1
200,0,2,1,1,1,1,1,1
200,0,2,1,2,1,1,1,1
200,0,2,2,0,0,1,1,1
200,0,2,2,1,0,1,1,3
200,0,2,2,2,0,1,1,7
200,0,2,3,0,0,1,1,1
200,0,2,3,1,0,1,1,3
200,0,2,3,2,0,1,1,7
200,0,3,1,0,0,1,1,1
200,0,3,1,1,0,1,1,3
200,0,3,1,2,0,1,1,7
200,0,3,2,0,0,1,1,1
200,0,3,2,1,0,1,1,3
200,0,3,2,2,0,1,1,7
200,0,3,3,0,0,1,1,1
200,0,3,3,1,0,1,1,3
200,0,3,3,2,0,1,1,7
200,0,4,1,0,0,1,1,1
200,0,4,1,1,0,1,1,3
200,0,4,1,2,0,1,1,7
200,0,4,2,0,0,1,1,1
200,0,4,2,1,0,1,1,3
200,0,4,2,2,0,1,1,7
200,0,4,3,0,0,1,1,1
200,0,4,3,1,0,1,1,3
200,0,4,3,2,0,1,1,7
200,0,5,1,0,1,1,1,1
200,0,5,1,1,1,1,1,1
200,0,5,1,2,1,1,1,1
200,0,5,2,0,0,1,1,1
200,0,5,2,1,0,1,1,3
200,0,5,2,2,0,1,1,7
200,0,5,3,0,0,1,1,1
200,0,5,3,1,0,1,1,3
200,0,5,3,2,0,1,1,7
200,0,6,1,0,0,1,1,1
200,0,6,1,1,0,1,1,3
200,0,6,1,2,0,1,1,7
200,0,6,2,0,1,1,1,1
200,0,6,2,1,1,1,1,1
200,0,6,2,2,1,1,1,1
200,0,6,3,0,0,1,1,1
200,0,6,3,1,0,1,1,3
200,0,6,3,2,0,1,1,7
200,0,7,1,0,0,1,1,1
200,0,7,1,1,0,1,1,3
200,0,7,1,2,0,1,1,7
200,0,7,2,0,1,1,1,1
200,0,7,2,1,1,1,1,1
200,0,7,2,2,1,1,1,1
200,0,7,3,0,0,1,1,1
200,0,7,3,1,0,1,1,3
200,0,7,3,2,0,1,1,7
200,0,8,1,0,1,1,1,1
200,0,8,1,1,1,1,1,1
200,0,8,1,2,1,1,1,1
200,0,8,2,0,1,1,1,1
200,0,8,2,1,1,1,1,1
200,0,8,2,2,1,1,1,1
200,0,8,3,0,1,1,1,1
200,0,8,3,1,1,1,1,1
200,0,8,3,2,1,1,1,1
200,1,0,1,0,0,1,1,1
200,1,0,1,1,0,1,1,3
200,1,0,1,2,0,1,1,13
200,1,0,2,0,0,1,1,1
200,1,0,2,1,0,1,1,3
200,1,0,2,2,0,1,1,13
200,1,0,3,0,0,1,1,1
200,1,0,3,1,0,1,1,3
200,1,0,3,2,0,1,1,13
200,1,1,1,0,0,1,1,1
200,1,1,1,1,0,1,1,3
200,1,1,1,2,0,1,1,13
200,1,1,2,0,0,1,1,1
200,1,1,2,1,0,1,1,3
200,1,1,2,2,0,1,1,13
200,1,1,3,0,0,1,1,1
200,1,1,3,1,0,1,1,3
200,1,1,3,2,0,1,1,13
200,1,2,1,0,1,1,1,1
200,1,2,1,1,1,1,1,1
200,1,2,1,2,1,1,1,1
200,1,2,2,0,0,1,1,1
200,1,2,2,1,0,1,1,3
200,1,2,2,2,0,1,1,13
200,1,2,3,0,0,1,1,1
200,1,2,3,1,0,1,1,3
200,1,2,3,2,0,1,1,13
200,1,3,1,0,0,1,1,1
200,1,3,1,1,0,1,1,3
200,1,3,1,2,0,1,1,13
200,1,3,2,0,0,1,1,1
200,1,3,2,1,0,1,1,3
200,1,3,2,2,0,1,1,13
200,1,3,3,0,0,1,1,1
200,1,3,3,1,0,1,1,3
200,1,3,3,2,0,1,1,13
200,1,4,1,0,0,1,1,1
200,1,4,1,1,0,1,1,3
200,1,4,1,2,0,1,1,13
200,1,4,2,0,0,1,1,1
200,1,4,2,1,0,1,1,3
200,1,4,2,2,0,1,1,13
200,1,4,3,0,0,1,1,1
200,1,4,3,1,0,1,1,3
200,1,4,3,2,0,1,1,13
200,1,5,1,0,1,1,1,1
200,1,5,1,1,1,1,1,1
200,1,5,1,2,1,1,1,1
200,1,5,2,0,0,1,1,1
200,1,5,2,1,0,1,1,3
200,1,5,2,2,0,1,1,13
200,1,5,3,0,0,1,1,1
200,1,5,3,1,0,1,1,3
200,1,5,3,2,0,1,1,13
200,1,6,1,0,0,1,1,1
200,1,6,1,1,0,1,1,3
200,1,6,1,2,0,1,1,13
200,1,6,2,0,1,1,1,1
200,1,6,2,1,1,1,1,1
200,1,6,2,2,1,1,1,1
200,1,6,3,0,0,1,1,1
200,1,6,3,1,0,1,1,3
200,1,6,3,2,0,1,1,13
200,1,7,1,0,0,1,1,1
200,1,7,1,1,0,1,1,3
200,1,7,1,2,0,1,1,13
200,1,7,2,0,1,1,1,1
200,1,7,2,1,1,1,1,1
200,1,7,2,2,1,1,1,1
200,1,7,3,0,0,1,1,1
200,1,7,3,1,0,1,1,3
200,1,7,3,2,0,1,1,13
200,1,8,1,0,1,1,1,1
200,1,8,1,1,1,1,1,1
200,1,8,1,2,1,1,1,1
200,1,8,2,0,1,1,1,1
200,1,8,2,1,1,1,1,1
200,1,8,2,2,1,1,1,1
200,1,8,3,0,1,1,1,1
200,1,8,3,1,1,1,1,1
200,1,8,3,2,1,1,1,1
201,0,0,1,0,0,1,1,1
201,0,0,1,1,0,1,1,3
201,0,0,1,2,0,1,1,7
201,0,0,2,0,0,1,1,1
201,0,0,2,1,0,1,1,3
201,0,0,2,2,0,1,1,7
201,0,0,3,0,0,1,1,1
201,0,0,3,1,0,1,1,3
201,0,0,3,2,0,1,1,7
201,0,1,1,0,0,1,1,1
201,0,1,1,1,0,1,1,3
201,0,1,1,2,0,1,1,7
201,0,1,2,0,0,1,1,1
201,0,1,2,1,0,1,1,3
201,0,1,2,2,0,1,1,7
201,0,1,3,0,0,1,1,1
201,0,1,3,1,0,1,1,3
201,0,1,3,2,0,1,1,7
201,0,2,1,0,1,1,1,1
201,0,2,1,1,1,1,1,1
201,0,2,1,2,1,1,1,1
201,0,2,2,0,0,1,1,1
201,0,2,2,1,0,1,1,3
201,0,2,2,2,0,1,1,7
201,0,2,3,0,0,1,1,1
201,0,2,3,1,0,1,1,3
201,0,2,3,2,0,1,1,7
201,0,3,1,0,0,1,1,1
201,0,3,1,1,0,1,1,3
201,0,3,1,2,0,1,1,7
201,0,3,2,0,0,1,1,1
201,0,3,2,1,0,1,1,3
201,0,3,2,2,0,1,1,7
201,0,3,3,0,0,1,1,1
201,0,3,3,1,0,1,1,3
201,0,3,3,2,0,1,1,7
201,0,4,1,0,0,1,1,1
201,0,4,1,1,0,1,1,3
201,0,4,1,2,0,1,1,7
201,0,4,2,0,0,1,1,1
201,0,4,2,1,0,1,1,3
201,0,4,2,2,0,1,1,7
201,0,4,3,0,0,1,1,1
201,0,4,3,1,0,1,1,3
201,0,4,3,2,0,1,1,7
201,0,5,1,0,1,1,1,1
201,0,5,1,1,1,1,1,1
201,0,5,1,2,1,1,1,1
201,0,5,2,0,0,1,1,1
201,0,5,2,1,0,1,1,3
201,0,5,2,2,0,1,1,7
201,0,5,3,0,0,1,1,1
201,0,5,3,1,0,1,1,3
201,0,5,3,2,0,1,1,7
201,0,6,1,0,0,1,1,1
201,0,6,1,1,0,1,1,3
201,0,6,1,2,0,1,1,7
201,0,6,2,0,1,1,1,1
201,0,6,2,1,1,1,1,1
201,0,6,2,2,1,1,1,1
201,0,6,3,0,0,1,1,1
201,0,6,3,1,0,1,1,3
201,0,6,3,2,0,1,1,7
201,0,7,1,0,0,1,1,1
201,0,7,1,1,0,1,1,3
201,0,7,1,2,0,1,1,7
201,0,7,2,0,1,1,1,1
201,0,7,2,1,1,1,1,1
201,0,7,2,2,1,1,1,1
201,0,7,3,0,0,1,1,1
201,0,7,3,1,0,1,1,3
201,0,7,3,2,0,1,1,7
201,0,8,1,0,1,1,1,1
201,0,8,1,1,1,1,1,1
201,0,8,1,2,1,1,1,1
201,0,8,2,0,1,1,1,1
201,0,8,2,1,1,1,1,1
201,0,8,2,2,1,1,1,1
201,0,8,3,0,1,1,1,1
201,0,8,3,1,1,1,1,1
201,0,8,3,2,1,1,1,1
201,1,0,1,0,0,1,1,1
201,1,0,1,1,0,1,1,3
201,1,0,1,2,0,1,1,19
201,1,0,2,0,0,1,1,1
201,1,0,2,1,0,1,1,3
201,1,0,2,2,0,1,1,19
201,1,0,3,0,0,1,1,1
201,1,0,3,1,0,1,1,3
201,1,0,3,2,0,1,1,19
201,1,1,1,0,0,1,1,1
201,1,1,1,1,0,1,1,3
201,1,1,1,2,0,1,1,19
201,1,1,2,0,0,1,1,1
201,1,1,2,1,0,1,1,3
201,1,1,2,2,0,1,1,19
201,1,1,3,0,0,1,1,1
201,1,1,3,1,0,1,1,3
201,1,1,3,2,0,1,1,19
201,1,2,1,0,1,1,1,1
201,1,2,1,1,1,1,1,1
201,1,2,1,2,1,1,1,1
201,1,2,2,0,0,1,1,1
201,1,2,2,1,0,1,1,3
201,1,2,2,2,0,1,1,19
201,1,2,3,0,0,1,1,1
201,1,2,3,1,0,1,1,3
201,1,2,3,2,0,1,1,19
201,1,3,1,0,0,1,1,1
201,1,3,1,1,0,1,1,3
201,1,3,1,2,0,1,1,19
201,1,3,2,0,0,1,1,1
201,1,3,2,1,0,1,1,3
201,1,3,2,2,0,1,1,19
201,1,3,3,0,0,1,1,1
201,1,3,3,1,0,1,1,3
201,1,3,3,2,0,1,1,19
201,1,4,1,0,0,1,1,1
201,1,4,1,1,0,1,1,3
201,1,4,1,2,0,1,1,19
201,1,4,2,0,0,1,1,1
201,1,4,2,1,0,1,1,3
201,1,4,2,2,0,1,1,19
201,1,4,3,0,0,1,1,1
201,1,4,3,1,0,1,1,3
201,1,4,3,2,0,1,1,19
201,1,5,1,0,1,1,1,1
201,1,5,1,1,1,1,1,1
201,1,5,1,2,1,1,1,1
201,1,5,2,0,0,1,1,1
201,1,5,2,1,0,1,1,3
201,1,5,2,2,0,1,1,19
201,1,5,3,0,0,1,1,1
201,1,5,3,1,0,1,1,3
201,1,5,3,2,0,1,1,19
201,1,6,1,0,0,1,1,1
201,1,6,1,1,0,1,1,3
201,1,6,1,2,0,1,1,19
201,1,6,2,0,1,1,1,1
201,1,6,2,1,1,1,1,1
201,1,6,2,2,1,1,1,1
201,1,6,3,0,0,1,1,1
201,1,6,3,1,0,1,1,3
201,1,6,3,2,0,1,1,19
201,1,7,1,0,0,1,1,1
201,1,7,1,1,0,1,1,3
201,1,7,1,2,0,1,1,19
201,1,7,2,0,1,1,1,1
201,1,7,2,1,1,1,1,1
201,1,7,2,2,1,1,1,1
201,1,7,3,0,0,1,1,1
201,1,7,3,1,0,1,1,3
201,1,7,3,2,0,1,1,19
201,1,8,1,0,1,1,1,1
201,1,8,1,1,1,1,1,1
201,1,8,1,2,1,1,1,1
201,1,8,2,0,1,1,1,1
201,1,8,2,1,1,1,1,1
201,1,8,2,2,1,1,1,1
201,1,8,3,0,1,1,1,1
201,1,8,3,1,1,1,1,1
201,1,8,3,2,1,1,1,1
202,0,0,1,0,0,1,1,1
202,0,0,1,1,0,1,1,3
202,0,0,1,2,0,1,1,7
202,0,0,2,0,0,1,1,1
202,0,0,2,1,0,1,1,3
202,0,0,2,2,0,1,1,7
202,0,0,3,0,0,1,1,1
202,0,0,3,1,0,1,1,3
202,0,0,3,2,0,1,1,7
202,0,1,1,0,0,1,1,1
202,0,1,1,1,0,1,1,3
202,0,1,1,2,0,1,1,7
202,0,1,2,0,0,1,1,1
202,0,1,2,1,0,1,1,3
202,0,1,2,2,0,1,1,7
202,0,1,3,0,0,1,1,1
202,0,1,3,1,0,1,1,3
202,0,1,3,2,0,1,1,7
202,0,2,1,0,1,1,1,1
202,0,2,1,1,1,1,1,1
202,0,2,1,2,1,1,1,1
202,0,2,2,0,0,1,1,1
202,0,2,2,1,0,1,1,3
202,0,2,2,2,0,1,1,7
202,0,2,3,0,0,1,1,1
202,0,2,3,1,0,1,1,3
202,0,2,3,2,0,1,1,7
202,0,3,1,0,0,1,1,1
202,0,3,1,1,0,1,1,3
202,0,3,1,2,0,1,1,7
202,0,3,2,0,0,1,1,1
202,0,3,2,1,0,1,1,3
202,0,3,2,2,0,1,1,7
202,0,3,3,0,0,1,1,1
202,0,3,3,1,0,1,1,3
202,0,3,3,2,0,1,1,7
202,0,4,1,0,0,1,1,1
202,0,4,1,1,0,1,1,3
202,0,4,1,2,0,1,1,7
202,0,4,2,0,0,1,1,1
202,0,4,2,1,0,1,1,3
202,0,4,2,2,0,1,1,7
202,0,4,3,0,0,1,1,1
202,0,4,3,1,0,1,1,3
202,0,4,3,2,0,1,1,7
202,0,5,1,0,1,1,1,1
202,0,5,1,1,1,1,1,1
202,0,5,1,2,1,1,1,1
202,0,5,2,0,0,1,1,1
202,0,5,2,1,0,1,1,3
202,0,5,2,2,0,1,1,7
202,0,5,3,0,0,1,1,1
202,0,5,3,1,0,1,1,3
202,0,5,3,2,0,1,1,7
202,0,6,1,0,0,1,1,1
202,0,6,1,1,0,1,1,3
202,0,6,1,2,0,1,1,7
202,0,6,2,0,1,1,1,1
202,0,6,2,1,1,1,1,1
202,0,6,2,2,1,1,1,1
202,0,6,3,0,0,1,1,1
202,0,6,3,1,0,1,1,3
202,0,6,3,2,0,1,1,7
202,0,7,1,0,0,1,1,1
202,0,7,1,1,1,1,1,2
202,0,7,1,2,1,1,1,2
202,0,7,2,0,1,1,1,1
202,0,7,2,1,1,1,1,1
202,0,7,2,2,1,1,1,1
202,0,7,3,0,0,1,1,1
202,0,7,3,1,1,1,1,2
202,0,7,3,2,1,1,1,2
202,0,8,1,0,1,1,1,1
202,0,8,1,1,1,1,1,1
202,0,8,1,2,1,1,1,1
202,0,8,2,0,1,1,1,1
202,0,8,2,1,1,1,1,1
202,0,8,2,2,1,1,1,1
202,0,8,3,0,1,1,1,1
202,0,8,3,1,1,1,1,1
202,0,8,3,2,1,1,1,1
202,1,0,1,0,0,1,1,1
202,1,0,1,1,0,1,1,3
202,1,0,1,2,0,1,1,13
202,1,0,2,0,0,1,1,1
202,1,0,2,1,0,1,1,3
202,1,0,2,2,0,1,1,13
202,1,0,3,0,0,1,1,1
202,1,0,3,1,0,1,1,3
202,1,0,3,2,0,1,1,13
202,1,1,1,0,0,1,1,1
202,1,1,1,1,0,1,1,3
202,1,1,1,2,0,1,1,13
202,1,1,2,0,0,1,1,1
202,1,1,2,1,0,1,1,3
202,1,1,2,2,0,1,1,13
202,1,1,3,0,0,1,1,1
202,1,1,3,1,0,1,1,3
202,1,1,3,2,0,1,1,13
202,1,2,1,0,1,1,1,1
202,1,2,1,1,1,1,1,1
202,1,2,1,2,1,1,1,1
202,1,2,2,0,0,1,1,1
202,1,2,2,1,0,1,1,3
202,1,2,2,2,0,1,1,13
202,1,2,3,0,0,1,1,1
202,1,2,3,1,0,1,1,3
202,1,2,3,2,0,1,1,13
202,1,3,1,0,0,1,1,1
202,1,3,1,1,0,1,1,3
202,1,3,1,2,0,1,1,13
202,1,3,2,0,0,1,1,1
202,1,3,2,1,0,1,1,3
202,1,3,2,2,0,1,1,13
202,1,3,3,0,0,1,1,1
202,1,3,3,1,0,1,1,3
202,1,3,3,2,0,1,1,13
202,1,4,1,0,0,1,1,1
202,1,4,1,1,0,1,1,3
202,1,4,1,2,0,1,1,13
202,1,4,2,0,0,1,1,1
202,1,4,2,1,0,1,1,3
202,1,4,2,2,0,1,1,13
202,1,4,3,0,0,1,1,1
202,1,4,3,1,0,1,1,3
202,1,4,3,2,0,1,1,13
202,1,5,1,0,1,1,1,1
202,1,5,1,1,1,1,1,1
202,1,5,1,2,1,1,1,1
202,1,5,2,0,0,1,1,1
202,1,5,2,1,0,1,1,3
202,1,5,2,2,0,1,1,13
202,1,5,3,0,0,1,1,1
202,1,5,3,1,0,1,1,3
202,1,5,3,2,0,1,1,13
202,1,6,1,0,0,1,1,1
202,1,6,1,1,0,1,1,3
202,1,6,1,2,0,1,1,13
202,1,6,2,0,1,1,1,1
202,1,6,2,1,1,1,1,1
202,1,6,2,2,1,1,1,1
202,1,6,3,0,0,1,1,1
202,1,6,3,1,0,1,1,3
202,1,6,3,2,0,1,1,13
202,1,7,1,0,0,1,1,1
202,1,7,1,1,1,1,1,2
202,1,7,1,2,1,1,1,2
202,1,7,2,0,1,1,1,1
202,1,7,2,1,1,1,1,1
202,1,7,2,2,1,1,1,1
202,1,7,3,0,0,1,1,1
202,1,7,3,1,1,1,1,2
202,1,7,3,2,1,1,1,2
202,1,8,1,0,1,1,1,1
202,1,8,1,1,1,1,1,1
202,1,8,1,2,1,1,1,1
202,1,8,2,0,1,1,1,1
202,1,8,2,1,1,1,1,1
202,1,8,2,2,1,1,1,1
202,1,8,3,0,1,1,1,1
202,1,8,3,1,1,1,1,1
202,1,8,3,2,1,1,1,1
203,0,0,1,0,0,1,1,1
203,0,0,1,1,0,1,1,3
203,0,0,1,2,0,1,1,7
203,0,0,2,0,0,1,1,1
203,0,0,2,1,0,1,1,3
203,0,0,2,2,0,1,1,7
203,0,0,3,0,0,1,1,1
203,0,0,3,1,0,1,1,3
203,0,0,3,2,0,1,1,7
203,0,1,1,0,0,1,1,1
203,0,1,1,1,0,1,1,3
203,0,1,1,2,0,1,1,7
203,0,1,2,0,0,1,1,1
203,0,1,2,1,0,1,1,3
203,0,1,2,2,0,1,1,7
203,0,1,3,0,0,1,1,1
203,0,1,3,1,0,1,1,3
203,0,1,3,2,0,1,1,7
203,0,2,1,0,1,1,1,1
203,0,2,1,1,1,1,1,1
203,0,2,1,2,1,1,1,1
203,0,2,2,0,0,1,1,1
203,0,2,2,1,0,1,1,3
203,0,2,2,2,0,1,1,7
203,0,2,3,0,0,1,1,1
203,0,2,3,1,0,1,1,3
203,0,2,3,2,0,1,1,7
203,0,3,1,0,0,1,1,1
203,0,3,1,1,0,1,1,3
203,0,3,1,2,0,1,1,7
203,0,3,2,0,0,1,1,1
203,0,3,2,1,0,1,1,3
203,0,3,2,2,0,1,1,7
203,0,3,3,0,0,1,1,1
203,0,3,3,1,0,1,1,3
203,0,3,3,2,0,1,1,7
203,0,4,1,0,0,1,1,1
203,0,4,1,1,0,1,1,3
203,0,4,1,2,0,1,1,7
203,0,4,2,0,0,1,1,1
203,0,4,2,1,0,1,1,3
203,0,4,2,2,0,1,1,7
203,0,4,3,0,0,1,1,1
203,0,4,3,1,0,1,1,3
203,0,4,3,2,0,1,1,7
203,0,5,1,0,1,1,1,1
203,0,5,1,1,1,1,1,1
203,0,5,1,2,1,1,1,1
203,0,5,2,0,0,1,1,1
203,0,5,2,1,0,1,1,3
203,0,5,2,2,0,1,1,7
203,0,5,3,0,0,1,1,1
203,0,5,3,1,0,1,1,3
203,0,5,3,2,0,1,1,7
203,0,6,1,0,0,1,1,1
203,0,6,1,1,0,1,1,3
203,0,6,1,2,0,1,1,7
203,0,6,2,0,1,1,1,1
203,0,6,2,1,1,1,1,1
203,0,6,2,2,1,1,1,1
203,0,6,3,0,0,1,1,1
203,0,6,3,1,0,1,1,3
203,0,6,3,2,0,1,1,7
203,0,7,1,0,0,1,1,1
203,0,7,1,1,0,1,1,3
203,0,7,1,2,0,1,1,7
203,0,7,2,0,1,1,1,1
203,0,7,2,1,1,1,1,1
203,0,7,2,2,1,1,1,1
203,0,7,3,0,0,1,1,1
203,0,7,3,1,0,1,1,3
203,0,7,3,2,0,1,1,7
203,0,8,1,0,1,1,1,1
203,0,8,1,1,1,1,1,1
203,0,8,1,2,1,1,1,1
203,0,8,2,0,1,1,1,1
203,0,8,2,1,1,1,1,1
203,0,8,2,2,1,1,1,1
203,0,8,3,0,1,1,1,1
203,0,8,3,1,1,1,1,1
203,0,8,3,2,1,1,1,1
203,1,0,1,0,0,1,1,1
203,1,0,1,1,0,1,1,3
203,1,0,1,2,0,1,1,19
203,1,0,2,0,0,1,1,1
203,1,0,2,1,0,1,1,3
203,1,0,2,2,0,1,1,19
203,1,0,3,0,0,1,1,1
203,1,0,3,1,0,1,1,3
203,1,0,3,2,0,1,1,19
203,1,1,1,0,0,1,1,1
203,1,1,1,1,0,1,1,3
203,1,1,1,2,0,1,1,19
203,1,1,2,0,0,1,1,1
203,1,1,2,1,0,1,1,3
203,1,1,2,2,0,1,1,19
203,1,1,3,0,0,1,1,1
203,1,1,3,1,0,1,1,3
203,1,1,3,2,0,1,1,19
203,1,2,1,0,1,1,1,1
203,1,2,1,1,1,1,1,1
203,1,2,1,2,1,1,1,1
203,1,2,2,0,0,1,1,1
203,1,2,2,1,0,1,1,3
203,1,2,2,2,0,1,1,19
203,1,2,3,0,0,1,1,1
203,1,2,3,1,0,1,1,3
203,1,2,3,2,0,1,1,19
203,1,3,1,0,0,1,1,1
203,1,3,1,1,0,1,1,3
203,1,3,1,2,0,1,1,19
203,1,3,2,0,0,1,1,1
203,1,3,2,1,0,1,1,3
203,1,3,2,2,0,1,1,19
203,1,3,3,0,0,1,1,1
203,1,3,3,1,0,1,1,3
203,1,3,3,2,0,1,1,19
203,1,4,1,0,0,1,1,1
203,1,4,1,1,0,1,1,3
203,1,4,1,2,0,1,1,19
203,1,4,2,0,0,1,1,1
203,1,4,2,1,0,1,1,3
203,1,4,2,2,0,1,1,19
203,1,4,3,0,0,1,1,1
203,1,4,3,1,0,1,1,3
203,1,4,3,2,0,1,1,19
203,1,5,1,0,1,1,1,1
203,1,5,1,1,1,1,1,1
203,1,5,1,2,1,1,1,1
203,1,5,2,0,0,1,1,1
203,1,5,2,1,0,1,1,3
203,1,5,2,2,0,1,1,19
203,1,5,3,0,0,1,1,1
203,1,5,3,1,0,1,1,3
203,1,5,3,2,0,1,1,19
203,1,6,1,0,0,1,1,1
203,1,6,1,1,0,1,1,3
203,1,6,1,2,0,1,1,19
203,1,6,2,0,1,1,1,1
203,1,6,2,1,1,1,1,1
203,1,6,2,2,1,1,1,1
203,1,6,3,0,0,1,1,1
203,1,6,3,1,0,1,1,3
203,1,6,3,2,0,1,1,19
203,1,7,1,0,0,1,1,1
203,1,7,1,1,0,1,1,3
203,1,7,1,2,0,1,1,19
203,1,7,2,0,1,1,1,1
203,1,7,2,1,1,1,1,1
203,1,7,2,2,1,1,1,1
203,1,7,3,0,0,1,1,1
203,1,7,3,1,0,1,1,3
203,1,7,3,2,0,1,1,19
203,1,8,1,0,1,1,1,1
203,1,8,1,1,1,1,1,1
203,1,8,1,2,1,1,1,1
203,1,8,2,0,1,1,1,1
203,1,8,2,1,1,1,1,1
203,1,8,2,2,1,1,1,1
203,1,8,3,0,1,1,1,1
203,1,8,3,1,1,1,1,1
203,1,8,3,2,1,1,1,1
204,0,0,1,0,0,1,1,1
204,0,0,1,1,0,1,1,3
204,0,0,1,2,0,1,1,7
204,0,0,2,0,0,1,1,1
204,0,0,2,1,0,1,1,3
204,0,0,2,2,0,1,1,7
204,0,0,3,0,0,1,1,1
204,0,0,3,1,0,1,1,3
204,0,0,3,2,0,1,1,7
204,0,1,1,0,0,1,1,1
204,0,1,1,1,0,1,1,3
204,0,1,1,2,0,1,1,7
204,0,1,2,0,0,1,1,1
204,0,1,2,1,0,1,1,3
204,0,1,2,2,0,1,1,7
204,0,1,3,0,0,1,1,1
204,0,1,3,1,0,1,1,3
204,0,1,3,2,0,1,1,7
204,0,2,1,0,1,1,1,1
204,0,2,1,1,1,1,1,1
204,0,2,1,2,1,1,1,1
204,0,2,2,0,0,1,1,1
204,0,2,2,1,0,1,1,3
204,0,2,2,2,0,1,1,7
204,0,2,3,0,0,1,1,1
204,0,2,3,1,0,1,1,3
204,0,2,3,2,0,1,1,7
204,0,3,1,0,0,1,1,1
204,0,3,1,1,0,1,1,3
204,0,3,1,2,0,1,1,7
204,0,3,2,0,0,1,1,1
204,0,3,2,1,0,1,1,3
204,0,3,2,2,0,1,1,7
204,0,3,3,0,0,1,1,1
204,0,3,3,1,0,1,1,3
204,0,3,3,2,0,1,1,7
204,0,4,1,0,0,1,1,1
204,0,4,1,1,0,1,1,3
204,0,4,1,2,0,1,1,7
204,0,4,2,0,0,1,1,1
204,0,4,2,1,0,1,1,3
204,0,4,2,2,0,1,1,7
204,0,4,3,0,0,1,1,1
204,0,4,3,1,0,1,1,3
204,0,4,3,2,0,1,1,7
204,0,5,1,0,1,1,1,1
204,0,5,1,1,1,1,1,1
204,0,5,1,2,1,1,1,1
204,0,5,2,0,0,1,1,1
204,0,5,2,1,0,1,1,3
204,0,5,2,2,0,1,1,7
204,0,5,3,0,0,1,1,1
204,0,5,3,1,0,1,1,3
204,0,5,3,2,0,1,1,7
204,0,6,1,0,0,1,1,1
204,0,6,1,1,0,1,1,3
204,0,6,1,2,0,1,1,7
204,0,6,2,0,1,1,1,1
204,0,6,2,1,1,1,1,1
204,0,6,2,2,1,1,1,1
204,0,6,3,0,0,1,1,1
204,0,6,3,1,0,1,1,3
204,0,6,3,2,0,1,1,7
204,0,7,1,0,0,1,1,1
204,0,7,1,1,0,1,1,3
204,0,7,1,2,0,1,1,7
204,0,7,2,0,1,1,1,1
204,0,7,2,1,1,1,1,1
204,0,7,2,2,1,1,1,1
204,0,7,3,0,0,1,1,1
204,0,7,3,1,0,1,1,3
204,0,7,3,2,0,1,1,7
204,0,8,1,0,1,1,1,1
204,0,8,1,1,1,1,1,1
204,0,8,1,2,1,1,1,1
204,0,8,2,0,1,1,1,1
204,0,8,2,1,1,1,1,1
204,0,8,2,2,1,1,1,1
204,0,8,3,0,1,1,1,1
204,0,8,3,1,1,1,1,1
204,0,8,3,2,1,1,1,1
204,1,0,1,0,0,1,1,1
204,1,0,1,1,0,1,1,3
204,1,0,1,2,0,1,1,19
204,1,0,2,0,0,1,1,1
204,1,0,2,1,0,1,1,3
204,1,0,2,2,0,1,1,19
204,1,0,3,0,0,1,1,1
204,1,0,3,1,0,1,1,3
204,1,0,3,2,0,1,1,19
204,1,1,1,0,0,1,1,1
204,1,1,1,1,0,1,1,3
204,1,1,1,2,0,1,1,19
204,1,1,2,0,0,1,1,1
204,1,1,2,1,0,1,1,3
204,1,1,2,2,0,1,1,19
204,1,1,3,0,0,1,1,1
204,1,1,3,1,0,1,1,3
204,1,1,3,2,0,1,1,19
204,1,2,1,0,1,1,1,1
204,1,2,1,1,1,1,1,1
204,1,2,1,2,1,1,1,1
204,1,2,2,0,0,1,1,1
204,1,2,2,1,0,1,1,3
204,1,2,2,2,0,1,1,19
204,1,2,3,0,0,1,1,1
204,1,2,3,1,0,1,1,3
204,1,2,3,2,0,1,1,19
204,1,3,1,0,0,1,1,1
204,1,3,1,1,0,1,1,3
204,1,3,1,2,0,1,1,19
204,1,3,2,0,0,1,1,1
204,1,3,2,1,0,1,1,3
204,1,3,2,2,0,1,1,19
204,1,3,3,0,0,1,1,1
204,1,3,3,1,0,1,1,3
204,1,3,3,2,0,1,1,19
204,1,4,1,0,0,1,1,1
204,1,4,1,1,0,1,1,3
204,1,4,1,2,0,1,1,19
204,1,4,2,0,0,1,1,1
204,1,4,2,1,0,1,1,3
204,1,4,2,2,0,1,1,19
204,1,4,3,0,0,1,1,1
204,1,4,3,1,0,1,1,3
204,1,4,3,2,0,1,1,19
204,1,5,1,0,1,1,1,1
204,1,5,1,1,1,1,1,1
204,1,5,1,2,1,1,1,1
204,1,5,2,0,0,1,1,1
204,1,5,2,1,0,1,1,3
204,1,5,2,2,0,1,1,19
204,1,5,3,0,0,1,1,1
204,1,5,3,1,0,1,1,3
204,1,5,3,2,0,1,1,19
204,1,6,1,0,0,1,1,1
204,1,6,1,1,0,1,1,3
204,1,6,1,2,0,1,1,19
204,1,6,2,0,1,1,1,1
204,1,6,2,1,1,1,1,1
204,1,6,2,2,1,1,1,1
204,1,6,3,0,0,1,1,1
204,1,6,3,1,0,1,1,3
204,1,6,3,2,0,1,1,19
204,1,7,1,0,0,1,1,1
204,1,7,1,1,0,1,1,3
204,1,7,1,2,0,1,1,19
204,1,7,2,0,1,1,1,1
204,1,7,2,1,1,1,1,1
204,1,7,2,2,1,1,1,1
204,1,7,3,0,0,1,1,1
204,1,7,3,1,0,1,1,3
204,1,7,3,2,0,1,1,19
204,1,8,1,0,1,1,1,1
204,1,8,1,1,1,1,1,1
204,1,8,1,2,1,1,1,1
204,1,8,2,0,1,1,1,1
204,1,8,2,1,1,1,1,1
204,1,8,2,2,1,1,1,1
204,1,8,3,0,1,1,1,1
204,1,8,3,1,1,1,1,1
204,1,8,3,2,1,1,1,1
205,0,0,1,0,0,1,1,1
205,0,0,1,1,0,1,1,3
205,0,0,1,2,0,1,1,7
205,0,0,2,0,0,1,1,1
205,0,0,2,1,0,1,1,3
205,0,0,2,2,0,1,1,7
205,0,0,3,0,0,1,1,1
205,0,0,3,1,0,1,1,3
205,0,0,3,2,0,1,1,7
205,0,1,1,0,0,1,1,1
205,0,1,1,1,0,1,1,3
205,0,1,1,2,0,1,1,7
205,0,1,2,0,0,1,1,1
205,0,1,2,1,0,1,1,3
205,0,1,2,2,0,1,1,7
205,0,1,3,0,0,1,1,1
205,0,1,3,1,0,1,1,3
205,0,1,3,2,0,1,1,7
205,0,2,1,0,1,1,1,1
205,0,2,1,1,1,1,1,1
205,0,2,1,2,1,1,1,1
205,0,2,2,0,0,1,1,1
205,0,2,2,1,0,1,1,3
205,0,2,2,2,0,1,1,7
205,0,2,3,0,0,1,1,1
205,0,2,3,1,0,1,1,3
205,0,2,3,2,0,1,1,7
205,0,3,1,0,0,1,1,1
205,0,3,1,1,0,1,1,3
205,0,3,1,2,0,1,1,7
205,0,3,2,0,0,1,1,1
205,0,3,2,1,0,1,1,3
205,0,3,2,2,0,1,1,7
205,0,3,3,0,0,1,1,1
205,0,3,3,1,0,1,1,3
205,0,3,3,2,0,1,1,7
205,0,4,1,0,0,1,1,1
205,0,4,1,1,0,1,1,3
205,0,4,1,2,0,1,1,7
205,0,4,2,0,0,1,1,1
205,0,4,2,1,0,1,1,3
205,0,4,2,2,0,1,1,7
205,0,4,3,0,0,1,1,1
205,0,4,3,1,0,1,1,3
205,0,4,3,2,0,1,1,7
205,0,5,1,0,1,1,1,1
205,0,5,1,1,1,1,1,1
205,0,5,1,2,1,1,1,1
205,0,5,2,0,0,1,1,1
205,0,5,2,1,0,1,1,3
205,0,5,2,2,0,1,1,7
205,0,5,3,0,0,1,1,1
205,0,5,3,1,0,1,1,3
205,0,5,3,2,0,1,1,7
205,0,6,1,0,0,1,1,1
205,0,6,1,1,0,1,1,3
205,0,6,1,2,0,1,1,7
205,0,6,2,0,1,1,1,1
205,0,6,2,1,1,1,1,1
205,0,6,2,2,1,1,1,1
205,0,6,3,0,0,1,1,1
205,0,6,3,1,0,1,1,3
205,0,6,3,2,0,1,1,7
205,0,7,1,0,0,1,1,1
205,0,7,1,1,0,1,1,3
205,0,7,1,2,0,1,1,7
205,0,7,2,0,1,1,1,1
205,0,7,2,1,1,1,1,1
205,0,7,2,2,1,1,1,1
205,0,7,3,0,0,1,1,1
205,0,7,3,1,0,1,1,3
205,0,7,3,2,0,1,1,7
205,0,8,1,0,1,1,1,1
205,0,8,1,1,1,1,1,1
205,0,8,1,2,1,1,1,1
205,0,8,2,0,1,1,1,1
205,0,8,2,1,1,1,1,1
205,0,8,2,2,1,1,1,1
205,0,8,3,0,1,1,1,1
205,0,8,3,1,1,1,1,1
205,0,8,3,2,1,1,1,1
205,1,0,1,0,0,1,1,1
205,1,0,1,1,0,1,1,3
205,1,0,1,2,0,1,1,19
205,1,0,2,0,0,1,1,1
205,1,0,2,1,0,1,1,3
205,1,0,2,2,0,1,1,19
205,1,0,3,0,0,1,1,1
205,1,0,3,1,0,1,1,3
205,1,0,3,2,0,1,1,19
205,1,1,1,0,0,1,1,1
205,1,1,1,1,0,1,1,3
205,1,1,1,2,0,1,1,19
205,1,1,2,0,0,1,1,1
205,1,1,2,1,0,1,1,3
205,1,1,2,2,0,1,1,19
205,1,1,3,0,0,1,1,1
205,1,1,3,1,0,1,1,3
205,1,1,3,2,0,1,1,19
205,1,2,1,0,1,1,1,1
205,1,2,1,1,1,1,1,1
205,1,2,1,2,1,1,1,1
205,1,2,2,0,0,1,1,1
205,1,2,2,1,0,1,1,3
205,1,2,2,2,0,1,1,19
205,1,2,3,0,0,1,1,1
205,1,2,3,1,0,1,1,3
205,1,2,3,2,0,1,1,19
205,1,3,1,0,0,1,1,1
205,1,3,1,1,0,1,1,3
205,1,3,1,2,0,1,1,19
205,1,3,2,0,0,1,1,1
205,1,3,2,1,0,1,1,3
205,1,3,2,2,0,1,1,19
205,1,3,3,0,0,1,1,1
205,1,3,3,1,0,1,1,3
205,1,3,3,2,0,1,1,19
205,1,4,1,0,0,1,1,1
205,1,4,1,1,0,1,1,3
205,1,4,1,2,0,1,1,19
205,1,4,2,0,0,1,1,1
205,1,4,2,1,0,1,1,3
205,1,4,2,2,0,1,1,19
205,1,4,3,0,0,1,1,1
205,1,4,3,1,0,1,1,3
205,1,4,3,2,0,1,1,19
205,1,5,1,0,1,1,1,1
205,1,5,1,1,1,1,1,1
205,1,5,1,2,1,1,1,1
205,1,5,2,0,0,1,1,1
205,1,5,2,1,0,1,1,3
205,1,5,2,2,0,1,1,19
205,1,5,3,0,0,1,1,1
205,1,5,3,1,0,1,1,3
205,1,5,3,2,0,1,1,19
205,1,6,1,0,0,1,1,1
205,1,6,1,1,0,1,1,3
205,1,6,1,2,0,1,1,19
205,1,6,2,0,1,1,1,1
205,1,6,2,1,1,1,1,1
205,1,6,2,2,1,1,1,1
205,1,6,3,0,0,1,1,1
205,1,6,3,1,0,1,1,3
205,1,6,3,2,0,1,1,19
205,1,7,1,0,0,1,1,1
205,1,7,1,1,0,1,1,3
205,1,7,1,2,0,1,1,19
205,1,7,2,0,1,1,1,1
205,1,7,2,1,1,1,1,1
205,1,7,2,2,1,1,1,1
205,1,7,3,0,0,1,1,1
205,1,7,3,1,0,1,1,3
205,1,7,3,2,0,1,1,19
205,1,8,1,0,1,1,1,1
205,1,8,1,1,1,1,1,1
205,1,8,1,2,1,1,1,1
205,1,8,2,0,1,1,1,1
205,1,8,2,1,1,1,1,1
205,1,8,2,2,1,1,1,1
205,1,8,3,0,1,1,1,1
205,1,8,3,1,1,1,1,1
205,1,8,3,2,1,1,1,1
206,0,0,1,0,0,1,1,1
206,0,0,1,1,0,1,1,3
206,0,0,1,2,0,1,1,7
206,0,0,2,0,0,1,1,1
206,0,0,2,1,0,1,1,3
206,0,0,2,2,0,1,1,7
206,0,0,3,0,0,1,1,1
206,0,0,3,1,0,1,1,3
206,0,0,3,2,0,1,1,7
206,0,1,1,0,0,1,1,1
206,0,1,1,1,0,1,1,3
206,0,1,1,2,0,1,1,7
206,0,1,2,0,0,1,1,1
206,0,1,2,1,0,1,1,3
206,0,1,2,2,0,1,1,7
206,0,1,3,0,0,1,1,1
206,0,1,3,1,0,1,1,3
206,0,1,3,2,0,1,1,7
206,0,2,1,0,1,1,1,1
206,0,2,1,1,1,1,1,1
206,0,2,1,2,1,1,1,1
206,0,2,2,0,0,1,1,1
206,0,2,2,1,0,1,1,3
206,0,2,2,2,0,1,1,7
206,0,2,3,0,0,1,1,1
206,0,2,3,1,0,1,1,3
206,0,2,3,2,0,1,1,7
206,0,3,1,0,0,1,1,1
206,0,3,1,1,0,1,1,3
206,0,3,1,2,0,1,1,7
206,0,3,2,0,0,1,1,1
206,0,3,2,1,0,1,1,3
206,0,3,2,2,0,1,1,7
206,0,3,3,0,0,1,1,1
206,0,3,3,1,0,1,1,3
206,0,3,3,2,0,1,1,7
206,0,4,1,0,0,1,1,1
206,0,4,1,1,0,1,1,3
206,0,4,1,2,0,1,1,7
206,0,4,2,0,0,1,1,1
206,0,4,2,1,0,1,1,3
206,0,4,2,2,0,1,1,7
206,0,4,3,0,0,1,1,1
206,0,4,3,1,0,1,1,3
206,0,4,3,2,0,1,1,7
206,0,5,1,0,1,1,1,1
206,0,5,1,1,1,1,1,1
206,0,5,1,2,1,1,1,1
206,0,5,2,0,0,1,1,1
206,0,5,2,1,0,1,1,3
206,0,5,2,2,0,1,1,7
206,0,5,3,0,0,1,1,1
206,0,5,3,1,0,1,1,3
206,0,5,3,2,0,1,1,7
206,0,6,1,0,0,1,1,1
206,0,6,1,1,0,1,1,3
206,0,6,1,2,0,1,1,7
206,0,6,2,0,1,1,1,1
206,0,6,2,1,1,1,1,1
206,0,6,2,2,1,1,1,1
206,0,6,3,0,0,1,1,1
206,0,6,3,1,0,1,1,3
206,0,6,3,2,0,1,1,7
206,0,7,1,0,0,1,1,1
206,0,7,1,1,1,1,1,2
206,0,7,1,2,1,1,1,2
206,0,7,2,0,1,1,1,1
206,0,7,2,1,1,1,1,1
206,0,7,2,2,1,1,1,1
206,0,7,3,0,0,1,1,1
206,0,7,3,1,0,1,1,3
206,0,7,3,2,0,1,1,7
206,0,8,1,0,1,1,1,1
206,0,8,1,1,1,1,1,1
206,0,8,1,2,1,1,1,1
206,0,8,2,0,1,1,1,1
206,0,8,2,1,1,1,1,1
206,0,8,2,2,1,1,1,1
206,0,8,3,0,1,1,1,1
206,0,8,3,1,1,1,1,1
206,0,8,3,2,1,1,1,1
206,1,0,1,0,0,1,1,1
206,1,0,1,1,0,1,1,3
206,1,0,1,2,0,1,1,19
206,1,0,2,0,0,1,1,1
206,1,0,2,1,0,1,1,3
206,1,0,2,2,0,1,1,19
206,1,0,3,0,0,1,1,1
206,1,0,3,1,0,1,1,3
206,1,0,3,2,0,1,1,19
206,1,1,1,0,0,1,1,1
206,1,1,1,1,0,1,1,3
206,1,1,1,2,0,1,1,19
206,1,1,2,0,0,1,1,1
206,1,1,2,1,0,1,1,3
206,1,1,2,2,0,1,1,19
206,1,1,3,0,0,1,1,1
206,1,1,3,1,0,1,1,3
206,1,1,3,2,0,1,1,19
206,1,2,1,0,1,1,1,1
206,1,2,1,1,1,1,1,1
206,1,2,1,2,1,1,1,1
206,1,2,2,0,0,1,1,1
206,1,2,2,1,0,1,1,3
206,1,2,2,2,0,1,1,19
206,1,2,3,0,0,1,1,1
206,1,2,3,1,0,1,1,3
206,1,2,3,2,0,1,1,19
206,1,3,1,0,0,1,1,1
206,1,3,1,1,0,1,1,3
206,1,3,1,2,0,1,1,19
206,1,3,2,0,0,1,1,1
206,1,3,2,1,0,1,1,3
206,1,3,2,2,0,1,1,19
206,1,3,3,0,0,1,1,1
206,1,3,3,1,0,1,1,3
206,1,3,3,2,0,1,1,19
206,1,4,1,0,0,1,1,1
206,1,4,1,1,0,1,1,3
206,1,4,1,2,0,1,1,19
206,1,4,2,0,0,1,1,1
206,1,4,2,1,0,1,1,3
206,1,4,2,2,0,1,1,19
206,1,4,3,0,0,1,1,1
206,1,4,3,1,0,1,1,3
206,1,4,3,2,0,1,1,19
206,1,5,1,0,1,1,1,1
206,1,5,1,1,1,1,1,1
206,1,5,1,2,1,1,1,1
206,1,5,2,0,0,1,1,1
206,1,5,2,1,0,1,1,3
206,1,5,2,2,0,1,1,19
206,1,5,3,0,0,1,1,1
206,1,5,3,1,0,1,1,3
206,1,5,3,2,0,1,1,19
206,1,6,1,0,0,1,1,1
206,1,6,1,1,0,1,1,3
206,1,6,1,2,0,1,1,19
206,1,6,2,0,1,1,1,1
206,1,6,2,1,1,1,1,1
206,1,6,2,2,1,1,1,1
206,1,6,3,0,0,1,1,1
206,1,6,3,1,0,1,1,3
206,1,6,3,2,0,1,1,19
206,1,7,1,0,0,1,1,1
206,1,7,1,1,1,1,1,2
206,1,7,1,2,1,1,1,2
206,1,7,2,0,1,1,1,1
206,1,7,2,1,1,1,1,1
206,1,7,2,2,1,1,1,1
206,1,7,3,0,0,1,1,1
206,1,7,3,1,0,1,1,3
206,1,7,3,2,1,1,1,5
206,1,8,1,0,1,1,1,1
206,1,8,1,1,1,1,1,1
206,1,8,1,2,1,1,1,1
206,1,8,2,0,1,1,1,1
206,1,8,2,1,1,1,1,1
206,1,8,2,2,1,1,1,1
206,1,8,3,0,1,1,1,1
206,1,8,3,1,1,1,1,1
206,1,8,3,2,1,1,1,1
207,0,0,1,0,0,1,1,1
207,0,0,1,1,0,1,1,3
207,0,0,1,2,0,1,1,7
207,0,0,2,0,0,1,1,1
207,0,0,2,1,0,1,1,3
207,0,0,2,2,0,1,1,7
207,0,0,3,0,0,1,1,1
207,0,0,3,1,0,1,1,3
207,0,0,3,2,0,1,1,7
207,0,1,1,0,0,1,1,1
207,0,1,1,1,0,1,1,3
207,0,1,1,2,0,1,1,7
207,0,1,2,0,0,1,1,1
207,0,1,2,1,0,1,1,3
207,0,1,2,2,0,1,1,7
207,0,1,3,0,0,1,1,1
207,0,1,3,1,0,1,1,3
207,0,1,3,2,0,1,1,7
207,0,2,1,0,1,1,1,1
207,0,2,1,1,1,1,1,1
207,0,2,1,2,1,1,1,1
207,0,2,2,0,0,1,1,1
207,0,2,2,1,0,1,1,3
207,0,2,2,2,0,1,1,7
207,0,2,3,0,0,1,1,1
207,0,2,3,1,0,1,1,3
207,0,2,3,2,0,1,1,7
207,0,3,1,0,0,1,1,1
207,0,3,1,1,0,1,1,3
207,0,3,1,2,0,1,1,7
207,0,3,2,0,0,1,1,1
207,0,3,2,1,0,1,1,3
207,0,3,2,2,0,1,1,7
207,0,3,3,0,0,1,1,1
207,0,3,3,1,0,1,1,3
207,0,3,3,2,0,1,1,7
207,0,4,1,0,0,1,1,1
207,0,4,1,1,0,1,1,3
207,0,4,1,2,0,1,1,7
207,0,4,2,0,0,1,1,1
207,0,4,2,1,0,1,1,3
207,0,4,2,2,0,1,1,7
207,0,4,3,0,0,1,1,1
207,0,4,3,1,0,1,1,3
207,0,4,3,2,0,1,1,7
207,0,5,1,0,1,1,1,1
207,0,5,1,1,1,1,1,1
207,0,5,1,2,1,1,1,1
207,0,5,2,0,0,1,1,1
207,0,5,2,1,0,1,1,3
207,0,5,2,2,0,1,1,7
207,0,5,3,0,0,1,1,1
207,0,5,3,1,0,1,1,3
207,0,5,3,2,0,1,1,7
207,0,6,1,0,0,1,1,1
207,0,6,1,1,0,1,1,3
207,0,6,1,2,0,1,1,7
207,0,6,2,0,1,1,1,1
207,0,6,2,1,1,1,1,1
207,0,6,2,2,1,1,1,1
207,0,6,3,0,0,1,1,1
207,0,6,3,1,0,1,1,3
207,0,6,3,2,0,1,1,7
207,0,7,1,0,0,1,1,1
207,0,7,1,1,0,1,1,3
207,0,7,1,2,0,1,1,7
207,0,7,2,0,1,1,1,1
207,0,7,2,1,1,1,1,1
207,0,7,2,2,1,1,1,1
207,0,7,3,0,0,1,1,1
207,0,7,3,1,0,1,1,3
207,0,7,3,2,0,1,1,7
207,0,8,1,0,1,1,1,1
207,0,8,1,1,1,1,1,1
207,0,8,1,2,1,1,1,1
207,0,8,2,0,1,1,1,1
207,0,8,2,1,1,1,1,1
207,0,8,2,2,1,1,1,1
207,0,8,3,0,1,1,1,1
207,0,8,3,1,1,1,1,1
207,0,8,3,2,1,1,1,1
207,1,0,1,0,0,1,1,1
207,1,0,1,1,0,1,1,3
207,1,0,1,2,0,1,1,19
207,1,0,2,0,0,1,1,1
207,1,0,2,1,0,1,1,3
207,1,0,2,2,0,1,1,19
207,1,0,3,0,0,1,1,1
207,1,0,3,1,0,1,1,3
207,1,0,3,2,0,1,1,19
207,1,1,1,0,0,1,1,1
207,1,1,1,1,0,1,1,3
207,1,1,1,2,0,1,1,19
207,1,1,2,0,0,1,1,1
207,1,1,2,1,0,1,1,3
207,1,1,2,2,0,1,1,19
207,1,1,3,0,0,1,1,1
207,1,1,3,1,0,1,1,3
207,1,1,3,2,0,1,1,19
207,1,2,1,0,1,1,1,1
207,1,2,1,1,1,1,1,1
207,1,2,1,2,1,1,1,1
207,1,2,2,0,0,1,1,1
207,1,2,2,1,0,1,1,3
207,1,2,2,2,0,1,1,19
207,1,2,3,0,0,1,1,1
207,1,2,3,1,0,1,1,3
207,1,2,3,2,0,1,1,19
207,1,3,1,0,0,1,1,1
207,1,3,1,1,0,1,1,3
207,1,3,1,2,0,1,1,19
207,1,3,2,0,0,1,1,1
207,1,3,2,1,0,1,1,3
207,1,3,2,2,0,1,1,19
207,1,3,3,0,0,1,1,1
207,1,3,3,1,0,1,1,3
207,1,3,3,2,0,1,1,19
207,1,4,1,0,0,1,1,1
207,1,4,1,1,0,1,1,3
207,1,4,1,2,0,1,1,19
207,1,4,2,0,0,1,1,1
207,1,4,2,1,0,1,1,3
207,1,4,2,2,0,1,1,19
207,1,4,3,0,0,1,1,1
207,1,4,3,1,0,1,1,3
207,1,4,3,2,0,1,1,19
207,1,5,1,0,1,1,1,1
207,1,5,1,1,1,1,1,1
207,1,5,1,2,1,1,1,1
207,1,5,2,0,0,1,1,1
207,1,5,2,1,0,1,1,3
207,1,5,2,2,0,1,1,19
207,1,5,3,0,0,1,1,1
207,1,5,3,1,0,1,1,3
207,1,5,3,2,0,1,1,19
207,1,6,1,0,0,1,1,1
207,1,6,1,1,0,1,1,3
207,1,6,1,2,0,1,1,19
207,1,6,2,0,1,1,1,1
207,1,6,2,1,1,1,1,1
207,1,6,2,2,1,1,1,1
207,1,6,3,0,0,1,1,1
207,1,6,3,1,0,1,1,3
207,1,6,3,2,0,1,1,19
207,1,7,1,0,0,1,1,1
207,1,7,1,1,0,1,1,3
207,1,7,1,2,0,1,1,19
207,1,7,2,0,1,1,1,1
207,1,7,2,1,1,1,1,1
207,1,7,2,2,1,1,1,1
207,1,7,3,0,0,1,1,1
207,1,7,3,1,0,1,1,3
207,1,7,3,2,0,1,1,19
207,1,8,1,0,1,1,1,1
207,1,8,1,1,1,1,1,1
207,1,8,1,2,1,1,1,1
207,1,8,2,0,1,1,1,1
207,1,8,2,1,1,1,1,1
207,1,8,2,2,1,1,1,1
207,1,8,3,0,1,1,1,1
207,1,8,3,1,1,1,1,1
207,1,8,3,2,1,1,1,1
208,0,0,1,0,0,1,1,1
208,0,0,1,1,0,1,1,3
208,0,0,1,2,0,1,1,5
208,0,0,2,0,0,1,1,1
208,0,0,2,1,0,1,1,3
208,0,0,2,2,0,1,1,5
208,0,0,3,0,0,1,1,1
208,0,0,3,1,0,1,1,3
208,0,0,3,2,0,1,1,5
208,0,1,1,0,0,1,1,1
208,0,1,1,1,0,1,1,3
208,0,1,1,2,0,1,1,5
208,0,1,2,0,0,1,1,1
208,0,1,2,1,0,1,1,3
208,0,1,2,2,0,1,1,5
208,0,1,3,0,0,1,1,1
208,0,1,3,1,0,1,1,3
208,0,1,3,2,0,1,1,5
208,0,2,1,0,1,1,1,1
208,0,2,1,1,1,1,1,1
208,0,2,1,2,1,1,1,1
208,0,2,2,0,0,1,1,1
208,0,2,2,1,0,1,1,3
208,0,2,2,2,0,1,1,5
208,0,2,3,0,0,1,1,1
208,0,2,3,1,0,1,1,3
208,0,2,3,2,0,1,1,5
208,0,3,1,0,0,1,1,1
208,0,3,1,1,0,1,1,3
208,0,3,1,2,0,1,1,5
208,0,3,2,0,0,1,1,1
208,0,3,2,1,0,1,1,3
208,0,3,2,2,0,1,1,5
208,0,3,3,0,0,1,1,1
208,0,3,3,1,0,1,1,3
208,0,3,3,2,0,1,1,5
208,0,4,1,0,0,1,1,1
208,0,4,1,1,0,1,1,3
208,0,4,1,2,0,1,1,5
208,0,4,2,0,0,1,1,1
208,0,4,2,1,0,1,1,3
208,0,4,2,2,0,1,1,5
208,0,4,3,0,0,1,1,1
208,0,4,3,1,0,1,1,3
208,0,4,3,2,0,1,1,5
208,0,5,1,0,1,1,1,1
208,0,5,1,1,1,1,1,1
208,0,5,1,2,1,1,1,1
208,0,5,2,0,0,1,1,1
208,0,5,2,1,0,1,1,3
208,0,5,2,2,0,1,1,5
208,0,5,3,0,0,1,1,1
208,0,5,3,1,0,1,1,3
208,0,5,3,2,0,1,1,5
208,0,6,1,0,0,1,1,1
208,0,6,1,1,0,1,1,3
208,0,6,1,2,0,1,1,5
208,0,6,2,0,1,1,1,1
208,0,6,2,1,1,1,1,1
208,0,6,2,2,1,1,1,1
208,0,6,3,0,0,1,1,1
208,0,6,3,1,0,1,1,3
208,0,6,3,2,0,1,1,5
208,0,7,1,0,0,1,1,1
208,0,7,1,1,0,1,1,3
208,0,7,1,2,0,1,1,5
208,0,7,2,0,1,1,1,1
208,0,7,2,1,1,1,1,1
208,0,7,2,2,1,1,1,1
208,0,7,3,0,0,1,1,1
208,0,7,3,1,0,1,1,3
208,0,7,3,2,0,1,1,5
208,0,8,1,0,1,1,1,1
208,0,8,1,1,1,1,1,1
208,0,8,1,2,1,1,1,1
208,0,8,2,0,1,1,1,1
208,0,8,2,1,1,1,1,1
208,0,8,2,2,1,1,1,1
208,0,8,3,0,1,1,1,1
208,0,8,3,1,1,1,1,1
208,0,8,3,2,1,1,1,1
208,1,0,1,0,0,1,1,1
208,1,0,1,1,0,1,1,3
208,1,0,1,2,0,1,1,11
208,1,0,2,0,0,1,1,1
208,1,0,2,1,0,1,1,3
208,1,0,2,2,0,1,1,11
208,1,0,3,0,0,1,1,1
208,1,0,3,1,0,1,1,3
208,1,0,3,2,0,1,1,11
208,1,1,1,0,0,1,1,1
208,1,1,1,1,0,1,1,3
208,1,1,1,2,0,1,1,11
208,1,1,2,0,0,1,1,1
208,1,1,2,1,0,1,1,3
208,1,1,2,2,0,1,1,11
208,1,1,3,0,0,1,1,1
208,1,1,3,1,0,1,1,3
208,1,1,3,2,0,1,1,11
208,1,2,1,0,1,1,1,1
208,1,2,1,1,1,1,1,1
208,1,2,1,2,1,1,1,1
208,1,2,2,0,0,1,1,1
208,1,2,2,1,0,1,1,3
208,1,2,2,2,0,1,1,11
208,1,2,3,0,0,1,1,1
208,1,2,3,1,0,1,1,3
208,1,2,3,2,0,1,1,11
208,1,3,1,0,0,1,1,1
208,1,3,1,1,0,1,1,3
208,1,3,1,2,0,1,1,11
208,1,3,2,0,0,1,1,1
208,1,3,2,1,0,1,1,3
208,1,3,2,2,0,1,1,11
208,1,3,3,0,0,1,1,1
208,1,3,3,1,0,1,1,3
208,1,3,3,2,0,1,1,11
208,1,4,1,0,0,1,1,1
208,1,4,1,1,0,1,1,3
208,1,4,1,2,0,1,1,11
208,1,4,2,0,0,1,1,1
208,1,4,2,1,0,1,1,3
208,1,4,2,2,0,1,1,11
208,1,4,3,0,0,1,1,1
208,1,4,3,1,0,1,1,3
208,1,4,3,2,0,1,1,11
208,1,5,1,0,1,1,1,1
208,1,5,1,1,1,1,1,1
208,1,5,1,2,1,1,1,1
208,1,5,2,0,0,1,1,1
208,1,5,2,1,0,1,1,3
208,1,5,2,2,0,1,1,11
208,1,5,3,0,0,1,1,1
208,1,5,3,1,0,1,1,3
208,1,5,3,2,0,1,1,11
208,1,6,1,0,0,1,1,1
208,1,6,1,1,0,1,1,3
208,1,6,1,2,0,1,1,11
208,1,6,2,0,1,1,1,1
208,1,6,2,1,1,1,1,1
208,1,6,2,2,1,1,1,1
208,1,6,3,0,0,1,1,1
208,1,6,3,1,0,1,1,3
208,1,6,3,2,0,1,1,11
208,1,7,1,0,0,1,1,1
208,1,7,1,1,0,1,1,3
208,1,7,1,2,0,1,1,11
208,1,7,2,0,1,1,1,1
208,1,7,2,1,1,1,1,1
208,1,7,2,2,1,1,1,1
208,1,7,3,0,0,1,1,1
208,1,7,3,1,0,1,1,3
208,1,7,3,2,0,1,1,11
208,1,8,1,0,1,1,1,1
208,1,8,1,1,1,1,1,1
208,1,8,1,2,1,1,1,1
208,1,8,2,0,1,1,1,1
208,1,8,2,1,1,1,1,1
208,1,8,2,2,1,1,1,1
208,1,8,3,0,1,1,1,1
208,1,8,3,1,1,1,1,1
208,1,8,3,2,1,1,1,1
209,0,0,1,0,0,1,1,1
209,0,0,1,1,0,1,1,3
209,0,0,1,2,0,1,1,7
209,0,0,2,0,0,1,1,1
209,0,0,2,1,0,1,1,3
209,0,0,2,2,0,1,1,7
209,0,0,3,0,0,1,1,1
209,0,0,3,1,0,1,1,3
209,0,0,3,2,0,1,1,7
209,0,1,1,0,0,1,1,1
209,0,1,1,1,0,1,1,3
209,0,1,1,2,0,1,1,7
209,0,1,2,0,0,1,1,1
209,0,1,2,1,0,1,1,3
209,0,1,2,2,0,1,1,7
209,0,1,3,0,0,1,1,1
209,0,1,3,1,0,1,1,3
209,0,1,3,2,0,1,1,7
209,0,2,1,0,1,1,1,1
209,0,2,1,1,1,1,1,1
209,0,2,1,2,1,1,1,1
209,0,2,2,0,0,1,1,1
209,0,2,2,1,0,1,1,3
209,0,2,2,2,0,1,1,7
209,0,2,3,0,0,1,1,1
209,0,2,3,1,0,1,1,3
209,0,2,3,2,0,1,1,7
209,0,3,1,0,0,1,1,1
209,0,3,1,1,0,1,1,3
209,0,3,1,2,0,1,1,7
209,0,3,2,0,0,1,1,1
209,0,3,2,1,0,1,1,3
209,0,3,2,2,0,1,1,7
209,0,3,3,0,0,1,1,1
209,0,3,3,1,0,1,1,3
209,0,3,3,2,0,1,1,7
209,0,4,1,0,0,1,1,1
209,0,4,1,1,0,1,1,3
209,0,4,1,2,0,1,1,7
209,0,4,2,0,0,1,1,1
209,0,4,2,1,0,1,1,3
209,0,4,2,2,0,1,1,7
209,0,4,3,0,0,1,1,1
209,0,4,3,1,0,1,1,3
209,0,4,3,2,0,1,1,7
209,0,5,1,0,1,1,1,1
209,0,5,1,1,1,1,1,1
209,0,5,1,2,1,1,1,1
209,0,5,2,0,0,1,1,1
209,0,5,2,1,0,1,1,3
209,0,5,2,2,0,1,1,7
209,0,5,3,0,0,1,1,1
209,0,5,3,1,0,1,1,3
209,0,5,3,2,0,1,1,7
209,0,6,1,0,0,1,1,1
209,0,6,1,1,0,1,1,3
209,0,6,1,2,0,1,1,7
209,0,6,2,0,1,1,1,1
209,0,6,2,1,1,1,1,1
209,0,6,2,2,1,1,1,1
209,0,6,3,0,0,1,1,1
209,0,6,3,1,0,1,1,3
209,0,6,3,2,0,1,1,7
209,0,7,1,0,0,1,1,1
209,0,7,1,1,0,1,1,3
209,0,7,1,2,0,1,1,7
209,0,7,2,0,1,1,1,1
209,0,7,2,1,1,1,1,1
209,0,7,2,2,1,1,1,1
209,0,7,3,0,0,1,1,1
209,0,7,3,1,0,1,1,3
209,0,7,3,2,0,1,1,7
209,0,8,1,0,1,1,1,1
209,0,8,1,1,1,1,1,1
209,0,8,1,2,1,1,1,1
209,0,8,2,0,1,1,1,1
209,0,8,2,1,1,1,1,1
209,0,8,2,2,1,1,1,1
209,0,8,3,0,1,1,1,1
209,0,8,3,1,1,1,1,1
209,0,8,3,2,1,1,1,1
209,1,0,1,0,0,1,1,1
209,1,0,1,1,0,1,1,3
209,1,0,1,2,0,1,1,13
209,1,0,2,0,0,1,1,1
209,1,0,2,1,0,1,1,3
209,1,0,2,2,0,1,1,13
209,1,0,3,0,0,1,1,1
209,1,0,3,1,0,1,1,3
209,1,0,3,2,0,1,1,13
209,1,1,1,0,0,1,1,1
209,1,1,1,1,0,1,1,3
209,1,1,1,2,0,1,1,13
209,1,1,2,0,0,1,1,1
209,1,1,2,1,0,1,1,3
209,1,1,2,2,0,1,1,13
209,1,1,3,0,0,1,1,1
209,1,1,3,1,0,1,1,3
209,1,1,3,2,0,1,1,13
209,1,2,1,0,1,1,1,1
209,1,2,1,1,1,1,1,1
209,1,2,1,2,1,1,1,1
209,1,2,2,0,0,1,1,1
209,1,2,2,1,0,1,1,3
209,1,2,2,2,0,1,1,13
209,1,2,3,0,0,1,1,1
209,1,2,3,1,0,1,1,3
209,1,2,3,2,0,1,1,13
209,1,3,1,0,0,1,1,1
209,1,3,1,1,0,1,1,3
209,1,3,1,2,0,1,1,13
209,1,3,2,0,0,1,1,1
209,1,3,2,1,0,1,1,3
209,1,3,2,2,0,1,1,13
209,1,3,3,0,0,1,1,1
209,1,3,3,1,0,1,1,3
209,1,3,3,2,0,1,1,13
209,1,4,1,0,0,1,1,1
209,1,4,1,1,0,1,1,3
209,1,4,1,2,0,1,1,13
209,1,4,2,0,0,1,1,1
209,1,4,2,1,0,1,1,3
209,1,4,2,2,0,1,1,13
209,1,4,3,0,0,1,1,1
209,1,4,3,1,0,1,1,3
209,1,4,3,2,0,1,1,13
209,1,5,1,0,1,1,1,1
209,1,5,1,1,1,1,1,1
209,1,5,1,2,1,1,1,1
209,1,5,2,0,0,1,1,1
209,1,5,2,1,0,1,1,3
209,1,5,2,2,0,1,1,13
209,1,5,3,0,0,1,1,1
209,1,5,3,1,0,1,1,3
209,1,5,3,2,0,1,1,13
209,1,6,1,0,0,1,1,1
209,1,6,1,1,0,1,1,3
209,1,6,1,2,0,1,1,13
209,1,6,2,0,1,1,1,1
209,1,6,2,1,1,1,1,1
209,1,6,2,2,1,1,1,1
209,1,6,3,0,0,1,1,1
209,1,6,3,1,0,1,1,3
209,1,6,3,2,0,1,1,13
209,1,7,1,0,0,1,1,1
209,1,7,1,1,0,1,1,3
209,1,7,1,2,0,1,1,13
209,1,7,2,0,1,1,1,1
209,1,7,2,1,1,1,1,1
209,1,7,2,2,1,1,1,1
209,1,7,3,0,0,1,1,1
209,1,7,3,1,0,1,1,3
209,1,7,3,2,0,1,1,13
209,1,8,1,0,1,1,1,1
209,1,8,1,1,1,1,1,1
209,1,8,1,2,1,1,1,1
209,1,8,2,0,1,1,1,1
209,1,8,2,1,1,1,1,1
209,1,8,2,2,1,1,1,1
209,1,8,3,0,1,1,1,1
209,1,8,3,1,1,1,1,1
209,1,8,3,2,1,1,1,1
210,0,0,1,0,0,1,1,1
210,0,0,1,1,0,1,1,3
210,0,0,1,2,0,1,1,7
210,0,0,2,0,0,1,1,1
210,0,0,2,1,0,1,1,3
210,0,0,2,2,0,1,1,7
210,0,0,3,0,0,1,1,1
210,0,0,3,1,0,1,1,3
210,0,0,3,2,0,1,1,7
210,0,1,1,0,0,1,1,1
210,0,1,1,1,0,1,1,3
210,0,1,1,2,0,1,1,7
210,0,1,2,0,0,1,1,1
210,0,1,2,1,0,1,1,3
210,0,1,2,2,0,1,1,7
210,0,1,3,0,0,1,1,1
210,0,1,3,1,0,1,1,3
210,0,1,3,2,0,1,1,7
210,0,2,1,0,1,1,1,1
210,0,2,1,1,1,1,1,1
210,0,2,1,2,1,1,1,1
210,0,2,2,0,0,1,1,1
210,0,2,2,1,0,1,1,3
210,0,2,2,2,0,1,1,7
210,0,2,3,0,0,1,1,1
210,0,2,3,1,0,1,1,3
210,0,2,3,2,0,1,1,7
210,0,3,1,0,0,1,1,1
210,0,3,1,1,0,1,1,3
210,0,3,1,2,0,1,1,7
210,0,3,2,0,0,1,1,1
210,0,3,2,1,0,1,1,3
210,0,3,2,2,0,1,1,7
210,0,3,3,0,0,1,1,1
210,0,3,3,1,0,1,1,3
210,0,3,3,2,0,1,1,7
210,0,4,1,0,0,1,1,1
210,0,4,1,1,0,1,1,3
210,0,4,1,2,0,1,1,7
210,0,4,2,0,0,1,1,1
210,0,4,2,1,0,1,1,3
210,0,4,2,2,0,1,1,7
210,0,4,3,0,0,1,1,1
210,0,4,3,1,0,1,1,3
210,0,4,3,2,0,1,1,7
210,0,5,1,0,1,1,1,1
210,0,5,1,1,1,1,1,1
210,0,5,1,2,1,1,1,1
210,0,5,2,0,0,1,1,1
210,0,5,2,1,0,1,1,3
210,0,5,2,2,0,1,1,7
210,0,5,3,0,0,1,1,1
210,0,5,3,1,0,1,1,3
210,0,5,3,2,0,1,1,7
210,0,6,1,0,0,1,1,1
210,0,6,1,1,0,1,1,3
210,0,6,1,2,0,1,1,7
210,0,6,2,0,1,1,1,1
210,0,6,2,1,1,1,1,1
210,0,6,2,2,1,1,1,1
210,0,6,3,0,0,1,1,1
210,0,6,3,1,0,1,1,3
210,0,6,3,2,0,1,1,7
210,0,7,1,0,0,1,1,1
210,0,7,1,1,1,1,1,2
210,0,7,1,2,1,1,1,2
210,0,7,2,0,1,1,1,1
210,0,7,2,1,1,1,1,1
210,0,7,2,2,1,1,1,1
210,0,7,3,0,0,1,1,1
210,0,7,3,1,0,1,1,3
210,0,7,3,2,0,1,1,7
210,0,8,1,0,1,1,1,1
210,0,8,1,1,1,1,1,1
210,0,8,1,2,1,1,1,1
210,0,8,2,0,1,1,1,1
210,0,8,2,1,1,1,1,1
210,0,8,2,2,1,1,1,1
210,0,8,3,0,1,1,1,1
210,0,8,3,1,1,1,1,1
210,0,8,3,2,1,1,1,1
210,1,0,1,0,0,1,1,1
210,1,0,1,1,0,1,1,3
210,1,0,1,2,0,1,1,13
210,1,0,2,0,0,1,1,1
210,1,0,2,1,0,1,1,3
210,1,0,2,2,0,1,1,13
210,1,0,3,0,0,1,1,1
210,1,0,3,1,0,1,1,3
210,1,0,3,2,0,1,1,13
210,1,1,1,0,0,1,1,1
210,1,1,1,1,0,1,1,3
210,1,1,1,2,0,1,1,13
210,1,1,2,0,0,1,1,1
210,1,1,2,1,0,1,1,3
210,1,1,2,2,0,1,1,13
210,1,1,3,0,0,1,1,1
210,1,1,3,1,0,1,1,3
210,1,1,3,2,0,1,1,13
210,1,2,1,0,1,1,1,1
210,1,2,1,1,1,1,1,1
210,1,2,1,2,1,1,1,1
210,1,2,2,0,0,1,1,1
210,1,2,2,1,0,1,1,3
210,1,2,2,2,0,1,1,13
210,1,2,3,0,0,1,1,1
210,1,2,3,1,0,1,1,3
210,1,2,3,2,0,1,1,13
210,1,3,1,0,0,1,1,1
210,1,3,1,1,0,1,1,3
210,1,3,1,2,0,1,1,13
210,1,3,2,0,0,1,1,1
210,1,3,2,1,0,1,1,3
210,1,3,2,2,0,1,1,13
210,1,3,3,0,0,1,1,1
210,1,3,3,1,0,1,1,3
210,1,3,3,2,0,1,1,13
210,1,4,1,0,0,1,1,1
210,1,4,1,1,0,1,1,3
210,1,4,1,2,0,1,1,13
210,1,4,2,0,0,1,1,1
210,1,4,2,1,0,1,1,3
210,1,4,2,2,0,1,1,13
210,1,4,3,0,0,1,1,1
210,1,4,3,1,0,1,1,3
210,1,4,3,2,0,1,1,13
210,1,5,1,0,1,1,1,1
210,1,5,1,1,1,1,1,1
210,1,5,1,2,1,1,1,1
210,1,5,2,0,0,1,1,1
210,1,5,2,1,0,1,1,3
210,1,5,2,2,0,1,1,13
210,1,5,3,0,0,1,1,1
210,1,5,3,1,0,1,1,3
210,1,5,3,2,0,1,1,13
210,1,6,1,0,0,1,1,1
210,1,6,1,1,0,1,1,3
210,1,6,1,2,0,1,1,13
210,1,6,2,0,1,1,1,1
210,1,6,2,1,1,1,1,1
210,1,6,2,2,1,1,1,1
210,1,6,3,0,0,1,1,1
210,1,6,3,1,0,1,1,3
210,1,6,3,2,0,1,1,13
210,1,7,1,0,0,1,1,1
210,1,7,1,1,1,1,1,2
210,1,7,1,2,1,1,1,2
210,1,7,2,0,1,1,1,1
210,1,7,2,1,1,1,1,1
210,1,7,2,2,1,1,1,1
210,1,7,3,0,0,1,1,1
210,1,7,3,1,0,1,1,3
210,1,7,3,2,1,1,1,8
210,1,8,1,0,1,1,1,1
210,1,8,1,1,1,1,1,1
210,1,8,1,2,1,1,1,1
210,1,8,2,0,1,1,1,1
210,1,8,2,1,1,1,1,1
210,1,8,2,2,1,1,1,1
210,1,8,3,0,1,1,1,1
210,1,8,3,1,1,1,1,1
210,1,8,3,2,1,1,1,1
211,0,0,1,0,0,1,1,1
211,0,0,1,1,0,1,1,3
211,0,0,1,2,0,1,1,7
211,0,0,2,0,0,1,1,1
211,0,0,2,1,0,1,1,3
211,0,0,2,2,0,1,1,7
211,0,0,3,0,0,1,1,1
211,0,0,3,1,0,1,1,3
211,0,0,3,2,0,1,1,7
211,0,1,1,0,0,1,1,1
211,0,1,1,1,0,1,1,3
211,0,1,1,2,0,1,1,7
211,0,1,2,0,0,1,1,1
211,0,1,2,1,0,1,1,3
211,0,1,2,2,0,1,1,7
211,0,1,3,0,0,1,1,1
211,0,1,3,1,0,1,1,3
211,0,1,3,2,0,1,1,7
211,0,2,1,0,1,1,1,1
211,0,2,1,1,1,1,1,1
211,0,2,1,2,1,1,1,1
211,0,2,2,0,0,1,1,1
211,0,2,2,1,0,1,1,3
211,0,2,2,2,0,1,1,7
211,0,2,3,0,0,1,1,1
211,0,2,3,1,0,1,1,3
211,0,2,3,2,0,1,1,7
211,0,3,1,0,0,1,1,1
211,0,3,1,1,0,1,1,3
211,0,3,1,2,0,1,1,7
211,0,3,2,0,0,1,1,1
211,0,3,2,1,0,1,1,3
211,0,3,2,2,0,1,1,7
211,0,3,3,0,0,1,1,1
211,0,3,3,1,0,1,1,3
211,0,3,3,2,0,1,1,7
211,0,4,1,0,0,1,1,1
211,0,4,1,1,0,1,1,3
211,0,4,1,2,0,1,1,7
211,0,4,2,0,0,1,1,1
211,0,4,2,1,0,1,1,3
211,0,4,2,2,0,1,1,7
211,0,4,3,0,0,1,1,1
211,0,4,3,1,0,1,1,3
211,0,4,3,2,0,1,1,7
211,0,5,1,0,1,1,1,1
211,0,5,1,1,1,1,1,1
211,0,5,1,2,1,1,1,1
211,0,5,2,0,0,1,1,1
211,0,5,2,1,0,1,1,3
211,0,5,2,2,0,1,1,7
211,0,5,3,0,0,1,1,1
211,0,5,3,1,0,1,1,3
211,0,5,3,2,0,1,1,7
211,0,6,1,0,0,1,1,1
211,0,6,1,1,0,1,1,3
211,0,6,1,2,0,1,1,7
211,0,6,2,0,1,1,1,1
211,0,6,2,1,1,1,1,1
211,0,6,2,2,1,1,1,1
211,0,6,3,0,0,1,1,1
211,0,6,3,1,0,1,1,3
211,0,6,3,2,0,1,1,7
211,0,7,1,0,0,1,1,1
211,0,7,1,1,0,1,1,3
211,0,7,1,2,0,1,1,7
211,0,7,2,0,1,1,1,1
211,0,7,2,1,1,1,1,1
211,0,7,2,2,1,1,1,1
211,0,7,3,0,0,1,1,1
211,0,7,3,1,0,1,1,3
211,0,7,3,2,0,1,1,7
211,0,8,1,0,1,1,1,1
211,0,8,1,1,1,1,1,1
211,0,8,1,2,1,1,1,1
211,0,8,2,0,1,1,1,1
211,0,8,2,1,1,1,1,1
211,0,8,2,2,1,1,1,1
211,0,8,3,0,1,1,1,1
211,0,8,3,1,1,1,1,1
211,0,8,3,2,1,1,1,1
211,1,0,1,0,0,1,1,1
211,1,0,1,1,0,1,1,3
211,1,0,1,2,0,1,1,19
211,1,0,2,0,0,1,1,1
211,1,0,2,1,0,1,1,3
211,1,0,2,2,0,1,1,19
211,1,0,3,0,0,1,1,1
211,1,0,3,1,0,1,1,3
211,1,0,3,2,0,1,1,19
211,1,1,1,0,0,1,1,1
211,1,1,1,1,0,1,1,3
211,1,1,1,2,0,1,1,19
211,1,1,2,0,0,1,1,1
211,1,1,2,1,0,1,1,3
211,1,1,2,2,0,1,1,19
211,1,1,3,0,0,1,1,1
211,1,1,3,1,0,1,1,3
211,1,1,3,2,0,1,1,19
211,1,2,1,0,1,1,1,1
211,1,2,1,1,1,1,1,1
211,1,2,1,2,1,1,1,1
211,1,2,2,0,0,1,1,1
211,1,2,2,1,0,1,1,3
211,1,2,2,2,0,1,1,19
211,1,2,3,0,0,1,1,1
211,1,2,3,1,0,1,1,3
211,1,2,3,2,0,1,1,19
211,1,3,1,0,0,1,1,1
211,1,3,1,1,0,1,1,3
211,1,3,1,2,0,1,1,19
211,1,3,2,0,0,1,1,1
211,1,3,2,1,0,1,1,3
211,1,3,2,2,0,1,1,19
211,1,3,3,0,0,1,1,1
211,1,3,3,1,0,1,1,3
211,1,3,3,2,0,1,1,19
211,1,4,1,0,0,1,1,1
211,1,4,1,1,0,1,1,3
211,1,4,1,2,0,1,1,19
211,1,4,2,0,0,1,1,1
211,1,4,2,1,0,1,1,3
211,1,4,2,2,0,1,1,19
211,1,4,3,0,0,1,1,1
211,1,4,3,1,0,1,1,3
211,1,4,3,2,0,1,1,19
211,1,5,1,0,1,1,1,1
211,1,5,1,1,1,1,1,1
211,1,5,1,2,1,1,1,1
211,1,5,2,0,0,1,1,1
211,1,5,2,1,0,1,1,3
211,1,5,2,2,0,1,1,19
211,1,5,3,0,0,1,1,1
211,1,5,3,1,0,1,1,3
211,1,5,3,2,0,1,1,19
211,1,6,1,0,0,1,1,1
211,1,6,1,1,0,1,1,3
211,1,6,1,2,0,1,1,19
211,1,6,2,0,1,1,1,1
211,1,6,2,1,1,1,1,1
211,1,6,2,2,1,1,1,1
211,1,6,3,0,0,1,1,1
211,1,6,3,1,0,1,1,3
211,1,6,3,2,0,1,1,19
211,1,7,1,0,0,1,1,1
211,1,7,1,1,0,1,1,3
211,1,7,1,2,0,1,1,19
211,1,7,2,0,1,1,1,1
211,1,7,2,1,1,1,1,1
211,1,7,2,2,1,1,1,1
211,1,7,3,0,0,1,1,1
211,1,7,3,1,0,1,1,3
211,1,7,3,2,0,1,1,19
211,1,8,1,0,1,1,1,1
211,1,8,1,1,1,1,1,1
211,1,8,1,2,1,1,1,1
211,1,8,2,0,1,1,1,1
211,1,8,2,1,1,1,1,1
211,1,8,2,2,1,1,1,1
211,1,8,3,0,1,1,1,1
211,1,8,3,1,1,1,1,1
211,1,8,3,2,1,1,1,1
212,0,0,1,0,0,1,1,1
212,0,0,1,1,0,1,1,3
212,0,0,1,2,0,1,1,7
212,0,0,2,0,0,1,1,1
212,0,0,2,1,0,1,1,3
212,0,0,2,2,0,1,1,7
212,0,0,3,0,0,1,1,1
212,0,0,3,1,0,1,1,3
212,0,0,3,2,0,1,1,7
212,0,1,1,0,0,1,1,1
212,0,1,1,1,0,1,1,3
212,0,1,1,2,0,1,1,7
212,0,1,2,0,0,1,1,1
212,0,1,2,1,0,1,1,3
212,0,1,2,2,0,1,1,7
212,0,1,3,0,0,1,1,1
212,0,1,3,1,0,1,1,3
212,0,1,3,2,0,1,1,7
212,0,2,1,0,1,1,1,1
212,0,2,1,1,1,1,1,1
212,0,2,1,2,1,1,1,1
212,0,2,2,0,0,1,1,1
212,0,2,2,1,0,1,1,3
212,0,2,2,2,0,1,1,7
212,0,2,3,0,0,1,1,1
212,0,2,3,1,0,1,1,3
212,0,2,3,2,0,1,1,7
212,0,3,1,0,0,1,1,1
212,0,3,1,1,0,1,1,3
212,0,3,1,2,0,1,1,7
212,0,3,2,0,0,1,1,1
212,0,3,2,1,0,1,1,3
212,0,3,2,2,0,1,1,7
212,0,3,3,0,0,1,1,1
212,0,3,3,1,0,1,1,3
212,0,3,3,2,0,1,1,7
212,0,4,1,0,0,1,1,1
212,0,4,1,1,0,1,1,3
212,0,4,1,2,0,1,1,7
212,0,4,2,0,0,1,1,1
212,0,4,2,1,0,1,1,3
212,0,4,2,2,0,1,1,7
212,0,4,3,0,0,1,1,1
212,0,4,3,1,0,1,1,3
212,0,4,3,2,0,1,1,7
212,0,5,1,0,1,1,1,1
212,0,5,1,1,1,1,1,1
212,0,5,1,2,1,1,1,1
212,0,5,2,0,0,1,1,1
212,0,5,2,1,1,1,1,2
212,0,5,2,2,1,1,1,2
212,0,5,3,0,0,1,1,1
212,0,5,3,1,0,1,1,3
212,0,5,3,2,0,1,1,7
212,0,6,1,0,0,1,1,1
212,0,6,1,1,0,1,1,3
212,0,6,1,2,0,1,1,7
212,0,6,2,0,1,1,1,1
212,0,6,2,1,1,1,1,1
212,0,6,2,2,1,1,1,1
212,0,6,3,0,0,1,1,1
212,0,6,3,1,0,1,1,3
212,0,6,3,2,0,1,1,7
212,0,7,1,0,0,1,1,1
212,0,7,1,1,0,1,1,3
212,0,7,1,2,0,1,1,7
212,0,7,2,0,1,1,1,1
212,0,7,2,1,1,1,1,1
212,0,7,2,2,1,1,1,1
212,0,7,3,0,0,1,1,1
212,0,7,3,1,0,1,1,3
212,0,7,3,2,0,1,1,7
212,0,8,1,0,1,1,1,1
212,0,8,1,1,1,1,1,1
212,0,8,1,2,1,1,1,1
212,0,8,2,0,1,1,1,1
212,0,8,2,1,1,1,1,1
212,0,8,2,2,1,1,1,1
212,0,8,3,0,1,1,1,1
212,0,8,3,1,1,1,1,1
212,0,8,3,2,1,1,1,1
212,1,0,1,0,0,1,1,1
212,1,0,1,1,0,1,1,3
212,1,0,1,2,0,1,1,13
212,1,0,2,0,0,1,1,1
212,1,0,2,1,0,1,1,3
212,1,0,2,2,0,1,1,13
212,1,0,3,0,0,1,1,1
212,1,0,3,1,0,1,1,3
212,1,0,3,2,0,1,1,13
212,1,1,1,0,0,1,1,1
212,1,1,1,1,0,1,1,3
212,1,1,1,2,0,1,1,13
212,1,1,2,0,0,1,1,1
212,1,1,2,1,0,1,1,3
212,1,1,2,2,0,1,1,13
212,1,1,3,0,0,1,1,1
212,1,1,3,1,0,1,1,3
212,1,1,3,2,0,1,1,13
212,1,2,1,0,1,1,1,1
212,1,2,1,1,1,1,1,1
212,1,2,1,2,1,1,1,1
212,1,2,2,0,0,1,1,1
212,1,2,2,1,0,1,1,3
212,1,2,2,2,0,1,1,13
212,1,2,3,0,0,1,1,1
212,1,2,3,1,0,1,1,3
212,1,2,3,2,0,1,1,13
212,1,3,1,0,0,1,1,1
212,1,3,1,1,0,1,1,3
212,1,3,1,2,0,1,1,13
212,1,3,2,0,0,1,1,1
212,1,3,2,1,0,1,1,3
212,1,3,2,2,0,1,1,13
212,1,3,3,0,0,1,1,1
212,1,3,3,1,0,1,1,3
212,1,3,3,2,0,1,1,13
212,1,4,1,0,0,1,1,1
212,1,4,1,1,0,1,1,3
212,1,4,1,2,0,1,1,13
212,1,4,2,0,0,1,1,1
212,1,4,2,1,0,1,1,3
212,1,4,2,2,0,1,1,13
212,1,4,3,0,0,1,1,1
212,1,4,3,1,0,1,1,3
212,1,4,3,2,0,1,1,13
212,1,5,1,0,1,1,1,1
212,1,5,1,1,1,1,1,1
212,1,5,1,2,1,1,1,1
212,1,5,2,0,0,1,1,1
212,1,5,2,1,1,1,1,2
212,1,5,2,2,1,1,1,2
212,1,5,3,0,0,1,1,1
212,1,5,3,1,0,1,1,3
212,1,5,3,2,1,1,1,6
212,1,6,1,0,0,1,1,1
212,1,6,1,1,0,1,1,3
212,1,6,1,2,0,1,1,13
212,1,6,2,0,1,1,1,1
212,1,6,2,1,1,1,1,1
212,1,6,2,2,1,1,1,1
212,1,6,3,0,0,1,1,1
212,1,6,3,1,0,1,1,3
212,1,6,3,2,0,1,1,13
212,1,7,1,0,0,1,1,1
212,1,7,1,1,0,1,1,3
212,1,7,1,2,0,1,1,13
212,1,7,2,0,1,1,1,1
212,1,7,2,1,1,1,1,1
212,1,7,2,2,1,1,1,1
212,1,7,3,0,0,1,1,1
212,1,7,3,1,0,1,1,3
212,1,7,3,2,0,1,1,13
212,1,8,1,0,1,1,1,1
212,1,8,1,1,1,1,1,1
212,1,8,1,2,1,1,1,1
212,1,8,2,0,1,1,1,1
212,1,8,2,1,1,1,1,1
212,1,8,2,2,1,1,1,1
212,1,8,3,0,1,1,1,1
212,1,8,3,1,1,1,1,1
212,1,8,3,2,1,1,1,1
213,0,0,1,0,0,1,1,1
213,0,0,1,1,0,1,1,3
213,0,0,1,2,0,1,1,7
213,0,0,2,0,0,1,1,1
213,0,0,2,1,0,1,1,3
213,0,0,2,2,0,1,1,7
213,0,0,3,0,0,1,1,1
213,0,0,3,1,0,1,1,3
213,0,0,3,2,0,1,1,7
213,0,1,1,0,0,1,1,1
213,0,1,1,1,0,1,1,3
213,0,1,1,2,0,1,1,7
213,0,1,2,0,0,1,1,1
213,0,1,2,1,0,1,1,3
213,0,1,2,2,0,1,1,7
213,0,1,3,0,0,1,1,1
213,0,1,3,1,0,1,1,3
213,0,1,3,2,0,1,1,7
213,0,2,1,0,1,1,1,1
213,0,2,1,1,1,1,1,1
213,0,2,1,2,1,1,1,1
213,0,2,2,0,0,1,1,1
213,0,2,2,1,0,1,1,3
213,0,2,2,2,0,1,1,7
213,0,2,3,0,0,1,1,1
213,0,2,3,1,0,1,1,3
213,0,2,3,2,0,1,1,7
213,0,3,1,0,0,1,1,1
213,0,3,1,1,0,1,1,3
213,0,3,1,2,0,1,1,7
213,0,3,2,0,0,1,1,1
213,0,3,2,1,0,1,1,3
213,0,3,2,2,0,1,1,7
213,0,3,3,0,0,1,1,1
213,0,3,3,1,0,1,1,3
213,0,3,3,2,0,1,1,7
213,0,4,1,0,0,1,1,1
213,0,4,1,1,0,1,1,3
213,0,4,1,2,0,1,1,7
213,0,4,2,0,0,1,1,1
213,0,4,2,1,0,1,1,3
213,0,4,2,2,0,1,1,7
213,0,4,3,0,0,1,1,1
213,0,4,3,1,0,1,1,3
213,0,4,3,2,0,1,1,7
213,0,5,1,0,1,1,1,1
213,0,5,1,1,1,1,1,1
213,0,5,1,2,1,1,1,1
213,0,5,2,0,0,1,1,1
213,0,5,2,1,1,1,1,2
213,0,5,2,2,1,1,1,2
213,0,5,3,0,0,1,1,1
213,0,5,3,1,1,1,1,2
213,0,5,3,2,1,1,1,2
213,0,6,1,0,0,1,1,1
213,0,6,1,1,0,1,1,3
213,0,6,1,2,0,1,1,7
213,0,6,2,0,1,1,1,1
213,0,6,2,1,1,1,1,1
213,0,6,2,2,1,1,1,1
213,0,6,3,0,0,1,1,1
213,0,6,3,1,0,1,1,3
213,0,6,3,2,0,1,1,7
213,0,7,1,0,0,1,1,1
213,0,7,1,1,0,1,1,3
213,0,7,1,2,0,1,1,7
213,0,7,2,0,1,1,1,1
213,0,7,2,1,1,1,1,1
213,0,7,2,2,1,1,1,1
213,0,7,3,0,0,1,1,1
213,0,7,3,1,0,1,1,3
213,0,7,3,2,0,1,1,7
213,0,8,1,0,1,1,1,1
213,0,8,1,1,1,1,1,1
213,0,8,1,2,1,1,1,1
213,0,8,2,0,1,1,1,1
213,0,8,2,1,1,1,1,1
213,0,8,2,2,1,1,1,1
213,0,8,3,0,1,1,1,1
213,0,8,3,1,1,1,1,1
213,0,8,3,2,1,1,1,1
213,1,0,1,0,0,1,1,1
213,1,0,1,1,0,1,1,3
213,1,0,1,2,0,1,1,13
213,1,0,2,0,0,1,1,1
213,1,0,2,1,0,1,1,3
213,1,0,2,2,0,1,1,13
213,1,0,3,0,0,1,1,1
213,1,0,3,1,0,1,1,3
213,1,0,3,2,0,1,1,13
213,1,1,1,0,0,1,1,1
213,1,1,1,1,0,1,1,3
213,1,1,1,2,0,1,1,13
213,1,1,2,0,0,1,1,1
213,1,1,2,1,0,1,1,3
213,1,1,2,2,0,1,1,13
213,1,1,3,0,0,1,1,1
213,1,1,3,1,0,1,1,3
213,1,1,3,2,0,1,1,13
213,1,2,1,0,1,1,1,1
213,1,2,1,1,1,1,1,1
213,1,2,1,2,1,1,1,1
213,1,2,2,0,0,1,1,1
213,1,2,2,1,0,1,1,3
213,1,2,2,2,0,1,1,13
213,1,2,3,0,0,1,1,1
213,1,2,3,1,0,1,1,3
213,1,2,3,2,0,1,1,13
213,1,3,1,0,0,1,1,1
213,1,3,1,1,0,1,1,3
213,1,3,1,2,0,1,1,13
213,1,3,2,0,0,1,1,1
213,1,3,2,1,0,1,1,3
213,1,3,2,2,0,1,1,13
213,1,3,3,0,0,1,1,1
213,1,3,3,1,0,1,1,3
213,1,3,3,2,0,1,1,13
213,1,4,1,0,0,1,1,1
213,1,4,1,1,0,1,1,3
213,1,4,1,2,0,1,1,13
213,1,4,2,0,0,1,1,1
213,1,4,2,1,0,1,1,3
213,1,4,2,2,0,1,1,13
213,1,4,3,0,0,1,1,1
213,1,4,3,1,0,1,1,3
213,1,4,3,2,0,1,1,13
213,1,5,1,0,1,1,1,1
213,1,5,1,1,1,1,1,1
213,1,5,1,2,1,1,1,1
213,1,5,2,0,0,1,1,1
213,1,5,2,1,1,1,1,2
213,1,5,2,2,1,1,1,2
213,1,5,3,0,0,1,1,1
213,1,5,3,1,1,1,1,2
213,1,5,3,2,1,1,1,2
213,1,6,1,0,0,1,1,1
213,1,6,1,1,0,1,1,3
213,1,6,1,2,0,1,1,13
213,1,6,2,0,1,1,1,1
213,1,6,2,1,1,1,1,1
213,1,6,2,2,1,1,1,1
213,1,6,3,0,0,1,1,1
213,1,6,3,1,0,1,1,3
213,1,6,3,2,0,1,1,13
213,1,7,1,0,0,1,1,1
213,1,7,1,1,0,1,1,3
213,1,7,1,2,0,1,1,13
213,1,7,2,0,1,1,1,1
213,1,7,2,1,1,1,1,1
213,1,7,2,2,1,1,1,1
213,1,7,3,0,0,1,1,1
213,1,7,3,1,0,1,1,3
213,1,7,3,2,0,1,1,13
213,1,8,1,0,1,1,1,1
213,1,8,1,1,1,1,1,1
213,1,8,1,2,1,1,1,1
213,1,8,2,0,1,1,1,1
213,1,8,2,1,1,1,1,1
213,1,8,2,2,1,1,1,1
213,1,8,3,0,1,1,1,1
213,1,8,3,1,1,1,1,1
213,1,8,3,2,1,1,1,1
214,0,0,1,0,0,1,1,1
214,0,0,1,1,0,1,1,3
214,0,0,1,2,0,1,1,7
214,0,0,2,0,0,1,1,1
214,0,0,2,1,0,1,1,3
214,0,0,2,2,0,1,1,7
214,0,0,3,0,0,1,1,1
214,0,0,3,1,0,1,1,3
214,0,0,3,2,0,1,1,7
214,0,1,1,0,0,1,1,1
214,0,1,1,1,0,1,1,3
214,0,1,1,2,0,1,1,7
214,0,1,2,0,0,1,1,1
214,0,1,2,1,0,1,1,3
214,0,1,2,2,0,1,1,7
214,0,1,3,0,0,1,1,1
214,0,1,3,1,0,1,1,3
214,0,1,3,2,0,1,1,7
214,0,2,1,0,1,1,1,1
214,0,2,1,1,1,1,1,1
214,0,2,1,2,1,1,1,1
214,0,2,2,0,0,1,1,1
214,0,2,2,1,0,1,1,3
214,0,2,2,2,0,1,1,7
214,0,2,3,0,0,1,1,1
214,0,2,3,1,0,1,1,3
214,0,2,3,2,0,1,1,7
214,0,3,1,0,0,1,1,1
214,0,3,1,1,0,1,1,3
214,0,3,1,2,0,1,1,7
214,0,3,2,0,0,1,1,1
214,0,3,2,1,0,1,1,3
214,0,3,2,2,0,1,1,7
214,0,3,3,0,0,1,1,1
214,0,3,3,1,0,1,1,3
214,0,3,3,2,0,1,1,7
214,0,4,1,0,0,1,1,1
214,0,4,1,1,0,1,1,3
214,0,4,1,2,0,1,1,7
214,0,4,2,0,0,1,1,1
214,0,4,2,1,0,1,1,3
214,0,4,2,2,0,1,1,7
214,0,4,3,0,0,1,1,1
214,0,4,3,1,0,1,1,3
214,0,4,3,2,0,1,1,7
214,0,5,1,0,1,1,1,1
214,0,5,1,1,1,1,1,1
214,0,5,1,2,1,1,1,1
214,0,5,2,0,0,1,1,1
214,0,5,2,1,1,1,1,2
214,0,5,2,2,1,1,1,2
214,0,5,3,0,0,1,1,1
214,0,5,3,1,0,1,1,3
214,0,5,3,2,0,1,1,7
214,0,6,1,0,0,1,1,1
214,0,6,1,1,0,1,1,3
214,0,6,1,2,0,1,1,7
214,0,6,2,0,1,1,1,1
214,0,6,2,1,1,1,1,1
214,0,6,2,2,1,1,1,1
214,0,6,3,0,0,1,1,1
214,0,6,3,1,0,1,1,3
214,0,6,3,2,0,1,1,7
214,0,7,1,0,0,1,1,1
214,0,7,1,1,1,1,1,2
214,0,7,1,2,1,1,1,2
214,0,7,2,0,1,1,1,1
214,0,7,2,1,1,1,1,1
214,0,7,2,2,1,1,1,1
214,0,7,3,0,0,1,1,1
214,0,7,3,1,0,1,1,3
214,0,7,3,2,0,1,1,7
214,0,8,1,0,1,1,1,1
214,0,8,1,1,1,1,1,1
214,0,8,1,2,1,1,1,1
214,0,8,2,0,1,1,1,1
214,0,8,2,1,1,1,1,1
214,0,8,2,2,1,1,1,1
214,0,8,3,0,1,1,1,1
214,0,8,3,1,1,1,1,1
214,0,8,3,2,1,1,1,1
214,1,0,1,0,0,1,1,1
214,1,0,1,1,0,1,1,3
214,1,0,1,2,0,1,1,19
214,1,0,2,0,0,1,1,1
214,1,0,2,1,0,1,1,3
214,1,0,2,2,0,1,1,19
214,1,0,3,0,0,1,1,1
214,1,0,3,1,0,1,1,3
214,1,0,3,2,0,1,1,19
214,1,1,1,0,0,1,1,1
214,1,1,1,1,0,1,1,3
214,1,1,1,2,0,1,1,19
214,1,1,2,0,0,1,1,1
214,1,1,2,1,0,1,1,3
214,1,1,2,2,0,1,1,19
214,1,1,3,0,0,1,1,1
214,1,1,3,1,0,1,1,3
214,1,1,3,2,0,1,1,19
214,1,2,1,0,1,1,1,1
214,1,2,1,1,1,1,1,1
214,1,2,1,2,1,1,1,1
214,1,2,2,0,0,1,1,1
214,1,2,2,1,0,1,1,3
214,1,2,2,2,0,1,1,19
214,1,2,3,0,0,1,1,1
214,1,2,3,1,0,1,1,3
214,1,2,3,2,0,1,1,19
214,1,3,1,0,0,1,1,1
214,1,3,1,1,0,1,1,3
214,1,3,1,2,0,1,1,19
214,1,3,2,0,0,1,1,1
214,1,3,2,1,0,1,1,3
214,1,3,2,2,0,1,1,19
214,1,3,3,0,0,1,1,1
214,1,3,3,1,0,1,1,3
214,1,3,3,2,0,1,1,19
214,1,4,1,0,0,1,1,1
214,1,4,1,1,0,1,1,3
214,1,4,1,2,0,1,1,19
214,1,4,2,0,0,1,1,1
214,1,4,2,1,0,1,1,3
214,1,4,2,2,0,1,1,19
214,1,4,3,0,0,1,1,1
214,1,4,3,1,0,1,1,3
214,1,4,3,2,0,1,1,19
214,1,5,1,0,1,1,1,1
214,1,5,1,1,1,1,1,1
214,1,5,1,2,1,1,1,1
214,1,5,2,0,0,1,1,1
214,1,5,2,1,1,1,1,2
214,1,5,2,2,1,1,1,2
214,1,5,3,0,0,1,1,1
214,1,5,3,1,0,1,1,3
214,1,5,3,2,1,1,1,3
214,1,6,1,0,0,1,1,1
214,1,6,1,1,0,1,1,3
214,1,6,1,2,0,1,1,19
214,1,6,2,0,1,1,1,1
214,1,6,2,1,1,1,1,1
214,1,6,2,2,1,1,1,1
214,1,6,3,0,0,1,1,1
214,1,6,3,1,0,1,1,3
214,1,6,3,2,0,1,1,19
214,1,7,1,0,0,1,1,1
214,1,7,1,1,1,1,1,2
214,1,7,1,2,1,1,1,2
214,1,7,2,0,1,1,1,1
214,1,7,2,1,1,1,1,1
214,1,7,2,2,1,1,1,1
214,1,7,3,0,0,1,1,1
214,1,7,3,1,0,1,1,3
214,1,7,3,2,1,1,1,5
214,1,8,1,0,1,1,1,1
214,1,8,1,1,1,1,1,1
214,1,8,1,2,1,1,1,1
214,1,8,2,0,1,1,1,1
214,1,8,2,1,1,1,1,1
214,1,8,2,2,1,1,1,1
214,1,8,3,0,1,1,1,1
214,1,8,3,1,1,1,1,1
214,1,8,3,2,1,1,1,1
215,0,0,1,0,0,1,1,1
215,0,0,1,1,0,1,1,3
215,0,0,1,2,0,1,1,7
215,0,0,2,0,0,1,1,1
215,0,0,2,1,0,1,1,3
215,0,0,2,2,0,1,1,7
215,0,0,3,0,0,1,1,1
215,0,0,3,1,0,1,1,3
215,0,0,3,2,0,1,1,7
215,0,1,1,0,0,1,1,1
215,0,1,1,1,0,1,1,3
215,0,1,1,2,0,1,1,7
215,0,1,2,0,0,1,1,1
215,0,1,2,1,0,1,1,3
215,0,1,2,2,0,1,1,7
215,0,1,3,0,0,1,1,1
215,0,1,3,1,0,1,1,3
215,0,1,3,2,0,1,1,7
215,0,2,1,0,1,1,1,1
215,0,2,1,1,1,1,1,1
215,0,2,1,2,1,1,1,1
215,0,2,2,0,0,1,1,1
215,0,2,2,1,0,1,1,3
215,0,2,2,2,0,1,1,7
215,0,2,3,0,0,1,1,1
215,0,2,3,1,0,1,1,3
215,0,2,3,2,0,1,1,7
215,0,3,1,0,0,1,1,1
215,0,3,1,1,0,1,1,3
215,0,3,1,2,0,1,1,7
215,0,3,2,0,0,1,1,1
215,0,3,2,1,0,1,1,3
215,0,3,2,2,0,1,1,7
215,0,3,3,0,0,1,1,1
215,0,3,3,1,0,1,1,3
215,0,3,3,2,0,1,1,7
215,0,4,1,0,0,1,1,1
215,0,4,1,1,0,1,1,3
215,0,4,1,2,0,1,1,7
215,0,4,2,0,0,1,1,1
215,0,4,2,1,0,1,1,3
215,0,4,2,2,0,1,1,7
215,0,4,3,0,0,1,1,1
215,0,4,3,1,0,1,1,3
215,0,4,3,2,0,1,1,7
215,0,5,1,0,1,1,1,1
215,0,5,1,1,1,1,1,1
215,0,5,1,2,1,1,1,1
215,0,5,2,0,0,1,1,1
215,0,5,2,1,1,1,1,2
215,0,5,2,2,1,1,1,2
215,0,5,3,0,0,1,1,1
215,0,5,3,1,0,1,1,3
215,0,5,3,2,0,1,1,7
215,0,6,1,0,0,1,1,1
215,0,6,1,1,0,1,1,3
215,0,6,1,2,0,1,1,7
215,0,6,2,0,1,1,1,1
215,0,6,2,1,1,1,1,1
215,0,6,2,2,1,1,1,1
215,0,6,3,0,0,1,1,1
215,0,6,3,1,0,1,1,3
215,0,6,3,2,0,1,1,7
215,0,7,1,0,0,1,1,1
215,0,7,1,1,0,1,1,3
215,0,7,1,2,0,1,1,7
215,0,7,2,0,1,1,1,1
215,0,7,2,1,1,1,1,1
215,0,7,2,2,1,1,1,1
215,0,7,3,0,0,1,1,1
215,0,7,3,1,0,1,1,3
215,0,7,3,2,0,1,1,7
215,0,8,1,0,1,1,1,1
215,0,8,1,1,1,1,1,1
215,0,8,1,2,1,1,1,1
215,0,8,2,0,1,1,1,1
215,0,8,2,1,1,1,1,1
215,0,8,2,2,1,1,1,1
215,0,8,3,0,1,1,1,1
215,0,8,3,1,1,1,1,1
215,0,8,3,2,1,1,1,1
215,1,0,1,0,0,1,1,1
215,1,0,1,1,0,1,1,3
215,1,0,1,2,0,1,1,19
215,1,0,2,0,0,1,1,1
215,1,0,2,1,0,1,1,3
215,1,0,2,2,0,1,1,19
215,1,0,3,0,0,1,1,1
215,1,0,3,1,0,1,1,3
215,1,0,3,2,0,1,1,19
215,1,1,1,0,0,1,1,1
215,1,1,1,1,0,1,1,3
215,1,1,1,2,0,1,1,19
215,1,1,2,0,0,1,1,1
215,1,1,2,1,0,1,1,3
215,1,1,2,2,0,1,1,19
215,1,1,3,0,0,1,1,1
215,1,1,3,1,0,1,1,3
215,1,1,3,2,0,1,1,19
215,1,2,1,0,1,1,1,1
215,1,2,1,1,1,1,1,1
215,1,2,1,2,1,1,1,1
215,1,2,2,0,0,1,1,1
215,1,2,2,1,0,1,1,3
215,1,2,2,2,0,1,1,19
215,1,2,3,0,0,1,1,1
215,1,2,3,1,0,1,1,3
215,1,2,3,2,0,1,1,19
215,1,3,1,0,0,1,1,1
215,1,3,1,1,0,1,1,3
215,1,3,1,2,0,1,1,19
215,1,3,2,0,0,1,1,1
215,1,3,2,1,0,1,1,3
215,1,3,2,2,0,1,1,19
215,1,3,3,0,0,1,1,1
215,1,3,3,1,0,1,1,3
215,1,3,3,2,0,1,1,19
215,1,4,1,0,0,1,1,1
215,1,4,1,1,0,1,1,3
215,1,4,1,2,0,1,1,19
215,1,4,2,0,0,1,1,1
215,1,4,2,1,0,1,1,3
215,1,4,2,2,0,1,1,19
215,1,4,3,0,0,1,1,1
215,1,4,3,1,0,1,1,3
215,1,4,3,2,0,1,1,19
215,1,5,1,0,1,1,1,1
215,1,5,1,1,1,1,1,1
215,1,5,1,2,1,1,1,1
215,1,5,2,0,0,1,1,1
215,1,5,2,1,1,1,1,2
215,1,5,2,2,1,1,1,2
215,1,5,3,0,0,1,1,1
215,1,5,3,1,0,1,1,3
215,1,5,3,2,1,1,1,3
215,1,6,1,0,0,1,1,1
215,1,6,1,1,0,1,1,3
215,1,6,1,2,0,1,1,19
215,1,6,2,0,1,1,1,1
215,1,6,2,1,1,1,1,1
215,1,6,2,2,1,1,1,1
215,1,6,3,0,0,1,1,1
215,1,6,3,1,0,1,1,3
215,1,6,3,2,0,1,1,19
215,1,7,1,0,0,1,1,1
215,1,7,1,1,0,1,1,3
215,1,7,1,2,0,1,1,19
215,1,7,2,0,1,1,1,1
215,1,7,2,1,1,1,1,1
215,1,7,2,2,1,1,1,1
215,1,7,3,0,0,1,1,1
215,1,7,3,1,0,1,1,3
215,1,7,3,2,0,1,1,19
215,1,8,1,0,1,1,1,1
215,1,8,1,1,1,1,1,1
215,1,8,1,2,1,1,1,1
215,1,8,2,0,1,1,1,1
215,1,8,2,1,1,1,1,1
215,1,8,2,2,1,1,1,1
215,1,8,3,0,1,1,1,1
215,1,8,3,1,1,1,1,1
215,1,8,3,2,1,1,1,1
216,0,0,1,0,0,1,1,1
216,0,0,1,1,0,1,1,3
216,0,0,1,2,0,1,1,7
216,0,0,2,0,0,1,1,1
216,0,0,2,1,0,1,1,3
216,0,0,2,2,0,1,1,7
216,0,0,3,0,0,1,1,1
216,0,0,3,1,0,1,1,3
216,0,0,3,2,0,1,1,7
216,0,1,1,0,0,1,1,1
216,0,1,1,1,0,1,1,3
216,0,1,1,2,0,1,1,7
216,0,1,2,0,0,1,1,1
216,0,1,2,1,0,1,1,3
216,0,1,2,2,0,1,1,7
216,0,1,3,0,0,1,1,1
216,0,1,3,1,0,1,1,3
216,0,1,3,2,0,1,1,7
216,0,2,1,0,1,1,1,1
216,0,2,1,1,1,1,1,1
216,0,2,1,2,1,1,1,1
216,0,2,2,0,0,1,1,1
216,0,2,2,1,0,1,1,3
216,0,2,2,2,0,1,1,7
216,0,2,3,0,0,1,1,1
216,0,2,3,1,0,1,1,3
216,0,2,3,2,0,1,1,7
216,0,3,1,0,0,1,1,1
216,0,3,1,1,0,1,1,3
216,0,3,1,2,0,1,1,7
216,0,3,2,0,0,1,1,1
216,0,3,2,1,0,1,1,3
216,0,3,2,2,0,1,1,7
216,0,3,3,0,0,1,1,1
216,0,3,3,1,0,1,1,3
216,0,3,3,2,0,1,1,7
216,0,4,1,0,0,1,1,1
216,0,4,1,1,0,1,1,3
216,0,4,1,2,0,1,1,7
216,0,4,2,0,0,1,1,1
216,0,4,2,1,0,1,1,3
216,0,4,2,2,0,1,1,7
216,0,4,3,0,0,1,1,1
216,0,4,3,1,0,1,1,3
216,0,4,3,2,0,1,1,7
216,0,5,1,0,1,1,1,1
216,0,5,1,1,1,1,1,1
216,0,5,1,2,1,1,1,1
216,0,5,2,0,0,1,1,1
216,0,5,2,1,0,1,1,3
216,0,5,2,2,0,1,1,7
216,0,5,3,0,0,1,1,1
216,0,5,3,1,0,1,1,3
216,0,5,3,2,0,1,1,7
216,0,6,1,0,0,1,1,1
216,0,6,1,1,0,1,1,3
216,0,6,1,2,0,1,1,7
216,0,6,2,0,1,1,1,1
216,0,6,2,1,1,1,1,1
216,0,6,2,2,1,1,1,1
216,0,6,3,0,0,1,1,1
216,0,6,3,1,0,1,1,3
216,0,6,3,2,0,1,1,7
216,0,7,1,0,0,1,1,1
216,0,7,1,1,0,1,1,3
216,0,7,1,2,0,1,1,7
216,0,7,2,0,1,1,1,1
216,0,7,2,1,1,1,1,1
216,0,7,2,2,1,1,1,1
216,0,7,3,0,0,1,1,1
216,0,7,3,1,0,1,1,3
216,0,7,3,2,0,1,1,7
216,0,8,1,0,1,1,1,1
216,0,8,1,1,1,1,1,1
216,0,8,1,2,1,1,1,1
216,0,8,2,0,1,1,1,1
216,0,8,2,1,1,1,1,1
216,0,8,2,2,1,1,1,1
216,0,8,3,0,1,1,1,1
216,0,8,3,1,1,1,1,1
216,0,8,3,2,1,1,1,1
216,1,0,1,0,0,1,1,1
216,1,0,1,1,0,1,1,3
216,1,0,1,2,0,1,1,13
216,1,0,2,0,0,1,1,1
216,1,0,2,1,0,1,1,3
216,1,0,2,2,0,1,1,13
216,1,0,3,0,0,1,1,1
216,1,0,3,1,0,1,1,3
216,1,0,3,2,0,1,1,13
216,1,1,1,0,0,1,1,1
216,1,1,1,1,0,1,1,3
216,1,1,1,2,0,1,1,13
216,1,1,2,0,0,1,1,1
216,1,1,2,1,0,1,1,3
216,1,1,2,2,0,1,1,13
216,1,1,3,0,0,1,1,1
216,1,1,3,1,0,1,1,3
216,1,1,3,2,0,1,1,13
216,1,2,1,0,1,1,1,1
216,1,2,1,1,1,1,1,1
216,1,2,1,2,1,1,1,1
216,1,2,2,0,0,1,1,1
216,1,2,2,1,0,1,1,3
216,1,2,2,2,0,1,1,13
216,1,2,3,0,0,1,1,1
216,1,2,3,1,0,1,1,3
216,1,2,3,2,0,1,1,13
216,1,3,1,0,0,1,1,1
216,1,3,1,1,0,1,1,3
216,1,3,1,2,0,1,1,13
216,1,3,2,0,0,1,1,1
216,1,3,2,1,0,1,1,3
216,1,3,2,2,0,1,1,13
216,1,3,3,0,0,1,1,1
216,1,3,3,1,0,1,1,3
216,1,3,3,2,0,1,1,13
216,1,4,1,0,0,1,1,1
216,1,4,1,1,0,1,1,3
216,1,4,1,2,0,1,1,13
216,1,4,2,0,0,1,1,1
216,1,4,2,1,0,1,1,3
216,1,4,2,2,0,1,1,13
216,1,4,3,0,0,1,1,1
216,1,4,3,1,0,1,1,3
216,1,4,3,2,0,1,1,13
216,1,5,1,0,1,1,1,1
216,1,5,1,1,1,1,1,1
216,1,5,1,2,1,1,1,1
216,1,5,2,0,0,1,1,1
216,1,5,2,1,0,1,1,3
216,1,5,2,2,0,1,1,13
216,1,5,3,0,0,1,1,1
216,1,5,3,1,0,1,1,3
216,1,5,3,2,0,1,1,13
216,1,6,1,0,0,1,1,1
216,1,6,1,1,0,1,1,3
216,1,6,1,2,0,1,1,13
216,1,6,2,0,1,1,1,1
216,1,6,2,1,1,1,1,1
216,1,6,2,2,1,1,1,1
216,1,6,3,0,0,1,1,1
216,1,6,3,1,0,1,1,3
216,1,6,3,2,0,1,1,13
216,1,7,1,0,0,1,1,1
216,1,7,1,1,0,1,1,3
216,1,7,1,2,0,1,1,13
216,1,7,2,0,1,1,1,1
216,1,7,2,1,1,1,1,1
216,1,7,2,2,1,1,1,1
216,1,7,3,0,0,1,1,1
216,1,7,3,1,0,1,1,3
216,1,7,3,2,0,1,1,13
216,1,8,1,0,1,1,1,1
216,1,8,1,1,1,1,1,1
216,1,8,1,2,1,1,1,1
216,1,8,2,0,1,1,1,1
216,1,8,2,1,1,1,1,1
216,1,8,2,2,1,1,1,1
216,1,8,3,0,1,1,1,1
216,1,8,3,1,1,1,1,1
216,1,8,3,2,1,1,1,1
217,0,0,1,0,0,1,1,1
217,0,0,1,1,0,1,1,3
217,0,0,1,2,0,1,1,7
217,0,0,2,0,0,1,1,1
217,0,0,2,1,0,1,1,3
217,0,0,2,2,0,1,1,7
217,0,0,3,0,0,1,1,1
217,0,0,3,1,0,1,1,3
217,0,0,3,2,0,1,1,7
217,0,1,1,0,0,1,1,1
217,0,1,1,1,0,1,1,3
217,0,1,1,2,0,1,1,7
217,0,1,2,0,0,1,1,1
217,0,1,2,1,0,1,1,3
217,0,1,2,2,0,1,1,7
217,0,1,3,0,0,1,1,1
217,0,1,3,1,0,1,1,3
217,0,1,3,2,0,1,1,7
217,0,2,1,0,1,1,1,1
217,0,2,1,1,1,1,1,1
217,0,2,1,2,1,1,1,1
217,0,2,2,0,0,1,1,1
217,0,2,2,1,0,1,1,3
217,0,2,2,2,0,1,1,7
217,0,2,3,0,0,1,1,1
217,0,2,3,1,0,1,1,3
217,0,2,3,2,0,1,1,7
217,0,3,1,0,0,1,1,1
217,0,3,1,1,0,1,1,3
217,0,3,1,2,0,1,1,7
217,0,3,2,0,0,1,1,1
217,0,3,2,1,0,1,1,3
217,0,3,2,2,0,1,1,7
217,0,3,3,0,0,1,1,1
217,0,3,3,1,0,1,1,3
217,0,3,3,2,0,1,1,7
217,0,4,1,0,0,1,1,1
217,0,4,1,1,0,1,1,3
217,0,4,1,2,0,1,1,7
217,0,4,2,0,0,1,1,1
217,0,4,2,1,0,1,1,3
217,0,4,2,2,0,1,1,7
217,0,4,3,0,0,1,1,1
217,0,4,3,1,0,1,1,3
217,0,4,3,2,0,1,1,7
217,0,5,1,0,1,1,1,1
217,0,5,1,1,1,1,1,1
217,0,5,1,2,1,1,1,1
217,0,5,2,0,0,1,1,1
217,0,5,2,1,0,1,1,3
217,0,5,2,2,0,1,1,7
217,0,5,3,0,0,1,1,1
217,0,5,3,1,0,1,1,3
217,0,5,3,2,0,1,1,7
217,0,6,1,0,0,1,1,1
217,0,6,1,1,0,1,1,3
217,0,6,1,2,0,1,1,7
217,0,6,2,0,1,1,1,1
217,0,6,2,1,1,1,1,1
217,0,6,2,2,1,1,1,1
217,0,6,3,0,0,1,1,1
217,0,6,3,1,0,1,1,3
217,0,6,3,2,0,1,1,7
217,0,7,1,0,0,1,1,1
217,0,7,1,1,0,1,1,3
217,0,7,1,2,0,1,1,7
217,0,7,2,0,1,1,1,1
217,0,7,2,1,1,1,1,1
217,0,7,2,2,1,1,1,1
217,0,7,3,0,0,1,1,1
217,0,7,3,1,0,1,1,3
217,0,7,3,2,0,1,1,7
217,0,8,1,0,1,1,1,1
217,0,8,1,1,1,1,1,1
217,0,8,1,2,1,1,1,1
217,0,8,2,0,1,1,1,1
217,0,8,2,1,1,1,1,1
217,0,8,2,2,1,1,1,1
217,0,8,3,0,1,1,1,1
217,0,8,3,1,1,1,1,1
217,0,8,3,2,1,1,1,1
217,1,0,1,0,0,1,1,1
217,1,0,1,1,0,1,1,3
217,1,0,1,2,0,1,1,19
217,1,0,2,0,0,1,1,1
217,1,0,2,1,0,1,1,3
217,1,0,2,2,0,1,1,19
217,1,0,3,0,0,1,1,1
217,1,0,3,1,0,1,1,3
217,1,0,3,2,0,1,1,19
217,1,1,1,0,0,1,1,1
217,1,1,1,1,0,1,1,3
217,1,1,1,2,0,1,1,19
217,1,1,2,0,0,1,1,1
217,1,1,2,1,0,1,1,3
217,1,1,2,2,0,1,1,19
217,1,1,3,0,0,1,1,1
217,1,1,3,1,0,1,1,3
217,1,1,3,2,0,1,1,19
217,1,2,1,0,1,1,1,1
217,1,2,1,1,1,1,1,1
217,1,2,1,2,1,1,1,1
217,1,2,2,0,0,1,1,1
217,1,2,2,1,0,1,1,3
217,1,2,2,2,0,1,1,19
217,1,2,3,0,0,1,1,1
217,1,2,3,1,0,1,1,3
217,1,2,3,2,0,1,1,19
217,1,3,1,0,0,1,1,1
217,1,3,1,1,0,1,1,3
217,1,3,1,2,0,1,1,19
217,1,3,2,0,0,1,1,1
217,1,3,2,1,0,1,1,3
217,1,3,2,2,0,1,1,19
217,1,3,3,0,0,1,1,1
217,1,3,3,1,0,1,1,3
217,1,3,3,2,0,1,1,19
217,1,4,1,0,0,1,1,1
217,1,4,1,1,0,1,1,3
217,1,4,1,2,0,1,1,19
217,1,4,2,0,0,1,1,1
217,1,4,2,1,0,1,1,3
217,1,4,2,2,0,1,1,19
217,1,4,3,0,0,1,1,1
217,1,4,3,1,0,1,1,3
217,1,4,3,2,0,1,1,19
217,1,5,1,0,1,1,1,1
217,1,5,1,1,1,1,1,1
217,1,5,1,2,1,1,1,1
217,1,5,2,0,0,1,1,1
217,1,5,2,1,0,1,1,3
217,1,5,2,2,0,1,1,19
217,1,5,3,0,0,1,1,1
217,1,5,3,1,0,1,1,3
217,1,5,3,2,0,1,1,19
217,1,6,1,0,0,1,1,1
217,1,6,1,1,0,1,1,3
217,1,6,1,2,0,1,1,19
217,1,6,2,0,1,1,1,1
217,1,6,2,1,1,1,1,1
217,1,6,2,2,1,1,1,1
217,1,6,3,0,0,1,1,1
217,1,6,3,1,0,1,1,3
217,1,6,3,2,0,1,1,19
217,1,7,1,0,0,1,1,1
217,1,7,1,1,0,1,1,3
217,1,7,1,2,0,1,1,19
217,1,7,2,0,1,1,1,1
217,1,7,2,1,1,1,1,1
217,1,7,2,2,1,1,1,1
217,1,7,3,0,0,1,1,1
217,1,7,3,1,0,1,1,3
217,1,7,3,2,0,1,1,19
217,1,8,1,0,1,1,1,1
217,1,8,1,1,1,1,1,1
217,1,8,1,2,1,1,1,1
217,1,8,2,0,1,1,1,1
217,1,8,2,1,1,1,1,1
217,1,8,2,2,1,1,1,1
217,1,8,3,0,1,1,1,1
217,1,8,3,1,1,1,1,1
217,1,8,3,2,1,1,1,1
218,0,0,1,0,0,1,1,1
218,0,0,1,1,0,1,1,3
218,0,0,1,2,0,1,1,7
218,0,0,2,0,0,1,1,1
218,0,0,2,1,0,1,1,3
218,0,0,2,2,0,1,1,7
218,0,0,3,0,0,1,1,1
218,0,0,3,1,0,1,1,3
218,0,0,3,2,0,1,1,7
218,0,1,1,0,0,1,1,1
218,0,1,1,1,0,1,1,3
218,0,1,1,2,0,1,1,7
218,0,1,2,0,0,1,1,1
218,0,1,2,1,0,1,1,3
218,0,1,2,2,0,1,1,7
218,0,1,3,0,0,1,1,1
218,0,1,3,1,0,1,1,3
218,0,1,3,2,0,1,1,7
218,0,2,1,0,1,1,1,1
218,0,2,1,1,1,1,1,1
218,0,2,1,2,1,1,1,1
218,0,2,2,0,0,1,1,1
218,0,2,2,1,0,1,1,3
218,0,2,2,2,0,1,1,7
218,0,2,3,0,0,1,1,1
218,0,2,3,1,0,1,1,3
218,0,2,3,2,0,1,1,7
218,0,3,1,0,0,1,1,1
218,0,3,1,1,0,1,1,3
218,0,3,1,2,0,1,1,7
218,0,3,2,0,0,1,1,1
218,0,3,2,1,0,1,1,3
218,0,3,2,2,0,1,1,7
218,0,3,3,0,0,1,1,1
218,0,3,3,1,0,1,1,3
218,0,3,3,2,0,1,1,7
218,0,4,1,0,0,1,1,1
218,0,4,1,1,0,1,1,3
218,0,4,1,2,0,1,1,7
218,0,4,2,0,0,1,1,1
218,0,4,2,1,0,1,1,3
218,0,4,2,2,0,1,1,7
218,0,4,3,0,0,1,1,1
218,0,4,3,1,0,1,1,3
218,0,4,3,2,0,1,1,7
218,0,5,1,0,1,1,1,1
218,0,5,1,1,1,1,1,1
218,0,5,1,2,1,1,1,1
218,0,5,2,0,0,1,1,1
218,0,5,2,1,0,1,1,3
218,0,5,2,2,0,1,1,7
218,0,5,3,0,0,1,1,1
218,0,5,3,1,0,1,1,3
218,0,5,3,2,0,1,1,7
218,0,6,1,0,0,1,1,1
218,0,6,1,1,0,1,1,3
218,0,6,1,2,0,1,1,7
218,0,6,2,0,1,1,1,1
218,0,6,2,1,1,1,1,1
218,0,6,2,2,1,1,1,1
218,0,6,3,0,0,1,1,1
218,0,6,3,1,0,1,1,3
218,0,6,3,2,0,1,1,7
218,0,7,1,0,0,1,1,1
218,0,7,1,1,1,1,1,2
218,0,7,1,2,1,1,1,2
218,0,7,2,0,1,1,1,1
218,0,7,2,1,1,1,1,1
218,0,7,2,2,1,1,1,1
218,0,7,3,0,0,1,1,1
218,0,7,3,1,1,1,1,2
218,0,7,3,2,1,1,1,2
218,0,8,1,0,1,1,1,1
218,0,8,1,1,1,1,1,1
218,0,8,1,2,1,1,1,1
218,0,8,2,0,1,1,1,1
218,0,8,2,1,1,1,1,1
218,0,8,2,2,1,1,1,1
218,0,8,3,0,1,1,1,1
218,0,8,3,1,1,1,1,1
218,0,8,3,2,1,1,1,1
218,1,0,1,0,0,1,1,1
218,1,0,1,1,0,1,1,3
218,1,0,1,2,0,1,1,13
218,1,0,2,0,0,1,1,1
218,1,0,2,1,0,1,1,3
218,1,0,2,2,0,1,1,13
218,1,0,3,0,0,1,1,1
218,1,0,3,1,0,1,1,3
218,1,0,3,2,0,1,1,13
218,1,1,1,0,0,1,1,1
218,1,1,1,1,0,1,1,3
218,1,1,1,2,0,1,1,13
218,1,1,2,0,0,1,1,1
218,1,1,2,1,0,1,1,3
218,1,1,2,2,0,1,1,13
218,1,1,3,0,0,1,1,1
218,1,1,3,1,0,1,1,3
218,1,1,3,2,0,1,1,13
218,1,2,1,0,1,1,1,1
218,1,2,1,1,1,1,1,1
218,1,2,1,2,1,1,1,1
218,1,2,2,0,0,1,1,1
218,1,2,2,1,0,1,1,3
218,1,2,2,2,0,1,1,13
218,1,2,3,0,0,1,1,1
218,1,2,3,1,0,1,1,3
218,1,2,3,2,0,1,1,13
218,1,3,1,0,0,1,1,1
218,1,3,1,1,0,1,1,3
218,1,3,1,2,0,1,1,13
218,1,3,2,0,0,1,1,1
218,1,3,2,1,0,1,1,3
218,1,3,2,2,0,1,1,13
218,1,3,3,0,0,1,1,1
218,1,3,3,1,0,1,1,3
218,1,3,3,2,0,1,1,13
218,1,4,1,0,0,1,1,1
218,1,4,1,1,0,1,1,3
218,1,4,1,2,0,1,1,13
218,1,4,2,0,0,1,1,1
218,1,4,2,1,0,1,1,3
218,1,4,2,2,0,1,1,13
218,1,4,3,0,0,1,1,1
218,1,4,3,1,0,1,1,3
218,1,4,3,2,0,1,1,13
218,1,5,1,0,1,1,1,1
218,1,5,1,1,1,1,1,1
218,1,5,1,2,1,1,1,1
218,1,5,2,0,0,1,1,1
218,1,5,2,1,0,1,1,3
218,1,5,2,2,0,1,1,13
218,1,5,3,0,0,1,1,1
218,1,5,3,1,0,1,1,3
218,1,5,3,2,0,1,1,13
218,1,6,1,0,0,1,1,1
218,1,6,1,1,0,1,1,3
218,1,6,1,2,0,1,1,13
218,1,6,2,0,1,1,1,1
218,1,6,2,1,1,1,1,1
218,1,6,2,2,1,1,1,1
218,1,6,3,0,0,1,1,1
218,1,6,3,1,0,1,1,3
218,1,6,3,2,0,1,1,13
218,1,7,1,0,0,1,1,1
218,1,7,1,1,1,1,1,2
218,1,7,1,2,1,1,1,2
218,1,7,2,0,1,1,1,1
218,1,7,2,1,1,1,1,1
218,1,7,2,2,1,1,1,1
218,1,7,3,0,0,1,1,1
218,1,7,3,1,1,1,1,2
218,1,7,3,2,1,1,1,2
218,1,8,1,0,1,1,1,1
218,1,8,1,1,1,1,1,1
218,1,8,1,2,1,1,1,1
218,1,8,2,0,1,1,1,1
218,1,8,2,1,1,1,1,1
218,1,8,2,2,1,1,1,1
218,1,8,3,0,1,1,1,1
218,1,8,3,1,1,1,1,1
218,1,8,3,2,1,1,1,1
219,0,0,1,0,0,1,1,1
219,0,0,1,1,0,1,1,3
219,0,0,1,2,0,1,1,7
219,0,0,2,0,0,1,1,1
219,0,0,2,1,0,1,1,3
219,0,0,2,2,0,1,1,7
219,0,0,3,0,0,1,1,1
219,0,0,3,1,0,1,1,3
219,0,0,3,2,0,1,1,7
219,0,1,1,0,0,1,1,1
219,0,1,1,1,0,1,1,3
219,0,1,1,2,0,1,1,7
219,0,1,2,0,0,1,1,1
219,0,1,2,1,0,1,1,3
219,0,1,2,2,0,1,1,7
219,0,1,3,0,0,1,1,1
219,0,1,3,1,0,1,1,3
219,0,1,3,2,0,1,1,7
219,0,2,1,0,1,1,1,1
219,0,2,1,1,1,1,1,1
219,0,2,1,2,1,1,1,1
219,0,2,2,0,0,1,1,1
219,0,2,2,1,0,1,1,3
219,0,2,2,2,0,1,1,7
219,0,2,3,0,0,1,1,1
219,0,2,3,1,0,1,1,3
219,0,2,3,2,0,1,1,7
219,0,3,1,0,0,1,1,1
219,0,3,1,1,0,1,1,3
219,0,3,1,2,0,1,1,7
219,0,3,2,0,0,1,1,1
219,0,3,2,1,0,1,1,3
219,0,3,2,2,0,1,1,7
219,0,3,3,0,0,1,1,1
219,0,3,3,1,0,1,1,3
219,0,3,3,2,0,1,1,7
219,0,4,1,0,0,1,1,1
219,0,4,1,1,0,1,1,3
219,0,4,1,2,0,1,1,7
219,0,4,2,0,0,1,1,1
219,0,4,2,1,0,1,1,3
219,0,4,2,2,0,1,1,7
219,0,4,3,0,0,1,1,1
219,0,4,3,1,0,1,1,3
219,0,4,3,2,0,1,1,7
219,0,5,1,0,1,1,1,1
219,0,5,1,1,1,1,1,1
219,0,5,1,2,1,1,1,1
219,0,5,2,0,0,1,1,1
219,0,5,2,1,0,1,1,3
219,0,5,2,2,0,1,1,7
219,0,5,3,0,0,1,1,1
219,0,5,3,1,0,1,1,3
219,0,5,3,2,0,1,1,7
219,0,6,1,0,0,1,1,1
219,0,6,1,1,0,1,1,3
219,0,6,1,2,0,1,1,7
219,0,6,2,0,1,1,1,1
219,0,6,2,1,1,1,1,1
219,0,6,2,2,1,1,1,1
219,0,6,3,0,0,1,1,1
219,0,6,3,1,0,1,1,3
219,0,6,3,2,0,1,1,7
219,0,7,1,0,0,1,1,1
219,0,7,1,1,0,1,1,3
219,0,7,1,2,0,1,1,7
219,0,7,2,0,1,1,1,1
219,0,7,2,1,1,1,1,1
219,0,7,2,2,1,1,1,1
219,0,7,3,0,0,1,1,1
219,0,7,3,1,0,1,1,3
219,0,7,3,2,0,1,1,7
219,0,8,1,0,1,1,1,1
219,0,8,1,1,1,1,1,1
219,0,8,1,2,1,1,1,1
219,0,8,2,0,1,1,1,1
219,0,8,2,1,1,1,1,1
219,0,8,2,2,1,1,1,1
219,0,8,3,0,1,1,1,1
219,0,8,3,1,1,1,1,1
219,0,8,3,2,1,1,1,1
219,1,0,1,0,0,1,1,1
219,1,0,1,1,0,1,1,3
219,1,0,1,2,0,1,1,19
219,1,0,2,0,0,1,1,1
219,1,0,2,1,0,1,1,3
219,1,0,2,2,0,1,1,19
219,1,0,3,0,0,1,1,1
219,1,0,3,1,0,1,1,3
219,1,0,3,2,0,1,1,19
219,1,1,1,0,0,1,1,1
219,1,1,1,1,0,1,1,3
219,1,1,1,2,0,1,1,19
219,1,1,2,0,0,1,1,1
219,1,1,2,1,0,1,1,3
219,1,1,2,2,0,1,1,19
219,1,1,3,0,0,1,1,1
219,1,1,3,1,0,1,1,3
219,1,1,3,2,0,1,1,19
219,1,2,1,0,1,1,1,1
219,1,2,1,1,1,1,1,1
219,1,2,1,2,1,1,1,1
219,1,2,2,0,0,1,1,1
219,1,2,2,1,0,1,1,3
219,1,2,2,2,0,1,1,19
219,1,2,3,0,0,1,1,1
219,1,2,3,1,0,1,1,3
219,1,2,3,2,0,1,1,19
219,1,3,1,0,0,1,1,1
219,1,3,1,1,0,1,1,3
219,1,3,1,2,0,1,1,19
219,1,3,2,0,0,1,1,1
219,1,3,2,1,0,1,1,3
219,1,3,2,2,0,1,1,19
219,1,3,3,0,0,1,1,1
219,1,3,3,1,0,1,1,3
219,1,3,3,2,0,1,1,19
219,1,4,1,0,0,1,1,1
219,1,4,1,1,0,1,1,3
219,1,4,1,2,0,1,1,19
219,1,4,2,0,0,1,1,1
219,1,4,2,1,0,1,1,3
219,1,4,2,2,0,1,1,19
219,1,4,3,0,0,1,1,1
219,1,4,3,1,0,1,1,3
219,1,4,3,2,0,1,1,19
219,1,5,1,0,1,1,1,1
219,1,5,1,1,1,1,1,1
219,1,5,1,2,1,1,1,1
219,1,5,2,0,0,1,1,1
219,1,5,2,1,0,1,1,3
219,1,5,2,2,0,1,1,19
219,1,5,3,0,0,1,1,1
219,1,5,3,1,0,1,1,3
219,1,5,3,2,0,1,1,19
219,1,6,1,0,0,1,1,1
219,1,6,1,1,0,1,1,3
219,1,6,1,2,0,1,1,19
219,1,6,2,0,1,1,1,1
219,1,6,2,1,1,1,1,1
219,1,6,2,2,1,1,1,1
219,1,6,3,0,0,1,1,1
219,1,6,3,1,0,1,1,3
219,1,6,3,2,0,1,1,19
219,1,7,1,0,0,1,1,1
219,1,7,1,1,0,1,1,3
219,1,7,1,2,0,1,1,19
219,1,7,2,0,1,1,1,1
219,1,7,2,1,1,1,1,1
219,1,7,2,2,1,1,1,1
219,1,7,3,0,0,1,1,1
219,1,7,3,1,0,1,1,3
219,1,7,3,2,0,1,1,19
219,1,8,1,0,1,1,1,1
219,1,8,1,1,1,1,1,1
219,1,8,1,2,1,1,1,1
219,1,8,2,0,1,1,1,1
219,1,8,2,1,1,1,1,1
219,1,8,2,2,1,1,1,1
219,1,8,3,0,1,1,1,1
219,1,8,3,1,1,1,1,1
219,1,8,3,2,1,1,1,1
220,0,0,1,0,0,1,1,1
220,0,0,1,1,0,1,1,3
220,0,0,1,2,0,1,1,7
220,0,0,2,0,0,1,1,1
220,0,0,2,1,0,1,1,3
220,0,0,2,2,0,1,1,7
220,0,0,3,0,0,1,1,1
220,0,0,3,1,0,1,1,3
220,0,0,3,2,0,1,1,7
220,0,1,1,0,0,1,1,1
220,0,1,1,1,0,1,1,3
220,0,1,1,2,0,1,1,7
220,0,1,2,0,0,1,1,1
220,0,1,2,1,0,1,1,3
220,0,1,2,2,0,1,1,7
220,0,1,3,0,0,1,1,1
220,0,1,3,1,0,1,1,3
220,0,1,3,2,0,1,1,7
220,0,2,1,0,1,1,1,1
220,0,2,1,1,1,1,1,1
220,0,2,1,2,1,1,1,1
220,0,2,2,0,0,1,1,1
220,0,2,2,1,0,1,1,3
220,0,2,2,2,0,1,1,7
220,0,2,3,0,0,1,1,1
220,0,2,3,1,0,1,1,3
220,0,2,3,2,0,1,1,7
220,0,3,1,0,0,1,1,1
220,0,3,1,1,0,1,1,3
220,0,3,1,2,0,1,1,7
220,0,3,2,0,0,1,1,1
220,0,3,2,1,0,1,1,3
220,0,3,2,2,0,1,1,7
220,0,3,3,0,0,1,1,1
220,0,3,3,1,0,1,1,3
220,0,3,3,2,0,1,1,7
220,0,4,1,0,0,1,1,1
220,0,4,1,1,0,1,1,3
220,0,4,1,2,0,1,1,7
220,0,4,2,0,0,1,1,1
220,0,4,2,1,0,1,1,3
220,0,4,2,2,0,1,1,7
220,0,4,3,0,0,1,1,1
220,0,4,3,1,0,1,1,3
220,0,4,3,2,0,1,1,7
220,0,5,1,0,1,1,1,1
220,0,5,1,1,1,1,1,1
220,0,5,1,2,1,1,1,1
220,0,5,2,0,0,1,1,1
220,0,5,2,1,0,1,1,3
220,0,5,2,2,0,1,1,7
220,0,5,3,0,0,1,1,1
220,0,5,3,1,0,1,1,3
220,0,5,3,2,0,1,1,7
220,0,6,1,0,0,1,1,1
220,0,6,1,1,0,1,1,3
220,0,6,1,2,0,1,1,7
220,0,6,2,0,1,1,1,1
220,0,6,2,1,1,1,1,1
220,0,6,2,2,1,1,1,1
220,0,6,3,0,0,1,1,1
220,0,6,3,1,0,1,1,3
220,0,6,3,2,0,1,1,7
220,0,7,1,0,0,1,1,1
220,0,7,1,1,0,1,1,3
220,0,7,1,2,0,1,1,7
220,0,7,2,0,1,1,1,1
220,0,7,2,1,1,1,1,1
220,0,7,2,2,1,1,1,1
220,0,7,3,0,0,1,1,1
220,0,7,3,1,0,1,1,3
220,0,7,3,2,0,1,1,7
220,0,8,1,0,1,1,1,1
220,0,8,1,1,1,1,1,1
220,0,8,1,2,1,1,1,1
220,0,8,2,0,1,1,1,1
220,0,8,2,1,1,1,1,1
220,0,8,2,2,1,1,1,1
220,0,8,3,0,1,1,1,1
220,0,8,3,1,1,1,1,1
220,0,8,3,2,1,1,1,1
220,1,0,1,0,0,1,1,1
220,1,0,1,1,0,1,1,3
220,1,0,1,2,0,1,1,19
220,1,0,2,0,0,1,1,1
220,1,0,2,1,0,1,1,3
220,1,0,2,2,0,1,1,19
220,1,0,3,0,0,1,1,1
220,1,0,3,1,0,1,1,3
220,1,0,3,2,0,1,1,19
220,1,1,1,0,0,1,1,1
220,1,1,1,1,0,1,1,3
220,1,1,1,2,0,1,1,19
220,1,1,2,0,0,1,1,1
220,1,1,2,1,0,1,1,3
220,1,1,2,2,0,1,1,19
220,1,1,3,0,0,1,1,1
220,1,1,3,1,0,1,1,3
220,1,1,3,2,0,1,1,19
220,1,2,1,0,1,1,1,1
220,1,2,1,1,1,1,1,1
220,1,2,1,2,1,1,1,1
220,1,2,2,0,0,1,1,1
220,1,2,2,1,0,1,1,3
220,1,2,2,2,0,1,1,19
220,1,2,3,0,0,1,1,1
220,1,2,3,1,0,1,1,3
220,1,2,3,2,0,1,1,19
220,1,3,1,0,0,1,1,1
220,1,3,1,1,0,1,1,3
220,1,3,1,2,0,1,1,19
220,1,3,2,0,0,1,1,1
220,1,3,2,1,0,1,1,3
220,1,3,2,2,0,1,1,19
220,1,3,3,0,0,1,1,1
220,1,3,3,1,0,1,1,3
220,1,3,3,2,0,1,1,19
220,1,4,1,0,0,1,1,1
220,1,4,1,1,0,1,1,3
220,1,4,1,2,0,1,1,19
220,1,4,2,0,0,1,1,1
220,1,4,2,1,0,1,1,3
220,1,4,2,2,0,1,1,19
220,1,4,3,0,0,1,1,1
220,1,4,3,1,0,1,1,3
220,1,4,3,2,0,1,1,19
220,1,5,1,0,1,1,1,1
220,1,5,1,1,1,1,1,1
220,1,5,1,2,1,1,1,1
220,1,5,2,0,0,1,1,1
220,1,5,2,1,0,1,1,3
220,1,5,2,2,0,1,1,19
220,1,5,3,0,0,1,1,1
220,1,5,3,1,0,1,1,3
220,1,5,3,2,0,1,1,19
220,1,6,1,0,0,1,1,1
220,1,6,1,1,0,1,1,3
220,1,6,1,2,0,1,1,19
220,1,6,2,0,1,1,1,1
220,1,6,2,1,1,1,1,1
220,1,6,2,2,1,1,1,1
220,1,6,3,0,0,1,1,1
220,1,6,3,1,0,1,1,3
220,1,6,3,2,0,1,1,19
220,1,7,1,0,0,1,1,1
220,1,7,1,1,0,1,1,3
220,1,7,1,2,0,1,1,19
220,1,7,2,0,1,1,1,1
220,1,7,2,1,1,1,1,1
220,1,7,2,2,1,1,1,1
220,1,7,3,0,0,1,1,1
220,1,7,3,1,0,1,1,3
220,1,7,3,2,0,1,1,19
220,1,8,1,0,1,1,1,1
220,1,8,1,1,1,1,1,1
220,1,8,1,2,1,1,1,1
220,1,8,2,0,1,1,1,1
220,1,8,2,1,1,1,1,1
220,1,8,2,2,1,1,1,1
220,1,8,3,0,1,1,1,1
220,1,8,3,1,1,1,1,1
220,1,8,3,2,1,1,1,1
221,0,0,1,0,0,1,1,1
221,0,0,1,1,0,1,1,3
221,0,0,1,2,0,1,1,7
221,0,0,2,0,0,1,1,1
221,0,0,2,1,0,1,1,3
221,0,0,2,2,0,1,1,7
221,0,0,3,0,0,1,1,1
221,0,0,3,1,0,1,1,3
221,0,0,3,2,0,1,1,7
221,0,1,1,0,0,1,1,1
221,0,1,1,1,0,1,1,3
221,0,1,1,2,0,1,1,7
221,0,1,2,0,0,1,1,1
221,0,1,2,1,0,1,1,3
221,0,1,2,2,0,1,1,7
221,0,1,3,0,0,1,1,1
221,0,1,3,1,0,1,1,3
221,0,1,3,2,0,1,1,7
221,0,2,1,0,1,1,1,1
221,0,2,1,1,1,1,1,1
221,0,2,1,2,1,1,1,1
221,0,2,2,0,0,1,1,1
221,0,2,2,1,0,1,1,3
221,0,2,2,2,0,1,1,7
221,0,2,3,0,0,1,1,1
221,0,2,3,1,0,1,1,3
221,0,2,3,2,0,1,1,7
221,0,3,1,0,0,1,1,1
221,0,3,1,1,0,1,1,3
221,0,3,1,2,0,1,1,7
221,0,3,2,0,0,1,1,1
221,0,3,2,1,0,1,1,3
221,0,3,2,2,0,1,1,7
221,0,3,3,0,0,1,1,1
221,0,3,3,1,0,1,1,3
221,0,3,3,2,0,1,1,7
221,0,4,1,0,0,1,1,1
221,0,4,1,1,0,1,1,3
221,0,4,1,2,0,1,1,7
221,0,4,2,0,0,1,1,1
221,0,4,2,1,0,1,1,3
221,0,4,2,2,0,1,1,7
221,0,4,3,0,0,1,1,1
221,0,4,3,1,0,1,1,3
221,0,4,3,2,0,1,1,7
221,0,5,1,0,1,1,1,1
221,0,5,1,1,1,1,1,1
221,0,5,1,2,1,1,1,1
221,0,5,2,0,0,1,1,1
221,0,5,2,1,0,1,1,3
221,0,5,2,2,0,1,1,7
221,0,5,3,0,0,1,1,1
221,0,5,3,1,0,1,1,3
221,0,5,3,2,0,1,1,7
221,0,6,1,0,0,1,1,1
221,0,6,1,1,0,1,1,3
221,0,6,1,2,0,1,1,7
221,0,6,2,0,1,1,1,1
221,0,6,2,1,1,1,1,1
221,0,6,2,2,1,1,1,1
221,0,6,3,0,0,1,1,1
221,0,6,3,1,0,1,1,3
221,0,6,3,2,0,1,1,7
221,0,7,1,0,0,1,1,1
221,0,7,1,1,0,1,1,3
221,0,7,1,2,0,1,1,7
221,0,7,2,0,1,1,1,1
221,0,7,2,1,1,1,1,1
221,0,7,2,2,1,1,1,1
221,0,7,3,0,0,1,1,1
221,0,7,3,1,0,1,1,3
221,0,7,3,2,0,1,1,7
221,0,8,1,0,1,1,1,1
221,0,8,1,1,1,1,1,1
221,0,8,1,2,1,1,1,1
221,0,8,2,0,1,1,1,1
221,0,8,2,1,1,1,1,1
221,0,8,2,2,1,1,1,1
221,0,8,3,0,1,1,1,1
221,0,8,3,1,1,1,1,1
221,0,8,3,2,1,1,1,1
221,1,0,1,0,0,1,1,1
221,1,0,1,1,0,1,1,3
221,1,0,1,2,0,1,1,19
221,1,0,2,0,0,1,1,1
221,1,0,2,1,0,1,1,3
221,1,0,2,2,0,1,1,19
221,1,0,3,0,0,1,1,1
221,1,0,3,1,0,1,1,3
221,1,0,3,2,0,1,1,19
221,1,1,1,0,0,1,1,1
221,1,1,1,1,0,1,1,3
221,1,1,1,2,0,1,1,19
221,1,1,2,0,0,1,1,1
221,1,1,2,1,0,1,1,3
221,1,1,2,2,0,1,1,19
221,1,1,3,0,0,1,1,1
221,1,1,3,1,0,1,1,3
221,1,1,3,2,0,1,1,19
221,1,2,1,0,1,1,1,1
221,1,2,1,1,1,1,1,1
221,1,2,1,2,1,1,1,1
221,1,2,2,0,0,1,1,1
221,1,2,2,1,0,1,1,3
221,1,2,2,2,0,1,1,19
221,1,2,3,0,0,1,1,1
221,1,2,3,1,0,1,1,3
221,1,2,3,2,0,1,1,19
221,1,3,1,0,0,1,1,1
221,1,3,1,1,0,1,1,3
221,1,3,1,2,0,1,1,19
221,1,3,2,0,0,1,1,1
221,1,3,2,1,0,1,1,3
221,1,3,2,2,0,1,1,19
221,1,3,3,0,0,1,1,1
221,1,3,3,1,0,1,1,3
221,1,3,3,2,0,1,1,19
221,1,4,1,0,0,1,1,1
221,1,4,1,1,0,1,1,3
221,1,4,1,2,0,1,1,19
221,1,4,2,0,0,1,1,1
221,1,4,2,1,0,1,1,3
221,1,4,2,2,0,1,1,19
221,1,4,3,0,0,1,1,1
221,1,4,3,1,0,1,1,3
221,1,4,3,2,0,1,1,19
221,1,5,1,0,1,1,1,1
221,1,5,1,1,1,1,1,1
221,1,5,1,2,1,1,1,1
221,1,5,2,0,0,1,1,1
221,1,5,2,1,0,1,1,3
221,1,5,2,2,0,1,1,19
221,1,5,3,0,0,1,1,1
221,1,5,3,1,0,1,1,3
221,1,5,3,2,0,1,1,19
221,1,6,1,0,0,1,1,1
221,1,6,1,1,0,1,1,3
221,1,6,1,2,0,1,1,19
221,1,6,2,0,1,1,1,1
221,1,6,2,1,1,1,1,1
221,1,6,2,2,1,1,1,1
221,1,6,3,0,0,1,1,1
221,1,6,3,1,0,1,1,3
221,1,6,3,2,0,1,1,19
221,1,7,1,0,0,1,1,1
221,1,7,1,1,0,1,1,3
221,1,7,1,2,0,1,1,19
221,1,7,2,0,1,1,1,1
221,1,7,2,1,1,1,1,1
221,1,7,2,2,1,1,1,1
221,1,7,3,0,0,1,1,1
221,1,7,3,1,0,1,1,3
221,1,7,3,2,0,1,1,19
221,1,8,1,0,1,1,1,1
221,1,8,1,1,1,1,1,1
221,1,8,1,2,1,1,1,1
221,1,8,2,0,1,1,1,1
221,1,8,2,1,1,1,1,1
221,1,8,2,2,1,1,1,1
221,1,8,3,0,1,1,1,1
221,1,8,3,1,1,1,1,1
221,1,8,3,2,1,1,1,1
222,0,0,1,0,0,1,1,1
222,0,0,1,1,0,1,1,3
222,0,0,1,2,0,1,1,7
222,0,0,2,0,0,1,1,1
222,0,0,2,1,0,1,1,3
222,0,0,2,2,0,1,1,7
222,0,0,3,0,0,1,1,1
222,0,0,3,1,0,1,1,3
222,0,0,3,2,0,1,1,7
222,0,1,1,0,0,1,1,1
222,0,1,1,1,0,1,1,3
222,0,1,1,2,0,1,1,7
222,0,1,2,0,0,1,1,1
222,0,1,2,1,0,1,1,3
222,0,1,2,2,0,1,1,7
222,0,1,3,0,0,1,1,1
222,0,1,3,1,0,1,1,3
222,0,1,3,2,0,1,1,7
222,0,2,1,0,1,1,1,1
222,0,2,1,1,1,1,1,1
222,0,2,1,2,1,1,1,1
222,0,2,2,0,0,1,1,1
222,0,2,2,1,0,1,1,3
222,0,2,2,2,0,1,1,7
222,0,2,3,0,0,1,1,1
222,0,2,3,1,0,1,1,3
222,0,2,3,2,0,1,1,7
222,0,3,1,0,0,1,1,1
222,0,3,1,1,0,1,1,3
222,0,3,1,2,0,1,1,7
222,0,3,2,0,0,1,1,1
222,0,3,2,1,0,1,1,3
222,0,3,2,2,0,1,1,7
222,0,3,3,0,0,1,1,1
222,0,3,3,1,0,1,1,3
222,0,3,3,2,0,1,1,7
222,0,4,1,0,0,1,1,1
222,0,4,1,1,0,1,1,3
222,0,4,1,2,0,1,1,7
222,0,4,2,0,0,1,1,1
222,0,4,2,1,0,1,1,3
222,0,4,2,2,0,1,1,7
222,0,4,3,0,0,1,1,1
222,0,4,3,1,0,1,1,3
222,0,4,3,2,0,1,1,7
222,0,5,1,0,1,1,1,1
222,0,5,1,1,1,1,1,1
222,0,5,1,2,1,1,1,1
222,0,5,2,0,0,1,1,1
222,0,5,2,1,0,1,1,3
222,0,5,2,2,0,1,1,7
222,0,5,3,0,0,1,1,1
222,0,5,3,1,0,1,1,3
222,0,5,3,2,0,1,1,7
222,0,6,1,0,0,1,1,1
222,0,6,1,1,0,1,1,3
222,0,6,1,2,0,1,1,7
222,0,6,2,0,1,1,1,1
222,0,6,2,1,1,1,1,1
222,0,6,2,2,1,1,1,1
222,0,6,3,0,0,1,1,1
222,0,6,3,1,0,1,1,3
222,0,6,3,2,0,1,1,7
222,0,7,1,0,0,1,1,1
222,0,7,1,1,1,1,1,2
222,0,7,1,2,1,1,1,2
222,0,7,2,0,1,1,1,1
222,0,7,2,1,1,1,1,1
222,0,7,2,2,1,1,1,1
222,0,7,3,0,0,1,1,1
222,0,7,3,1,0,1,1,3
222,0,7,3,2,0,1,1,7
222,0,8,1,0,1,1,1,1
222,0,8,1,1,1,1,1,1
222,0,8,1,2,1,1,1,1
222,0,8,2,0,1,1,1,1
222,0,8,2,1,1,1,1,1
222,0,8,2,2,1,1,1,1
222,0,8,3,0,1,1,1,1
222,0,8,3,1,1,1,1,1
222,0,8,3,2,1,1,1,1
222,1,0,1,0,0,1,1,1
222,1,0,1,1,0,1,1,3
222,1,0,1,2,0,1,1,19
222,1,0,2,0,0,1,1,1
222,1,0,2,1,0,1,1,3
222,1,0,2,2,0,1,1,19
222,1,0,3,0,0,1,1,1
222,1,0,3,1,0,1,1,3
222,1,0,3,2,0,1,1,19
222,1,1,1,0,0,1,1,1
222,1,1,1,1,0,1,1,3
222,1,1,1,2,0,1,1,19
222,1,1,2,0,0,1,1,1
222,1,1,2,1,0,1,1,3
222,1,1,2,2,0,1,1,19
222,1,1,3,0,0,1,1,1
222,1,1,3,1,0,1,1,3
222,1,1,3,2,0,1,1,19
222,1,2,1,0,1,1,1,1
222,1,2,1,1,1,1,1,1
222,1,2,1,2,1,1,1,1
222,1,2,2,0,0,1,1,1
222,1,2,2,1,0,1,1,3
222,1,2,2,2,0,1,1,19
222,1,2,3,0,0,1,1,1
222,1,2,3,1,0,1,1,3
222,1,2,3,2,0,1,1,19
222,1,3,1,0,0,1,1,1
222,1,3,1,1,0,1,1,3
222,1,3,1,2,0,1,1,19
222,1,3,2,0,0,1,1,1
222,1,3,2,1,0,1,1,3
222,1,3,2,2,0,1,1,19
222,1,3,3,0,0,1,1,1
222,1,3,3,1,0,1,1,3
222,1,3,3,2,0,1,1,19
222,1,4,1,0,0,1,1,1
222,1,4,1,1,0,1,1,3
222,1,4,1,2,0,1,1,19
222,1,4,2,0,0,1,1,1
222,1,4,2,1,0,1,1,3
222,1,4,2,2,0,1,1,19
222,1,4,3,0,0,1,1,1
222,1,4,3,1,0,1,1,3
222,1,4,3,2,0,1,1,19
222,1,5,1,0,1,1,1,1
222,1,5,1,1,1,1,1,1
222,1,5,1,2,1,1,1,1
222,1,5,2,0,0,1,1,1
222,1,5,2,1,0,1,1,3
222,1,5,2,2,0,1,1,19
222,1,5,3,0,0,1,1,1
222,1,5,3,1,0,1,1,3
222,1,5,3,2,0,1,1,19
222,1,6,1,0,0,1,1,1
222,1,6,1,1,0,1,1,3
222,1,6,1,2,0,1,1,19
222,1,6,2,0,1,1,1,1
222,1,6,2,1,1,1,1,1
222,1,6,2,2,1,1,1,1
222,1,6,3,0,0,1,1,1
222,1,6,3,1,0,1,1,3
222,1,6,3,2,0,1,1,19
222,1,7,1,0,0,1,1,1
222,1,7,1,1,1,1,1,2
222,1,7,1,2,1,1,1,2
222,1,7,2,0,1,1,1,1
222,1,7,2,1,1,1,1,1
222,1,7,2,2,1,1,1,1
222,1,7,3,0,0,1,1,1
222,1,7,3,1,0,1,1,3
222,1,7,3,2,1,1,1,5
222,1,8,1,0,1,1,1,1
222,1,8,1,1,1,1,1,1
222,1,8,1,2,1,1,1,1
222,1,8,2,0,1,1,1,1
222,1,8,2,1,1,1,1,1
222,1,8,2,2,1,1,1,1
222,1,8,3,0,1,1,1,1
222,1,8,3,1,1,1,1,1
222,1,8,3,2,1,1,1,1
223,0,0,1,0,0,1,1,1
223,0,0,1,1,0,1,1,3
223,0,0,1,2,0,1,1,7
223,0,0,2,0,0,1,1,1
223,0,0,2,1,0,1,1,3
223,0,0,2,2,0,1,1,7
223,0,0,3,0,0,1,1,1
223,0,0,3,1,0,1,1,3
223,0,0,3,2,0,1,1,7
223,0,1,1,0,0,1,1,1
223,0,1,1,1,0,1,1,3
223,0,1,1,2,0,1,1,7
223,0,1,2,0,0,1,1,1
223,0,1,2,1,0,1,1,3
223,0,1,2,2,0,1,1,7
223,0,1,3,0,0,1,1,1
223,0,1,3,1,0,1,1,3
223,0,1,3,2,0,1,1,7
223,0,2,1,0,1,1,1,1
223,0,2,1,1,1,1,1,1
223,0,2,1,2,1,1,1,1
223,0,2,2,0,0,1,1,1
223,0,2,2,1,0,1,1,3
223,0,2,2,2,0,1,1,7
223,0,2,3,0,0,1,1,1
223,0,2,3,1,0,1,1,3
223,0,2,3,2,0,1,1,7
223,0,3,1,0,0,1,1,1
223,0,3,1,1,0,1,1,3
223,0,3,1,2,0,1,1,7
223,0,3,2,0,0,1,1,1
223,0,3,2,1,0,1,1,3
223,0,3,2,2,0,1,1,7
223,0,3,3,0,0,1,1,1
223,0,3,3,1,0,1,1,3
223,0,3,3,2,0,1,1,7
223,0,4,1,0,0,1,1,1
223,0,4,1,1,0,1,1,3
223,0,4,1,2,0,1,1,7
223,0,4,2,0,0,1,1,1
223,0,4,2,1,0,1,1,3
223,0,4,2,2,0,1,1,7
223,0,4,3,0,0,1,1,1
223,0,4,3,1,0,1,1,3
223,0,4,3,2,0,1,1,7
223,0,5,1,0,1,1,1,1
223,0,5,1,1,1,1,1,1
223,0,5,1,2,1,1,1,1
223,0,5,2,0,0,1,1,1
223,0,5,2,1,0,1,1,3
223,0,5,2,2,0,1,1,7
223,0,5,3,0,0,1,1,1
223,0,5,3,1,0,1,1,3
223,0,5,3,2,0,1,1,7
223,0,6,1,0,0,1,1,1
223,0,6,1,1,0,1,1,3
223,0,6,1,2,0,1,1,7
223,0,6,2,0,1,1,1,1
223,0,6,2,1,1,1,1,1
223,0,6,2,2,1,1,1,1
223,0,6,3,0,0,1,1,1
223,0,6,3,1,0,1,1,3
223,0,6,3,2,0,1,1,7
223,0,7,1,0,0,1,1,1
223,0,7,1,1,0,1,1,3
223,0,7,1,2,0,1,1,7
223,0,7,2,0,1,1,1,1
223,0,7,2,1,1,1,1,1
223,0,7,2,2,1,1,1,1
223,0,7,3,0,0,1,1,1
223,0,7,3,1,0,1,1,3
223,0,7,3,2,0,1,1,7
223,0,8,1,0,1,1,1,1
223,0,8,1,1,1,1,1,1
223,0,8,1,2,1,1,1,1
223,0,8,2,0,1,1,1,1
223,0,8,2,1,1,1,1,1
223,0,8,2,2,1,1,1,1
223,0,8,3,0,1,1,1,1
223,0,8,3,1,1,1,1,1
223,0,8,3,2,1,1,1,1
223,1,0,1,0,0,1,1,1
223,1,0,1,1,0,1,1,3
223,1,0,1,2,0,1,1,19
223,1,0,2,0,0,1,1,1
223,1,0,2,1,0,1,1,3
223,1,0,2,2,0,1,1,19
223,1,0,3,0,0,1,1,1
223,1,0,3,1,0,1,1,3
223,1,0,3,2,0,1,1,19
223,1,1,1,0,0,1,1,1
223,1,1,1,1,0,1,1,3
223,1,1,1,2,0,1,1,19
223,1,1,2,0,0,1,1,1
223,1,1,2,1,0,1,1,3
223,1,1,2,2,0,1,1,19
223,1,1,3,0,0,1,1,1
223,1,1,3,1,0,1,1,3
223,1,1,3,2,0,1,1,19
223,1,2,1,0,1,1,1,1
223,1,2,1,1,1,1,1,1
223,1,2,1,2,1,1,1,1
223,1,2,2,0,0,1,1,1
223,1,2,2,1,0,1,1,3
223,1,2,2,2,0,1,1,19
223,1,2,3,0,0,1,1,1
223,1,2,3,1,0,1,1,3
223,1,2,3,2,0,1,1,19
223,1,3,1,0,0,1,1,1
223,1,3,1,1,0,1,1,3
223,1,3,1,2,0,1,1,19
223,1,3,2,0,0,1,1,1
223,1,3,2,1,0,1,1,3
223,1,3,2,2,0,1,1,19
223,1,3,3,0,0,1,1,1
223,1,3,3,1,0,1,1,3
223,1,3,3,2,0,1,1,19
223,1,4,1,0,0,1,1,1
223,1,4,1,1,0,1,1,3
223,1,4,1,2,0,1,1,19
223,1,4,2,0,0,1,1,1
223,1,4,2,1,0,1,1,3
223,1,4,2,2,0,1,1,19
223,1,4,3,0,0,1,1,1
223,1,4,3,1,0,1,1,3
223,1,4,3,2,0,1,1,19
223,1,5,1,0,1,1,1,1
223,1,5,1,1,1,1,1,1
223,1,5,1,2,1,1,1,1
223,1,5,2,0,0,1,1,1
223,1,5,2,1,0,1,1,3
223,1,5,2,2,0,1,1,19
223,1,5,3,0,0,1,1,1
223,1,5,3,1,0,1,1,3
223,1,5,3,2,0,1,1,19
223,1,6,1,0,0,1,1,1
223,1,6,1,1,0,1,1,3
223,1,6,1,2,0,1,1,19
223,1,6,2,0,1,1,1,1
223,1,6,2,1,1,1,1,1
223,1,6,2,2,1,1,1,1
223,1,6,3,0,0,1,1,1
223,1,6,3,1,0,1,1,3
223,1,6,3,2,0,1,1,19
223,1,7,1,0,0,1,1,1
223,1,7,1,1,0,1,1,3
223,1,7,1,2,0,1,1,19
223,1,7,2,0,1,1,1,1
223,1,7,2,1,1,1,1,1
223,1,7,2,2,1,1,1,1
223,1,7,3,0,0,1,1,1
223,1,7,3,1,0,1,1,3
223,1,7,3,2,0,1,1,19
223,1,8,1,0,1,1,1,1
223,1,8,1,1,1,1,1,1
223,1,8,1,2,1,1,1,1
223,1,8,2,0,1,1,1,1
223,1,8,2,1,1,1,1,1
223,1,8,2,2,1,1,1,1
223,1,8,3,0,1,1,1,1
223,1,8,3,1,1,1,1,1
223,1,8,3,2,1,1,1,1
