reference,belief_mask,action_indices,relation,horizon,winning,oracle_agrees,checker_agrees,programs_examined
0,1,0,identity,0,1,1,1,1
0,1,0,identity,1,1,1,1,1
0,1,0,identity,2,1,1,1,1
0,3,0,identity,0,1,1,1,1
0,3,0,identity,1,1,1,1,1
0,3,0,identity,2,1,1,1,1
0,5,0,identity,0,0,1,1,1
0,5,0,identity,1,0,1,1,2
0,5,0,identity,2,0,1,1,3
0,2,0,identity,0,1,1,1,1
0,2,0,identity,1,1,1,1,1
0,2,0,identity,2,1,1,1,1
0,10,0,identity,0,0,1,1,1
0,10,0,identity,1,1,1,1,2
0,10,0,identity,2,1,1,1,2
0,4,0,identity,0,0,1,1,1
0,4,0,identity,1,0,1,1,2
0,4,0,identity,2,0,1,1,3
0,12,0,identity,0,0,1,1,1
0,12,0,identity,1,0,1,1,2
0,12,0,identity,2,0,1,1,3
0,8,0,identity,0,0,1,1,1
0,8,0,identity,1,1,1,1,2
0,8,0,identity,2,1,1,1,2
0,1,0,erase-relay,0,1,1,1,1
0,1,0,erase-relay,1,1,1,1,1
0,1,0,erase-relay,2,1,1,1,1
0,3,0,erase-relay,0,1,1,1,1
0,3,0,erase-relay,1,1,1,1,1
0,3,0,erase-relay,2,1,1,1,1
0,5,0,erase-relay,0,0,1,1,1
0,5,0,erase-relay,1,0,1,1,2
0,5,0,erase-relay,2,0,1,1,3
0,2,0,erase-relay,0,1,1,1,1
0,2,0,erase-relay,1,1,1,1,1
0,2,0,erase-relay,2,1,1,1,1
0,10,0,erase-relay,0,1,1,1,1
0,10,0,erase-relay,1,1,1,1,1
0,10,0,erase-relay,2,1,1,1,1
0,4,0,erase-relay,0,0,1,1,1
0,4,0,erase-relay,1,0,1,1,2
0,4,0,erase-relay,2,0,1,1,3
0,12,0,erase-relay,0,0,1,1,1
0,12,0,erase-relay,1,0,1,1,2
0,12,0,erase-relay,2,0,1,1,3
0,8,0,erase-relay,0,1,1,1,1
0,8,0,erase-relay,1,1,1,1,1
0,8,0,erase-relay,2,1,1,1,1
0,1,1,identity,0,1,1,1,1
0,1,1,identity,1,1,1,1,1
0,1,1,identity,2,1,1,1,1
0,3,1,identity,0,1,1,1,1
0,3,1,identity,1,1,1,1,1
0,3,1,identity,2,1,1,1,1
0,5,1,identity,0,0,1,1,1
0,5,1,identity,1,0,1,1,2
0,5,1,identity,2,0,1,1,3
0,2,1,identity,0,1,1,1,1
0,2,1,identity,1,1,1,1,1
0,2,1,identity,2,1,1,1,1
0,10,1,identity,0,0,1,1,1
0,10,1,identity,1,0,1,1,2
0,10,1,identity,2,0,1,1,3
0,4,1,identity,0,0,1,1,1
0,4,1,identity,1,0,1,1,2
0,4,1,identity,2,0,1,1,3
0,12,1,identity,0,0,1,1,1
0,12,1,identity,1,0,1,1,2
0,12,1,identity,2,0,1,1,3
0,8,1,identity,0,0,1,1,1
0,8,1,identity,1,0,1,1,2
0,8,1,identity,2,0,1,1,3
0,1,1,erase-relay,0,1,1,1,1
0,1,1,erase-relay,1,1,1,1,1
0,1,1,erase-relay,2,1,1,1,1
0,3,1,erase-relay,0,1,1,1,1
0,3,1,erase-relay,1,1,1,1,1
0,3,1,erase-relay,2,1,1,1,1
0,5,1,erase-relay,0,0,1,1,1
0,5,1,erase-relay,1,0,1,1,2
0,5,1,erase-relay,2,0,1,1,3
0,2,1,erase-relay,0,1,1,1,1
0,2,1,erase-relay,1,1,1,1,1
0,2,1,erase-relay,2,1,1,1,1
0,10,1,erase-relay,0,1,1,1,1
0,10,1,erase-relay,1,1,1,1,1
0,10,1,erase-relay,2,1,1,1,1
0,4,1,erase-relay,0,0,1,1,1
0,4,1,erase-relay,1,0,1,1,2
0,4,1,erase-relay,2,0,1,1,3
0,12,1,erase-relay,0,0,1,1,1
0,12,1,erase-relay,1,0,1,1,2
0,12,1,erase-relay,2,0,1,1,3
0,8,1,erase-relay,0,1,1,1,1
0,8,1,erase-relay,1,1,1,1,1
0,8,1,erase-relay,2,1,1,1,1
0,1,2,identity,0,1,1,1,1
0,1,2,identity,1,1,1,1,1
0,1,2,identity,2,1,1,1,1
0,3,2,identity,0,1,1,1,1
0,3,2,identity,1,1,1,1,1
0,3,2,identity,2,1,1,1,1
0,5,2,identity,0,0,1,1,1
0,5,2,identity,1,0,1,1,2
0,5,2,identity,2,0,1,1,3
0,2,2,identity,0,1,1,1,1
0,2,2,identity,1,1,1,1,1
0,2,2,identity,2,1,1,1,1
0,10,2,identity,0,0,1,1,1
0,10,2,identity,1,0,1,1,2
0,10,2,identity,2,0,1,1,3
0,4,2,identity,0,0,1,1,1
0,4,2,identity,1,0,1,1,2
0,4,2,identity,2,0,1,1,3
0,12,2,identity,0,0,1,1,1
0,12,2,identity,1,0,1,1,2
0,12,2,identity,2,0,1,1,3
0,8,2,identity,0,0,1,1,1
0,8,2,identity,1,0,1,1,2
0,8,2,identity,2,0,1,1,3
0,1,2,erase-relay,0,1,1,1,1
0,1,2,erase-relay,1,1,1,1,1
0,1,2,erase-relay,2,1,1,1,1
0,3,2,erase-relay,0,1,1,1,1
0,3,2,erase-relay,1,1,1,1,1
0,3,2,erase-relay,2,1,1,1,1
0,5,2,erase-relay,0,0,1,1,1
0,5,2,erase-relay,1,0,1,1,2
0,5,2,erase-relay,2,0,1,1,3
0,2,2,erase-relay,0,1,1,1,1
0,2,2,erase-relay,1,1,1,1,1
0,2,2,erase-relay,2,1,1,1,1
0,10,2,erase-relay,0,1,1,1,1
0,10,2,erase-relay,1,1,1,1,1
0,10,2,erase-relay,2,1,1,1,1
0,4,2,erase-relay,0,0,1,1,1
0,4,2,erase-relay,1,0,1,1,2
0,4,2,erase-relay,2,0,1,1,3
0,12,2,erase-relay,0,0,1,1,1
0,12,2,erase-relay,1,0,1,1,2
0,12,2,erase-relay,2,0,1,1,3
0,8,2,erase-relay,0,1,1,1,1
0,8,2,erase-relay,1,1,1,1,1
0,8,2,erase-relay,2,1,1,1,1
0,1,3,identity,0,1,1,1,1
0,1,3,identity,1,1,1,1,1
0,1,3,identity,2,1,1,1,1
0,3,3,identity,0,1,1,1,1
0,3,3,identity,1,1,1,1,1
0,3,3,identity,2,1,1,1,1
0,5,3,identity,0,0,1,1,1
0,5,3,identity,1,0,1,1,2
0,5,3,identity,2,0,1,1,3
0,2,3,identity,0,1,1,1,1
0,2,3,identity,1,1,1,1,1
0,2,3,identity,2,1,1,1,1
0,10,3,identity,0,0,1,1,1
0,10,3,identity,1,0,1,1,2
0,10,3,identity,2,0,1,1,3
0,4,3,identity,0,0,1,1,1
0,4,3,identity,1,0,1,1,2
0,4,3,identity,2,0,1,1,3
0,12,3,identity,0,0,1,1,1
0,12,3,identity,1,0,1,1,2
0,12,3,identity,2,0,1,1,3
0,8,3,identity,0,0,1,1,1
0,8,3,identity,1,0,1,1,2
0,8,3,identity,2,0,1,1,3
0,1,3,erase-relay,0,1,1,1,1
0,1,3,erase-relay,1,1,1,1,1
0,1,3,erase-relay,2,1,1,1,1
0,3,3,erase-relay,0,1,1,1,1
0,3,3,erase-relay,1,1,1,1,1
0,3,3,erase-relay,2,1,1,1,1
0,5,3,erase-relay,0,0,1,1,1
0,5,3,erase-relay,1,0,1,1,2
0,5,3,erase-relay,2,0,1,1,3
0,2,3,erase-relay,0,1,1,1,1
0,2,3,erase-relay,1,1,1,1,1
0,2,3,erase-relay,2,1,1,1,1
0,10,3,erase-relay,0,1,1,1,1
0,10,3,erase-relay,1,1,1,1,1
0,10,3,erase-relay,2,1,1,1,1
0,4,3,erase-relay,0,0,1,1,1
0,4,3,erase-relay,1,0,1,1,2
0,4,3,erase-relay,2,0,1,1,3
0,12,3,erase-relay,0,0,1,1,1
0,12,3,erase-relay,1,0,1,1,2
0,12,3,erase-relay,2,0,1,1,3
0,8,3,erase-relay,0,1,1,1,1
0,8,3,erase-relay,1,1,1,1,1
0,8,3,erase-relay,2,1,1,1,1
0,1,4,identity,0,1,1,1,1
0,1,4,identity,1,1,1,1,1
0,1,4,identity,2,1,1,1,1
0,3,4,identity,0,1,1,1,1
0,3,4,identity,1,1,1,1,1
0,3,4,identity,2,1,1,1,1
0,5,4,identity,0,0,1,1,1
0,5,4,identity,1,0,1,1,2
0,5,4,identity,2,0,1,1,3
0,2,4,identity,0,1,1,1,1
0,2,4,identity,1,1,1,1,1
0,2,4,identity,2,1,1,1,1
0,10,4,identity,0,0,1,1,1
0,10,4,identity,1,0,1,1,2
0,10,4,identity,2,0,1,1,3
0,4,4,identity,0,0,1,1,1
0,4,4,identity,1,0,1,1,2
0,4,4,identity,2,0,1,1,3
0,12,4,identity,0,0,1,1,1
0,12,4,identity,1,0,1,1,2
0,12,4,identity,2,0,1,1,3
0,8,4,identity,0,0,1,1,1
0,8,4,identity,1,1,1,1,2
0,8,4,identity,2,1,1,1,2
0,1,4,erase-relay,0,1,1,1,1
0,1,4,erase-relay,1,1,1,1,1
0,1,4,erase-relay,2,1,1,1,1
0,3,4,erase-relay,0,1,1,1,1
0,3,4,erase-relay,1,1,1,1,1
0,3,4,erase-relay,2,1,1,1,1
0,5,4,erase-relay,0,0,1,1,1
0,5,4,erase-relay,1,0,1,1,2
0,5,4,erase-relay,2,0,1,1,3
0,2,4,erase-relay,0,1,1,1,1
0,2,4,erase-relay,1,1,1,1,1
0,2,4,erase-relay,2,1,1,1,1
0,10,4,erase-relay,0,1,1,1,1
0,10,4,erase-relay,1,1,1,1,1
0,10,4,erase-relay,2,1,1,1,1
0,4,4,erase-relay,0,0,1,1,1
0,4,4,erase-relay,1,0,1,1,2
0,4,4,erase-relay,2,0,1,1,3
0,12,4,erase-relay,0,0,1,1,1
0,12,4,erase-relay,1,0,1,1,2
0,12,4,erase-relay,2,0,1,1,3
0,8,4,erase-relay,0,1,1,1,1
0,8,4,erase-relay,1,1,1,1,1
0,8,4,erase-relay,2,1,1,1,1
0,1,5,identity,0,1,1,1,1
0,1,5,identity,1,1,1,1,1
0,1,5,identity,2,1,1,1,1
0,3,5,identity,0,1,1,1,1
0,3,5,identity,1,1,1,1,1
0,3,5,identity,2,1,1,1,1
0,5,5,identity,0,0,1,1,1
0,5,5,identity,1,0,1,1,2
0,5,5,identity,2,0,1,1,3
0,2,5,identity,0,1,1,1,1
0,2,5,identity,1,1,1,1,1
0,2,5,identity,2,1,1,1,1
0,10,5,identity,0,0,1,1,1
0,10,5,identity,1,0,1,1,2
0,10,5,identity,2,0,1,1,3
0,4,5,identity,0,0,1,1,1
0,4,5,identity,1,0,1,1,2
0,4,5,identity,2,0,1,1,3
0,12,5,identity,0,0,1,1,1
0,12,5,identity,1,0,1,1,2
0,12,5,identity,2,0,1,1,3
0,8,5,identity,0,0,1,1,1
0,8,5,identity,1,0,1,1,2
0,8,5,identity,2,0,1,1,3
0,1,5,erase-relay,0,1,1,1,1
0,1,5,erase-relay,1,1,1,1,1
0,1,5,erase-relay,2,1,1,1,1
0,3,5,erase-relay,0,1,1,1,1
0,3,5,erase-relay,1,1,1,1,1
0,3,5,erase-relay,2,1,1,1,1
0,5,5,erase-relay,0,0,1,1,1
0,5,5,erase-relay,1,0,1,1,2
0,5,5,erase-relay,2,0,1,1,3
0,2,5,erase-relay,0,1,1,1,1
0,2,5,erase-relay,1,1,1,1,1
0,2,5,erase-relay,2,1,1,1,1
0,10,5,erase-relay,0,1,1,1,1
0,10,5,erase-relay,1,1,1,1,1
0,10,5,erase-relay,2,1,1,1,1
0,4,5,erase-relay,0,0,1,1,1
0,4,5,erase-relay,1,0,1,1,2
0,4,5,erase-relay,2,0,1,1,3
0,12,5,erase-relay,0,0,1,1,1
0,12,5,erase-relay,1,0,1,1,2
0,12,5,erase-relay,2,0,1,1,3
0,8,5,erase-relay,0,1,1,1,1
0,8,5,erase-relay,1,1,1,1,1
0,8,5,erase-relay,2,1,1,1,1
0,1,6,identity,0,1,1,1,1
0,1,6,identity,1,1,1,1,1
0,1,6,identity,2,1,1,1,1
0,3,6,identity,0,1,1,1,1
0,3,6,identity,1,1,1,1,1
0,3,6,identity,2,1,1,1,1
0,5,6,identity,0,0,1,1,1
0,5,6,identity,1,0,1,1,2
0,5,6,identity,2,0,1,1,5
0,2,6,identity,0,1,1,1,1
0,2,6,identity,1,1,1,1,1
0,2,6,identity,2,1,1,1,1
0,10,6,identity,0,0,1,1,1
0,10,6,identity,1,0,1,1,2
0,10,6,identity,2,0,1,1,5
0,4,6,identity,0,0,1,1,1
0,4,6,identity,1,0,1,1,2
0,4,6,identity,2,0,1,1,5
0,12,6,identity,0,0,1,1,1
0,12,6,identity,1,0,1,1,2
0,12,6,identity,2,0,1,1,5
0,8,6,identity,0,0,1,1,1
0,8,6,identity,1,0,1,1,2
0,8,6,identity,2,0,1,1,5
0,1,6,erase-relay,0,1,1,1,1
0,1,6,erase-relay,1,1,1,1,1
0,1,6,erase-relay,2,1,1,1,1
0,3,6,erase-relay,0,1,1,1,1
0,3,6,erase-relay,1,1,1,1,1
0,3,6,erase-relay,2,1,1,1,1
0,5,6,erase-relay,0,0,1,1,1
0,5,6,erase-relay,1,0,1,1,2
0,5,6,erase-relay,2,0,1,1,5
0,2,6,erase-relay,0,1,1,1,1
0,2,6,erase-relay,1,1,1,1,1
0,2,6,erase-relay,2,1,1,1,1
0,10,6,erase-relay,0,1,1,1,1
0,10,6,erase-relay,1,1,1,1,1
0,10,6,erase-relay,2,1,1,1,1
0,4,6,erase-relay,0,0,1,1,1
0,4,6,erase-relay,1,0,1,1,2
0,4,6,erase-relay,2,0,1,1,5
0,12,6,erase-relay,0,0,1,1,1
0,12,6,erase-relay,1,0,1,1,2
0,12,6,erase-relay,2,0,1,1,5
0,8,6,erase-relay,0,1,1,1,1
0,8,6,erase-relay,1,1,1,1,1
0,8,6,erase-relay,2,1,1,1,1
0,1,7,identity,0,1,1,1,1
0,1,7,identity,1,1,1,1,1
0,1,7,identity,2,1,1,1,1
0,3,7,identity,0,1,1,1,1
0,3,7,identity,1,1,1,1,1
0,3,7,identity,2,1,1,1,1
0,5,7,identity,0,0,1,1,1
0,5,7,identity,1,0,1,1,2
0,5,7,identity,2,0,1,1,5
0,2,7,identity,0,1,1,1,1
0,2,7,identity,1,1,1,1,1
0,2,7,identity,2,1,1,1,1
0,10,7,identity,0,0,1,1,1
0,10,7,identity,1,0,1,1,2
0,10,7,identity,2,0,1,1,5
0,4,7,identity,0,0,1,1,1
0,4,7,identity,1,0,1,1,2
0,4,7,identity,2,0,1,1,5
0,12,7,identity,0,0,1,1,1
0,12,7,identity,1,0,1,1,2
0,12,7,identity,2,0,1,1,5
0,8,7,identity,0,0,1,1,1
0,8,7,identity,1,0,1,1,2
0,8,7,identity,2,0,1,1,5
0,1,7,erase-relay,0,1,1,1,1
0,1,7,erase-relay,1,1,1,1,1
0,1,7,erase-relay,2,1,1,1,1
0,3,7,erase-relay,0,1,1,1,1
0,3,7,erase-relay,1,1,1,1,1
0,3,7,erase-relay,2,1,1,1,1
0,5,7,erase-relay,0,0,1,1,1
0,5,7,erase-relay,1,0,1,1,2
0,5,7,erase-relay,2,0,1,1,5
0,2,7,erase-relay,0,1,1,1,1
0,2,7,erase-relay,1,1,1,1,1
0,2,7,erase-relay,2,1,1,1,1
0,10,7,erase-relay,0,1,1,1,1
0,10,7,erase-relay,1,1,1,1,1
0,10,7,erase-relay,2,1,1,1,1
0,4,7,erase-relay,0,0,1,1,1
0,4,7,erase-relay,1,0,1,1,2
0,4,7,erase-relay,2,0,1,1,5
0,12,7,erase-relay,0,0,1,1,1
0,12,7,erase-relay,1,0,1,1,2
0,12,7,erase-relay,2,0,1,1,5
0,8,7,erase-relay,0,1,1,1,1
0,8,7,erase-relay,1,1,1,1,1
0,8,7,erase-relay,2,1,1,1,1
0,1,0:1,identity,0,1,1,1,1
0,1,0:1,identity,1,1,1,1,1
0,1,0:1,identity,2,1,1,1,1
0,3,0:1,identity,0,1,1,1,1
0,3,0:1,identity,1,1,1,1,1
0,3,0:1,identity,2,1,1,1,1
0,5,0:1,identity,0,0,1,1,1
0,5,0:1,identity,1,0,1,1,3
0,5,0:1,identity,2,0,1,1,7
0,2,0:1,identity,0,1,1,1,1
0,2,0:1,identity,1,1,1,1,1
0,2,0:1,identity,2,1,1,1,1
0,10,0:1,identity,0,0,1,1,1
0,10,0:1,identity,1,1,1,1,2
0,10,0:1,identity,2,1,1,1,2
0,4,0:1,identity,0,0,1,1,1
0,4,0:1,identity,1,0,1,1,3
0,4,0:1,identity,2,0,1,1,7
0,12,0:1,identity,0,0,1,1,1
0,12,0:1,identity,1,0,1,1,3
0,12,0:1,identity,2,0,1,1,7
0,8,0:1,identity,0,0,1,1,1
0,8,0:1,identity,1,1,1,1,2
0,8,0:1,identity,2,1,1,1,2
0,1,0:1,erase-relay,0,1,1,1,1
0,1,0:1,erase-relay,1,1,1,1,1
0,1,0:1,erase-relay,2,1,1,1,1
0,3,0:1,erase-relay,0,1,1,1,1
0,3,0:1,erase-relay,1,1,1,1,1
0,3,0:1,erase-relay,2,1,1,1,1
0,5,0:1,erase-relay,0,0,1,1,1
0,5,0:1,erase-relay,1,0,1,1,3
0,5,0:1,erase-relay,2,0,1,1,7
0,2,0:1,erase-relay,0,1,1,1,1
0,2,0:1,erase-relay,1,1,1,1,1
0,2,0:1,erase-relay,2,1,1,1,1
0,10,0:1,erase-relay,0,1,1,1,1
0,10,0:1,erase-relay,1,1,1,1,1
0,10,0:1,erase-relay,2,1,1,1,1
0,4,0:1,erase-relay,0,0,1,1,1
0,4,0:1,erase-relay,1,0,1,1,3
0,4,0:1,erase-relay,2,0,1,1,7
0,12,0:1,erase-relay,0,0,1,1,1
0,12,0:1,erase-relay,1,0,1,1,3
0,12,0:1,erase-relay,2,0,1,1,7
0,8,0:1,erase-relay,0,1,1,1,1
0,8,0:1,erase-relay,1,1,1,1,1
0,8,0:1,erase-relay,2,1,1,1,1
0,1,0:2,identity,0,1,1,1,1
0,1,0:2,identity,1,1,1,1,1
0,1,0:2,identity,2,1,1,1,1
0,3,0:2,identity,0,1,1,1,1
0,3,0:2,identity,1,1,1,1,1
0,3,0:2,identity,2,1,1,1,1
0,5,0:2,identity,0,0,1,1,1
0,5,0:2,identity,1,0,1,1,3
0,5,0:2,identity,2,0,1,1,7
0,2,0:2,identity,0,1,1,1,1
0,2,0:2,identity,1,1,1,1,1
0,2,0:2,identity,2,1,1,1,1
0,10,0:2,identity,0,0,1,1,1
0,10,0:2,identity,1,1,1,1,2
0,10,0:2,identity,2,1,1,1,2
0,4,0:2,identity,0,0,1,1,1
0,4,0:2,identity,1,0,1,1,3
0,4,0:2,identity,2,0,1,1,7
0,12,0:2,identity,0,0,1,1,1
0,12,0:2,identity,1,0,1,1,3
0,12,0:2,identity,2,0,1,1,7
0,8,0:2,identity,0,0,1,1,1
0,8,0:2,identity,1,1,1,1,2
0,8,0:2,identity,2,1,1,1,2
0,1,0:2,erase-relay,0,1,1,1,1
0,1,0:2,erase-relay,1,1,1,1,1
0,1,0:2,erase-relay,2,1,1,1,1
0,3,0:2,erase-relay,0,1,1,1,1
0,3,0:2,erase-relay,1,1,1,1,1
0,3,0:2,erase-relay,2,1,1,1,1
0,5,0:2,erase-relay,0,0,1,1,1
0,5,0:2,erase-relay,1,0,1,1,3
0,5,0:2,erase-relay,2,0,1,1,7
0,2,0:2,erase-relay,0,1,1,1,1
0,2,0:2,erase-relay,1,1,1,1,1
0,2,0:2,erase-relay,2,1,1,1,1
0,10,0:2,erase-relay,0,1,1,1,1
0,10,0:2,erase-relay,1,1,1,1,1
0,10,0:2,erase-relay,2,1,1,1,1
0,4,0:2,erase-relay,0,0,1,1,1
0,4,0:2,erase-relay,1,0,1,1,3
0,4,0:2,erase-relay,2,0,1,1,7
0,12,0:2,erase-relay,0,0,1,1,1
0,12,0:2,erase-relay,1,0,1,1,3
0,12,0:2,erase-relay,2,0,1,1,7
0,8,0:2,erase-relay,0,1,1,1,1
0,8,0:2,erase-relay,1,1,1,1,1
0,8,0:2,erase-relay,2,1,1,1,1
0,1,0:3,identity,0,1,1,1,1
0,1,0:3,identity,1,1,1,1,1
0,1,0:3,identity,2,1,1,1,1
0,3,0:3,identity,0,1,1,1,1
0,3,0:3,identity,1,1,1,1,1
0,3,0:3,identity,2,1,1,1,1
0,5,0:3,identity,0,0,1,1,1
0,5,0:3,identity,1,0,1,1,3
0,5,0:3,identity,2,0,1,1,7
0,2,0:3,identity,0,1,1,1,1
0,2,0:3,identity,1,1,1,1,1
0,2,0:3,identity,2,1,1,1,1
0,10,0:3,identity,0,0,1,1,1
0,10,0:3,identity,1,1,1,1,2
0,10,0:3,identity,2,1,1,1,2
0,4,0:3,identity,0,0,1,1,1
0,4,0:3,identity,1,0,1,1,3
0,4,0:3,identity,2,0,1,1,7
0,12,0:3,identity,0,0,1,1,1
0,12,0:3,identity,1,0,1,1,3
0,12,0:3,identity,2,0,1,1,7
0,8,0:3,identity,0,0,1,1,1
0,8,0:3,identity,1,1,1,1,2
0,8,0:3,identity,2,1,1,1,2
0,1,0:3,erase-relay,0,1,1,1,1
0,1,0:3,erase-relay,1,1,1,1,1
0,1,0:3,erase-relay,2,1,1,1,1
0,3,0:3,erase-relay,0,1,1,1,1
0,3,0:3,erase-relay,1,1,1,1,1
0,3,0:3,erase-relay,2,1,1,1,1
0,5,0:3,erase-relay,0,0,1,1,1
0,5,0:3,erase-relay,1,0,1,1,3
0,5,0:3,erase-relay,2,0,1,1,7
0,2,0:3,erase-relay,0,1,1,1,1
0,2,0:3,erase-relay,1,1,1,1,1
0,2,0:3,erase-relay,2,1,1,1,1
0,10,0:3,erase-relay,0,1,1,1,1
0,10,0:3,erase-relay,1,1,1,1,1
0,10,0:3,erase-relay,2,1,1,1,1
0,4,0:3,erase-relay,0,0,1,1,1
0,4,0:3,erase-relay,1,0,1,1,3
0,4,0:3,erase-relay,2,0,1,1,7
0,12,0:3,erase-relay,0,0,1,1,1
0,12,0:3,erase-relay,1,0,1,1,3
0,12,0:3,erase-relay,2,0,1,1,7
0,8,0:3,erase-relay,0,1,1,1,1
0,8,0:3,erase-relay,1,1,1,1,1
0,8,0:3,erase-relay,2,1,1,1,1
0,1,0:4,identity,0,1,1,1,1
0,1,0:4,identity,1,1,1,1,1
0,1,0:4,identity,2,1,1,1,1
0,3,0:4,identity,0,1,1,1,1
0,3,0:4,identity,1,1,1,1,1
0,3,0:4,identity,2,1,1,1,1
0,5,0:4,identity,0,0,1,1,1
0,5,0:4,identity,1,0,1,1,3
0,5,0:4,identity,2,0,1,1,7
0,2,0:4,identity,0,1,1,1,1
0,2,0:4,identity,1,1,1,1,1
0,2,0:4,identity,2,1,1,1,1
0,10,0:4,identity,0,0,1,1,1
0,10,0:4,identity,1,1,1,1,2
0,10,0:4,identity,2,1,1,1,2
0,4,0:4,identity,0,0,1,1,1
0,4,0:4,identity,1,0,1,1,3
0,4,0:4,identity,2,0,1,1,7
0,12,0:4,identity,0,0,1,1,1
0,12,0:4,identity,1,0,1,1,3
0,12,0:4,identity,2,0,1,1,7
0,8,0:4,identity,0,0,1,1,1
0,8,0:4,identity,1,1,1,1,2
0,8,0:4,identity,2,1,1,1,2
0,1,0:4,erase-relay,0,1,1,1,1
0,1,0:4,erase-relay,1,1,1,1,1
0,1,0:4,erase-relay,2,1,1,1,1
0,3,0:4,erase-relay,0,1,1,1,1
0,3,0:4,erase-relay,1,1,1,1,1
0,3,0:4,erase-relay,2,1,1,1,1
0,5,0:4,erase-relay,0,0,1,1,1
0,5,0:4,erase-relay,1,0,1,1,3
0,5,0:4,erase-relay,2,0,1,1,7
0,2,0:4,erase-relay,0,1,1,1,1
0,2,0:4,erase-relay,1,1,1,1,1
0,2,0:4,erase-relay,2,1,1,1,1
0,10,0:4,erase-relay,0,1,1,1,1
0,10,0:4,erase-relay,1,1,1,1,1
0,10,0:4,erase-relay,2,1,1,1,1
0,4,0:4,erase-relay,0,0,1,1,1
0,4,0:4,erase-relay,1,0,1,1,3
0,4,0:4,erase-relay,2,0,1,1,7
0,12,0:4,erase-relay,0,0,1,1,1
0,12,0:4,erase-relay,1,0,1,1,3
0,12,0:4,erase-relay,2,0,1,1,7
0,8,0:4,erase-relay,0,1,1,1,1
0,8,0:4,erase-relay,1,1,1,1,1
0,8,0:4,erase-relay,2,1,1,1,1
0,1,0:5,identity,0,1,1,1,1
0,1,0:5,identity,1,1,1,1,1
0,1,0:5,identity,2,1,1,1,1
0,3,0:5,identity,0,1,1,1,1
0,3,0:5,identity,1,1,1,1,1
0,3,0:5,identity,2,1,1,1,1
0,5,0:5,identity,0,0,1,1,1
0,5,0:5,identity,1,0,1,1,3
0,5,0:5,identity,2,0,1,1,7
0,2,0:5,identity,0,1,1,1,1
0,2,0:5,identity,1,1,1,1,1
0,2,0:5,identity,2,1,1,1,1
0,10,0:5,identity,0,0,1,1,1
0,10,0:5,identity,1,1,1,1,2
0,10,0:5,identity,2,1,1,1,2
0,4,0:5,identity,0,0,1,1,1
0,4,0:5,identity,1,0,1,1,3
0,4,0:5,identity,2,0,1,1,7
0,12,0:5,identity,0,0,1,1,1
0,12,0:5,identity,1,0,1,1,3
0,12,0:5,identity,2,0,1,1,7
0,8,0:5,identity,0,0,1,1,1
0,8,0:5,identity,1,1,1,1,2
0,8,0:5,identity,2,1,1,1,2
0,1,0:5,erase-relay,0,1,1,1,1
0,1,0:5,erase-relay,1,1,1,1,1
0,1,0:5,erase-relay,2,1,1,1,1
0,3,0:5,erase-relay,0,1,1,1,1
0,3,0:5,erase-relay,1,1,1,1,1
0,3,0:5,erase-relay,2,1,1,1,1
0,5,0:5,erase-relay,0,0,1,1,1
0,5,0:5,erase-relay,1,0,1,1,3
0,5,0:5,erase-relay,2,0,1,1,7
0,2,0:5,erase-relay,0,1,1,1,1
0,2,0:5,erase-relay,1,1,1,1,1
0,2,0:5,erase-relay,2,1,1,1,1
0,10,0:5,erase-relay,0,1,1,1,1
0,10,0:5,erase-relay,1,1,1,1,1
0,10,0:5,erase-relay,2,1,1,1,1
0,4,0:5,erase-relay,0,0,1,1,1
0,4,0:5,erase-relay,1,0,1,1,3
0,4,0:5,erase-relay,2,0,1,1,7
0,12,0:5,erase-relay,0,0,1,1,1
0,12,0:5,erase-relay,1,0,1,1,3
0,12,0:5,erase-relay,2,0,1,1,7
0,8,0:5,erase-relay,0,1,1,1,1
0,8,0:5,erase-relay,1,1,1,1,1
0,8,0:5,erase-relay,2,1,1,1,1
0,1,0:6,identity,0,1,1,1,1
0,1,0:6,identity,1,1,1,1,1
0,1,0:6,identity,2,1,1,1,1
0,3,0:6,identity,0,1,1,1,1
0,3,0:6,identity,1,1,1,1,1
0,3,0:6,identity,2,1,1,1,1
0,5,0:6,identity,0,0,1,1,1
0,5,0:6,identity,1,0,1,1,3
0,5,0:6,identity,2,0,1,1,13
0,2,0:6,identity,0,1,1,1,1
0,2,0:6,identity,1,1,1,1,1
0,2,0:6,identity,2,1,1,1,1
0,10,0:6,identity,0,0,1,1,1
0,10,0:6,identity,1,1,1,1,2
0,10,0:6,identity,2,1,1,1,2
0,4,0:6,identity,0,0,1,1,1
0,4,0:6,identity,1,0,1,1,3
0,4,0:6,identity,2,0,1,1,13
0,12,0:6,identity,0,0,1,1,1
0,12,0:6,identity,1,0,1,1,3
0,12,0:6,identity,2,0,1,1,13
0,8,0:6,identity,0,0,1,1,1
0,8,0:6,identity,1,1,1,1,2
0,8,0:6,identity,2,1,1,1,2
0,1,0:6,erase-relay,0,1,1,1,1
0,1,0:6,erase-relay,1,1,1,1,1
0,1,0:6,erase-relay,2,1,1,1,1
0,3,0:6,erase-relay,0,1,1,1,1
0,3,0:6,erase-relay,1,1,1,1,1
0,3,0:6,erase-relay,2,1,1,1,1
0,5,0:6,erase-relay,0,0,1,1,1
0,5,0:6,erase-relay,1,0,1,1,3
0,5,0:6,erase-relay,2,0,1,1,13
0,2,0:6,erase-relay,0,1,1,1,1
0,2,0:6,erase-relay,1,1,1,1,1
0,2,0:6,erase-relay,2,1,1,1,1
0,10,0:6,erase-relay,0,1,1,1,1
0,10,0:6,erase-relay,1,1,1,1,1
0,10,0:6,erase-relay,2,1,1,1,1
0,4,0:6,erase-relay,0,0,1,1,1
0,4,0:6,erase-relay,1,0,1,1,3
0,4,0:6,erase-relay,2,0,1,1,13
0,12,0:6,erase-relay,0,0,1,1,1
0,12,0:6,erase-relay,1,0,1,1,3
0,12,0:6,erase-relay,2,0,1,1,13
0,8,0:6,erase-relay,0,1,1,1,1
0,8,0:6,erase-relay,1,1,1,1,1
0,8,0:6,erase-relay,2,1,1,1,1
0,1,0:7,identity,0,1,1,1,1
0,1,0:7,identity,1,1,1,1,1
0,1,0:7,identity,2,1,1,1,1
0,3,0:7,identity,0,1,1,1,1
0,3,0:7,identity,1,1,1,1,1
0,3,0:7,identity,2,1,1,1,1
0,5,0:7,identity,0,0,1,1,1
0,5,0:7,identity,1,0,1,1,3
0,5,0:7,identity,2,0,1,1,13
0,2,0:7,identity,0,1,1,1,1
0,2,0:7,identity,1,1,1,1,1
0,2,0:7,identity,2,1,1,1,1
0,10,0:7,identity,0,0,1,1,1
0,10,0:7,identity,1,1,1,1,2
0,10,0:7,identity,2,1,1,1,2
0,4,0:7,identity,0,0,1,1,1
0,4,0:7,identity,1,0,1,1,3
0,4,0:7,identity,2,0,1,1,13
0,12,0:7,identity,0,0,1,1,1
0,12,0:7,identity,1,0,1,1,3
0,12,0:7,identity,2,0,1,1,13
0,8,0:7,identity,0,0,1,1,1
0,8,0:7,identity,1,1,1,1,2
0,8,0:7,identity,2,1,1,1,2
0,1,0:7,erase-relay,0,1,1,1,1
0,1,0:7,erase-relay,1,1,1,1,1
0,1,0:7,erase-relay,2,1,1,1,1
0,3,0:7,erase-relay,0,1,1,1,1
0,3,0:7,erase-relay,1,1,1,1,1
0,3,0:7,erase-relay,2,1,1,1,1
0,5,0:7,erase-relay,0,0,1,1,1
0,5,0:7,erase-relay,1,0,1,1,3
0,5,0:7,erase-relay,2,0,1,1,13
0,2,0:7,erase-relay,0,1,1,1,1
0,2,0:7,erase-relay,1,1,1,1,1
0,2,0:7,erase-relay,2,1,1,1,1
0,10,0:7,erase-relay,0,1,1,1,1
0,10,0:7,erase-relay,1,1,1,1,1
0,10,0:7,erase-relay,2,1,1,1,1
0,4,0:7,erase-relay,0,0,1,1,1
0,4,0:7,erase-relay,1,0,1,1,3
0,4,0:7,erase-relay,2,0,1,1,13
0,12,0:7,erase-relay,0,0,1,1,1
0,12,0:7,erase-relay,1,0,1,1,3
0,12,0:7,erase-relay,2,0,1,1,13
0,8,0:7,erase-relay,0,1,1,1,1
0,8,0:7,erase-relay,1,1,1,1,1
0,8,0:7,erase-relay,2,1,1,1,1
0,1,1:2,identity,0,1,1,1,1
0,1,1:2,identity,1,1,1,1,1
0,1,1:2,identity,2,1,1,1,1
0,3,1:2,identity,0,1,1,1,1
0,3,1:2,identity,1,1,1,1,1
0,3,1:2,identity,2,1,1,1,1
0,5,1:2,identity,0,0,1,1,1
0,5,1:2,identity,1,0,1,1,3
0,5,1:2,identity,2,0,1,1,7
0,2,1:2,identity,0,1,1,1,1
0,2,1:2,identity,1,1,1,1,1
0,2,1:2,identity,2,1,1,1,1
0,10,1:2,identity,0,0,1,1,1
0,10,1:2,identity,1,0,1,1,3
0,10,1:2,identity,2,0,1,1,7
0,4,1:2,identity,0,0,1,1,1
0,4,1:2,identity,1,0,1,1,3
0,4,1:2,identity,2,0,1,1,7
0,12,1:2,identity,0,0,1,1,1
0,12,1:2,identity,1,0,1,1,3
0,12,1:2,identity,2,0,1,1,7
0,8,1:2,identity,0,0,1,1,1
0,8,1:2,identity,1,0,1,1,3
0,8,1:2,identity,2,0,1,1,7
0,1,1:2,erase-relay,0,1,1,1,1
0,1,1:2,erase-relay,1,1,1,1,1
0,1,1:2,erase-relay,2,1,1,1,1
0,3,1:2,erase-relay,0,1,1,1,1
0,3,1:2,erase-relay,1,1,1,1,1
0,3,1:2,erase-relay,2,1,1,1,1
0,5,1:2,erase-relay,0,0,1,1,1
0,5,1:2,erase-relay,1,0,1,1,3
0,5,1:2,erase-relay,2,0,1,1,7
0,2,1:2,erase-relay,0,1,1,1,1
0,2,1:2,erase-relay,1,1,1,1,1
0,2,1:2,erase-relay,2,1,1,1,1
0,10,1:2,erase-relay,0,1,1,1,1
0,10,1:2,erase-relay,1,1,1,1,1
0,10,1:2,erase-relay,2,1,1,1,1
0,4,1:2,erase-relay,0,0,1,1,1
0,4,1:2,erase-relay,1,0,1,1,3
0,4,1:2,erase-relay,2,0,1,1,7
0,12,1:2,erase-relay,0,0,1,1,1
0,12,1:2,erase-relay,1,0,1,1,3
0,12,1:2,erase-relay,2,0,1,1,7
0,8,1:2,erase-relay,0,1,1,1,1
0,8,1:2,erase-relay,1,1,1,1,1
0,8,1:2,erase-relay,2,1,1,1,1
0,1,1:3,identity,0,1,1,1,1
0,1,1:3,identity,1,1,1,1,1
0,1,1:3,identity,2,1,1,1,1
0,3,1:3,identity,0,1,1,1,1
0,3,1:3,identity,1,1,1,1,1
0,3,1:3,identity,2,1,1,1,1
0,5,1:3,identity,0,0,1,1,1
0,5,1:3,identity,1,0,1,1,3
0,5,1:3,identity,2,0,1,1,7
0,2,1:3,identity,0,1,1,1,1
0,2,1:3,identity,1,1,1,1,1
0,2,1:3,identity,2,1,1,1,1
0,10,1:3,identity,0,0,1,1,1
0,10,1:3,identity,1,0,1,1,3
0,10,1:3,identity,2,0,1,1,7
0,4,1:3,identity,0,0,1,1,1
0,4,1:3,identity,1,0,1,1,3
0,4,1:3,identity,2,0,1,1,7
0,12,1:3,identity,0,0,1,1,1
0,12,1:3,identity,1,0,1,1,3
0,12,1:3,identity,2,0,1,1,7
0,8,1:3,identity,0,0,1,1,1
0,8,1:3,identity,1,0,1,1,3
0,8,1:3,identity,2,0,1,1,7
0,1,1:3,erase-relay,0,1,1,1,1
0,1,1:3,erase-relay,1,1,1,1,1
0,1,1:3,erase-relay,2,1,1,1,1
0,3,1:3,erase-relay,0,1,1,1,1
0,3,1:3,erase-relay,1,1,1,1,1
0,3,1:3,erase-relay,2,1,1,1,1
0,5,1:3,erase-relay,0,0,1,1,1
0,5,1:3,erase-relay,1,0,1,1,3
0,5,1:3,erase-relay,2,0,1,1,7
0,2,1:3,erase-relay,0,1,1,1,1
0,2,1:3,erase-relay,1,1,1,1,1
0,2,1:3,erase-relay,2,1,1,1,1
0,10,1:3,erase-relay,0,1,1,1,1
0,10,1:3,erase-relay,1,1,1,1,1
0,10,1:3,erase-relay,2,1,1,1,1
0,4,1:3,erase-relay,0,0,1,1,1
0,4,1:3,erase-relay,1,0,1,1,3
0,4,1:3,erase-relay,2,0,1,1,7
0,12,1:3,erase-relay,0,0,1,1,1
0,12,1:3,erase-relay,1,0,1,1,3
0,12,1:3,erase-relay,2,0,1,1,7
0,8,1:3,erase-relay,0,1,1,1,1
0,8,1:3,erase-relay,1,1,1,1,1
0,8,1:3,erase-relay,2,1,1,1,1
0,1,1:4,identity,0,1,1,1,1
0,1,1:4,identity,1,1,1,1,1
0,1,1:4,identity,2,1,1,1,1
0,3,1:4,identity,0,1,1,1,1
0,3,1:4,identity,1,1,1,1,1
0,3,1:4,identity,2,1,1,1,1
0,5,1:4,identity,0,0,1,1,1
0,5,1:4,identity,1,0,1,1,3
0,5,1:4,identity,2,0,1,1,7
0,2,1:4,identity,0,1,1,1,1
0,2,1:4,identity,1,1,1,1,1
0,2,1:4,identity,2,1,1,1,1
0,10,1:4,identity,0,0,1,1,1
0,10,1:4,identity,1,0,1,1,3
0,10,1:4,identity,2,1,1,1,4
0,4,1:4,identity,0,0,1,1,1
0,4,1:4,identity,1,0,1,1,3
0,4,1:4,identity,2,0,1,1,7
0,12,1:4,identity,0,0,1,1,1
0,12,1:4,identity,1,0,1,1,3
0,12,1:4,identity,2,0,1,1,7
0,8,1:4,identity,0,0,1,1,1
0,8,1:4,identity,1,1,1,1,3
0,8,1:4,identity,2,1,1,1,4
0,1,1:4,erase-relay,0,1,1,1,1
0,1,1:4,erase-relay,1,1,1,1,1
0,1,1:4,erase-relay,2,1,1,1,1
0,3,1:4,erase-relay,0,1,1,1,1
0,3,1:4,erase-relay,1,1,1,1,1
0,3,1:4,erase-relay,2,1,1,1,1
0,5,1:4,erase-relay,0,0,1,1,1
0,5,1:4,erase-relay,1,0,1,1,3
0,5,1:4,erase-relay,2,0,1,1,7
0,2,1:4,erase-relay,0,1,1,1,1
0,2,1:4,erase-relay,1,1,1,1,1
0,2,1:4,erase-relay,2,1,1,1,1
0,10,1:4,erase-relay,0,1,1,1,1
0,10,1:4,erase-relay,1,1,1,1,1
0,10,1:4,erase-relay,2,1,1,1,1
0,4,1:4,erase-relay,0,0,1,1,1
0,4,1:4,erase-relay,1,0,1,1,3
0,4,1:4,erase-relay,2,0,1,1,7
0,12,1:4,erase-relay,0,0,1,1,1
0,12,1:4,erase-relay,1,0,1,1,3
0,12,1:4,erase-relay,2,0,1,1,7
0,8,1:4,erase-relay,0,1,1,1,1
0,8,1:4,erase-relay,1,1,1,1,1
0,8,1:4,erase-relay,2,1,1,1,1
0,1,1:5,identity,0,1,1,1,1
0,1,1:5,identity,1,1,1,1,1
0,1,1:5,identity,2,1,1,1,1
0,3,1:5,identity,0,1,1,1,1
0,3,1:5,identity,1,1,1,1,1
0,3,1:5,identity,2,1,1,1,1
0,5,1:5,identity,0,0,1,1,1
0,5,1:5,identity,1,0,1,1,3
0,5,1:5,identity,2,0,1,1,7
0,2,1:5,identity,0,1,1,1,1
0,2,1:5,identity,1,1,1,1,1
0,2,1:5,identity,2,1,1,1,1
0,10,1:5,identity,0,0,1,1,1
0,10,1:5,identity,1,0,1,1,3
0,10,1:5,identity,2,0,1,1,7
0,4,1:5,identity,0,0,1,1,1
0,4,1:5,identity,1,0,1,1,3
0,4,1:5,identity,2,0,1,1,7
0,12,1:5,identity,0,0,1,1,1
0,12,1:5,identity,1,0,1,1,3
0,12,1:5,identity,2,0,1,1,7
0,8,1:5,identity,0,0,1,1,1
0,8,1:5,identity,1,0,1,1,3
0,8,1:5,identity,2,0,1,1,7
0,1,1:5,erase-relay,0,1,1,1,1
0,1,1:5,erase-relay,1,1,1,1,1
0,1,1:5,erase-relay,2,1,1,1,1
0,3,1:5,erase-relay,0,1,1,1,1
0,3,1:5,erase-relay,1,1,1,1,1
0,3,1:5,erase-relay,2,1,1,1,1
0,5,1:5,erase-relay,0,0,1,1,1
0,5,1:5,erase-relay,1,0,1,1,3
0,5,1:5,erase-relay,2,0,1,1,7
0,2,1:5,erase-relay,0,1,1,1,1
0,2,1:5,erase-relay,1,1,1,1,1
0,2,1:5,erase-relay,2,1,1,1,1
0,10,1:5,erase-relay,0,1,1,1,1
0,10,1:5,erase-relay,1,1,1,1,1
0,10,1:5,erase-relay,2,1,1,1,1
0,4,1:5,erase-relay,0,0,1,1,1
0,4,1:5,erase-relay,1,0,1,1,3
0,4,1:5,erase-relay,2,0,1,1,7
0,12,1:5,erase-relay,0,0,1,1,1
0,12,1:5,erase-relay,1,0,1,1,3
0,12,1:5,erase-relay,2,0,1,1,7
0,8,1:5,erase-relay,0,1,1,1,1
0,8,1:5,erase-relay,1,1,1,1,1
0,8,1:5,erase-relay,2,1,1,1,1
0,1,1:6,identity,0,1,1,1,1
0,1,1:6,identity,1,1,1,1,1
0,1,1:6,identity,2,1,1,1,1
0,3,1:6,identity,0,1,1,1,1
0,3,1:6,identity,1,1,1,1,1
0,3,1:6,identity,2,1,1,1,1
0,5,1:6,identity,0,0,1,1,1
0,5,1:6,identity,1,0,1,1,3
0,5,1:6,identity,2,0,1,1,13
0,2,1:6,identity,0,1,1,1,1
0,2,1:6,identity,1,1,1,1,1
0,2,1:6,identity,2,1,1,1,1
0,10,1:6,identity,0,0,1,1,1
0,10,1:6,identity,1,0,1,1,3
0,10,1:6,identity,2,0,1,1,13
0,4,1:6,identity,0,0,1,1,1
0,4,1:6,identity,1,0,1,1,3
0,4,1:6,identity,2,0,1,1,13
0,12,1:6,identity,0,0,1,1,1
0,12,1:6,identity,1,0,1,1,3
0,12,1:6,identity,2,0,1,1,13
0,8,1:6,identity,0,0,1,1,1
0,8,1:6,identity,1,0,1,1,3
0,8,1:6,identity,2,0,1,1,13
0,1,1:6,erase-relay,0,1,1,1,1
0,1,1:6,erase-relay,1,1,1,1,1
0,1,1:6,erase-relay,2,1,1,1,1
0,3,1:6,erase-relay,0,1,1,1,1
0,3,1:6,erase-relay,1,1,1,1,1
0,3,1:6,erase-relay,2,1,1,1,1
0,5,1:6,erase-relay,0,0,1,1,1
0,5,1:6,erase-relay,1,0,1,1,3
0,5,1:6,erase-relay,2,0,1,1,13
0,2,1:6,erase-relay,0,1,1,1,1
0,2,1:6,erase-relay,1,1,1,1,1
0,2,1:6,erase-relay,2,1,1,1,1
0,10,1:6,erase-relay,0,1,1,1,1
0,10,1:6,erase-relay,1,1,1,1,1
0,10,1:6,erase-relay,2,1,1,1,1
0,4,1:6,erase-relay,0,0,1,1,1
0,4,1:6,erase-relay,1,0,1,1,3
0,4,1:6,erase-relay,2,0,1,1,13
0,12,1:6,erase-relay,0,0,1,1,1
0,12,1:6,erase-relay,1,0,1,1,3
0,12,1:6,erase-relay,2,0,1,1,13
0,8,1:6,erase-relay,0,1,1,1,1
0,8,1:6,erase-relay,1,1,1,1,1
0,8,1:6,erase-relay,2,1,1,1,1
0,1,1:7,identity,0,1,1,1,1
0,1,1:7,identity,1,1,1,1,1
0,1,1:7,identity,2,1,1,1,1
0,3,1:7,identity,0,1,1,1,1
0,3,1:7,identity,1,1,1,1,1
0,3,1:7,identity,2,1,1,1,1
0,5,1:7,identity,0,0,1,1,1
0,5,1:7,identity,1,0,1,1,3
0,5,1:7,identity,2,0,1,1,13
0,2,1:7,identity,0,1,1,1,1
0,2,1:7,identity,1,1,1,1,1
0,2,1:7,identity,2,1,1,1,1
0,10,1:7,identity,0,0,1,1,1
0,10,1:7,identity,1,0,1,1,3
0,10,1:7,identity,2,0,1,1,13
0,4,1:7,identity,0,0,1,1,1
0,4,1:7,identity,1,0,1,1,3
0,4,1:7,identity,2,0,1,1,13
0,12,1:7,identity,0,0,1,1,1
0,12,1:7,identity,1,0,1,1,3
0,12,1:7,identity,2,0,1,1,13
0,8,1:7,identity,0,0,1,1,1
0,8,1:7,identity,1,0,1,1,3
0,8,1:7,identity,2,0,1,1,13
0,1,1:7,erase-relay,0,1,1,1,1
0,1,1:7,erase-relay,1,1,1,1,1
0,1,1:7,erase-relay,2,1,1,1,1
0,3,1:7,erase-relay,0,1,1,1,1
0,3,1:7,erase-relay,1,1,1,1,1
0,3,1:7,erase-relay,2,1,1,1,1
0,5,1:7,erase-relay,0,0,1,1,1
0,5,1:7,erase-relay,1,0,1,1,3
0,5,1:7,erase-relay,2,0,1,1,13
0,2,1:7,erase-relay,0,1,1,1,1
0,2,1:7,erase-relay,1,1,1,1,1
0,2,1:7,erase-relay,2,1,1,1,1
0,10,1:7,erase-relay,0,1,1,1,1
0,10,1:7,erase-relay,1,1,1,1,1
0,10,1:7,erase-relay,2,1,1,1,1
0,4,1:7,erase-relay,0,0,1,1,1
0,4,1:7,erase-relay,1,0,1,1,3
0,4,1:7,erase-relay,2,0,1,1,13
0,12,1:7,erase-relay,0,0,1,1,1
0,12,1:7,erase-relay,1,0,1,1,3
0,12,1:7,erase-relay,2,0,1,1,13
0,8,1:7,erase-relay,0,1,1,1,1
0,8,1:7,erase-relay,1,1,1,1,1
0,8,1:7,erase-relay,2,1,1,1,1
0,1,2:3,identity,0,1,1,1,1
0,1,2:3,identity,1,1,1,1,1
0,1,2:3,identity,2,1,1,1,1
0,3,2:3,identity,0,1,1,1,1
0,3,2:3,identity,1,1,1,1,1
0,3,2:3,identity,2,1,1,1,1
0,5,2:3,identity,0,0,1,1,1
0,5,2:3,identity,1,0,1,1,3
0,5,2:3,identity,2,0,1,1,7
0,2,2:3,identity,0,1,1,1,1
0,2,2:3,identity,1,1,1,1,1
0,2,2:3,identity,2,1,1,1,1
0,10,2:3,identity,0,0,1,1,1
0,10,2:3,identity,1,0,1,1,3
0,10,2:3,identity,2,0,1,1,7
0,4,2:3,identity,0,0,1,1,1
0,4,2:3,identity,1,0,1,1,3
0,4,2:3,identity,2,0,1,1,7
0,12,2:3,identity,0,0,1,1,1
0,12,2:3,identity,1,0,1,1,3
0,12,2:3,identity,2,0,1,1,7
0,8,2:3,identity,0,0,1,1,1
0,8,2:3,identity,1,0,1,1,3
0,8,2:3,identity,2,0,1,1,7
0,1,2:3,erase-relay,0,1,1,1,1
0,1,2:3,erase-relay,1,1,1,1,1
0,1,2:3,erase-relay,2,1,1,1,1
0,3,2:3,erase-relay,0,1,1,1,1
0,3,2:3,erase-relay,1,1,1,1,1
0,3,2:3,erase-relay,2,1,1,1,1
0,5,2:3,erase-relay,0,0,1,1,1
0,5,2:3,erase-relay,1,0,1,1,3
0,5,2:3,erase-relay,2,0,1,1,7
0,2,2:3,erase-relay,0,1,1,1,1
0,2,2:3,erase-relay,1,1,1,1,1
0,2,2:3,erase-relay,2,1,1,1,1
0,10,2:3,erase-relay,0,1,1,1,1
0,10,2:3,erase-relay,1,1,1,1,1
0,10,2:3,erase-relay,2,1,1,1,1
0,4,2:3,erase-relay,0,0,1,1,1
0,4,2:3,erase-relay,1,0,1,1,3
0,4,2:3,erase-relay,2,0,1,1,7
0,12,2:3,erase-relay,0,0,1,1,1
0,12,2:3,erase-relay,1,0,1,1,3
0,12,2:3,erase-relay,2,0,1,1,7
0,8,2:3,erase-relay,0,1,1,1,1
0,8,2:3,erase-relay,1,1,1,1,1
0,8,2:3,erase-relay,2,1,1,1,1
0,1,2:4,identity,0,1,1,1,1
0,1,2:4,identity,1,1,1,1,1
0,1,2:4,identity,2,1,1,1,1
0,3,2:4,identity,0,1,1,1,1
0,3,2:4,identity,1,1,1,1,1
0,3,2:4,identity,2,1,1,1,1
0,5,2:4,identity,0,0,1,1,1
0,5,2:4,identity,1,0,1,1,3
0,5,2:4,identity,2,0,1,1,7
0,2,2:4,identity,0,1,1,1,1
0,2,2:4,identity,1,1,1,1,1
0,2,2:4,identity,2,1,1,1,1
0,10,2:4,identity,0,0,1,1,1
0,10,2:4,identity,1,0,1,1,3
0,10,2:4,identity,2,0,1,1,7
0,4,2:4,identity,0,0,1,1,1
0,4,2:4,identity,1,0,1,1,3
0,4,2:4,identity,2,0,1,1,7
0,12,2:4,identity,0,0,1,1,1
0,12,2:4,identity,1,0,1,1,3
0,12,2:4,identity,2,0,1,1,7
0,8,2:4,identity,0,0,1,1,1
0,8,2:4,identity,1,1,1,1,3
0,8,2:4,identity,2,1,1,1,5
0,1,2:4,erase-relay,0,1,1,1,1
0,1,2:4,erase-relay,1,1,1,1,1
0,1,2:4,erase-relay,2,1,1,1,1
0,3,2:4,erase-relay,0,1,1,1,1
0,3,2:4,erase-relay,1,1,1,1,1
0,3,2:4,erase-relay,2,1,1,1,1
0,5,2:4,erase-relay,0,0,1,1,1
0,5,2:4,erase-relay,1,0,1,1,3
0,5,2:4,erase-relay,2,0,1,1,7
0,2,2:4,erase-relay,0,1,1,1,1
0,2,2:4,erase-relay,1,1,1,1,1
0,2,2:4,erase-relay,2,1,1,1,1
0,10,2:4,erase-relay,0,1,1,1,1
0,10,2:4,erase-relay,1,1,1,1,1
0,10,2:4,erase-relay,2,1,1,1,1
0,4,2:4,erase-relay,0,0,1,1,1
0,4,2:4,erase-relay,1,0,1,1,3
0,4,2:4,erase-relay,2,0,1,1,7
0,12,2:4,erase-relay,0,0,1,1,1
0,12,2:4,erase-relay,1,0,1,1,3
0,12,2:4,erase-relay,2,0,1,1,7
0,8,2:4,erase-relay,0,1,1,1,1
0,8,2:4,erase-relay,1,1,1,1,1
0,8,2:4,erase-relay,2,1,1,1,1
0,1,2:5,identity,0,1,1,1,1
0,1,2:5,identity,1,1,1,1,1
0,1,2:5,identity,2,1,1,1,1
0,3,2:5,identity,0,1,1,1,1
0,3,2:5,identity,1,1,1,1,1
0,3,2:5,identity,2,1,1,1,1
0,5,2:5,identity,0,0,1,1,1
0,5,2:5,identity,1,0,1,1,3
0,5,2:5,identity,2,0,1,1,7
0,2,2:5,identity,0,1,1,1,1
0,2,2:5,identity,1,1,1,1,1
0,2,2:5,identity,2,1,1,1,1
0,10,2:5,identity,0,0,1,1,1
0,10,2:5,identity,1,0,1,1,3
0,10,2:5,identity,2,0,1,1,7
0,4,2:5,identity,0,0,1,1,1
0,4,2:5,identity,1,0,1,1,3
0,4,2:5,identity,2,0,1,1,7
0,12,2:5,identity,0,0,1,1,1
0,12,2:5,identity,1,0,1,1,3
0,12,2:5,identity,2,0,1,1,7
0,8,2:5,identity,0,0,1,1,1
0,8,2:5,identity,1,0,1,1,3
0,8,2:5,identity,2,0,1,1,7
0,1,2:5,erase-relay,0,1,1,1,1
0,1,2:5,erase-relay,1,1,1,1,1
0,1,2:5,erase-relay,2,1,1,1,1
0,3,2:5,erase-relay,0,1,1,1,1
0,3,2:5,erase-relay,1,1,1,1,1
0,3,2:5,erase-relay,2,1,1,1,1
0,5,2:5,erase-relay,0,0,1,1,1
0,5,2:5,erase-relay,1,0,1,1,3
0,5,2:5,erase-relay,2,0,1,1,7
0,2,2:5,erase-relay,0,1,1,1,1
0,2,2:5,erase-relay,1,1,1,1,1
0,2,2:5,erase-relay,2,1,1,1,1
0,10,2:5,erase-relay,0,1,1,1,1
0,10,2:5,erase-relay,1,1,1,1,1
0,10,2:5,erase-relay,2,1,1,1,1
0,4,2:5,erase-relay,0,0,1,1,1
0,4,2:5,erase-relay,1,0,1,1,3
0,4,2:5,erase-relay,2,0,1,1,7
0,12,2:5,erase-relay,0,0,1,1,1
0,12,2:5,erase-relay,1,0,1,1,3
0,12,2:5,erase-relay,2,0,1,1,7
0,8,2:5,erase-relay,0,1,1,1,1
0,8,2:5,erase-relay,1,1,1,1,1
0,8,2:5,erase-relay,2,1,1,1,1
0,1,2:6,identity,0,1,1,1,1
0,1,2:6,identity,1,1,1,1,1
0,1,2:6,identity,2,1,1,1,1
0,3,2:6,identity,0,1,1,1,1
0,3,2:6,identity,1,1,1,1,1
0,3,2:6,identity,2,1,1,1,1
0,5,2:6,identity,0,0,1,1,1
0,5,2:6,identity,1,0,1,1,3
0,5,2:6,identity,2,0,1,1,13
0,2,2:6,identity,0,1,1,1,1
0,2,2:6,identity,1,1,1,1,1
0,2,2:6,identity,2,1,1,1,1
0,10,2:6,identity,0,0,1,1,1
0,10,2:6,identity,1,0,1,1,3
0,10,2:6,identity,2,0,1,1,13
0,4,2:6,identity,0,0,1,1,1
0,4,2:6,identity,1,0,1,1,3
0,4,2:6,identity,2,0,1,1,13
0,12,2:6,identity,0,0,1,1,1
0,12,2:6,identity,1,0,1,1,3
0,12,2:6,identity,2,0,1,1,13
0,8,2:6,identity,0,0,1,1,1
0,8,2:6,identity,1,0,1,1,3
0,8,2:6,identity,2,0,1,1,13
0,1,2:6,erase-relay,0,1,1,1,1
0,1,2:6,erase-relay,1,1,1,1,1
0,1,2:6,erase-relay,2,1,1,1,1
0,3,2:6,erase-relay,0,1,1,1,1
0,3,2:6,erase-relay,1,1,1,1,1
0,3,2:6,erase-relay,2,1,1,1,1
0,5,2:6,erase-relay,0,0,1,1,1
0,5,2:6,erase-relay,1,0,1,1,3
0,5,2:6,erase-relay,2,0,1,1,13
0,2,2:6,erase-relay,0,1,1,1,1
0,2,2:6,erase-relay,1,1,1,1,1
0,2,2:6,erase-relay,2,1,1,1,1
0,10,2:6,erase-relay,0,1,1,1,1
0,10,2:6,erase-relay,1,1,1,1,1
0,10,2:6,erase-relay,2,1,1,1,1
0,4,2:6,erase-relay,0,0,1,1,1
0,4,2:6,erase-relay,1,0,1,1,3
0,4,2:6,erase-relay,2,0,1,1,13
0,12,2:6,erase-relay,0,0,1,1,1
0,12,2:6,erase-relay,1,0,1,1,3
0,12,2:6,erase-relay,2,0,1,1,13
0,8,2:6,erase-relay,0,1,1,1,1
0,8,2:6,erase-relay,1,1,1,1,1
0,8,2:6,erase-relay,2,1,1,1,1
0,1,2:7,identity,0,1,1,1,1
0,1,2:7,identity,1,1,1,1,1
0,1,2:7,identity,2,1,1,1,1
0,3,2:7,identity,0,1,1,1,1
0,3,2:7,identity,1,1,1,1,1
0,3,2:7,identity,2,1,1,1,1
0,5,2:7,identity,0,0,1,1,1
0,5,2:7,identity,1,0,1,1,3
0,5,2:7,identity,2,0,1,1,13
0,2,2:7,identity,0,1,1,1,1
0,2,2:7,identity,1,1,1,1,1
0,2,2:7,identity,2,1,1,1,1
0,10,2:7,identity,0,0,1,1,1
0,10,2:7,identity,1,0,1,1,3
0,10,2:7,identity,2,0,1,1,13
0,4,2:7,identity,0,0,1,1,1
0,4,2:7,identity,1,0,1,1,3
0,4,2:7,identity,2,0,1,1,13
0,12,2:7,identity,0,0,1,1,1
0,12,2:7,identity,1,0,1,1,3
0,12,2:7,identity,2,0,1,1,13
0,8,2:7,identity,0,0,1,1,1
0,8,2:7,identity,1,0,1,1,3
0,8,2:7,identity,2,0,1,1,13
0,1,2:7,erase-relay,0,1,1,1,1
0,1,2:7,erase-relay,1,1,1,1,1
0,1,2:7,erase-relay,2,1,1,1,1
0,3,2:7,erase-relay,0,1,1,1,1
0,3,2:7,erase-relay,1,1,1,1,1
0,3,2:7,erase-relay,2,1,1,1,1
0,5,2:7,erase-relay,0,0,1,1,1
0,5,2:7,erase-relay,1,0,1,1,3
0,5,2:7,erase-relay,2,0,1,1,13
0,2,2:7,erase-relay,0,1,1,1,1
0,2,2:7,erase-relay,1,1,1,1,1
0,2,2:7,erase-relay,2,1,1,1,1
0,10,2:7,erase-relay,0,1,1,1,1
0,10,2:7,erase-relay,1,1,1,1,1
0,10,2:7,erase-relay,2,1,1,1,1
0,4,2:7,erase-relay,0,0,1,1,1
0,4,2:7,erase-relay,1,0,1,1,3
0,4,2:7,erase-relay,2,0,1,1,13
0,12,2:7,erase-relay,0,0,1,1,1
0,12,2:7,erase-relay,1,0,1,1,3
0,12,2:7,erase-relay,2,0,1,1,13
0,8,2:7,erase-relay,0,1,1,1,1
0,8,2:7,erase-relay,1,1,1,1,1
0,8,2:7,erase-relay,2,1,1,1,1
0,1,3:4,identity,0,1,1,1,1
0,1,3:4,identity,1,1,1,1,1
0,1,3:4,identity,2,1,1,1,1
0,3,3:4,identity,0,1,1,1,1
0,3,3:4,identity,1,1,1,1,1
0,3,3:4,identity,2,1,1,1,1
0,5,3:4,identity,0,0,1,1,1
0,5,3:4,identity,1,0,1,1,3
0,5,3:4,identity,2,0,1,1,7
0,2,3:4,identity,0,1,1,1,1
0,2,3:4,identity,1,1,1,1,1
0,2,3:4,identity,2,1,1,1,1
0,10,3:4,identity,0,0,1,1,1
0,10,3:4,identity,1,0,1,1,3
0,10,3:4,identity,2,0,1,1,7
0,4,3:4,identity,0,0,1,1,1
0,4,3:4,identity,1,0,1,1,3
0,4,3:4,identity,2,0,1,1,7
0,12,3:4,identity,0,0,1,1,1
0,12,3:4,identity,1,0,1,1,3
0,12,3:4,identity,2,0,1,1,7
0,8,3:4,identity,0,0,1,1,1
0,8,3:4,identity,1,1,1,1,3
0,8,3:4,identity,2,1,1,1,4
0,1,3:4,erase-relay,0,1,1,1,1
0,1,3:4,erase-relay,1,1,1,1,1
0,1,3:4,erase-relay,2,1,1,1,1
0,3,3:4,erase-relay,0,1,1,1,1
0,3,3:4,erase-relay,1,1,1,1,1
0,3,3:4,erase-relay,2,1,1,1,1
0,5,3:4,erase-relay,0,0,1,1,1
0,5,3:4,erase-relay,1,0,1,1,3
0,5,3:4,erase-relay,2,0,1,1,7
0,2,3:4,erase-relay,0,1,1,1,1
0,2,3:4,erase-relay,1,1,1,1,1
0,2,3:4,erase-relay,2,1,1,1,1
0,10,3:4,erase-relay,0,1,1,1,1
0,10,3:4,erase-relay,1,1,1,1,1
0,10,3:4,erase-relay,2,1,1,1,1
0,4,3:4,erase-relay,0,0,1,1,1
0,4,3:4,erase-relay,1,0,1,1,3
0,4,3:4,erase-relay,2,0,1,1,7
0,12,3:4,erase-relay,0,0,1,1,1
0,12,3:4,erase-relay,1,0,1,1,3
0,12,3:4,erase-relay,2,0,1,1,7
0,8,3:4,erase-relay,0,1,1,1,1
0,8,3:4,erase-relay,1,1,1,1,1
0,8,3:4,erase-relay,2,1,1,1,1
0,1,3:5,identity,0,1,1,1,1
0,1,3:5,identity,1,1,1,1,1
0,1,3:5,identity,2,1,1,1,1
0,3,3:5,identity,0,1,1,1,1
0,3,3:5,identity,1,1,1,1,1
0,3,3:5,identity,2,1,1,1,1
0,5,3:5,identity,0,0,1,1,1
0,5,3:5,identity,1,0,1,1,3
0,5,3:5,identity,2,0,1,1,7
0,2,3:5,identity,0,1,1,1,1
0,2,3:5,identity,1,1,1,1,1
0,2,3:5,identity,2,1,1,1,1
0,10,3:5,identity,0,0,1,1,1
0,10,3:5,identity,1,0,1,1,3
0,10,3:5,identity,2,0,1,1,7
0,4,3:5,identity,0,0,1,1,1
0,4,3:5,identity,1,0,1,1,3
0,4,3:5,identity,2,0,1,1,7
0,12,3:5,identity,0,0,1,1,1
0,12,3:5,identity,1,0,1,1,3
0,12,3:5,identity,2,0,1,1,7
0,8,3:5,identity,0,0,1,1,1
0,8,3:5,identity,1,0,1,1,3
0,8,3:5,identity,2,0,1,1,7
0,1,3:5,erase-relay,0,1,1,1,1
0,1,3:5,erase-relay,1,1,1,1,1
0,1,3:5,erase-relay,2,1,1,1,1
0,3,3:5,erase-relay,0,1,1,1,1
0,3,3:5,erase-relay,1,1,1,1,1
0,3,3:5,erase-relay,2,1,1,1,1
0,5,3:5,erase-relay,0,0,1,1,1
0,5,3:5,erase-relay,1,0,1,1,3
0,5,3:5,erase-relay,2,0,1,1,7
0,2,3:5,erase-relay,0,1,1,1,1
0,2,3:5,erase-relay,1,1,1,1,1
0,2,3:5,erase-relay,2,1,1,1,1
0,10,3:5,erase-relay,0,1,1,1,1
0,10,3:5,erase-relay,1,1,1,1,1
0,10,3:5,erase-relay,2,1,1,1,1
0,4,3:5,erase-relay,0,0,1,1,1
0,4,3:5,erase-relay,1,0,1,1,3
0,4,3:5,erase-relay,2,0,1,1,7
0,12,3:5,erase-relay,0,0,1,1,1
0,12,3:5,erase-relay,1,0,1,1,3
0,12,3:5,erase-relay,2,0,1,1,7
0,8,3:5,erase-relay,0,1,1,1,1
0,8,3:5,erase-relay,1,1,1,1,1
0,8,3:5,erase-relay,2,1,1,1,1
0,1,3:6,identity,0,1,1,1,1
0,1,3:6,identity,1,1,1,1,1
0,1,3:6,identity,2,1,1,1,1
0,3,3:6,identity,0,1,1,1,1
0,3,3:6,identity,1,1,1,1,1
0,3,3:6,identity,2,1,1,1,1
0,5,3:6,identity,0,0,1,1,1
0,5,3:6,identity,1,0,1,1,3
0,5,3:6,identity,2,0,1,1,13
0,2,3:6,identity,0,1,1,1,1
0,2,3:6,identity,1,1,1,1,1
0,2,3:6,identity,2,1,1,1,1
0,10,3:6,identity,0,0,1,1,1
0,10,3:6,identity,1,0,1,1,3
0,10,3:6,identity,2,0,1,1,13
0,4,3:6,identity,0,0,1,1,1
0,4,3:6,identity,1,0,1,1,3
0,4,3:6,identity,2,0,1,1,13
0,12,3:6,identity,0,0,1,1,1
0,12,3:6,identity,1,0,1,1,3
0,12,3:6,identity,2,0,1,1,13
0,8,3:6,identity,0,0,1,1,1
0,8,3:6,identity,1,0,1,1,3
0,8,3:6,identity,2,0,1,1,13
0,1,3:6,erase-relay,0,1,1,1,1
0,1,3:6,erase-relay,1,1,1,1,1
0,1,3:6,erase-relay,2,1,1,1,1
0,3,3:6,erase-relay,0,1,1,1,1
0,3,3:6,erase-relay,1,1,1,1,1
0,3,3:6,erase-relay,2,1,1,1,1
0,5,3:6,erase-relay,0,0,1,1,1
0,5,3:6,erase-relay,1,0,1,1,3
0,5,3:6,erase-relay,2,0,1,1,13
0,2,3:6,erase-relay,0,1,1,1,1
0,2,3:6,erase-relay,1,1,1,1,1
0,2,3:6,erase-relay,2,1,1,1,1
0,10,3:6,erase-relay,0,1,1,1,1
0,10,3:6,erase-relay,1,1,1,1,1
0,10,3:6,erase-relay,2,1,1,1,1
0,4,3:6,erase-relay,0,0,1,1,1
0,4,3:6,erase-relay,1,0,1,1,3
0,4,3:6,erase-relay,2,0,1,1,13
0,12,3:6,erase-relay,0,0,1,1,1
0,12,3:6,erase-relay,1,0,1,1,3
0,12,3:6,erase-relay,2,0,1,1,13
0,8,3:6,erase-relay,0,1,1,1,1
0,8,3:6,erase-relay,1,1,1,1,1
0,8,3:6,erase-relay,2,1,1,1,1
0,1,3:7,identity,0,1,1,1,1
0,1,3:7,identity,1,1,1,1,1
0,1,3:7,identity,2,1,1,1,1
0,3,3:7,identity,0,1,1,1,1
0,3,3:7,identity,1,1,1,1,1
0,3,3:7,identity,2,1,1,1,1
0,5,3:7,identity,0,0,1,1,1
0,5,3:7,identity,1,0,1,1,3
0,5,3:7,identity,2,0,1,1,13
0,2,3:7,identity,0,1,1,1,1
0,2,3:7,identity,1,1,1,1,1
0,2,3:7,identity,2,1,1,1,1
0,10,3:7,identity,0,0,1,1,1
0,10,3:7,identity,1,0,1,1,3
0,10,3:7,identity,2,0,1,1,13
0,4,3:7,identity,0,0,1,1,1
0,4,3:7,identity,1,0,1,1,3
0,4,3:7,identity,2,0,1,1,13
0,12,3:7,identity,0,0,1,1,1
0,12,3:7,identity,1,0,1,1,3
0,12,3:7,identity,2,0,1,1,13
0,8,3:7,identity,0,0,1,1,1
0,8,3:7,identity,1,0,1,1,3
0,8,3:7,identity,2,0,1,1,13
0,1,3:7,erase-relay,0,1,1,1,1
0,1,3:7,erase-relay,1,1,1,1,1
0,1,3:7,erase-relay,2,1,1,1,1
0,3,3:7,erase-relay,0,1,1,1,1
0,3,3:7,erase-relay,1,1,1,1,1
0,3,3:7,erase-relay,2,1,1,1,1
0,5,3:7,erase-relay,0,0,1,1,1
0,5,3:7,erase-relay,1,0,1,1,3
0,5,3:7,erase-relay,2,0,1,1,13
0,2,3:7,erase-relay,0,1,1,1,1
0,2,3:7,erase-relay,1,1,1,1,1
0,2,3:7,erase-relay,2,1,1,1,1
0,10,3:7,erase-relay,0,1,1,1,1
0,10,3:7,erase-relay,1,1,1,1,1
0,10,3:7,erase-relay,2,1,1,1,1
0,4,3:7,erase-relay,0,0,1,1,1
0,4,3:7,erase-relay,1,0,1,1,3
0,4,3:7,erase-relay,2,0,1,1,13
0,12,3:7,erase-relay,0,0,1,1,1
0,12,3:7,erase-relay,1,0,1,1,3
0,12,3:7,erase-relay,2,0,1,1,13
0,8,3:7,erase-relay,0,1,1,1,1
0,8,3:7,erase-relay,1,1,1,1,1
0,8,3:7,erase-relay,2,1,1,1,1
0,1,4:5,identity,0,1,1,1,1
0,1,4:5,identity,1,1,1,1,1
0,1,4:5,identity,2,1,1,1,1
0,3,4:5,identity,0,1,1,1,1
0,3,4:5,identity,1,1,1,1,1
0,3,4:5,identity,2,1,1,1,1
0,5,4:5,identity,0,0,1,1,1
0,5,4:5,identity,1,0,1,1,3
0,5,4:5,identity,2,0,1,1,7
0,2,4:5,identity,0,1,1,1,1
0,2,4:5,identity,1,1,1,1,1
0,2,4:5,identity,2,1,1,1,1
0,10,4:5,identity,0,0,1,1,1
0,10,4:5,identity,1,0,1,1,3
0,10,4:5,identity,2,0,1,1,7
0,4,4:5,identity,0,0,1,1,1
0,4,4:5,identity,1,0,1,1,3
0,4,4:5,identity,2,0,1,1,7
0,12,4:5,identity,0,0,1,1,1
0,12,4:5,identity,1,0,1,1,3
0,12,4:5,identity,2,0,1,1,7
0,8,4:5,identity,0,0,1,1,1
0,8,4:5,identity,1,1,1,1,2
0,8,4:5,identity,2,1,1,1,2
0,1,4:5,erase-relay,0,1,1,1,1
0,1,4:5,erase-relay,1,1,1,1,1
0,1,4:5,erase-relay,2,1,1,1,1
0,3,4:5,erase-relay,0,1,1,1,1
0,3,4:5,erase-relay,1,1,1,1,1
0,3,4:5,erase-relay,2,1,1,1,1
0,5,4:5,erase-relay,0,0,1,1,1
0,5,4:5,erase-relay,1,0,1,1,3
0,5,4:5,erase-relay,2,0,1,1,7
0,2,4:5,erase-relay,0,1,1,1,1
0,2,4:5,erase-relay,1,1,1,1,1
0,2,4:5,erase-relay,2,1,1,1,1
0,10,4:5,erase-relay,0,1,1,1,1
0,10,4:5,erase-relay,1,1,1,1,1
0,10,4:5,erase-relay,2,1,1,1,1
0,4,4:5,erase-relay,0,0,1,1,1
0,4,4:5,erase-relay,1,0,1,1,3
0,4,4:5,erase-relay,2,0,1,1,7
0,12,4:5,erase-relay,0,0,1,1,1
0,12,4:5,erase-relay,1,0,1,1,3
0,12,4:5,erase-relay,2,0,1,1,7
0,8,4:5,erase-relay,0,1,1,1,1
0,8,4:5,erase-relay,1,1,1,1,1
0,8,4:5,erase-relay,2,1,1,1,1
0,1,4:6,identity,0,1,1,1,1
0,1,4:6,identity,1,1,1,1,1
0,1,4:6,identity,2,1,1,1,1
0,3,4:6,identity,0,1,1,1,1
0,3,4:6,identity,1,1,1,1,1
0,3,4:6,identity,2,1,1,1,1
0,5,4:6,identity,0,0,1,1,1
0,5,4:6,identity,1,0,1,1,3
0,5,4:6,identity,2,0,1,1,13
0,2,4:6,identity,0,1,1,1,1
0,2,4:6,identity,1,1,1,1,1
0,2,4:6,identity,2,1,1,1,1
0,10,4:6,identity,0,0,1,1,1
0,10,4:6,identity,1,0,1,1,3
0,10,4:6,identity,2,1,1,1,6
0,4,4:6,identity,0,0,1,1,1
0,4,4:6,identity,1,0,1,1,3
0,4,4:6,identity,2,0,1,1,13
0,12,4:6,identity,0,0,1,1,1
0,12,4:6,identity,1,0,1,1,3
0,12,4:6,identity,2,0,1,1,13
0,8,4:6,identity,0,0,1,1,1
0,8,4:6,identity,1,1,1,1,2
0,8,4:6,identity,2,1,1,1,2
0,1,4:6,erase-relay,0,1,1,1,1
0,1,4:6,erase-relay,1,1,1,1,1
0,1,4:6,erase-relay,2,1,1,1,1
0,3,4:6,erase-relay,0,1,1,1,1
0,3,4:6,erase-relay,1,1,1,1,1
0,3,4:6,erase-relay,2,1,1,1,1
0,5,4:6,erase-relay,0,0,1,1,1
0,5,4:6,erase-relay,1,0,1,1,3
0,5,4:6,erase-relay,2,0,1,1,13
0,2,4:6,erase-relay,0,1,1,1,1
0,2,4:6,erase-relay,1,1,1,1,1
0,2,4:6,erase-relay,2,1,1,1,1
0,10,4:6,erase-relay,0,1,1,1,1
0,10,4:6,erase-relay,1,1,1,1,1
0,10,4:6,erase-relay,2,1,1,1,1
0,4,4:6,erase-relay,0,0,1,1,1
0,4,4:6,erase-relay,1,0,1,1,3
0,4,4:6,erase-relay,2,0,1,1,13
0,12,4:6,erase-relay,0,0,1,1,1
0,12,4:6,erase-relay,1,0,1,1,3
0,12,4:6,erase-relay,2,0,1,1,13
0,8,4:6,erase-relay,0,1,1,1,1
0,8,4:6,erase-relay,1,1,1,1,1
0,8,4:6,erase-relay,2,1,1,1,1
0,1,4:7,identity,0,1,1,1,1
0,1,4:7,identity,1,1,1,1,1
0,1,4:7,identity,2,1,1,1,1
0,3,4:7,identity,0,1,1,1,1
0,3,4:7,identity,1,1,1,1,1
0,3,4:7,identity,2,1,1,1,1
0,5,4:7,identity,0,0,1,1,1
0,5,4:7,identity,1,0,1,1,3
0,5,4:7,identity,2,0,1,1,13
0,2,4:7,identity,0,1,1,1,1
0,2,4:7,identity,1,1,1,1,1
0,2,4:7,identity,2,1,1,1,1
0,10,4:7,identity,0,0,1,1,1
0,10,4:7,identity,1,0,1,1,3
0,10,4:7,identity,2,0,1,1,13
0,4,4:7,identity,0,0,1,1,1
0,4,4:7,identity,1,0,1,1,3
0,4,4:7,identity,2,0,1,1,13
0,12,4:7,identity,0,0,1,1,1
0,12,4:7,identity,1,0,1,1,3
0,12,4:7,identity,2,0,1,1,13
0,8,4:7,identity,0,0,1,1,1
0,8,4:7,identity,1,1,1,1,2
0,8,4:7,identity,2,1,1,1,2
0,1,4:7,erase-relay,0,1,1,1,1
0,1,4:7,erase-relay,1,1,1,1,1
0,1,4:7,erase-relay,2,1,1,1,1
0,3,4:7,erase-relay,0,1,1,1,1
0,3,4:7,erase-relay,1,1,1,1,1
0,3,4:7,erase-relay,2,1,1,1,1
0,5,4:7,erase-relay,0,0,1,1,1
0,5,4:7,erase-relay,1,0,1,1,3
0,5,4:7,erase-relay,2,0,1,1,13
0,2,4:7,erase-relay,0,1,1,1,1
0,2,4:7,erase-relay,1,1,1,1,1
0,2,4:7,erase-relay,2,1,1,1,1
0,10,4:7,erase-relay,0,1,1,1,1
0,10,4:7,erase-relay,1,1,1,1,1
0,10,4:7,erase-relay,2,1,1,1,1
0,4,4:7,erase-relay,0,0,1,1,1
0,4,4:7,erase-relay,1,0,1,1,3
0,4,4:7,erase-relay,2,0,1,1,13
0,12,4:7,erase-relay,0,0,1,1,1
0,12,4:7,erase-relay,1,0,1,1,3
0,12,4:7,erase-relay,2,0,1,1,13
0,8,4:7,erase-relay,0,1,1,1,1
0,8,4:7,erase-relay,1,1,1,1,1
0,8,4:7,erase-relay,2,1,1,1,1
0,1,5:6,identity,0,1,1,1,1
0,1,5:6,identity,1,1,1,1,1
0,1,5:6,identity,2,1,1,1,1
0,3,5:6,identity,0,1,1,1,1
0,3,5:6,identity,1,1,1,1,1
0,3,5:6,identity,2,1,1,1,1
0,5,5:6,identity,0,0,1,1,1
0,5,5:6,identity,1,0,1,1,3
0,5,5:6,identity,2,0,1,1,13
0,2,5:6,identity,0,1,1,1,1
0,2,5:6,identity,1,1,1,1,1
0,2,5:6,identity,2,1,1,1,1
0,10,5:6,identity,0,0,1,1,1
0,10,5:6,identity,1,0,1,1,3
0,10,5:6,identity,2,0,1,1,13
0,4,5:6,identity,0,0,1,1,1
0,4,5:6,identity,1,0,1,1,3
0,4,5:6,identity,2,0,1,1,13
0,12,5:6,identity,0,0,1,1,1
0,12,5:6,identity,1,0,1,1,3
0,12,5:6,identity,2,0,1,1,13
0,8,5:6,identity,0,0,1,1,1
0,8,5:6,identity,1,0,1,1,3
0,8,5:6,identity,2,0,1,1,13
0,1,5:6,erase-relay,0,1,1,1,1
0,1,5:6,erase-relay,1,1,1,1,1
0,1,5:6,erase-relay,2,1,1,1,1
0,3,5:6,erase-relay,0,1,1,1,1
0,3,5:6,erase-relay,1,1,1,1,1
0,3,5:6,erase-relay,2,1,1,1,1
0,5,5:6,erase-relay,0,0,1,1,1
0,5,5:6,erase-relay,1,0,1,1,3
0,5,5:6,erase-relay,2,0,1,1,13
0,2,5:6,erase-relay,0,1,1,1,1
0,2,5:6,erase-relay,1,1,1,1,1
0,2,5:6,erase-relay,2,1,1,1,1
0,10,5:6,erase-relay,0,1,1,1,1
0,10,5:6,erase-relay,1,1,1,1,1
0,10,5:6,erase-relay,2,1,1,1,1
0,4,5:6,erase-relay,0,0,1,1,1
0,4,5:6,erase-relay,1,0,1,1,3
0,4,5:6,erase-relay,2,0,1,1,13
0,12,5:6,erase-relay,0,0,1,1,1
0,12,5:6,erase-relay,1,0,1,1,3
0,12,5:6,erase-relay,2,0,1,1,13
0,8,5:6,erase-relay,0,1,1,1,1
0,8,5:6,erase-relay,1,1,1,1,1
0,8,5:6,erase-relay,2,1,1,1,1
0,1,5:7,identity,0,1,1,1,1
0,1,5:7,identity,1,1,1,1,1
0,1,5:7,identity,2,1,1,1,1
0,3,5:7,identity,0,1,1,1,1
0,3,5:7,identity,1,1,1,1,1
0,3,5:7,identity,2,1,1,1,1
0,5,5:7,identity,0,0,1,1,1
0,5,5:7,identity,1,0,1,1,3
0,5,5:7,identity,2,0,1,1,13
0,2,5:7,identity,0,1,1,1,1
0,2,5:7,identity,1,1,1,1,1
0,2,5:7,identity,2,1,1,1,1
0,10,5:7,identity,0,0,1,1,1
0,10,5:7,identity,1,0,1,1,3
0,10,5:7,identity,2,0,1,1,13
0,4,5:7,identity,0,0,1,1,1
0,4,5:7,identity,1,0,1,1,3
0,4,5:7,identity,2,0,1,1,13
0,12,5:7,identity,0,0,1,1,1
0,12,5:7,identity,1,0,1,1,3
0,12,5:7,identity,2,0,1,1,13
0,8,5:7,identity,0,0,1,1,1
0,8,5:7,identity,1,0,1,1,3
0,8,5:7,identity,2,0,1,1,13
0,1,5:7,erase-relay,0,1,1,1,1
0,1,5:7,erase-relay,1,1,1,1,1
0,1,5:7,erase-relay,2,1,1,1,1
0,3,5:7,erase-relay,0,1,1,1,1
0,3,5:7,erase-relay,1,1,1,1,1
0,3,5:7,erase-relay,2,1,1,1,1
0,5,5:7,erase-relay,0,0,1,1,1
0,5,5:7,erase-relay,1,0,1,1,3
0,5,5:7,erase-relay,2,0,1,1,13
0,2,5:7,erase-relay,0,1,1,1,1
0,2,5:7,erase-relay,1,1,1,1,1
0,2,5:7,erase-relay,2,1,1,1,1
0,10,5:7,erase-relay,0,1,1,1,1
0,10,5:7,erase-relay,1,1,1,1,1
0,10,5:7,erase-relay,2,1,1,1,1
0,4,5:7,erase-relay,0,0,1,1,1
0,4,5:7,erase-relay,1,0,1,1,3
0,4,5:7,erase-relay,2,0,1,1,13
0,12,5:7,erase-relay,0,0,1,1,1
0,12,5:7,erase-relay,1,0,1,1,3
0,12,5:7,erase-relay,2,0,1,1,13
0,8,5:7,erase-relay,0,1,1,1,1
0,8,5:7,erase-relay,1,1,1,1,1
0,8,5:7,erase-relay,2,1,1,1,1
0,1,6:7,identity,0,1,1,1,1
0,1,6:7,identity,1,1,1,1,1
0,1,6:7,identity,2,1,1,1,1
0,3,6:7,identity,0,1,1,1,1
0,3,6:7,identity,1,1,1,1,1
0,3,6:7,identity,2,1,1,1,1
0,5,6:7,identity,0,0,1,1,1
0,5,6:7,identity,1,0,1,1,3
0,5,6:7,identity,2,0,1,1,19
0,2,6:7,identity,0,1,1,1,1
0,2,6:7,identity,1,1,1,1,1
0,2,6:7,identity,2,1,1,1,1
0,10,6:7,identity,0,0,1,1,1
0,10,6:7,identity,1,0,1,1,3
0,10,6:7,identity,2,0,1,1,19
0,4,6:7,identity,0,0,1,1,1
0,4,6:7,identity,1,0,1,1,3
0,4,6:7,identity,2,0,1,1,19
0,12,6:7,identity,0,0,1,1,1
0,12,6:7,identity,1,0,1,1,3
0,12,6:7,identity,2,0,1,1,19
0,8,6:7,identity,0,0,1,1,1
0,8,6:7,identity,1,0,1,1,3
0,8,6:7,identity,2,0,1,1,19
0,1,6:7,erase-relay,0,1,1,1,1
0,1,6:7,erase-relay,1,1,1,1,1
0,1,6:7,erase-relay,2,1,1,1,1
0,3,6:7,erase-relay,0,1,1,1,1
0,3,6:7,erase-relay,1,1,1,1,1
0,3,6:7,erase-relay,2,1,1,1,1
0,5,6:7,erase-relay,0,0,1,1,1
0,5,6:7,erase-relay,1,0,1,1,3
0,5,6:7,erase-relay,2,0,1,1,19
0,2,6:7,erase-relay,0,1,1,1,1
0,2,6:7,erase-relay,1,1,1,1,1
0,2,6:7,erase-relay,2,1,1,1,1
0,10,6:7,erase-relay,0,1,1,1,1
0,10,6:7,erase-relay,1,1,1,1,1
0,10,6:7,erase-relay,2,1,1,1,1
0,4,6:7,erase-relay,0,0,1,1,1
0,4,6:7,erase-relay,1,0,1,1,3
0,4,6:7,erase-relay,2,0,1,1,19
0,12,6:7,erase-relay,0,0,1,1,1
0,12,6:7,erase-relay,1,0,1,1,3
0,12,6:7,erase-relay,2,0,1,1,19
0,8,6:7,erase-relay,0,1,1,1,1
0,8,6:7,erase-relay,1,1,1,1,1
0,8,6:7,erase-relay,2,1,1,1,1
0,1,0:1:2,identity,0,1,1,1,1
0,1,0:1:2,identity,1,1,1,1,1
0,1,0:1:2,identity,2,1,1,1,1
0,3,0:1:2,identity,0,1,1,1,1
0,3,0:1:2,identity,1,1,1,1,1
0,3,0:1:2,identity,2,1,1,1,1
0,5,0:1:2,identity,0,0,1,1,1
0,5,0:1:2,identity,1,0,1,1,4
0,5,0:1:2,identity,2,0,1,1,13
0,2,0:1:2,identity,0,1,1,1,1
0,2,0:1:2,identity,1,1,1,1,1
0,2,0:1:2,identity,2,1,1,1,1
0,10,0:1:2,identity,0,0,1,1,1
0,10,0:1:2,identity,1,1,1,1,2
0,10,0:1:2,identity,2,1,1,1,2
0,4,0:1:2,identity,0,0,1,1,1
0,4,0:1:2,identity,1,0,1,1,4
0,4,0:1:2,identity,2,0,1,1,13
0,12,0:1:2,identity,0,0,1,1,1
0,12,0:1:2,identity,1,0,1,1,4
0,12,0:1:2,identity,2,0,1,1,13
0,8,0:1:2,identity,0,0,1,1,1
0,8,0:1:2,identity,1,1,1,1,2
0,8,0:1:2,identity,2,1,1,1,2
0,1,0:1:2,erase-relay,0,1,1,1,1
0,1,0:1:2,erase-relay,1,1,1,1,1
0,1,0:1:2,erase-relay,2,1,1,1,1
0,3,0:1:2,erase-relay,0,1,1,1,1
0,3,0:1:2,erase-relay,1,1,1,1,1
0,3,0:1:2,erase-relay,2,1,1,1,1
0,5,0:1:2,erase-relay,0,0,1,1,1
0,5,0:1:2,erase-relay,1,0,1,1,4
0,5,0:1:2,erase-relay,2,0,1,1,13
0,2,0:1:2,erase-relay,0,1,1,1,1
0,2,0:1:2,erase-relay,1,1,1,1,1
0,2,0:1:2,erase-relay,2,1,1,1,1
0,10,0:1:2,erase-relay,0,1,1,1,1
0,10,0:1:2,erase-relay,1,1,1,1,1
0,10,0:1:2,erase-relay,2,1,1,1,1
0,4,0:1:2,erase-relay,0,0,1,1,1
0,4,0:1:2,erase-relay,1,0,1,1,4
0,4,0:1:2,erase-relay,2,0,1,1,13
0,12,0:1:2,erase-relay,0,0,1,1,1
0,12,0:1:2,erase-relay,1,0,1,1,4
0,12,0:1:2,erase-relay,2,0,1,1,13
0,8,0:1:2,erase-relay,0,1,1,1,1
0,8,0:1:2,erase-relay,1,1,1,1,1
0,8,0:1:2,erase-relay,2,1,1,1,1
0,1,0:1:3,identity,0,1,1,1,1
0,1,0:1:3,identity,1,1,1,1,1
0,1,0:1:3,identity,2,1,1,1,1
0,3,0:1:3,identity,0,1,1,1,1
0,3,0:1:3,identity,1,1,1,1,1
0,3,0:1:3,identity,2,1,1,1,1
0,5,0:1:3,identity,0,0,1,1,1
0,5,0:1:3,identity,1,0,1,1,4
0,5,0:1:3,identity,2,0,1,1,13
0,2,0:1:3,identity,0,1,1,1,1
0,2,0:1:3,identity,1,1,1,1,1
0,2,0:1:3,identity,2,1,1,1,1
0,10,0:1:3,identity,0,0,1,1,1
0,10,0:1:3,identity,1,1,1,1,2
0,10,0:1:3,identity,2,1,1,1,2
0,4,0:1:3,identity,0,0,1,1,1
0,4,0:1:3,identity,1,0,1,1,4
0,4,0:1:3,identity,2,0,1,1,13
0,12,0:1:3,identity,0,0,1,1,1
0,12,0:1:3,identity,1,0,1,1,4
0,12,0:1:3,identity,2,0,1,1,13
0,8,0:1:3,identity,0,0,1,1,1
0,8,0:1:3,identity,1,1,1,1,2
0,8,0:1:3,identity,2,1,1,1,2
0,1,0:1:3,erase-relay,0,1,1,1,1
0,1,0:1:3,erase-relay,1,1,1,1,1
0,1,0:1:3,erase-relay,2,1,1,1,1
0,3,0:1:3,erase-relay,0,1,1,1,1
0,3,0:1:3,erase-relay,1,1,1,1,1
0,3,0:1:3,erase-relay,2,1,1,1,1
0,5,0:1:3,erase-relay,0,0,1,1,1
0,5,0:1:3,erase-relay,1,0,1,1,4
0,5,0:1:3,erase-relay,2,0,1,1,13
0,2,0:1:3,erase-relay,0,1,1,1,1
0,2,0:1:3,erase-relay,1,1,1,1,1
0,2,0:1:3,erase-relay,2,1,1,1,1
0,10,0:1:3,erase-relay,0,1,1,1,1
0,10,0:1:3,erase-relay,1,1,1,1,1
0,10,0:1:3,erase-relay,2,1,1,1,1
0,4,0:1:3,erase-relay,0,0,1,1,1
0,4,0:1:3,erase-relay,1,0,1,1,4
0,4,0:1:3,erase-relay,2,0,1,1,13
0,12,0:1:3,erase-relay,0,0,1,1,1
0,12,0:1:3,erase-relay,1,0,1,1,4
0,12,0:1:3,erase-relay,2,0,1,1,13
0,8,0:1:3,erase-relay,0,1,1,1,1
0,8,0:1:3,erase-relay,1,1,1,1,1
0,8,0:1:3,erase-relay,2,1,1,1,1
0,1,0:1:4,identity,0,1,1,1,1
0,1,0:1:4,identity,1,1,1,1,1
0,1,0:1:4,identity,2,1,1,1,1
0,3,0:1:4,identity,0,1,1,1,1
0,3,0:1:4,identity,1,1,1,1,1
0,3,0:1:4,identity,2,1,1,1,1
0,5,0:1:4,identity,0,0,1,1,1
0,5,0:1:4,identity,1,0,1,1,4
0,5,0:1:4,identity,2,0,1,1,13
0,2,0:1:4,identity,0,1,1,1,1
0,2,0:1:4,identity,1,1,1,1,1
0,2,0:1:4,identity,2,1,1,1,1
0,10,0:1:4,identity,0,0,1,1,1
0,10,0:1:4,identity,1,1,1,1,2
0,10,0:1:4,identity,2,1,1,1,2
0,4,0:1:4,identity,0,0,1,1,1
0,4,0:1:4,identity,1,0,1,1,4
0,4,0:1:4,identity,2,0,1,1,13
0,12,0:1:4,identity,0,0,1,1,1
0,12,0:1:4,identity,1,0,1,1,4
0,12,0:1:4,identity,2,0,1,1,13
0,8,0:1:4,identity,0,0,1,1,1
0,8,0:1:4,identity,1,1,1,1,2
0,8,0:1:4,identity,2,1,1,1,2
0,1,0:1:4,erase-relay,0,1,1,1,1
0,1,0:1:4,erase-relay,1,1,1,1,1
0,1,0:1:4,erase-relay,2,1,1,1,1
0,3,0:1:4,erase-relay,0,1,1,1,1
0,3,0:1:4,erase-relay,1,1,1,1,1
0,3,0:1:4,erase-relay,2,1,1,1,1
0,5,0:1:4,erase-relay,0,0,1,1,1
0,5,0:1:4,erase-relay,1,0,1,1,4
0,5,0:1:4,erase-relay,2,0,1,1,13
0,2,0:1:4,erase-relay,0,1,1,1,1
0,2,0:1:4,erase-relay,1,1,1,1,1
0,2,0:1:4,erase-relay,2,1,1,1,1
0,10,0:1:4,erase-relay,0,1,1,1,1
0,10,0:1:4,erase-relay,1,1,1,1,1
0,10,0:1:4,erase-relay,2,1,1,1,1
0,4,0:1:4,erase-relay,0,0,1,1,1
0,4,0:1:4,erase-relay,1,0,1,1,4
0,4,0:1:4,erase-relay,2,0,1,1,13
0,12,0:1:4,erase-relay,0,0,1,1,1
0,12,0:1:4,erase-relay,1,0,1,1,4
0,12,0:1:4,erase-relay,2,0,1,1,13
0,8,0:1:4,erase-relay,0,1,1,1,1
0,8,0:1:4,erase-relay,1,1,1,1,1
0,8,0:1:4,erase-relay,2,1,1,1,1
0,1,0:1:5,identity,0,1,1,1,1
0,1,0:1:5,identity,1,1,1,1,1
0,1,0:1:5,identity,2,1,1,1,1
0,3,0:1:5,identity,0,1,1,1,1
0,3,0:1:5,identity,1,1,1,1,1
0,3,0:1:5,identity,2,1,1,1,1
0,5,0:1:5,identity,0,0,1,1,1
0,5,0:1:5,identity,1,0,1,1,4
0,5,0:1:5,identity,2,0,1,1,13
0,2,0:1:5,identity,0,1,1,1,1
0,2,0:1:5,identity,1,1,1,1,1
0,2,0:1:5,identity,2,1,1,1,1
0,10,0:1:5,identity,0,0,1,1,1
0,10,0:1:5,identity,1,1,1,1,2
0,10,0:1:5,identity,2,1,1,1,2
0,4,0:1:5,identity,0,0,1,1,1
0,4,0:1:5,identity,1,0,1,1,4
0,4,0:1:5,identity,2,0,1,1,13
0,12,0:1:5,identity,0,0,1,1,1
0,12,0:1:5,identity,1,0,1,1,4
0,12,0:1:5,identity,2,0,1,1,13
0,8,0:1:5,identity,0,0,1,1,1
0,8,0:1:5,identity,1,1,1,1,2
0,8,0:1:5,identity,2,1,1,1,2
0,1,0:1:5,erase-relay,0,1,1,1,1
0,1,0:1:5,erase-relay,1,1,1,1,1
0,1,0:1:5,erase-relay,2,1,1,1,1
0,3,0:1:5,erase-relay,0,1,1,1,1
0,3,0:1:5,erase-relay,1,1,1,1,1
0,3,0:1:5,erase-relay,2,1,1,1,1
0,5,0:1:5,erase-relay,0,0,1,1,1
0,5,0:1:5,erase-relay,1,0,1,1,4
0,5,0:1:5,erase-relay,2,0,1,1,13
0,2,0:1:5,erase-relay,0,1,1,1,1
0,2,0:1:5,erase-relay,1,1,1,1,1
0,2,0:1:5,erase-relay,2,1,1,1,1
0,10,0:1:5,erase-relay,0,1,1,1,1
0,10,0:1:5,erase-relay,1,1,1,1,1
0,10,0:1:5,erase-relay,2,1,1,1,1
0,4,0:1:5,erase-relay,0,0,1,1,1
0,4,0:1:5,erase-relay,1,0,1,1,4
0,4,0:1:5,erase-relay,2,0,1,1,13
0,12,0:1:5,erase-relay,0,0,1,1,1
0,12,0:1:5,erase-relay,1,0,1,1,4
0,12,0:1:5,erase-relay,2,0,1,1,13
0,8,0:1:5,erase-relay,0,1,1,1,1
0,8,0:1:5,erase-relay,1,1,1,1,1
0,8,0:1:5,erase-relay,2,1,1,1,1
0,1,0:1:6,identity,0,1,1,1,1
0,1,0:1:6,identity,1,1,1,1,1
0,1,0:1:6,identity,2,1,1,1,1
0,3,0:1:6,identity,0,1,1,1,1
0,3,0:1:6,identity,1,1,1,1,1
0,3,0:1:6,identity,2,1,1,1,1
0,5,0:1:6,identity,0,0,1,1,1
0,5,0:1:6,identity,1,0,1,1,4
0,5,0:1:6,identity,2,0,1,1,25
0,2,0:1:6,identity,0,1,1,1,1
0,2,0:1:6,identity,1,1,1,1,1
0,2,0:1:6,identity,2,1,1,1,1
0,10,0:1:6,identity,0,0,1,1,1
0,10,0:1:6,identity,1,1,1,1,2
0,10,0:1:6,identity,2,1,1,1,2
0,4,0:1:6,identity,0,0,1,1,1
0,4,0:1:6,identity,1,0,1,1,4
0,4,0:1:6,identity,2,0,1,1,25
0,12,0:1:6,identity,0,0,1,1,1
0,12,0:1:6,identity,1,0,1,1,4
0,12,0:1:6,identity,2,0,1,1,25
0,8,0:1:6,identity,0,0,1,1,1
0,8,0:1:6,identity,1,1,1,1,2
0,8,0:1:6,identity,2,1,1,1,2
0,1,0:1:6,erase-relay,0,1,1,1,1
0,1,0:1:6,erase-relay,1,1,1,1,1
0,1,0:1:6,erase-relay,2,1,1,1,1
0,3,0:1:6,erase-relay,0,1,1,1,1
0,3,0:1:6,erase-relay,1,1,1,1,1
0,3,0:1:6,erase-relay,2,1,1,1,1
0,5,0:1:6,erase-relay,0,0,1,1,1
0,5,0:1:6,erase-relay,1,0,1,1,4
0,5,0:1:6,erase-relay,2,0,1,1,25
0,2,0:1:6,erase-relay,0,1,1,1,1
0,2,0:1:6,erase-relay,1,1,1,1,1
0,2,0:1:6,erase-relay,2,1,1,1,1
0,10,0:1:6,erase-relay,0,1,1,1,1
0,10,0:1:6,erase-relay,1,1,1,1,1
0,10,0:1:6,erase-relay,2,1,1,1,1
0,4,0:1:6,erase-relay,0,0,1,1,1
0,4,0:1:6,erase-relay,1,0,1,1,4
0,4,0:1:6,erase-relay,2,0,1,1,25
0,12,0:1:6,erase-relay,0,0,1,1,1
0,12,0:1:6,erase-relay,1,0,1,1,4
0,12,0:1:6,erase-relay,2,0,1,1,25
0,8,0:1:6,erase-relay,0,1,1,1,1
0,8,0:1:6,erase-relay,1,1,1,1,1
0,8,0:1:6,erase-relay,2,1,1,1,1
0,1,0:1:7,identity,0,1,1,1,1
0,1,0:1:7,identity,1,1,1,1,1
0,1,0:1:7,identity,2,1,1,1,1
0,3,0:1:7,identity,0,1,1,1,1
0,3,0:1:7,identity,1,1,1,1,1
0,3,0:1:7,identity,2,1,1,1,1
0,5,0:1:7,identity,0,0,1,1,1
0,5,0:1:7,identity,1,0,1,1,4
0,5,0:1:7,identity,2,0,1,1,25
0,2,0:1:7,identity,0,1,1,1,1
0,2,0:1:7,identity,1,1,1,1,1
0,2,0:1:7,identity,2,1,1,1,1
0,10,0:1:7,identity,0,0,1,1,1
0,10,0:1:7,identity,1,1,1,1,2
0,10,0:1:7,identity,2,1,1,1,2
0,4,0:1:7,identity,0,0,1,1,1
0,4,0:1:7,identity,1,0,1,1,4
0,4,0:1:7,identity,2,0,1,1,25
0,12,0:1:7,identity,0,0,1,1,1
0,12,0:1:7,identity,1,0,1,1,4
0,12,0:1:7,identity,2,0,1,1,25
0,8,0:1:7,identity,0,0,1,1,1
0,8,0:1:7,identity,1,1,1,1,2
0,8,0:1:7,identity,2,1,1,1,2
0,1,0:1:7,erase-relay,0,1,1,1,1
0,1,0:1:7,erase-relay,1,1,1,1,1
0,1,0:1:7,erase-relay,2,1,1,1,1
0,3,0:1:7,erase-relay,0,1,1,1,1
0,3,0:1:7,erase-relay,1,1,1,1,1
0,3,0:1:7,erase-relay,2,1,1,1,1
0,5,0:1:7,erase-relay,0,0,1,1,1
0,5,0:1:7,erase-relay,1,0,1,1,4
0,5,0:1:7,erase-relay,2,0,1,1,25
0,2,0:1:7,erase-relay,0,1,1,1,1
0,2,0:1:7,erase-relay,1,1,1,1,1
0,2,0:1:7,erase-relay,2,1,1,1,1
0,10,0:1:7,erase-relay,0,1,1,1,1
0,10,0:1:7,erase-relay,1,1,1,1,1
0,10,0:1:7,erase-relay,2,1,1,1,1
0,4,0:1:7,erase-relay,0,0,1,1,1
0,4,0:1:7,erase-relay,1,0,1,1,4
0,4,0:1:7,erase-relay,2,0,1,1,25
0,12,0:1:7,erase-relay,0,0,1,1,1
0,12,0:1:7,erase-relay,1,0,1,1,4
0,12,0:1:7,erase-relay,2,0,1,1,25
0,8,0:1:7,erase-relay,0,1,1,1,1
0,8,0:1:7,erase-relay,1,1,1,1,1
0,8,0:1:7,erase-relay,2,1,1,1,1
0,1,0:2:3,identity,0,1,1,1,1
0,1,0:2:3,identity,1,1,1,1,1
0,1,0:2:3,identity,2,1,1,1,1
0,3,0:2:3,identity,0,1,1,1,1
0,3,0:2:3,identity,1,1,1,1,1
0,3,0:2:3,identity,2,1,1,1,1
0,5,0:2:3,identity,0,0,1,1,1
0,5,0:2:3,identity,1,0,1,1,4
0,5,0:2:3,identity,2,0,1,1,13
0,2,0:2:3,identity,0,1,1,1,1
0,2,0:2:3,identity,1,1,1,1,1
0,2,0:2:3,identity,2,1,1,1,1
0,10,0:2:3,identity,0,0,1,1,1
0,10,0:2:3,identity,1,1,1,1,2
0,10,0:2:3,identity,2,1,1,1,2
0,4,0:2:3,identity,0,0,1,1,1
0,4,0:2:3,identity,1,0,1,1,4
0,4,0:2:3,identity,2,0,1,1,13
0,12,0:2:3,identity,0,0,1,1,1
0,12,0:2:3,identity,1,0,1,1,4
0,12,0:2:3,identity,2,0,1,1,13
0,8,0:2:3,identity,0,0,1,1,1
0,8,0:2:3,identity,1,1,1,1,2
0,8,0:2:3,identity,2,1,1,1,2
0,1,0:2:3,erase-relay,0,1,1,1,1
0,1,0:2:3,erase-relay,1,1,1,1,1
0,1,0:2:3,erase-relay,2,1,1,1,1
0,3,0:2:3,erase-relay,0,1,1,1,1
0,3,0:2:3,erase-relay,1,1,1,1,1
0,3,0:2:3,erase-relay,2,1,1,1,1
0,5,0:2:3,erase-relay,0,0,1,1,1
0,5,0:2:3,erase-relay,1,0,1,1,4
0,5,0:2:3,erase-relay,2,0,1,1,13
0,2,0:2:3,erase-relay,0,1,1,1,1
0,2,0:2:3,erase-relay,1,1,1,1,1
0,2,0:2:3,erase-relay,2,1,1,1,1
0,10,0:2:3,erase-relay,0,1,1,1,1
0,10,0:2:3,erase-relay,1,1,1,1,1
0,10,0:2:3,erase-relay,2,1,1,1,1
0,4,0:2:3,erase-relay,0,0,1,1,1
0,4,0:2:3,erase-relay,1,0,1,1,4
0,4,0:2:3,erase-relay,2,0,1,1,13
0,12,0:2:3,erase-relay,0,0,1,1,1
0,12,0:2:3,erase-relay,1,0,1,1,4
0,12,0:2:3,erase-relay,2,0,1,1,13
0,8,0:2:3,erase-relay,0,1,1,1,1
0,8,0:2:3,erase-relay,1,1,1,1,1
0,8,0:2:3,erase-relay,2,1,1,1,1
0,1,0:2:4,identity,0,1,1,1,1
0,1,0:2:4,identity,1,1,1,1,1
0,1,0:2:4,identity,2,1,1,1,1
0,3,0:2:4,identity,0,1,1,1,1
0,3,0:2:4,identity,1,1,1,1,1
0,3,0:2:4,identity,2,1,1,1,1
0,5,0:2:4,identity,0,0,1,1,1
0,5,0:2:4,identity,1,0,1,1,4
0,5,0:2:4,identity,2,0,1,1,13
0,2,0:2:4,identity,0,1,1,1,1
0,2,0:2:4,identity,1,1,1,1,1
0,2,0:2:4,identity,2,1,1,1,1
0,10,0:2:4,identity,0,0,1,1,1
0,10,0:2:4,identity,1,1,1,1,2
0,10,0:2:4,identity,2,1,1,1,2
0,4,0:2:4,identity,0,0,1,1,1
0,4,0:2:4,identity,1,0,1,1,4
0,4,0:2:4,identity,2,0,1,1,13
0,12,0:2:4,identity,0,0,1,1,1
0,12,0:2:4,identity,1,0,1,1,4
0,12,0:2:4,identity,2,0,1,1,13
0,8,0:2:4,identity,0,0,1,1,1
0,8,0:2:4,identity,1,1,1,1,2
0,8,0:2:4,identity,2,1,1,1,2
0,1,0:2:4,erase-relay,0,1,1,1,1
0,1,0:2:4,erase-relay,1,1,1,1,1
0,1,0:2:4,erase-relay,2,1,1,1,1
0,3,0:2:4,erase-relay,0,1,1,1,1
0,3,0:2:4,erase-relay,1,1,1,1,1
0,3,0:2:4,erase-relay,2,1,1,1,1
0,5,0:2:4,erase-relay,0,0,1,1,1
0,5,0:2:4,erase-relay,1,0,1,1,4
0,5,0:2:4,erase-relay,2,0,1,1,13
0,2,0:2:4,erase-relay,0,1,1,1,1
0,2,0:2:4,erase-relay,1,1,1,1,1
0,2,0:2:4,erase-relay,2,1,1,1,1
0,10,0:2:4,erase-relay,0,1,1,1,1
0,10,0:2:4,erase-relay,1,1,1,1,1
0,10,0:2:4,erase-relay,2,1,1,1,1
0,4,0:2:4,erase-relay,0,0,1,1,1
0,4,0:2:4,erase-relay,1,0,1,1,4
0,4,0:2:4,erase-relay,2,0,1,1,13
0,12,0:2:4,erase-relay,0,0,1,1,1
0,12,0:2:4,erase-relay,1,0,1,1,4
0,12,0:2:4,erase-relay,2,0,1,1,13
0,8,0:2:4,erase-relay,0,1,1,1,1
0,8,0:2:4,erase-relay,1,1,1,1,1
0,8,0:2:4,erase-relay,2,1,1,1,1
0,1,0:2:5,identity,0,1,1,1,1
0,1,0:2:5,identity,1,1,1,1,1
0,1,0:2:5,identity,2,1,1,1,1
0,3,0:2:5,identity,0,1,1,1,1
0,3,0:2:5,identity,1,1,1,1,1
0,3,0:2:5,identity,2,1,1,1,1
0,5,0:2:5,identity,0,0,1,1,1
0,5,0:2:5,identity,1,0,1,1,4
0,5,0:2:5,identity,2,0,1,1,13
0,2,0:2:5,identity,0,1,1,1,1
0,2,0:2:5,identity,1,1,1,1,1
0,2,0:2:5,identity,2,1,1,1,1
0,10,0:2:5,identity,0,0,1,1,1
0,10,0:2:5,identity,1,1,1,1,2
0,10,0:2:5,identity,2,1,1,1,2
0,4,0:2:5,identity,0,0,1,1,1
0,4,0:2:5,identity,1,0,1,1,4
0,4,0:2:5,identity,2,0,1,1,13
0,12,0:2:5,identity,0,0,1,1,1
0,12,0:2:5,identity,1,0,1,1,4
0,12,0:2:5,identity,2,0,1,1,13
0,8,0:2:5,identity,0,0,1,1,1
0,8,0:2:5,identity,1,1,1,1,2
0,8,0:2:5,identity,2,1,1,1,2
0,1,0:2:5,erase-relay,0,1,1,1,1
0,1,0:2:5,erase-relay,1,1,1,1,1
0,1,0:2:5,erase-relay,2,1,1,1,1
0,3,0:2:5,erase-relay,0,1,1,1,1
0,3,0:2:5,erase-relay,1,1,1,1,1
0,3,0:2:5,erase-relay,2,1,1,1,1
0,5,0:2:5,erase-relay,0,0,1,1,1
0,5,0:2:5,erase-relay,1,0,1,1,4
0,5,0:2:5,erase-relay,2,0,1,1,13
0,2,0:2:5,erase-relay,0,1,1,1,1
0,2,0:2:5,erase-relay,1,1,1,1,1
0,2,0:2:5,erase-relay,2,1,1,1,1
0,10,0:2:5,erase-relay,0,1,1,1,1
0,10,0:2:5,erase-relay,1,1,1,1,1
0,10,0:2:5,erase-relay,2,1,1,1,1
0,4,0:2:5,erase-relay,0,0,1,1,1
0,4,0:2:5,erase-relay,1,0,1,1,4
0,4,0:2:5,erase-relay,2,0,1,1,13
0,12,0:2:5,erase-relay,0,0,1,1,1
0,12,0:2:5,erase-relay,1,0,1,1,4
0,12,0:2:5,erase-relay,2,0,1,1,13
0,8,0:2:5,erase-relay,0,1,1,1,1
0,8,0:2:5,erase-relay,1,1,1,1,1
0,8,0:2:5,erase-relay,2,1,1,1,1
0,1,0:2:6,identity,0,1,1,1,1
0,1,0:2:6,identity,1,1,1,1,1
0,1,0:2:6,identity,2,1,1,1,1
0,3,0:2:6,identity,0,1,1,1,1
0,3,0:2:6,identity,1,1,1,1,1
0,3,0:2:6,identity,2,1,1,1,1
0,5,0:2:6,identity,0,0,1,1,1
0,5,0:2:6,identity,1,0,1,1,4
0,5,0:2:6,identity,2,0,1,1,25
0,2,0:2:6,identity,0,1,1,1,1
0,2,0:2:6,identity,1,1,1,1,1
0,2,0:2:6,identity,2,1,1,1,1
0,10,0:2:6,identity,0,0,1,1,1
0,10,0:2:6,identity,1,1,1,1,2
0,10,0:2:6,identity,2,1,1,1,2
0,4,0:2:6,identity,0,0,1,1,1
0,4,0:2:6,identity,1,0,1,1,4
0,4,0:2:6,identity,2,0,1,1,25
0,12,0:2:6,identity,0,0,1,1,1
0,12,0:2:6,identity,1,0,1,1,4
0,12,0:2:6,identity,2,0,1,1,25
0,8,0:2:6,identity,0,0,1,1,1
0,8,0:2:6,identity,1,1,1,1,2
0,8,0:2:6,identity,2,1,1,1,2
0,1,0:2:6,erase-relay,0,1,1,1,1
0,1,0:2:6,erase-relay,1,1,1,1,1
0,1,0:2:6,erase-relay,2,1,1,1,1
0,3,0:2:6,erase-relay,0,1,1,1,1
0,3,0:2:6,erase-relay,1,1,1,1,1
0,3,0:2:6,erase-relay,2,1,1,1,1
0,5,0:2:6,erase-relay,0,0,1,1,1
0,5,0:2:6,erase-relay,1,0,1,1,4
0,5,0:2:6,erase-relay,2,0,1,1,25
0,2,0:2:6,erase-relay,0,1,1,1,1
0,2,0:2:6,erase-relay,1,1,1,1,1
0,2,0:2:6,erase-relay,2,1,1,1,1
0,10,0:2:6,erase-relay,0,1,1,1,1
0,10,0:2:6,erase-relay,1,1,1,1,1
0,10,0:2:6,erase-relay,2,1,1,1,1
0,4,0:2:6,erase-relay,0,0,1,1,1
0,4,0:2:6,erase-relay,1,0,1,1,4
0,4,0:2:6,erase-relay,2,0,1,1,25
0,12,0:2:6,erase-relay,0,0,1,1,1
0,12,0:2:6,erase-relay,1,0,1,1,4
0,12,0:2:6,erase-relay,2,0,1,1,25
0,8,0:2:6,erase-relay,0,1,1,1,1
0,8,0:2:6,erase-relay,1,1,1,1,1
0,8,0:2:6,erase-relay,2,1,1,1,1
0,1,0:2:7,identity,0,1,1,1,1
0,1,0:2:7,identity,1,1,1,1,1
0,1,0:2:7,identity,2,1,1,1,1
0,3,0:2:7,identity,0,1,1,1,1
0,3,0:2:7,identity,1,1,1,1,1
0,3,0:2:7,identity,2,1,1,1,1
0,5,0:2:7,identity,0,0,1,1,1
0,5,0:2:7,identity,1,0,1,1,4
0,5,0:2:7,identity,2,0,1,1,25
0,2,0:2:7,identity,0,1,1,1,1
0,2,0:2:7,identity,1,1,1,1,1
0,2,0:2:7,identity,2,1,1,1,1
0,10,0:2:7,identity,0,0,1,1,1
0,10,0:2:7,identity,1,1,1,1,2
0,10,0:2:7,identity,2,1,1,1,2
0,4,0:2:7,identity,0,0,1,1,1
0,4,0:2:7,identity,1,0,1,1,4
0,4,0:2:7,identity,2,0,1,1,25
0,12,0:2:7,identity,0,0,1,1,1
0,12,0:2:7,identity,1,0,1,1,4
0,12,0:2:7,identity,2,0,1,1,25
0,8,0:2:7,identity,0,0,1,1,1
0,8,0:2:7,identity,1,1,1,1,2
0,8,0:2:7,identity,2,1,1,1,2
0,1,0:2:7,erase-relay,0,1,1,1,1
0,1,0:2:7,erase-relay,1,1,1,1,1
0,1,0:2:7,erase-relay,2,1,1,1,1
0,3,0:2:7,erase-relay,0,1,1,1,1
0,3,0:2:7,erase-relay,1,1,1,1,1
0,3,0:2:7,erase-relay,2,1,1,1,1
0,5,0:2:7,erase-relay,0,0,1,1,1
0,5,0:2:7,erase-relay,1,0,1,1,4
0,5,0:2:7,erase-relay,2,0,1,1,25
0,2,0:2:7,erase-relay,0,1,1,1,1
0,2,0:2:7,erase-relay,1,1,1,1,1
0,2,0:2:7,erase-relay,2,1,1,1,1
0,10,0:2:7,erase-relay,0,1,1,1,1
0,10,0:2:7,erase-relay,1,1,1,1,1
0,10,0:2:7,erase-relay,2,1,1,1,1
0,4,0:2:7,erase-relay,0,0,1,1,1
0,4,0:2:7,erase-relay,1,0,1,1,4
0,4,0:2:7,erase-relay,2,0,1,1,25
0,12,0:2:7,erase-relay,0,0,1,1,1
0,12,0:2:7,erase-relay,1,0,1,1,4
0,12,0:2:7,erase-relay,2,0,1,1,25
0,8,0:2:7,erase-relay,0,1,1,1,1
0,8,0:2:7,erase-relay,1,1,1,1,1
0,8,0:2:7,erase-relay,2,1,1,1,1
0,1,0:3:4,identity,0,1,1,1,1
0,1,0:3:4,identity,1,1,1,1,1
0,1,0:3:4,identity,2,1,1,1,1
0,3,0:3:4,identity,0,1,1,1,1
0,3,0:3:4,identity,1,1,1,1,1
0,3,0:3:4,identity,2,1,1,1,1
0,5,0:3:4,identity,0,0,1,1,1
0,5,0:3:4,identity,1,0,1,1,4
0,5,0:3:4,identity,2,0,1,1,13
0,2,0:3:4,identity,0,1,1,1,1
0,2,0:3:4,identity,1,1,1,1,1
0,2,0:3:4,identity,2,1,1,1,1
0,10,0:3:4,identity,0,0,1,1,1
0,10,0:3:4,identity,1,1,1,1,2
0,10,0:3:4,identity,2,1,1,1,2
0,4,0:3:4,identity,0,0,1,1,1
0,4,0:3:4,identity,1,0,1,1,4
0,4,0:3:4,identity,2,0,1,1,13
0,12,0:3:4,identity,0,0,1,1,1
0,12,0:3:4,identity,1,0,1,1,4
0,12,0:3:4,identity,2,0,1,1,13
0,8,0:3:4,identity,0,0,1,1,1
0,8,0:3:4,identity,1,1,1,1,2
0,8,0:3:4,identity,2,1,1,1,2
0,1,0:3:4,erase-relay,0,1,1,1,1
0,1,0:3:4,erase-relay,1,1,1,1,1
0,1,0:3:4,erase-relay,2,1,1,1,1
0,3,0:3:4,erase-relay,0,1,1,1,1
0,3,0:3:4,erase-relay,1,1,1,1,1
0,3,0:3:4,erase-relay,2,1,1,1,1
0,5,0:3:4,erase-relay,0,0,1,1,1
0,5,0:3:4,erase-relay,1,0,1,1,4
0,5,0:3:4,erase-relay,2,0,1,1,13
0,2,0:3:4,erase-relay,0,1,1,1,1
0,2,0:3:4,erase-relay,1,1,1,1,1
0,2,0:3:4,erase-relay,2,1,1,1,1
0,10,0:3:4,erase-relay,0,1,1,1,1
0,10,0:3:4,erase-relay,1,1,1,1,1
0,10,0:3:4,erase-relay,2,1,1,1,1
0,4,0:3:4,erase-relay,0,0,1,1,1
0,4,0:3:4,erase-relay,1,0,1,1,4
0,4,0:3:4,erase-relay,2,0,1,1,13
0,12,0:3:4,erase-relay,0,0,1,1,1
0,12,0:3:4,erase-relay,1,0,1,1,4
0,12,0:3:4,erase-relay,2,0,1,1,13
0,8,0:3:4,erase-relay,0,1,1,1,1
0,8,0:3:4,erase-relay,1,1,1,1,1
0,8,0:3:4,erase-relay,2,1,1,1,1
0,1,0:3:5,identity,0,1,1,1,1
0,1,0:3:5,identity,1,1,1,1,1
0,1,0:3:5,identity,2,1,1,1,1
0,3,0:3:5,identity,0,1,1,1,1
0,3,0:3:5,identity,1,1,1,1,1
0,3,0:3:5,identity,2,1,1,1,1
0,5,0:3:5,identity,0,0,1,1,1
0,5,0:3:5,identity,1,0,1,1,4
0,5,0:3:5,identity,2,0,1,1,13
0,2,0:3:5,identity,0,1,1,1,1
0,2,0:3:5,identity,1,1,1,1,1
0,2,0:3:5,identity,2,1,1,1,1
0,10,0:3:5,identity,0,0,1,1,1
0,10,0:3:5,identity,1,1,1,1,2
0,10,0:3:5,identity,2,1,1,1,2
0,4,0:3:5,identity,0,0,1,1,1
0,4,0:3:5,identity,1,0,1,1,4
0,4,0:3:5,identity,2,0,1,1,13
0,12,0:3:5,identity,0,0,1,1,1
0,12,0:3:5,identity,1,0,1,1,4
0,12,0:3:5,identity,2,0,1,1,13
0,8,0:3:5,identity,0,0,1,1,1
0,8,0:3:5,identity,1,1,1,1,2
0,8,0:3:5,identity,2,1,1,1,2
0,1,0:3:5,erase-relay,0,1,1,1,1
0,1,0:3:5,erase-relay,1,1,1,1,1
0,1,0:3:5,erase-relay,2,1,1,1,1
0,3,0:3:5,erase-relay,0,1,1,1,1
0,3,0:3:5,erase-relay,1,1,1,1,1
0,3,0:3:5,erase-relay,2,1,1,1,1
0,5,0:3:5,erase-relay,0,0,1,1,1
0,5,0:3:5,erase-relay,1,0,1,1,4
0,5,0:3:5,erase-relay,2,0,1,1,13
0,2,0:3:5,erase-relay,0,1,1,1,1
0,2,0:3:5,erase-relay,1,1,1,1,1
0,2,0:3:5,erase-relay,2,1,1,1,1
0,10,0:3:5,erase-relay,0,1,1,1,1
0,10,0:3:5,erase-relay,1,1,1,1,1
0,10,0:3:5,erase-relay,2,1,1,1,1
0,4,0:3:5,erase-relay,0,0,1,1,1
0,4,0:3:5,erase-relay,1,0,1,1,4
0,4,0:3:5,erase-relay,2,0,1,1,13
0,12,0:3:5,erase-relay,0,0,1,1,1
0,12,0:3:5,erase-relay,1,0,1,1,4
0,12,0:3:5,erase-relay,2,0,1,1,13
0,8,0:3:5,erase-relay,0,1,1,1,1
0,8,0:3:5,erase-relay,1,1,1,1,1
0,8,0:3:5,erase-relay,2,1,1,1,1
0,1,0:3:6,identity,0,1,1,1,1
0,1,0:3:6,identity,1,1,1,1,1
0,1,0:3:6,identity,2,1,1,1,1
0,3,0:3:6,identity,0,1,1,1,1
0,3,0:3:6,identity,1,1,1,1,1
0,3,0:3:6,identity,2,1,1,1,1
0,5,0:3:6,identity,0,0,1,1,1
0,5,0:3:6,identity,1,0,1,1,4
0,5,0:3:6,identity,2,0,1,1,25
0,2,0:3:6,identity,0,1,1,1,1
0,2,0:3:6,identity,1,1,1,1,1
0,2,0:3:6,identity,2,1,1,1,1
0,10,0:3:6,identity,0,0,1,1,1
0,10,0:3:6,identity,1,1,1,1,2
0,10,0:3:6,identity,2,1,1,1,2
0,4,0:3:6,identity,0,0,1,1,1
0,4,0:3:6,identity,1,0,1,1,4
0,4,0:3:6,identity,2,0,1,1,25
0,12,0:3:6,identity,0,0,1,1,1
0,12,0:3:6,identity,1,0,1,1,4
0,12,0:3:6,identity,2,0,1,1,25
0,8,0:3:6,identity,0,0,1,1,1
0,8,0:3:6,identity,1,1,1,1,2
0,8,0:3:6,identity,2,1,1,1,2
0,1,0:3:6,erase-relay,0,1,1,1,1
0,1,0:3:6,erase-relay,1,1,1,1,1
0,1,0:3:6,erase-relay,2,1,1,1,1
0,3,0:3:6,erase-relay,0,1,1,1,1
0,3,0:3:6,erase-relay,1,1,1,1,1
0,3,0:3:6,erase-relay,2,1,1,1,1
0,5,0:3:6,erase-relay,0,0,1,1,1
0,5,0:3:6,erase-relay,1,0,1,1,4
0,5,0:3:6,erase-relay,2,0,1,1,25
0,2,0:3:6,erase-relay,0,1,1,1,1
0,2,0:3:6,erase-relay,1,1,1,1,1
0,2,0:3:6,erase-relay,2,1,1,1,1
0,10,0:3:6,erase-relay,0,1,1,1,1
0,10,0:3:6,erase-relay,1,1,1,1,1
0,10,0:3:6,erase-relay,2,1,1,1,1
0,4,0:3:6,erase-relay,0,0,1,1,1
0,4,0:3:6,erase-relay,1,0,1,1,4
0,4,0:3:6,erase-relay,2,0,1,1,25
0,12,0:3:6,erase-relay,0,0,1,1,1
0,12,0:3:6,erase-relay,1,0,1,1,4
0,12,0:3:6,erase-relay,2,0,1,1,25
0,8,0:3:6,erase-relay,0,1,1,1,1
0,8,0:3:6,erase-relay,1,1,1,1,1
0,8,0:3:6,erase-relay,2,1,1,1,1
0,1,0:3:7,identity,0,1,1,1,1
0,1,0:3:7,identity,1,1,1,1,1
0,1,0:3:7,identity,2,1,1,1,1
0,3,0:3:7,identity,0,1,1,1,1
0,3,0:3:7,identity,1,1,1,1,1
0,3,0:3:7,identity,2,1,1,1,1
0,5,0:3:7,identity,0,0,1,1,1
0,5,0:3:7,identity,1,0,1,1,4
0,5,0:3:7,identity,2,0,1,1,25
0,2,0:3:7,identity,0,1,1,1,1
0,2,0:3:7,identity,1,1,1,1,1
0,2,0:3:7,identity,2,1,1,1,1
0,10,0:3:7,identity,0,0,1,1,1
0,10,0:3:7,identity,1,1,1,1,2
0,10,0:3:7,identity,2,1,1,1,2
0,4,0:3:7,identity,0,0,1,1,1
0,4,0:3:7,identity,1,0,1,1,4
0,4,0:3:7,identity,2,0,1,1,25
0,12,0:3:7,identity,0,0,1,1,1
0,12,0:3:7,identity,1,0,1,1,4
0,12,0:3:7,identity,2,0,1,1,25
0,8,0:3:7,identity,0,0,1,1,1
0,8,0:3:7,identity,1,1,1,1,2
0,8,0:3:7,identity,2,1,1,1,2
0,1,0:3:7,erase-relay,0,1,1,1,1
0,1,0:3:7,erase-relay,1,1,1,1,1
0,1,0:3:7,erase-relay,2,1,1,1,1
0,3,0:3:7,erase-relay,0,1,1,1,1
0,3,0:3:7,erase-relay,1,1,1,1,1
0,3,0:3:7,erase-relay,2,1,1,1,1
0,5,0:3:7,erase-relay,0,0,1,1,1
0,5,0:3:7,erase-relay,1,0,1,1,4
0,5,0:3:7,erase-relay,2,0,1,1,25
0,2,0:3:7,erase-relay,0,1,1,1,1
0,2,0:3:7,erase-relay,1,1,1,1,1
0,2,0:3:7,erase-relay,2,1,1,1,1
0,10,0:3:7,erase-relay,0,1,1,1,1
0,10,0:3:7,erase-relay,1,1,1,1,1
0,10,0:3:7,erase-relay,2,1,1,1,1
0,4,0:3:7,erase-relay,0,0,1,1,1
0,4,0:3:7,erase-relay,1,0,1,1,4
0,4,0:3:7,erase-relay,2,0,1,1,25
0,12,0:3:7,erase-relay,0,0,1,1,1
0,12,0:3:7,erase-relay,1,0,1,1,4
0,12,0:3:7,erase-relay,2,0,1,1,25
0,8,0:3:7,erase-relay,0,1,1,1,1
0,8,0:3:7,erase-relay,1,1,1,1,1
0,8,0:3:7,erase-relay,2,1,1,1,1
0,1,0:4:5,identity,0,1,1,1,1
0,1,0:4:5,identity,1,1,1,1,1
0,1,0:4:5,identity,2,1,1,1,1
0,3,0:4:5,identity,0,1,1,1,1
0,3,0:4:5,identity,1,1,1,1,1
0,3,0:4:5,identity,2,1,1,1,1
0,5,0:4:5,identity,0,0,1,1,1
0,5,0:4:5,identity,1,0,1,1,4
0,5,0:4:5,identity,2,0,1,1,13
0,2,0:4:5,identity,0,1,1,1,1
0,2,0:4:5,identity,1,1,1,1,1
0,2,0:4:5,identity,2,1,1,1,1
0,10,0:4:5,identity,0,0,1,1,1
0,10,0:4:5,identity,1,1,1,1,2
0,10,0:4:5,identity,2,1,1,1,2
0,4,0:4:5,identity,0,0,1,1,1
0,4,0:4:5,identity,1,0,1,1,4
0,4,0:4:5,identity,2,0,1,1,13
0,12,0:4:5,identity,0,0,1,1,1
0,12,0:4:5,identity,1,0,1,1,4
0,12,0:4:5,identity,2,0,1,1,13
0,8,0:4:5,identity,0,0,1,1,1
0,8,0:4:5,identity,1,1,1,1,2
0,8,0:4:5,identity,2,1,1,1,2
0,1,0:4:5,erase-relay,0,1,1,1,1
0,1,0:4:5,erase-relay,1,1,1,1,1
0,1,0:4:5,erase-relay,2,1,1,1,1
0,3,0:4:5,erase-relay,0,1,1,1,1
0,3,0:4:5,erase-relay,1,1,1,1,1
0,3,0:4:5,erase-relay,2,1,1,1,1
0,5,0:4:5,erase-relay,0,0,1,1,1
0,5,0:4:5,erase-relay,1,0,1,1,4
0,5,0:4:5,erase-relay,2,0,1,1,13
0,2,0:4:5,erase-relay,0,1,1,1,1
0,2,0:4:5,erase-relay,1,1,1,1,1
0,2,0:4:5,erase-relay,2,1,1,1,1
0,10,0:4:5,erase-relay,0,1,1,1,1
0,10,0:4:5,erase-relay,1,1,1,1,1
0,10,0:4:5,erase-relay,2,1,1,1,1
0,4,0:4:5,erase-relay,0,0,1,1,1
0,4,0:4:5,erase-relay,1,0,1,1,4
0,4,0:4:5,erase-relay,2,0,1,1,13
0,12,0:4:5,erase-relay,0,0,1,1,1
0,12,0:4:5,erase-relay,1,0,1,1,4
0,12,0:4:5,erase-relay,2,0,1,1,13
0,8,0:4:5,erase-relay,0,1,1,1,1
0,8,0:4:5,erase-relay,1,1,1,1,1
0,8,0:4:5,erase-relay,2,1,1,1,1
0,1,0:4:6,identity,0,1,1,1,1
0,1,0:4:6,identity,1,1,1,1,1
0,1,0:4:6,identity,2,1,1,1,1
0,3,0:4:6,identity,0,1,1,1,1
0,3,0:4:6,identity,1,1,1,1,1
0,3,0:4:6,identity,2,1,1,1,1
0,5,0:4:6,identity,0,0,1,1,1
0,5,0:4:6,identity,1,0,1,1,4
0,5,0:4:6,identity,2,0,1,1,25
0,2,0:4:6,identity,0,1,1,1,1
0,2,0:4:6,identity,1,1,1,1,1
0,2,0:4:6,identity,2,1,1,1,1
0,10,0:4:6,identity,0,0,1,1,1
0,10,0:4:6,identity,1,1,1,1,2
0,10,0:4:6,identity,2,1,1,1,2
0,4,0:4:6,identity,0,0,1,1,1
0,4,0:4:6,identity,1,0,1,1,4
0,4,0:4:6,identity,2,0,1,1,25
0,12,0:4:6,identity,0,0,1,1,1
0,12,0:4:6,identity,1,0,1,1,4
0,12,0:4:6,identity,2,0,1,1,25
0,8,0:4:6,identity,0,0,1,1,1
0,8,0:4:6,identity,1,1,1,1,2
0,8,0:4:6,identity,2,1,1,1,2
0,1,0:4:6,erase-relay,0,1,1,1,1
0,1,0:4:6,erase-relay,1,1,1,1,1
0,1,0:4:6,erase-relay,2,1,1,1,1
0,3,0:4:6,erase-relay,0,1,1,1,1
0,3,0:4:6,erase-relay,1,1,1,1,1
0,3,0:4:6,erase-relay,2,1,1,1,1
0,5,0:4:6,erase-relay,0,0,1,1,1
0,5,0:4:6,erase-relay,1,0,1,1,4
0,5,0:4:6,erase-relay,2,0,1,1,25
0,2,0:4:6,erase-relay,0,1,1,1,1
0,2,0:4:6,erase-relay,1,1,1,1,1
0,2,0:4:6,erase-relay,2,1,1,1,1
0,10,0:4:6,erase-relay,0,1,1,1,1
0,10,0:4:6,erase-relay,1,1,1,1,1
0,10,0:4:6,erase-relay,2,1,1,1,1
0,4,0:4:6,erase-relay,0,0,1,1,1
0,4,0:4:6,erase-relay,1,0,1,1,4
0,4,0:4:6,erase-relay,2,0,1,1,25
0,12,0:4:6,erase-relay,0,0,1,1,1
0,12,0:4:6,erase-relay,1,0,1,1,4
0,12,0:4:6,erase-relay,2,0,1,1,25
0,8,0:4:6,erase-relay,0,1,1,1,1
0,8,0:4:6,erase-relay,1,1,1,1,1
0,8,0:4:6,erase-relay,2,1,1,1,1
0,1,0:4:7,identity,0,1,1,1,1
0,1,0:4:7,identity,1,1,1,1,1
0,1,0:4:7,identity,2,1,1,1,1
0,3,0:4:7,identity,0,1,1,1,1
0,3,0:4:7,identity,1,1,1,1,1
0,3,0:4:7,identity,2,1,1,1,1
0,5,0:4:7,identity,0,0,1,1,1
0,5,0:4:7,identity,1,0,1,1,4
0,5,0:4:7,identity,2,0,1,1,25
0,2,0:4:7,identity,0,1,1,1,1
0,2,0:4:7,identity,1,1,1,1,1
0,2,0:4:7,identity,2,1,1,1,1
0,10,0:4:7,identity,0,0,1,1,1
0,10,0:4:7,identity,1,1,1,1,2
0,10,0:4:7,identity,2,1,1,1,2
0,4,0:4:7,identity,0,0,1,1,1
0,4,0:4:7,identity,1,0,1,1,4
0,4,0:4:7,identity,2,0,1,1,25
0,12,0:4:7,identity,0,0,1,1,1
0,12,0:4:7,identity,1,0,1,1,4
0,12,0:4:7,identity,2,0,1,1,25
0,8,0:4:7,identity,0,0,1,1,1
0,8,0:4:7,identity,1,1,1,1,2
0,8,0:4:7,identity,2,1,1,1,2
0,1,0:4:7,erase-relay,0,1,1,1,1
0,1,0:4:7,erase-relay,1,1,1,1,1
0,1,0:4:7,erase-relay,2,1,1,1,1
0,3,0:4:7,erase-relay,0,1,1,1,1
0,3,0:4:7,erase-relay,1,1,1,1,1
0,3,0:4:7,erase-relay,2,1,1,1,1
0,5,0:4:7,erase-relay,0,0,1,1,1
0,5,0:4:7,erase-relay,1,0,1,1,4
0,5,0:4:7,erase-relay,2,0,1,1,25
0,2,0:4:7,erase-relay,0,1,1,1,1
0,2,0:4:7,erase-relay,1,1,1,1,1
0,2,0:4:7,erase-relay,2,1,1,1,1
0,10,0:4:7,erase-relay,0,1,1,1,1
0,10,0:4:7,erase-relay,1,1,1,1,1
0,10,0:4:7,erase-relay,2,1,1,1,1
0,4,0:4:7,erase-relay,0,0,1,1,1
0,4,0:4:7,erase-relay,1,0,1,1,4
0,4,0:4:7,erase-relay,2,0,1,1,25
0,12,0:4:7,erase-relay,0,0,1,1,1
0,12,0:4:7,erase-relay,1,0,1,1,4
0,12,0:4:7,erase-relay,2,0,1,1,25
0,8,0:4:7,erase-relay,0,1,1,1,1
0,8,0:4:7,erase-relay,1,1,1,1,1
0,8,0:4:7,erase-relay,2,1,1,1,1
0,1,0:5:6,identity,0,1,1,1,1
0,1,0:5:6,identity,1,1,1,1,1
0,1,0:5:6,identity,2,1,1,1,1
0,3,0:5:6,identity,0,1,1,1,1
0,3,0:5:6,identity,1,1,1,1,1
0,3,0:5:6,identity,2,1,1,1,1
0,5,0:5:6,identity,0,0,1,1,1
0,5,0:5:6,identity,1,0,1,1,4
0,5,0:5:6,identity,2,0,1,1,25
0,2,0:5:6,identity,0,1,1,1,1
0,2,0:5:6,identity,1,1,1,1,1
0,2,0:5:6,identity,2,1,1,1,1
0,10,0:5:6,identity,0,0,1,1,1
0,10,0:5:6,identity,1,1,1,1,2
0,10,0:5:6,identity,2,1,1,1,2
0,4,0:5:6,identity,0,0,1,1,1
0,4,0:5:6,identity,1,0,1,1,4
0,4,0:5:6,identity,2,0,1,1,25
0,12,0:5:6,identity,0,0,1,1,1
0,12,0:5:6,identity,1,0,1,1,4
0,12,0:5:6,identity,2,0,1,1,25
0,8,0:5:6,identity,0,0,1,1,1
0,8,0:5:6,identity,1,1,1,1,2
0,8,0:5:6,identity,2,1,1,1,2
0,1,0:5:6,erase-relay,0,1,1,1,1
0,1,0:5:6,erase-relay,1,1,1,1,1
0,1,0:5:6,erase-relay,2,1,1,1,1
0,3,0:5:6,erase-relay,0,1,1,1,1
0,3,0:5:6,erase-relay,1,1,1,1,1
0,3,0:5:6,erase-relay,2,1,1,1,1
0,5,0:5:6,erase-relay,0,0,1,1,1
0,5,0:5:6,erase-relay,1,0,1,1,4
0,5,0:5:6,erase-relay,2,0,1,1,25
0,2,0:5:6,erase-relay,0,1,1,1,1
0,2,0:5:6,erase-relay,1,1,1,1,1
0,2,0:5:6,erase-relay,2,1,1,1,1
0,10,0:5:6,erase-relay,0,1,1,1,1
0,10,0:5:6,erase-relay,1,1,1,1,1
0,10,0:5:6,erase-relay,2,1,1,1,1
0,4,0:5:6,erase-relay,0,0,1,1,1
0,4,0:5:6,erase-relay,1,0,1,1,4
0,4,0:5:6,erase-relay,2,0,1,1,25
0,12,0:5:6,erase-relay,0,0,1,1,1
0,12,0:5:6,erase-relay,1,0,1,1,4
0,12,0:5:6,erase-relay,2,0,1,1,25
0,8,0:5:6,erase-relay,0,1,1,1,1
0,8,0:5:6,erase-relay,1,1,1,1,1
0,8,0:5:6,erase-relay,2,1,1,1,1
0,1,0:5:7,identity,0,1,1,1,1
0,1,0:5:7,identity,1,1,1,1,1
0,1,0:5:7,identity,2,1,1,1,1
0,3,0:5:7,identity,0,1,1,1,1
0,3,0:5:7,identity,1,1,1,1,1
0,3,0:5:7,identity,2,1,1,1,1
0,5,0:5:7,identity,0,0,1,1,1
0,5,0:5:7,identity,1,0,1,1,4
0,5,0:5:7,identity,2,0,1,1,25
0,2,0:5:7,identity,0,1,1,1,1
0,2,0:5:7,identity,1,1,1,1,1
0,2,0:5:7,identity,2,1,1,1,1
0,10,0:5:7,identity,0,0,1,1,1
0,10,0:5:7,identity,1,1,1,1,2
0,10,0:5:7,identity,2,1,1,1,2
0,4,0:5:7,identity,0,0,1,1,1
0,4,0:5:7,identity,1,0,1,1,4
0,4,0:5:7,identity,2,0,1,1,25
0,12,0:5:7,identity,0,0,1,1,1
0,12,0:5:7,identity,1,0,1,1,4
0,12,0:5:7,identity,2,0,1,1,25
0,8,0:5:7,identity,0,0,1,1,1
0,8,0:5:7,identity,1,1,1,1,2
0,8,0:5:7,identity,2,1,1,1,2
0,1,0:5:7,erase-relay,0,1,1,1,1
0,1,0:5:7,erase-relay,1,1,1,1,1
0,1,0:5:7,erase-relay,2,1,1,1,1
0,3,0:5:7,erase-relay,0,1,1,1,1
0,3,0:5:7,erase-relay,1,1,1,1,1
0,3,0:5:7,erase-relay,2,1,1,1,1
0,5,0:5:7,erase-relay,0,0,1,1,1
0,5,0:5:7,erase-relay,1,0,1,1,4
0,5,0:5:7,erase-relay,2,0,1,1,25
0,2,0:5:7,erase-relay,0,1,1,1,1
0,2,0:5:7,erase-relay,1,1,1,1,1
0,2,0:5:7,erase-relay,2,1,1,1,1
0,10,0:5:7,erase-relay,0,1,1,1,1
0,10,0:5:7,erase-relay,1,1,1,1,1
0,10,0:5:7,erase-relay,2,1,1,1,1
0,4,0:5:7,erase-relay,0,0,1,1,1
0,4,0:5:7,erase-relay,1,0,1,1,4
0,4,0:5:7,erase-relay,2,0,1,1,25
0,12,0:5:7,erase-relay,0,0,1,1,1
0,12,0:5:7,erase-relay,1,0,1,1,4
0,12,0:5:7,erase-relay,2,0,1,1,25
0,8,0:5:7,erase-relay,0,1,1,1,1
0,8,0:5:7,erase-relay,1,1,1,1,1
0,8,0:5:7,erase-relay,2,1,1,1,1
0,1,0:6:7,identity,0,1,1,1,1
0,1,0:6:7,identity,1,1,1,1,1
0,1,0:6:7,identity,2,1,1,1,1
0,3,0:6:7,identity,0,1,1,1,1
0,3,0:6:7,identity,1,1,1,1,1
0,3,0:6:7,identity,2,1,1,1,1
0,5,0:6:7,identity,0,0,1,1,1
0,5,0:6:7,identity,1,0,1,1,4
0,5,0:6:7,identity,2,0,1,1,37
0,2,0:6:7,identity,0,1,1,1,1
0,2,0:6:7,identity,1,1,1,1,1
0,2,0:6:7,identity,2,1,1,1,1
0,10,0:6:7,identity,0,0,1,1,1
0,10,0:6:7,identity,1,1,1,1,2
0,10,0:6:7,identity,2,1,1,1,2
0,4,0:6:7,identity,0,0,1,1,1
0,4,0:6:7,identity,1,0,1,1,4
0,4,0:6:7,identity,2,0,1,1,37
0,12,0:6:7,identity,0,0,1,1,1
0,12,0:6:7,identity,1,0,1,1,4
0,12,0:6:7,identity,2,0,1,1,37
0,8,0:6:7,identity,0,0,1,1,1
0,8,0:6:7,identity,1,1,1,1,2
0,8,0:6:7,identity,2,1,1,1,2
0,1,0:6:7,erase-relay,0,1,1,1,1
0,1,0:6:7,erase-relay,1,1,1,1,1
0,1,0:6:7,erase-relay,2,1,1,1,1
0,3,0:6:7,erase-relay,0,1,1,1,1
0,3,0:6:7,erase-relay,1,1,1,1,1
0,3,0:6:7,erase-relay,2,1,1,1,1
0,5,0:6:7,erase-relay,0,0,1,1,1
0,5,0:6:7,erase-relay,1,0,1,1,4
0,5,0:6:7,erase-relay,2,0,1,1,37
0,2,0:6:7,erase-relay,0,1,1,1,1
0,2,0:6:7,erase-relay,1,1,1,1,1
0,2,0:6:7,erase-relay,2,1,1,1,1
0,10,0:6:7,erase-relay,0,1,1,1,1
0,10,0:6:7,erase-relay,1,1,1,1,1
0,10,0:6:7,erase-relay,2,1,1,1,1
0,4,0:6:7,erase-relay,0,0,1,1,1
0,4,0:6:7,erase-relay,1,0,1,1,4
0,4,0:6:7,erase-relay,2,0,1,1,37
0,12,0:6:7,erase-relay,0,0,1,1,1
0,12,0:6:7,erase-relay,1,0,1,1,4
0,12,0:6:7,erase-relay,2,0,1,1,37
0,8,0:6:7,erase-relay,0,1,1,1,1
0,8,0:6:7,erase-relay,1,1,1,1,1
0,8,0:6:7,erase-relay,2,1,1,1,1
0,1,1:2:3,identity,0,1,1,1,1
0,1,1:2:3,identity,1,1,1,1,1
0,1,1:2:3,identity,2,1,1,1,1
0,3,1:2:3,identity,0,1,1,1,1
0,3,1:2:3,identity,1,1,1,1,1
0,3,1:2:3,identity,2,1,1,1,1
0,5,1:2:3,identity,0,0,1,1,1
0,5,1:2:3,identity,1,0,1,1,4
0,5,1:2:3,identity,2,0,1,1,13
0,2,1:2:3,identity,0,1,1,1,1
0,2,1:2:3,identity,1,1,1,1,1
0,2,1:2:3,identity,2,1,1,1,1
0,10,1:2:3,identity,0,0,1,1,1
0,10,1:2:3,identity,1,0,1,1,4
0,10,1:2:3,identity,2,0,1,1,13
0,4,1:2:3,identity,0,0,1,1,1
0,4,1:2:3,identity,1,0,1,1,4
0,4,1:2:3,identity,2,0,1,1,13
0,12,1:2:3,identity,0,0,1,1,1
0,12,1:2:3,identity,1,0,1,1,4
0,12,1:2:3,identity,2,0,1,1,13
0,8,1:2:3,identity,0,0,1,1,1
0,8,1:2:3,identity,1,0,1,1,4
0,8,1:2:3,identity,2,0,1,1,13
0,1,1:2:3,erase-relay,0,1,1,1,1
0,1,1:2:3,erase-relay,1,1,1,1,1
0,1,1:2:3,erase-relay,2,1,1,1,1
0,3,1:2:3,erase-relay,0,1,1,1,1
0,3,1:2:3,erase-relay,1,1,1,1,1
0,3,1:2:3,erase-relay,2,1,1,1,1
0,5,1:2:3,erase-relay,0,0,1,1,1
0,5,1:2:3,erase-relay,1,0,1,1,4
0,5,1:2:3,erase-relay,2,0,1,1,13
0,2,1:2:3,erase-relay,0,1,1,1,1
0,2,1:2:3,erase-relay,1,1,1,1,1
0,2,1:2:3,erase-relay,2,1,1,1,1
0,10,1:2:3,erase-relay,0,1,1,1,1
0,10,1:2:3,erase-relay,1,1,1,1,1
0,10,1:2:3,erase-relay,2,1,1,1,1
0,4,1:2:3,erase-relay,0,0,1,1,1
0,4,1:2:3,erase-relay,1,0,1,1,4
0,4,1:2:3,erase-relay,2,0,1,1,13
0,12,1:2:3,erase-relay,0,0,1,1,1
0,12,1:2:3,erase-relay,1,0,1,1,4
0,12,1:2:3,erase-relay,2,0,1,1,13
0,8,1:2:3,erase-relay,0,1,1,1,1
0,8,1:2:3,erase-relay,1,1,1,1,1
0,8,1:2:3,erase-relay,2,1,1,1,1
0,1,1:2:4,identity,0,1,1,1,1
0,1,1:2:4,identity,1,1,1,1,1
0,1,1:2:4,identity,2,1,1,1,1
0,3,1:2:4,identity,0,1,1,1,1
0,3,1:2:4,identity,1,1,1,1,1
0,3,1:2:4,identity,2,1,1,1,1
0,5,1:2:4,identity,0,0,1,1,1
0,5,1:2:4,identity,1,0,1,1,4
0,5,1:2:4,identity,2,0,1,1,13
0,2,1:2:4,identity,0,1,1,1,1
0,2,1:2:4,identity,1,1,1,1,1
0,2,1:2:4,identity,2,1,1,1,1
0,10,1:2:4,identity,0,0,1,1,1
0,10,1:2:4,identity,1,0,1,1,4
0,10,1:2:4,identity,2,1,1,1,5
0,4,1:2:4,identity,0,0,1,1,1
0,4,1:2:4,identity,1,0,1,1,4
0,4,1:2:4,identity,2,0,1,1,13
0,12,1:2:4,identity,0,0,1,1,1
0,12,1:2:4,identity,1,0,1,1,4
0,12,1:2:4,identity,2,0,1,1,13
0,8,1:2:4,identity,0,0,1,1,1
0,8,1:2:4,identity,1,1,1,1,4
0,8,1:2:4,identity,2,1,1,1,5
0,1,1:2:4,erase-relay,0,1,1,1,1
0,1,1:2:4,erase-relay,1,1,1,1,1
0,1,1:2:4,erase-relay,2,1,1,1,1
0,3,1:2:4,erase-relay,0,1,1,1,1
0,3,1:2:4,erase-relay,1,1,1,1,1
0,3,1:2:4,erase-relay,2,1,1,1,1
0,5,1:2:4,erase-relay,0,0,1,1,1
0,5,1:2:4,erase-relay,1,0,1,1,4
0,5,1:2:4,erase-relay,2,0,1,1,13
0,2,1:2:4,erase-relay,0,1,1,1,1
0,2,1:2:4,erase-relay,1,1,1,1,1
0,2,1:2:4,erase-relay,2,1,1,1,1
0,10,1:2:4,erase-relay,0,1,1,1,1
0,10,1:2:4,erase-relay,1,1,1,1,1
0,10,1:2:4,erase-relay,2,1,1,1,1
0,4,1:2:4,erase-relay,0,0,1,1,1
0,4,1:2:4,erase-relay,1,0,1,1,4
0,4,1:2:4,erase-relay,2,0,1,1,13
0,12,1:2:4,erase-relay,0,0,1,1,1
0,12,1:2:4,erase-relay,1,0,1,1,4
0,12,1:2:4,erase-relay,2,0,1,1,13
0,8,1:2:4,erase-relay,0,1,1,1,1
0,8,1:2:4,erase-relay,1,1,1,1,1
0,8,1:2:4,erase-relay,2,1,1,1,1
0,1,1:2:5,identity,0,1,1,1,1
0,1,1:2:5,identity,1,1,1,1,1
0,1,1:2:5,identity,2,1,1,1,1
0,3,1:2:5,identity,0,1,1,1,1
0,3,1:2:5,identity,1,1,1,1,1
0,3,1:2:5,identity,2,1,1,1,1
0,5,1:2:5,identity,0,0,1,1,1
0,5,1:2:5,identity,1,0,1,1,4
0,5,1:2:5,identity,2,0,1,1,13
0,2,1:2:5,identity,0,1,1,1,1
0,2,1:2:5,identity,1,1,1,1,1
0,2,1:2:5,identity,2,1,1,1,1
0,10,1:2:5,identity,0,0,1,1,1
0,10,1:2:5,identity,1,0,1,1,4
0,10,1:2:5,identity,2,0,1,1,13
0,4,1:2:5,identity,0,0,1,1,1
0,4,1:2:5,identity,1,0,1,1,4
0,4,1:2:5,identity,2,0,1,1,13
0,12,1:2:5,identity,0,0,1,1,1
0,12,1:2:5,identity,1,0,1,1,4
0,12,1:2:5,identity,2,0,1,1,13
0,8,1:2:5,identity,0,0,1,1,1
0,8,1:2:5,identity,1,0,1,1,4
0,8,1:2:5,identity,2,0,1,1,13
0,1,1:2:5,erase-relay,0,1,1,1,1
0,1,1:2:5,erase-relay,1,1,1,1,1
0,1,1:2:5,erase-relay,2,1,1,1,1
0,3,1:2:5,erase-relay,0,1,1,1,1
0,3,1:2:5,erase-relay,1,1,1,1,1
0,3,1:2:5,erase-relay,2,1,1,1,1
0,5,1:2:5,erase-relay,0,0,1,1,1
0,5,1:2:5,erase-relay,1,0,1,1,4
0,5,1:2:5,erase-relay,2,0,1,1,13
0,2,1:2:5,erase-relay,0,1,1,1,1
0,2,1:2:5,erase-relay,1,1,1,1,1
0,2,1:2:5,erase-relay,2,1,1,1,1
0,10,1:2:5,erase-relay,0,1,1,1,1
0,10,1:2:5,erase-relay,1,1,1,1,1
0,10,1:2:5,erase-relay,2,1,1,1,1
0,4,1:2:5,erase-relay,0,0,1,1,1
0,4,1:2:5,erase-relay,1,0,1,1,4
0,4,1:2:5,erase-relay,2,0,1,1,13
0,12,1:2:5,erase-relay,0,0,1,1,1
0,12,1:2:5,erase-relay,1,0,1,1,4
0,12,1:2:5,erase-relay,2,0,1,1,13
0,8,1:2:5,erase-relay,0,1,1,1,1
0,8,1:2:5,erase-relay,1,1,1,1,1
0,8,1:2:5,erase-relay,2,1,1,1,1
0,1,1:2:6,identity,0,1,1,1,1
0,1,1:2:6,identity,1,1,1,1,1
0,1,1:2:6,identity,2,1,1,1,1
0,3,1:2:6,identity,0,1,1,1,1
0,3,1:2:6,identity,1,1,1,1,1
0,3,1:2:6,identity,2,1,1,1,1
0,5,1:2:6,identity,0,0,1,1,1
0,5,1:2:6,identity,1,0,1,1,4
0,5,1:2:6,identity,2,0,1,1,25
0,2,1:2:6,identity,0,1,1,1,1
0,2,1:2:6,identity,1,1,1,1,1
0,2,1:2:6,identity,2,1,1,1,1
0,10,1:2:6,identity,0,0,1,1,1
0,10,1:2:6,identity,1,0,1,1,4
0,10,1:2:6,identity,2,0,1,1,25
0,4,1:2:6,identity,0,0,1,1,1
0,4,1:2:6,identity,1,0,1,1,4
0,4,1:2:6,identity,2,0,1,1,25
0,12,1:2:6,identity,0,0,1,1,1
0,12,1:2:6,identity,1,0,1,1,4
0,12,1:2:6,identity,2,0,1,1,25
0,8,1:2:6,identity,0,0,1,1,1
0,8,1:2:6,identity,1,0,1,1,4
0,8,1:2:6,identity,2,0,1,1,25
0,1,1:2:6,erase-relay,0,1,1,1,1
0,1,1:2:6,erase-relay,1,1,1,1,1
0,1,1:2:6,erase-relay,2,1,1,1,1
0,3,1:2:6,erase-relay,0,1,1,1,1
0,3,1:2:6,erase-relay,1,1,1,1,1
0,3,1:2:6,erase-relay,2,1,1,1,1
0,5,1:2:6,erase-relay,0,0,1,1,1
0,5,1:2:6,erase-relay,1,0,1,1,4
0,5,1:2:6,erase-relay,2,0,1,1,25
0,2,1:2:6,erase-relay,0,1,1,1,1
0,2,1:2:6,erase-relay,1,1,1,1,1
0,2,1:2:6,erase-relay,2,1,1,1,1
0,10,1:2:6,erase-relay,0,1,1,1,1
0,10,1:2:6,erase-relay,1,1,1,1,1
0,10,1:2:6,erase-relay,2,1,1,1,1
0,4,1:2:6,erase-relay,0,0,1,1,1
0,4,1:2:6,erase-relay,1,0,1,1,4
0,4,1:2:6,erase-relay,2,0,1,1,25
0,12,1:2:6,erase-relay,0,0,1,1,1
0,12,1:2:6,erase-relay,1,0,1,1,4
0,12,1:2:6,erase-relay,2,0,1,1,25
0,8,1:2:6,erase-relay,0,1,1,1,1
0,8,1:2:6,erase-relay,1,1,1,1,1
0,8,1:2:6,erase-relay,2,1,1,1,1
0,1,1:2:7,identity,0,1,1,1,1
0,1,1:2:7,identity,1,1,1,1,1
0,1,1:2:7,identity,2,1,1,1,1
0,3,1:2:7,identity,0,1,1,1,1
0,3,1:2:7,identity,1,1,1,1,1
0,3,1:2:7,identity,2,1,1,1,1
0,5,1:2:7,identity,0,0,1,1,1
0,5,1:2:7,identity,1,0,1,1,4
0,5,1:2:7,identity,2,0,1,1,25
0,2,1:2:7,identity,0,1,1,1,1
0,2,1:2:7,identity,1,1,1,1,1
0,2,1:2:7,identity,2,1,1,1,1
0,10,1:2:7,identity,0,0,1,1,1
0,10,1:2:7,identity,1,0,1,1,4
0,10,1:2:7,identity,2,0,1,1,25
0,4,1:2:7,identity,0,0,1,1,1
0,4,1:2:7,identity,1,0,1,1,4
0,4,1:2:7,identity,2,0,1,1,25
0,12,1:2:7,identity,0,0,1,1,1
0,12,1:2:7,identity,1,0,1,1,4
0,12,1:2:7,identity,2,0,1,1,25
0,8,1:2:7,identity,0,0,1,1,1
0,8,1:2:7,identity,1,0,1,1,4
0,8,1:2:7,identity,2,0,1,1,25
0,1,1:2:7,erase-relay,0,1,1,1,1
0,1,1:2:7,erase-relay,1,1,1,1,1
0,1,1:2:7,erase-relay,2,1,1,1,1
0,3,1:2:7,erase-relay,0,1,1,1,1
0,3,1:2:7,erase-relay,1,1,1,1,1
0,3,1:2:7,erase-relay,2,1,1,1,1
0,5,1:2:7,erase-relay,0,0,1,1,1
0,5,1:2:7,erase-relay,1,0,1,1,4
0,5,1:2:7,erase-relay,2,0,1,1,25
0,2,1:2:7,erase-relay,0,1,1,1,1
0,2,1:2:7,erase-relay,1,1,1,1,1
0,2,1:2:7,erase-relay,2,1,1,1,1
0,10,1:2:7,erase-relay,0,1,1,1,1
0,10,1:2:7,erase-relay,1,1,1,1,1
0,10,1:2:7,erase-relay,2,1,1,1,1
0,4,1:2:7,erase-relay,0,0,1,1,1
0,4,1:2:7,erase-relay,1,0,1,1,4
0,4,1:2:7,erase-relay,2,0,1,1,25
0,12,1:2:7,erase-relay,0,0,1,1,1
0,12,1:2:7,erase-relay,1,0,1,1,4
0,12,1:2:7,erase-relay,2,0,1,1,25
0,8,1:2:7,erase-relay,0,1,1,1,1
0,8,1:2:7,erase-relay,1,1,1,1,1
0,8,1:2:7,erase-relay,2,1,1,1,1
0,1,1:3:4,identity,0,1,1,1,1
0,1,1:3:4,identity,1,1,1,1,1
0,1,1:3:4,identity,2,1,1,1,1
0,3,1:3:4,identity,0,1,1,1,1
0,3,1:3:4,identity,1,1,1,1,1
0,3,1:3:4,identity,2,1,1,1,1
0,5,1:3:4,identity,0,0,1,1,1
0,5,1:3:4,identity,1,0,1,1,4
0,5,1:3:4,identity,2,0,1,1,13
0,2,1:3:4,identity,0,1,1,1,1
0,2,1:3:4,identity,1,1,1,1,1
0,2,1:3:4,identity,2,1,1,1,1
0,10,1:3:4,identity,0,0,1,1,1
0,10,1:3:4,identity,1,0,1,1,4
0,10,1:3:4,identity,2,1,1,1,5
0,4,1:3:4,identity,0,0,1,1,1
0,4,1:3:4,identity,1,0,1,1,4
0,4,1:3:4,identity,2,0,1,1,13
0,12,1:3:4,identity,0,0,1,1,1
0,12,1:3:4,identity,1,0,1,1,4
0,12,1:3:4,identity,2,0,1,1,13
0,8,1:3:4,identity,0,0,1,1,1
0,8,1:3:4,identity,1,1,1,1,4
0,8,1:3:4,identity,2,1,1,1,5
0,1,1:3:4,erase-relay,0,1,1,1,1
0,1,1:3:4,erase-relay,1,1,1,1,1
0,1,1:3:4,erase-relay,2,1,1,1,1
0,3,1:3:4,erase-relay,0,1,1,1,1
0,3,1:3:4,erase-relay,1,1,1,1,1
0,3,1:3:4,erase-relay,2,1,1,1,1
0,5,1:3:4,erase-relay,0,0,1,1,1
0,5,1:3:4,erase-relay,1,0,1,1,4
0,5,1:3:4,erase-relay,2,0,1,1,13
0,2,1:3:4,erase-relay,0,1,1,1,1
0,2,1:3:4,erase-relay,1,1,1,1,1
0,2,1:3:4,erase-relay,2,1,1,1,1
0,10,1:3:4,erase-relay,0,1,1,1,1
0,10,1:3:4,erase-relay,1,1,1,1,1
0,10,1:3:4,erase-relay,2,1,1,1,1
0,4,1:3:4,erase-relay,0,0,1,1,1
0,4,1:3:4,erase-relay,1,0,1,1,4
0,4,1:3:4,erase-relay,2,0,1,1,13
0,12,1:3:4,erase-relay,0,0,1,1,1
0,12,1:3:4,erase-relay,1,0,1,1,4
0,12,1:3:4,erase-relay,2,0,1,1,13
0,8,1:3:4,erase-relay,0,1,1,1,1
0,8,1:3:4,erase-relay,1,1,1,1,1
0,8,1:3:4,erase-relay,2,1,1,1,1
0,1,1:3:5,identity,0,1,1,1,1
0,1,1:3:5,identity,1,1,1,1,1
0,1,1:3:5,identity,2,1,1,1,1
0,3,1:3:5,identity,0,1,1,1,1
0,3,1:3:5,identity,1,1,1,1,1
0,3,1:3:5,identity,2,1,1,1,1
0,5,1:3:5,identity,0,0,1,1,1
0,5,1:3:5,identity,1,0,1,1,4
0,5,1:3:5,identity,2,0,1,1,13
0,2,1:3:5,identity,0,1,1,1,1
0,2,1:3:5,identity,1,1,1,1,1
0,2,1:3:5,identity,2,1,1,1,1
0,10,1:3:5,identity,0,0,1,1,1
0,10,1:3:5,identity,1,0,1,1,4
0,10,1:3:5,identity,2,0,1,1,13
0,4,1:3:5,identity,0,0,1,1,1
0,4,1:3:5,identity,1,0,1,1,4
0,4,1:3:5,identity,2,0,1,1,13
0,12,1:3:5,identity,0,0,1,1,1
0,12,1:3:5,identity,1,0,1,1,4
0,12,1:3:5,identity,2,0,1,1,13
0,8,1:3:5,identity,0,0,1,1,1
0,8,1:3:5,identity,1,0,1,1,4
0,8,1:3:5,identity,2,0,1,1,13
0,1,1:3:5,erase-relay,0,1,1,1,1
0,1,1:3:5,erase-relay,1,1,1,1,1
0,1,1:3:5,erase-relay,2,1,1,1,1
0,3,1:3:5,erase-relay,0,1,1,1,1
0,3,1:3:5,erase-relay,1,1,1,1,1
0,3,1:3:5,erase-relay,2,1,1,1,1
0,5,1:3:5,erase-relay,0,0,1,1,1
0,5,1:3:5,erase-relay,1,0,1,1,4
0,5,1:3:5,erase-relay,2,0,1,1,13
0,2,1:3:5,erase-relay,0,1,1,1,1
0,2,1:3:5,erase-relay,1,1,1,1,1
0,2,1:3:5,erase-relay,2,1,1,1,1
0,10,1:3:5,erase-relay,0,1,1,1,1
0,10,1:3:5,erase-relay,1,1,1,1,1
0,10,1:3:5,erase-relay,2,1,1,1,1
0,4,1:3:5,erase-relay,0,0,1,1,1
0,4,1:3:5,erase-relay,1,0,1,1,4
0,4,1:3:5,erase-relay,2,0,1,1,13
0,12,1:3:5,erase-relay,0,0,1,1,1
0,12,1:3:5,erase-relay,1,0,1,1,4
0,12,1:3:5,erase-relay,2,0,1,1,13
0,8,1:3:5,erase-relay,0,1,1,1,1
0,8,1:3:5,erase-relay,1,1,1,1,1
0,8,1:3:5,erase-relay,2,1,1,1,1
0,1,1:3:6,identity,0,1,1,1,1
0,1,1:3:6,identity,1,1,1,1,1
0,1,1:3:6,identity,2,1,1,1,1
0,3,1:3:6,identity,0,1,1,1,1
0,3,1:3:6,identity,1,1,1,1,1
0,3,1:3:6,identity,2,1,1,1,1
0,5,1:3:6,identity,0,0,1,1,1
0,5,1:3:6,identity,1,0,1,1,4
0,5,1:3:6,identity,2,0,1,1,25
0,2,1:3:6,identity,0,1,1,1,1
0,2,1:3:6,identity,1,1,1,1,1
0,2,1:3:6,identity,2,1,1,1,1
0,10,1:3:6,identity,0,0,1,1,1
0,10,1:3:6,identity,1,0,1,1,4
0,10,1:3:6,identity,2,0,1,1,25
0,4,1:3:6,identity,0,0,1,1,1
0,4,1:3:6,identity,1,0,1,1,4
0,4,1:3:6,identity,2,0,1,1,25
0,12,1:3:6,identity,0,0,1,1,1
0,12,1:3:6,identity,1,0,1,1,4
0,12,1:3:6,identity,2,0,1,1,25
0,8,1:3:6,identity,0,0,1,1,1
0,8,1:3:6,identity,1,0,1,1,4
0,8,1:3:6,identity,2,0,1,1,25
0,1,1:3:6,erase-relay,0,1,1,1,1
0,1,1:3:6,erase-relay,1,1,1,1,1
0,1,1:3:6,erase-relay,2,1,1,1,1
0,3,1:3:6,erase-relay,0,1,1,1,1
0,3,1:3:6,erase-relay,1,1,1,1,1
0,3,1:3:6,erase-relay,2,1,1,1,1
0,5,1:3:6,erase-relay,0,0,1,1,1
0,5,1:3:6,erase-relay,1,0,1,1,4
0,5,1:3:6,erase-relay,2,0,1,1,25
0,2,1:3:6,erase-relay,0,1,1,1,1
0,2,1:3:6,erase-relay,1,1,1,1,1
0,2,1:3:6,erase-relay,2,1,1,1,1
0,10,1:3:6,erase-relay,0,1,1,1,1
0,10,1:3:6,erase-relay,1,1,1,1,1
0,10,1:3:6,erase-relay,2,1,1,1,1
0,4,1:3:6,erase-relay,0,0,1,1,1
0,4,1:3:6,erase-relay,1,0,1,1,4
0,4,1:3:6,erase-relay,2,0,1,1,25
0,12,1:3:6,erase-relay,0,0,1,1,1
0,12,1:3:6,erase-relay,1,0,1,1,4
0,12,1:3:6,erase-relay,2,0,1,1,25
0,8,1:3:6,erase-relay,0,1,1,1,1
0,8,1:3:6,erase-relay,1,1,1,1,1
0,8,1:3:6,erase-relay,2,1,1,1,1
0,1,1:3:7,identity,0,1,1,1,1
0,1,1:3:7,identity,1,1,1,1,1
0,1,1:3:7,identity,2,1,1,1,1
0,3,1:3:7,identity,0,1,1,1,1
0,3,1:3:7,identity,1,1,1,1,1
0,3,1:3:7,identity,2,1,1,1,1
0,5,1:3:7,identity,0,0,1,1,1
0,5,1:3:7,identity,1,0,1,1,4
0,5,1:3:7,identity,2,0,1,1,25
0,2,1:3:7,identity,0,1,1,1,1
0,2,1:3:7,identity,1,1,1,1,1
0,2,1:3:7,identity,2,1,1,1,1
0,10,1:3:7,identity,0,0,1,1,1
0,10,1:3:7,identity,1,0,1,1,4
0,10,1:3:7,identity,2,0,1,1,25
0,4,1:3:7,identity,0,0,1,1,1
0,4,1:3:7,identity,1,0,1,1,4
0,4,1:3:7,identity,2,0,1,1,25
0,12,1:3:7,identity,0,0,1,1,1
0,12,1:3:7,identity,1,0,1,1,4
0,12,1:3:7,identity,2,0,1,1,25
0,8,1:3:7,identity,0,0,1,1,1
0,8,1:3:7,identity,1,0,1,1,4
0,8,1:3:7,identity,2,0,1,1,25
0,1,1:3:7,erase-relay,0,1,1,1,1
0,1,1:3:7,erase-relay,1,1,1,1,1
0,1,1:3:7,erase-relay,2,1,1,1,1
0,3,1:3:7,erase-relay,0,1,1,1,1
0,3,1:3:7,erase-relay,1,1,1,1,1
0,3,1:3:7,erase-relay,2,1,1,1,1
0,5,1:3:7,erase-relay,0,0,1,1,1
0,5,1:3:7,erase-relay,1,0,1,1,4
0,5,1:3:7,erase-relay,2,0,1,1,25
0,2,1:3:7,erase-relay,0,1,1,1,1
0,2,1:3:7,erase-relay,1,1,1,1,1
0,2,1:3:7,erase-relay,2,1,1,1,1
0,10,1:3:7,erase-relay,0,1,1,1,1
0,10,1:3:7,erase-relay,1,1,1,1,1
0,10,1:3:7,erase-relay,2,1,1,1,1
0,4,1:3:7,erase-relay,0,0,1,1,1
0,4,1:3:7,erase-relay,1,0,1,1,4
0,4,1:3:7,erase-relay,2,0,1,1,25
0,12,1:3:7,erase-relay,0,0,1,1,1
0,12,1:3:7,erase-relay,1,0,1,1,4
0,12,1:3:7,erase-relay,2,0,1,1,25
0,8,1:3:7,erase-relay,0,1,1,1,1
0,8,1:3:7,erase-relay,1,1,1,1,1
0,8,1:3:7,erase-relay,2,1,1,1,1
0,1,1:4:5,identity,0,1,1,1,1
0,1,1:4:5,identity,1,1,1,1,1
0,1,1:4:5,identity,2,1,1,1,1
0,3,1:4:5,identity,0,1,1,1,1
0,3,1:4:5,identity,1,1,1,1,1
0,3,1:4:5,identity,2,1,1,1,1
0,5,1:4:5,identity,0,0,1,1,1
0,5,1:4:5,identity,1,0,1,1,4
0,5,1:4:5,identity,2,0,1,1,13
0,2,1:4:5,identity,0,1,1,1,1
0,2,1:4:5,identity,1,1,1,1,1
0,2,1:4:5,identity,2,1,1,1,1
0,10,1:4:5,identity,0,0,1,1,1
0,10,1:4:5,identity,1,0,1,1,4
0,10,1:4:5,identity,2,1,1,1,4
0,4,1:4:5,identity,0,0,1,1,1
0,4,1:4:5,identity,1,0,1,1,4
0,4,1:4:5,identity,2,0,1,1,13
0,12,1:4:5,identity,0,0,1,1,1
0,12,1:4:5,identity,1,0,1,1,4
0,12,1:4:5,identity,2,0,1,1,13
0,8,1:4:5,identity,0,0,1,1,1
0,8,1:4:5,identity,1,1,1,1,3
0,8,1:4:5,identity,2,1,1,1,4
0,1,1:4:5,erase-relay,0,1,1,1,1
0,1,1:4:5,erase-relay,1,1,1,1,1
0,1,1:4:5,erase-relay,2,1,1,1,1
0,3,1:4:5,erase-relay,0,1,1,1,1
0,3,1:4:5,erase-relay,1,1,1,1,1
0,3,1:4:5,erase-relay,2,1,1,1,1
0,5,1:4:5,erase-relay,0,0,1,1,1
0,5,1:4:5,erase-relay,1,0,1,1,4
0,5,1:4:5,erase-relay,2,0,1,1,13
0,2,1:4:5,erase-relay,0,1,1,1,1
0,2,1:4:5,erase-relay,1,1,1,1,1
0,2,1:4:5,erase-relay,2,1,1,1,1
0,10,1:4:5,erase-relay,0,1,1,1,1
0,10,1:4:5,erase-relay,1,1,1,1,1
0,10,1:4:5,erase-relay,2,1,1,1,1
0,4,1:4:5,erase-relay,0,0,1,1,1
0,4,1:4:5,erase-relay,1,0,1,1,4
0,4,1:4:5,erase-relay,2,0,1,1,13
0,12,1:4:5,erase-relay,0,0,1,1,1
0,12,1:4:5,erase-relay,1,0,1,1,4
0,12,1:4:5,erase-relay,2,0,1,1,13
0,8,1:4:5,erase-relay,0,1,1,1,1
0,8,1:4:5,erase-relay,1,1,1,1,1
0,8,1:4:5,erase-relay,2,1,1,1,1
0,1,1:4:6,identity,0,1,1,1,1
0,1,1:4:6,identity,1,1,1,1,1
0,1,1:4:6,identity,2,1,1,1,1
0,3,1:4:6,identity,0,1,1,1,1
0,3,1:4:6,identity,1,1,1,1,1
0,3,1:4:6,identity,2,1,1,1,1
0,5,1:4:6,identity,0,0,1,1,1
0,5,1:4:6,identity,1,0,1,1,4
0,5,1:4:6,identity,2,0,1,1,25
0,2,1:4:6,identity,0,1,1,1,1
0,2,1:4:6,identity,1,1,1,1,1
0,2,1:4:6,identity,2,1,1,1,1
0,10,1:4:6,identity,0,0,1,1,1
0,10,1:4:6,identity,1,0,1,1,4
0,10,1:4:6,identity,2,1,1,1,4
0,4,1:4:6,identity,0,0,1,1,1
0,4,1:4:6,identity,1,0,1,1,4
0,4,1:4:6,identity,2,0,1,1,25
0,12,1:4:6,identity,0,0,1,1,1
0,12,1:4:6,identity,1,0,1,1,4
0,12,1:4:6,identity,2,0,1,1,25
0,8,1:4:6,identity,0,0,1,1,1
0,8,1:4:6,identity,1,1,1,1,3
0,8,1:4:6,identity,2,1,1,1,4
0,1,1:4:6,erase-relay,0,1,1,1,1
0,1,1:4:6,erase-relay,1,1,1,1,1
0,1,1:4:6,erase-relay,2,1,1,1,1
0,3,1:4:6,erase-relay,0,1,1,1,1
0,3,1:4:6,erase-relay,1,1,1,1,1
0,3,1:4:6,erase-relay,2,1,1,1,1
0,5,1:4:6,erase-relay,0,0,1,1,1
0,5,1:4:6,erase-relay,1,0,1,1,4
0,5,1:4:6,erase-relay,2,0,1,1,25
0,2,1:4:6,erase-relay,0,1,1,1,1
0,2,1:4:6,erase-relay,1,1,1,1,1
0,2,1:4:6,erase-relay,2,1,1,1,1
0,10,1:4:6,erase-relay,0,1,1,1,1
0,10,1:4:6,erase-relay,1,1,1,1,1
0,10,1:4:6,erase-relay,2,1,1,1,1
0,4,1:4:6,erase-relay,0,0,1,1,1
0,4,1:4:6,erase-relay,1,0,1,1,4
0,4,1:4:6,erase-relay,2,0,1,1,25
0,12,1:4:6,erase-relay,0,0,1,1,1
0,12,1:4:6,erase-relay,1,0,1,1,4
0,12,1:4:6,erase-relay,2,0,1,1,25
0,8,1:4:6,erase-relay,0,1,1,1,1
0,8,1:4:6,erase-relay,1,1,1,1,1
0,8,1:4:6,erase-relay,2,1,1,1,1
0,1,1:4:7,identity,0,1,1,1,1
0,1,1:4:7,identity,1,1,1,1,1
0,1,1:4:7,identity,2,1,1,1,1
0,3,1:4:7,identity,0,1,1,1,1
0,3,1:4:7,identity,1,1,1,1,1
0,3,1:4:7,identity,2,1,1,1,1
0,5,1:4:7,identity,0,0,1,1,1
0,5,1:4:7,identity,1,0,1,1,4
0,5,1:4:7,identity,2,0,1,1,25
0,2,1:4:7,identity,0,1,1,1,1
0,2,1:4:7,identity,1,1,1,1,1
0,2,1:4:7,identity,2,1,1,1,1
0,10,1:4:7,identity,0,0,1,1,1
0,10,1:4:7,identity,1,0,1,1,4
0,10,1:4:7,identity,2,1,1,1,4
0,4,1:4:7,identity,0,0,1,1,1
0,4,1:4:7,identity,1,0,1,1,4
0,4,1:4:7,identity,2,0,1,1,25
0,12,1:4:7,identity,0,0,1,1,1
0,12,1:4:7,identity,1,0,1,1,4
0,12,1:4:7,identity,2,0,1,1,25
0,8,1:4:7,identity,0,0,1,1,1
0,8,1:4:7,identity,1,1,1,1,3
0,8,1:4:7,identity,2,1,1,1,4
0,1,1:4:7,erase-relay,0,1,1,1,1
0,1,1:4:7,erase-relay,1,1,1,1,1
0,1,1:4:7,erase-relay,2,1,1,1,1
0,3,1:4:7,erase-relay,0,1,1,1,1
0,3,1:4:7,erase-relay,1,1,1,1,1
0,3,1:4:7,erase-relay,2,1,1,1,1
0,5,1:4:7,erase-relay,0,0,1,1,1
0,5,1:4:7,erase-relay,1,0,1,1,4
0,5,1:4:7,erase-relay,2,0,1,1,25
0,2,1:4:7,erase-relay,0,1,1,1,1
0,2,1:4:7,erase-relay,1,1,1,1,1
0,2,1:4:7,erase-relay,2,1,1,1,1
0,10,1:4:7,erase-relay,0,1,1,1,1
0,10,1:4:7,erase-relay,1,1,1,1,1
0,10,1:4:7,erase-relay,2,1,1,1,1
0,4,1:4:7,erase-relay,0,0,1,1,1
0,4,1:4:7,erase-relay,1,0,1,1,4
0,4,1:4:7,erase-relay,2,0,1,1,25
0,12,1:4:7,erase-relay,0,0,1,1,1
0,12,1:4:7,erase-relay,1,0,1,1,4
0,12,1:4:7,erase-relay,2,0,1,1,25
0,8,1:4:7,erase-relay,0,1,1,1,1
0,8,1:4:7,erase-relay,1,1,1,1,1
0,8,1:4:7,erase-relay,2,1,1,1,1
0,1,1:5:6,identity,0,1,1,1,1
0,1,1:5:6,identity,1,1,1,1,1
0,1,1:5:6,identity,2,1,1,1,1
0,3,1:5:6,identity,0,1,1,1,1
0,3,1:5:6,identity,1,1,1,1,1
0,3,1:5:6,identity,2,1,1,1,1
0,5,1:5:6,identity,0,0,1,1,1
0,5,1:5:6,identity,1,0,1,1,4
0,5,1:5:6,identity,2,0,1,1,25
0,2,1:5:6,identity,0,1,1,1,1
0,2,1:5:6,identity,1,1,1,1,1
0,2,1:5:6,identity,2,1,1,1,1
0,10,1:5:6,identity,0,0,1,1,1
0,10,1:5:6,identity,1,0,1,1,4
0,10,1:5:6,identity,2,0,1,1,25
0,4,1:5:6,identity,0,0,1,1,1
0,4,1:5:6,identity,1,0,1,1,4
0,4,1:5:6,identity,2,0,1,1,25
0,12,1:5:6,identity,0,0,1,1,1
0,12,1:5:6,identity,1,0,1,1,4
0,12,1:5:6,identity,2,0,1,1,25
0,8,1:5:6,identity,0,0,1,1,1
0,8,1:5:6,identity,1,0,1,1,4
0,8,1:5:6,identity,2,0,1,1,25
0,1,1:5:6,erase-relay,0,1,1,1,1
0,1,1:5:6,erase-relay,1,1,1,1,1
0,1,1:5:6,erase-relay,2,1,1,1,1
0,3,1:5:6,erase-relay,0,1,1,1,1
0,3,1:5:6,erase-relay,1,1,1,1,1
0,3,1:5:6,erase-relay,2,1,1,1,1
0,5,1:5:6,erase-relay,0,0,1,1,1
0,5,1:5:6,erase-relay,1,0,1,1,4
0,5,1:5:6,erase-relay,2,0,1,1,25
0,2,1:5:6,erase-relay,0,1,1,1,1
0,2,1:5:6,erase-relay,1,1,1,1,1
0,2,1:5:6,erase-relay,2,1,1,1,1
0,10,1:5:6,erase-relay,0,1,1,1,1
0,10,1:5:6,erase-relay,1,1,1,1,1
0,10,1:5:6,erase-relay,2,1,1,1,1
0,4,1:5:6,erase-relay,0,0,1,1,1
0,4,1:5:6,erase-relay,1,0,1,1,4
0,4,1:5:6,erase-relay,2,0,1,1,25
0,12,1:5:6,erase-relay,0,0,1,1,1
0,12,1:5:6,erase-relay,1,0,1,1,4
0,12,1:5:6,erase-relay,2,0,1,1,25
0,8,1:5:6,erase-relay,0,1,1,1,1
0,8,1:5:6,erase-relay,1,1,1,1,1
0,8,1:5:6,erase-relay,2,1,1,1,1
0,1,1:5:7,identity,0,1,1,1,1
0,1,1:5:7,identity,1,1,1,1,1
0,1,1:5:7,identity,2,1,1,1,1
0,3,1:5:7,identity,0,1,1,1,1
0,3,1:5:7,identity,1,1,1,1,1
0,3,1:5:7,identity,2,1,1,1,1
0,5,1:5:7,identity,0,0,1,1,1
0,5,1:5:7,identity,1,0,1,1,4
0,5,1:5:7,identity,2,0,1,1,25
0,2,1:5:7,identity,0,1,1,1,1
0,2,1:5:7,identity,1,1,1,1,1
0,2,1:5:7,identity,2,1,1,1,1
0,10,1:5:7,identity,0,0,1,1,1
0,10,1:5:7,identity,1,0,1,1,4
0,10,1:5:7,identity,2,0,1,1,25
0,4,1:5:7,identity,0,0,1,1,1
0,4,1:5:7,identity,1,0,1,1,4
0,4,1:5:7,identity,2,0,1,1,25
0,12,1:5:7,identity,0,0,1,1,1
0,12,1:5:7,identity,1,0,1,1,4
0,12,1:5:7,identity,2,0,1,1,25
0,8,1:5:7,identity,0,0,1,1,1
0,8,1:5:7,identity,1,0,1,1,4
0,8,1:5:7,identity,2,0,1,1,25
0,1,1:5:7,erase-relay,0,1,1,1,1
0,1,1:5:7,erase-relay,1,1,1,1,1
0,1,1:5:7,erase-relay,2,1,1,1,1
0,3,1:5:7,erase-relay,0,1,1,1,1
0,3,1:5:7,erase-relay,1,1,1,1,1
0,3,1:5:7,erase-relay,2,1,1,1,1
0,5,1:5:7,erase-relay,0,0,1,1,1
0,5,1:5:7,erase-relay,1,0,1,1,4
0,5,1:5:7,erase-relay,2,0,1,1,25
0,2,1:5:7,erase-relay,0,1,1,1,1
0,2,1:5:7,erase-relay,1,1,1,1,1
0,2,1:5:7,erase-relay,2,1,1,1,1
0,10,1:5:7,erase-relay,0,1,1,1,1
0,10,1:5:7,erase-relay,1,1,1,1,1
0,10,1:5:7,erase-relay,2,1,1,1,1
0,4,1:5:7,erase-relay,0,0,1,1,1
0,4,1:5:7,erase-relay,1,0,1,1,4
0,4,1:5:7,erase-relay,2,0,1,1,25
0,12,1:5:7,erase-relay,0,0,1,1,1
0,12,1:5:7,erase-relay,1,0,1,1,4
0,12,1:5:7,erase-relay,2,0,1,1,25
0,8,1:5:7,erase-relay,0,1,1,1,1
0,8,1:5:7,erase-relay,1,1,1,1,1
0,8,1:5:7,erase-relay,2,1,1,1,1
0,1,1:6:7,identity,0,1,1,1,1
0,1,1:6:7,identity,1,1,1,1,1
0,1,1:6:7,identity,2,1,1,1,1
0,3,1:6:7,identity,0,1,1,1,1
0,3,1:6:7,identity,1,1,1,1,1
0,3,1:6:7,identity,2,1,1,1,1
0,5,1:6:7,identity,0,0,1,1,1
0,5,1:6:7,identity,1,0,1,1,4
0,5,1:6:7,identity,2,0,1,1,37
0,2,1:6:7,identity,0,1,1,1,1
0,2,1:6:7,identity,1,1,1,1,1
0,2,1:6:7,identity,2,1,1,1,1
0,10,1:6:7,identity,0,0,1,1,1
0,10,1:6:7,identity,1,0,1,1,4
0,10,1:6:7,identity,2,0,1,1,37
0,4,1:6:7,identity,0,0,1,1,1
0,4,1:6:7,identity,1,0,1,1,4
0,4,1:6:7,identity,2,0,1,1,37
0,12,1:6:7,identity,0,0,1,1,1
0,12,1:6:7,identity,1,0,1,1,4
0,12,1:6:7,identity,2,0,1,1,37
0,8,1:6:7,identity,0,0,1,1,1
0,8,1:6:7,identity,1,0,1,1,4
0,8,1:6:7,identity,2,0,1,1,37
0,1,1:6:7,erase-relay,0,1,1,1,1
0,1,1:6:7,erase-relay,1,1,1,1,1
0,1,1:6:7,erase-relay,2,1,1,1,1
0,3,1:6:7,erase-relay,0,1,1,1,1
0,3,1:6:7,erase-relay,1,1,1,1,1
0,3,1:6:7,erase-relay,2,1,1,1,1
0,5,1:6:7,erase-relay,0,0,1,1,1
0,5,1:6:7,erase-relay,1,0,1,1,4
0,5,1:6:7,erase-relay,2,0,1,1,37
0,2,1:6:7,erase-relay,0,1,1,1,1
0,2,1:6:7,erase-relay,1,1,1,1,1
0,2,1:6:7,erase-relay,2,1,1,1,1
0,10,1:6:7,erase-relay,0,1,1,1,1
0,10,1:6:7,erase-relay,1,1,1,1,1
0,10,1:6:7,erase-relay,2,1,1,1,1
0,4,1:6:7,erase-relay,0,0,1,1,1
0,4,1:6:7,erase-relay,1,0,1,1,4
0,4,1:6:7,erase-relay,2,0,1,1,37
0,12,1:6:7,erase-relay,0,0,1,1,1
0,12,1:6:7,erase-relay,1,0,1,1,4
0,12,1:6:7,erase-relay,2,0,1,1,37
0,8,1:6:7,erase-relay,0,1,1,1,1
0,8,1:6:7,erase-relay,1,1,1,1,1
0,8,1:6:7,erase-relay,2,1,1,1,1
0,1,2:3:4,identity,0,1,1,1,1
0,1,2:3:4,identity,1,1,1,1,1
0,1,2:3:4,identity,2,1,1,1,1
0,3,2:3:4,identity,0,1,1,1,1
0,3,2:3:4,identity,1,1,1,1,1
0,3,2:3:4,identity,2,1,1,1,1
0,5,2:3:4,identity,0,0,1,1,1
0,5,2:3:4,identity,1,0,1,1,4
0,5,2:3:4,identity,2,0,1,1,13
0,2,2:3:4,identity,0,1,1,1,1
0,2,2:3:4,identity,1,1,1,1,1
0,2,2:3:4,identity,2,1,1,1,1
0,10,2:3:4,identity,0,0,1,1,1
0,10,2:3:4,identity,1,0,1,1,4
0,10,2:3:4,identity,2,0,1,1,13
0,4,2:3:4,identity,0,0,1,1,1
0,4,2:3:4,identity,1,0,1,1,4
0,4,2:3:4,identity,2,0,1,1,13
0,12,2:3:4,identity,0,0,1,1,1
0,12,2:3:4,identity,1,0,1,1,4
0,12,2:3:4,identity,2,0,1,1,13
0,8,2:3:4,identity,0,0,1,1,1
0,8,2:3:4,identity,1,1,1,1,4
0,8,2:3:4,identity,2,1,1,1,9
0,1,2:3:4,erase-relay,0,1,1,1,1
0,1,2:3:4,erase-relay,1,1,1,1,1
0,1,2:3:4,erase-relay,2,1,1,1,1
0,3,2:3:4,erase-relay,0,1,1,1,1
0,3,2:3:4,erase-relay,1,1,1,1,1
0,3,2:3:4,erase-relay,2,1,1,1,1
0,5,2:3:4,erase-relay,0,0,1,1,1
0,5,2:3:4,erase-relay,1,0,1,1,4
0,5,2:3:4,erase-relay,2,0,1,1,13
0,2,2:3:4,erase-relay,0,1,1,1,1
0,2,2:3:4,erase-relay,1,1,1,1,1
0,2,2:3:4,erase-relay,2,1,1,1,1
0,10,2:3:4,erase-relay,0,1,1,1,1
0,10,2:3:4,erase-relay,1,1,1,1,1
0,10,2:3:4,erase-relay,2,1,1,1,1
0,4,2:3:4,erase-relay,0,0,1,1,1
0,4,2:3:4,erase-relay,1,0,1,1,4
0,4,2:3:4,erase-relay,2,0,1,1,13
0,12,2:3:4,erase-relay,0,0,1,1,1
0,12,2:3:4,erase-relay,1,0,1,1,4
0,12,2:3:4,erase-relay,2,0,1,1,13
0,8,2:3:4,erase-relay,0,1,1,1,1
0,8,2:3:4,erase-relay,1,1,1,1,1
0,8,2:3:4,erase-relay,2,1,1,1,1
0,1,2:3:5,identity,0,1,1,1,1
0,1,2:3:5,identity,1,1,1,1,1
0,1,2:3:5,identity,2,1,1,1,1
0,3,2:3:5,identity,0,1,1,1,1
0,3,2:3:5,identity,1,1,1,1,1
0,3,2:3:5,identity,2,1,1,1,1
0,5,2:3:5,identity,0,0,1,1,1
0,5,2:3:5,identity,1,0,1,1,4
0,5,2:3:5,identity,2,0,1,1,13
0,2,2:3:5,identity,0,1,1,1,1
0,2,2:3:5,identity,1,1,1,1,1
0,2,2:3:5,identity,2,1,1,1,1
0,10,2:3:5,identity,0,0,1,1,1
0,10,2:3:5,identity,1,0,1,1,4
0,10,2:3:5,identity,2,0,1,1,13
0,4,2:3:5,identity,0,0,1,1,1
0,4,2:3:5,identity,1,0,1,1,4
0,4,2:3:5,identity,2,0,1,1,13
0,12,2:3:5,identity,0,0,1,1,1
0,12,2:3:5,identity,1,0,1,1,4
0,12,2:3:5,identity,2,0,1,1,13
0,8,2:3:5,identity,0,0,1,1,1
0,8,2:3:5,identity,1,0,1,1,4
0,8,2:3:5,identity,2,0,1,1,13
0,1,2:3:5,erase-relay,0,1,1,1,1
0,1,2:3:5,erase-relay,1,1,1,1,1
0,1,2:3:5,erase-relay,2,1,1,1,1
0,3,2:3:5,erase-relay,0,1,1,1,1
0,3,2:3:5,erase-relay,1,1,1,1,1
0,3,2:3:5,erase-relay,2,1,1,1,1
0,5,2:3:5,erase-relay,0,0,1,1,1
0,5,2:3:5,erase-relay,1,0,1,1,4
0,5,2:3:5,erase-relay,2,0,1,1,13
0,2,2:3:5,erase-relay,0,1,1,1,1
0,2,2:3:5,erase-relay,1,1,1,1,1
0,2,2:3:5,erase-relay,2,1,1,1,1
0,10,2:3:5,erase-relay,0,1,1,1,1
0,10,2:3:5,erase-relay,1,1,1,1,1
0,10,2:3:5,erase-relay,2,1,1,1,1
0,4,2:3:5,erase-relay,0,0,1,1,1
0,4,2:3:5,erase-relay,1,0,1,1,4
0,4,2:3:5,erase-relay,2,0,1,1,13
0,12,2:3:5,erase-relay,0,0,1,1,1
0,12,2:3:5,erase-relay,1,0,1,1,4
0,12,2:3:5,erase-relay,2,0,1,1,13
0,8,2:3:5,erase-relay,0,1,1,1,1
0,8,2:3:5,erase-relay,1,1,1,1,1
0,8,2:3:5,erase-relay,2,1,1,1,1
0,1,2:3:6,identity,0,1,1,1,1
0,1,2:3:6,identity,1,1,1,1,1
0,1,2:3:6,identity,2,1,1,1,1
0,3,2:3:6,identity,0,1,1,1,1
0,3,2:3:6,identity,1,1,1,1,1
0,3,2:3:6,identity,2,1,1,1,1
0,5,2:3:6,identity,0,0,1,1,1
0,5,2:3:6,identity,1,0,1,1,4
0,5,2:3:6,identity,2,0,1,1,25
0,2,2:3:6,identity,0,1,1,1,1
0,2,2:3:6,identity,1,1,1,1,1
0,2,2:3:6,identity,2,1,1,1,1
0,10,2:3:6,identity,0,0,1,1,1
0,10,2:3:6,identity,1,0,1,1,4
0,10,2:3:6,identity,2,0,1,1,25
0,4,2:3:6,identity,0,0,1,1,1
0,4,2:3:6,identity,1,0,1,1,4
0,4,2:3:6,identity,2,0,1,1,25
0,12,2:3:6,identity,0,0,1,1,1
0,12,2:3:6,identity,1,0,1,1,4
0,12,2:3:6,identity,2,0,1,1,25
0,8,2:3:6,identity,0,0,1,1,1
0,8,2:3:6,identity,1,0,1,1,4
0,8,2:3:6,identity,2,0,1,1,25
0,1,2:3:6,erase-relay,0,1,1,1,1
0,1,2:3:6,erase-relay,1,1,1,1,1
0,1,2:3:6,erase-relay,2,1,1,1,1
0,3,2:3:6,erase-relay,0,1,1,1,1
0,3,2:3:6,erase-relay,1,1,1,1,1
0,3,2:3:6,erase-relay,2,1,1,1,1
0,5,2:3:6,erase-relay,0,0,1,1,1
0,5,2:3:6,erase-relay,1,0,1,1,4
0,5,2:3:6,erase-relay,2,0,1,1,25
0,2,2:3:6,erase-relay,0,1,1,1,1
0,2,2:3:6,erase-relay,1,1,1,1,1
0,2,2:3:6,erase-relay,2,1,1,1,1
0,10,2:3:6,erase-relay,0,1,1,1,1
0,10,2:3:6,erase-relay,1,1,1,1,1
0,10,2:3:6,erase-relay,2,1,1,1,1
0,4,2:3:6,erase-relay,0,0,1,1,1
0,4,2:3:6,erase-relay,1,0,1,1,4
0,4,2:3:6,erase-relay,2,0,1,1,25
0,12,2:3:6,erase-relay,0,0,1,1,1
0,12,2:3:6,erase-relay,1,0,1,1,4
0,12,2:3:6,erase-relay,2,0,1,1,25
0,8,2:3:6,erase-relay,0,1,1,1,1
0,8,2:3:6,erase-relay,1,1,1,1,1
0,8,2:3:6,erase-relay,2,1,1,1,1
0,1,2:3:7,identity,0,1,1,1,1
0,1,2:3:7,identity,1,1,1,1,1
0,1,2:3:7,identity,2,1,1,1,1
0,3,2:3:7,identity,0,1,1,1,1
0,3,2:3:7,identity,1,1,1,1,1
0,3,2:3:7,identity,2,1,1,1,1
0,5,2:3:7,identity,0,0,1,1,1
0,5,2:3:7,identity,1,0,1,1,4
0,5,2:3:7,identity,2,0,1,1,25
0,2,2:3:7,identity,0,1,1,1,1
0,2,2:3:7,identity,1,1,1,1,1
0,2,2:3:7,identity,2,1,1,1,1
0,10,2:3:7,identity,0,0,1,1,1
0,10,2:3:7,identity,1,0,1,1,4
0,10,2:3:7,identity,2,0,1,1,25
0,4,2:3:7,identity,0,0,1,1,1
0,4,2:3:7,identity,1,0,1,1,4
0,4,2:3:7,identity,2,0,1,1,25
0,12,2:3:7,identity,0,0,1,1,1
0,12,2:3:7,identity,1,0,1,1,4
0,12,2:3:7,identity,2,0,1,1,25
0,8,2:3:7,identity,0,0,1,1,1
0,8,2:3:7,identity,1,0,1,1,4
0,8,2:3:7,identity,2,0,1,1,25
0,1,2:3:7,erase-relay,0,1,1,1,1
0,1,2:3:7,erase-relay,1,1,1,1,1
0,1,2:3:7,erase-relay,2,1,1,1,1
0,3,2:3:7,erase-relay,0,1,1,1,1
0,3,2:3:7,erase-relay,1,1,1,1,1
0,3,2:3:7,erase-relay,2,1,1,1,1
0,5,2:3:7,erase-relay,0,0,1,1,1
0,5,2:3:7,erase-relay,1,0,1,1,4
0,5,2:3:7,erase-relay,2,0,1,1,25
0,2,2:3:7,erase-relay,0,1,1,1,1
0,2,2:3:7,erase-relay,1,1,1,1,1
0,2,2:3:7,erase-relay,2,1,1,1,1
0,10,2:3:7,erase-relay,0,1,1,1,1
0,10,2:3:7,erase-relay,1,1,1,1,1
0,10,2:3:7,erase-relay,2,1,1,1,1
0,4,2:3:7,erase-relay,0,0,1,1,1
0,4,2:3:7,erase-relay,1,0,1,1,4
0,4,2:3:7,erase-relay,2,0,1,1,25
0,12,2:3:7,erase-relay,0,0,1,1,1
0,12,2:3:7,erase-relay,1,0,1,1,4
0,12,2:3:7,erase-relay,2,0,1,1,25
0,8,2:3:7,erase-relay,0,1,1,1,1
0,8,2:3:7,erase-relay,1,1,1,1,1
0,8,2:3:7,erase-relay,2,1,1,1,1
0,1,2:4:5,identity,0,1,1,1,1
0,1,2:4:5,identity,1,1,1,1,1
0,1,2:4:5,identity,2,1,1,1,1
0,3,2:4:5,identity,0,1,1,1,1
0,3,2:4:5,identity,1,1,1,1,1
0,3,2:4:5,identity,2,1,1,1,1
0,5,2:4:5,identity,0,0,1,1,1
0,5,2:4:5,identity,1,0,1,1,4
0,5,2:4:5,identity,2,0,1,1,13
0,2,2:4:5,identity,0,1,1,1,1
0,2,2:4:5,identity,1,1,1,1,1
0,2,2:4:5,identity,2,1,1,1,1
0,10,2:4:5,identity,0,0,1,1,1
0,10,2:4:5,identity,1,0,1,1,4
0,10,2:4:5,identity,2,0,1,1,13
0,4,2:4:5,identity,0,0,1,1,1
0,4,2:4:5,identity,1,0,1,1,4
0,4,2:4:5,identity,2,0,1,1,13
0,12,2:4:5,identity,0,0,1,1,1
0,12,2:4:5,identity,1,0,1,1,4
0,12,2:4:5,identity,2,0,1,1,13
0,8,2:4:5,identity,0,0,1,1,1
0,8,2:4:5,identity,1,1,1,1,3
0,8,2:4:5,identity,2,1,1,1,6
0,1,2:4:5,erase-relay,0,1,1,1,1
0,1,2:4:5,erase-relay,1,1,1,1,1
0,1,2:4:5,erase-relay,2,1,1,1,1
0,3,2:4:5,erase-relay,0,1,1,1,1
0,3,2:4:5,erase-relay,1,1,1,1,1
0,3,2:4:5,erase-relay,2,1,1,1,1
0,5,2:4:5,erase-relay,0,0,1,1,1
0,5,2:4:5,erase-relay,1,0,1,1,4
0,5,2:4:5,erase-relay,2,0,1,1,13
0,2,2:4:5,erase-relay,0,1,1,1,1
0,2,2:4:5,erase-relay,1,1,1,1,1
0,2,2:4:5,erase-relay,2,1,1,1,1
0,10,2:4:5,erase-relay,0,1,1,1,1
0,10,2:4:5,erase-relay,1,1,1,1,1
0,10,2:4:5,erase-relay,2,1,1,1,1
0,4,2:4:5,erase-relay,0,0,1,1,1
0,4,2:4:5,erase-relay,1,0,1,1,4
0,4,2:4:5,erase-relay,2,0,1,1,13
0,12,2:4:5,erase-relay,0,0,1,1,1
0,12,2:4:5,erase-relay,1,0,1,1,4
0,12,2:4:5,erase-relay,2,0,1,1,13
0,8,2:4:5,erase-relay,0,1,1,1,1
0,8,2:4:5,erase-relay,1,1,1,1,1
0,8,2:4:5,erase-relay,2,1,1,1,1
0,1,2:4:6,identity,0,1,1,1,1
0,1,2:4:6,identity,1,1,1,1,1
0,1,2:4:6,identity,2,1,1,1,1
0,3,2:4:6,identity,0,1,1,1,1
0,3,2:4:6,identity,1,1,1,1,1
0,3,2:4:6,identity,2,1,1,1,1
0,5,2:4:6,identity,0,0,1,1,1
0,5,2:4:6,identity,1,0,1,1,4
0,5,2:4:6,identity,2,0,1,1,25
0,2,2:4:6,identity,0,1,1,1,1
0,2,2:4:6,identity,1,1,1,1,1
0,2,2:4:6,identity,2,1,1,1,1
0,10,2:4:6,identity,0,0,1,1,1
0,10,2:4:6,identity,1,0,1,1,4
0,10,2:4:6,identity,2,1,1,1,12
0,4,2:4:6,identity,0,0,1,1,1
0,4,2:4:6,identity,1,0,1,1,4
0,4,2:4:6,identity,2,0,1,1,25
0,12,2:4:6,identity,0,0,1,1,1
0,12,2:4:6,identity,1,0,1,1,4
0,12,2:4:6,identity,2,0,1,1,25
0,8,2:4:6,identity,0,0,1,1,1
0,8,2:4:6,identity,1,1,1,1,3
0,8,2:4:6,identity,2,1,1,1,6
0,1,2:4:6,erase-relay,0,1,1,1,1
0,1,2:4:6,erase-relay,1,1,1,1,1
0,1,2:4:6,erase-relay,2,1,1,1,1
0,3,2:4:6,erase-relay,0,1,1,1,1
0,3,2:4:6,erase-relay,1,1,1,1,1
0,3,2:4:6,erase-relay,2,1,1,1,1
0,5,2:4:6,erase-relay,0,0,1,1,1
0,5,2:4:6,erase-relay,1,0,1,1,4
0,5,2:4:6,erase-relay,2,0,1,1,25
0,2,2:4:6,erase-relay,0,1,1,1,1
0,2,2:4:6,erase-relay,1,1,1,1,1
0,2,2:4:6,erase-relay,2,1,1,1,1
0,10,2:4:6,erase-relay,0,1,1,1,1
0,10,2:4:6,erase-relay,1,1,1,1,1
0,10,2:4:6,erase-relay,2,1,1,1,1
0,4,2:4:6,erase-relay,0,0,1,1,1
0,4,2:4:6,erase-relay,1,0,1,1,4
0,4,2:4:6,erase-relay,2,0,1,1,25
0,12,2:4:6,erase-relay,0,0,1,1,1
0,12,2:4:6,erase-relay,1,0,1,1,4
0,12,2:4:6,erase-relay,2,0,1,1,25
0,8,2:4:6,erase-relay,0,1,1,1,1
0,8,2:4:6,erase-relay,1,1,1,1,1
0,8,2:4:6,erase-relay,2,1,1,1,1
0,1,2:4:7,identity,0,1,1,1,1
0,1,2:4:7,identity,1,1,1,1,1
0,1,2:4:7,identity,2,1,1,1,1
0,3,2:4:7,identity,0,1,1,1,1
0,3,2:4:7,identity,1,1,1,1,1
0,3,2:4:7,identity,2,1,1,1,1
0,5,2:4:7,identity,0,0,1,1,1
0,5,2:4:7,identity,1,0,1,1,4
0,5,2:4:7,identity,2,0,1,1,25
0,2,2:4:7,identity,0,1,1,1,1
0,2,2:4:7,identity,1,1,1,1,1
0,2,2:4:7,identity,2,1,1,1,1
0,10,2:4:7,identity,0,0,1,1,1
0,10,2:4:7,identity,1,0,1,1,4
0,10,2:4:7,identity,2,0,1,1,25
0,4,2:4:7,identity,0,0,1,1,1
0,4,2:4:7,identity,1,0,1,1,4
0,4,2:4:7,identity,2,0,1,1,25
0,12,2:4:7,identity,0,0,1,1,1
0,12,2:4:7,identity,1,0,1,1,4
0,12,2:4:7,identity,2,0,1,1,25
0,8,2:4:7,identity,0,0,1,1,1
0,8,2:4:7,identity,1,1,1,1,3
0,8,2:4:7,identity,2,1,1,1,6
0,1,2:4:7,erase-relay,0,1,1,1,1
0,1,2:4:7,erase-relay,1,1,1,1,1
0,1,2:4:7,erase-relay,2,1,1,1,1
0,3,2:4:7,erase-relay,0,1,1,1,1
0,3,2:4:7,erase-relay,1,1,1,1,1
0,3,2:4:7,erase-relay,2,1,1,1,1
0,5,2:4:7,erase-relay,0,0,1,1,1
0,5,2:4:7,erase-relay,1,0,1,1,4
0,5,2:4:7,erase-relay,2,0,1,1,25
0,2,2:4:7,erase-relay,0,1,1,1,1
0,2,2:4:7,erase-relay,1,1,1,1,1
0,2,2:4:7,erase-relay,2,1,1,1,1
0,10,2:4:7,erase-relay,0,1,1,1,1
0,10,2:4:7,erase-relay,1,1,1,1,1
0,10,2:4:7,erase-relay,2,1,1,1,1
0,4,2:4:7,erase-relay,0,0,1,1,1
0,4,2:4:7,erase-relay,1,0,1,1,4
0,4,2:4:7,erase-relay,2,0,1,1,25
0,12,2:4:7,erase-relay,0,0,1,1,1
0,12,2:4:7,erase-relay,1,0,1,1,4
0,12,2:4:7,erase-relay,2,0,1,1,25
0,8,2:4:7,erase-relay,0,1,1,1,1
0,8,2:4:7,erase-relay,1,1,1,1,1
0,8,2:4:7,erase-relay,2,1,1,1,1
0,1,2:5:6,identity,0,1,1,1,1
0,1,2:5:6,identity,1,1,1,1,1
0,1,2:5:6,identity,2,1,1,1,1
0,3,2:5:6,identity,0,1,1,1,1
0,3,2:5:6,identity,1,1,1,1,1
0,3,2:5:6,identity,2,1,1,1,1
0,5,2:5:6,identity,0,0,1,1,1
0,5,2:5:6,identity,1,0,1,1,4
0,5,2:5:6,identity,2,0,1,1,25
0,2,2:5:6,identity,0,1,1,1,1
0,2,2:5:6,identity,1,1,1,1,1
0,2,2:5:6,identity,2,1,1,1,1
0,10,2:5:6,identity,0,0,1,1,1
0,10,2:5:6,identity,1,0,1,1,4
0,10,2:5:6,identity,2,0,1,1,25
0,4,2:5:6,identity,0,0,1,1,1
0,4,2:5:6,identity,1,0,1,1,4
0,4,2:5:6,identity,2,0,1,1,25
0,12,2:5:6,identity,0,0,1,1,1
0,12,2:5:6,identity,1,0,1,1,4
0,12,2:5:6,identity,2,0,1,1,25
0,8,2:5:6,identity,0,0,1,1,1
0,8,2:5:6,identity,1,0,1,1,4
0,8,2:5:6,identity,2,0,1,1,25
0,1,2:5:6,erase-relay,0,1,1,1,1
0,1,2:5:6,erase-relay,1,1,1,1,1
0,1,2:5:6,erase-relay,2,1,1,1,1
0,3,2:5:6,erase-relay,0,1,1,1,1
0,3,2:5:6,erase-relay,1,1,1,1,1
0,3,2:5:6,erase-relay,2,1,1,1,1
0,5,2:5:6,erase-relay,0,0,1,1,1
0,5,2:5:6,erase-relay,1,0,1,1,4
0,5,2:5:6,erase-relay,2,0,1,1,25
0,2,2:5:6,erase-relay,0,1,1,1,1
0,2,2:5:6,erase-relay,1,1,1,1,1
0,2,2:5:6,erase-relay,2,1,1,1,1
0,10,2:5:6,erase-relay,0,1,1,1,1
0,10,2:5:6,erase-relay,1,1,1,1,1
0,10,2:5:6,erase-relay,2,1,1,1,1
0,4,2:5:6,erase-relay,0,0,1,1,1
0,4,2:5:6,erase-relay,1,0,1,1,4
0,4,2:5:6,erase-relay,2,0,1,1,25
0,12,2:5:6,erase-relay,0,0,1,1,1
0,12,2:5:6,erase-relay,1,0,1,1,4
0,12,2:5:6,erase-relay,2,0,1,1,25
0,8,2:5:6,erase-relay,0,1,1,1,1
0,8,2:5:6,erase-relay,1,1,1,1,1
0,8,2:5:6,erase-relay,2,1,1,1,1
0,1,2:5:7,identity,0,1,1,1,1
0,1,2:5:7,identity,1,1,1,1,1
0,1,2:5:7,identity,2,1,1,1,1
0,3,2:5:7,identity,0,1,1,1,1
0,3,2:5:7,identity,1,1,1,1,1
0,3,2:5:7,identity,2,1,1,1,1
0,5,2:5:7,identity,0,0,1,1,1
0,5,2:5:7,identity,1,0,1,1,4
0,5,2:5:7,identity,2,0,1,1,25
0,2,2:5:7,identity,0,1,1,1,1
0,2,2:5:7,identity,1,1,1,1,1
0,2,2:5:7,identity,2,1,1,1,1
0,10,2:5:7,identity,0,0,1,1,1
0,10,2:5:7,identity,1,0,1,1,4
0,10,2:5:7,identity,2,0,1,1,25
0,4,2:5:7,identity,0,0,1,1,1
0,4,2:5:7,identity,1,0,1,1,4
0,4,2:5:7,identity,2,0,1,1,25
0,12,2:5:7,identity,0,0,1,1,1
0,12,2:5:7,identity,1,0,1,1,4
0,12,2:5:7,identity,2,0,1,1,25
0,8,2:5:7,identity,0,0,1,1,1
0,8,2:5:7,identity,1,0,1,1,4
0,8,2:5:7,identity,2,0,1,1,25
0,1,2:5:7,erase-relay,0,1,1,1,1
0,1,2:5:7,erase-relay,1,1,1,1,1
0,1,2:5:7,erase-relay,2,1,1,1,1
0,3,2:5:7,erase-relay,0,1,1,1,1
0,3,2:5:7,erase-relay,1,1,1,1,1
0,3,2:5:7,erase-relay,2,1,1,1,1
0,5,2:5:7,erase-relay,0,0,1,1,1
0,5,2:5:7,erase-relay,1,0,1,1,4
0,5,2:5:7,erase-relay,2,0,1,1,25
0,2,2:5:7,erase-relay,0,1,1,1,1
0,2,2:5:7,erase-relay,1,1,1,1,1
0,2,2:5:7,erase-relay,2,1,1,1,1
0,10,2:5:7,erase-relay,0,1,1,1,1
0,10,2:5:7,erase-relay,1,1,1,1,1
0,10,2:5:7,erase-relay,2,1,1,1,1
0,4,2:5:7,erase-relay,0,0,1,1,1
0,4,2:5:7,erase-relay,1,0,1,1,4
0,4,2:5:7,erase-relay,2,0,1,1,25
0,12,2:5:7,erase-relay,0,0,1,1,1
0,12,2:5:7,erase-relay,1,0,1,1,4
0,12,2:5:7,erase-relay,2,0,1,1,25
0,8,2:5:7,erase-relay,0,1,1,1,1
0,8,2:5:7,erase-relay,1,1,1,1,1
0,8,2:5:7,erase-relay,2,1,1,1,1
0,1,2:6:7,identity,0,1,1,1,1
0,1,2:6:7,identity,1,1,1,1,1
0,1,2:6:7,identity,2,1,1,1,1
0,3,2:6:7,identity,0,1,1,1,1
0,3,2:6:7,identity,1,1,1,1,1
0,3,2:6:7,identity,2,1,1,1,1
0,5,2:6:7,identity,0,0,1,1,1
0,5,2:6:7,identity,1,0,1,1,4
0,5,2:6:7,identity,2,0,1,1,37
0,2,2:6:7,identity,0,1,1,1,1
0,2,2:6:7,identity,1,1,1,1,1
0,2,2:6:7,identity,2,1,1,1,1
0,10,2:6:7,identity,0,0,1,1,1
0,10,2:6:7,identity,1,0,1,1,4
0,10,2:6:7,identity,2,0,1,1,37
0,4,2:6:7,identity,0,0,1,1,1
0,4,2:6:7,identity,1,0,1,1,4
0,4,2:6:7,identity,2,0,1,1,37
0,12,2:6:7,identity,0,0,1,1,1
0,12,2:6:7,identity,1,0,1,1,4
0,12,2:6:7,identity,2,0,1,1,37
0,8,2:6:7,identity,0,0,1,1,1
0,8,2:6:7,identity,1,0,1,1,4
0,8,2:6:7,identity,2,0,1,1,37
0,1,2:6:7,erase-relay,0,1,1,1,1
0,1,2:6:7,erase-relay,1,1,1,1,1
0,1,2:6:7,erase-relay,2,1,1,1,1
0,3,2:6:7,erase-relay,0,1,1,1,1
0,3,2:6:7,erase-relay,1,1,1,1,1
0,3,2:6:7,erase-relay,2,1,1,1,1
0,5,2:6:7,erase-relay,0,0,1,1,1
0,5,2:6:7,erase-relay,1,0,1,1,4
0,5,2:6:7,erase-relay,2,0,1,1,37
0,2,2:6:7,erase-relay,0,1,1,1,1
0,2,2:6:7,erase-relay,1,1,1,1,1
0,2,2:6:7,erase-relay,2,1,1,1,1
0,10,2:6:7,erase-relay,0,1,1,1,1
0,10,2:6:7,erase-relay,1,1,1,1,1
0,10,2:6:7,erase-relay,2,1,1,1,1
0,4,2:6:7,erase-relay,0,0,1,1,1
0,4,2:6:7,erase-relay,1,0,1,1,4
0,4,2:6:7,erase-relay,2,0,1,1,37
0,12,2:6:7,erase-relay,0,0,1,1,1
0,12,2:6:7,erase-relay,1,0,1,1,4
0,12,2:6:7,erase-relay,2,0,1,1,37
0,8,2:6:7,erase-relay,0,1,1,1,1
0,8,2:6:7,erase-relay,1,1,1,1,1
0,8,2:6:7,erase-relay,2,1,1,1,1
0,1,3:4:5,identity,0,1,1,1,1
0,1,3:4:5,identity,1,1,1,1,1
0,1,3:4:5,identity,2,1,1,1,1
0,3,3:4:5,identity,0,1,1,1,1
0,3,3:4:5,identity,1,1,1,1,1
0,3,3:4:5,identity,2,1,1,1,1
0,5,3:4:5,identity,0,0,1,1,1
0,5,3:4:5,identity,1,0,1,1,4
0,5,3:4:5,identity,2,0,1,1,13
0,2,3:4:5,identity,0,1,1,1,1
0,2,3:4:5,identity,1,1,1,1,1
0,2,3:4:5,identity,2,1,1,1,1
0,10,3:4:5,identity,0,0,1,1,1
0,10,3:4:5,identity,1,0,1,1,4
0,10,3:4:5,identity,2,0,1,1,13
0,4,3:4:5,identity,0,0,1,1,1
0,4,3:4:5,identity,1,0,1,1,4
0,4,3:4:5,identity,2,0,1,1,13
0,12,3:4:5,identity,0,0,1,1,1
0,12,3:4:5,identity,1,0,1,1,4
0,12,3:4:5,identity,2,0,1,1,13
0,8,3:4:5,identity,0,0,1,1,1
0,8,3:4:5,identity,1,1,1,1,3
0,8,3:4:5,identity,2,1,1,1,4
0,1,3:4:5,erase-relay,0,1,1,1,1
0,1,3:4:5,erase-relay,1,1,1,1,1
0,1,3:4:5,erase-relay,2,1,1,1,1
0,3,3:4:5,erase-relay,0,1,1,1,1
0,3,3:4:5,erase-relay,1,1,1,1,1
0,3,3:4:5,erase-relay,2,1,1,1,1
0,5,3:4:5,erase-relay,0,0,1,1,1
0,5,3:4:5,erase-relay,1,0,1,1,4
0,5,3:4:5,erase-relay,2,0,1,1,13
0,2,3:4:5,erase-relay,0,1,1,1,1
0,2,3:4:5,erase-relay,1,1,1,1,1
0,2,3:4:5,erase-relay,2,1,1,1,1
0,10,3:4:5,erase-relay,0,1,1,1,1
0,10,3:4:5,erase-relay,1,1,1,1,1
0,10,3:4:5,erase-relay,2,1,1,1,1
0,4,3:4:5,erase-relay,0,0,1,1,1
0,4,3:4:5,erase-relay,1,0,1,1,4
0,4,3:4:5,erase-relay,2,0,1,1,13
0,12,3:4:5,erase-relay,0,0,1,1,1
0,12,3:4:5,erase-relay,1,0,1,1,4
0,12,3:4:5,erase-relay,2,0,1,1,13
0,8,3:4:5,erase-relay,0,1,1,1,1
0,8,3:4:5,erase-relay,1,1,1,1,1
0,8,3:4:5,erase-relay,2,1,1,1,1
0,1,3:4:6,identity,0,1,1,1,1
0,1,3:4:6,identity,1,1,1,1,1
0,1,3:4:6,identity,2,1,1,1,1
0,3,3:4:6,identity,0,1,1,1,1
0,3,3:4:6,identity,1,1,1,1,1
0,3,3:4:6,identity,2,1,1,1,1
0,5,3:4:6,identity,0,0,1,1,1
0,5,3:4:6,identity,1,0,1,1,4
0,5,3:4:6,identity,2,0,1,1,25
0,2,3:4:6,identity,0,1,1,1,1
0,2,3:4:6,identity,1,1,1,1,1
0,2,3:4:6,identity,2,1,1,1,1
0,10,3:4:6,identity,0,0,1,1,1
0,10,3:4:6,identity,1,0,1,1,4
0,10,3:4:6,identity,2,1,1,1,12
0,4,3:4:6,identity,0,0,1,1,1
0,4,3:4:6,identity,1,0,1,1,4
0,4,3:4:6,identity,2,0,1,1,25
0,12,3:4:6,identity,0,0,1,1,1
0,12,3:4:6,identity,1,0,1,1,4
0,12,3:4:6,identity,2,0,1,1,25
0,8,3:4:6,identity,0,0,1,1,1
0,8,3:4:6,identity,1,1,1,1,3
0,8,3:4:6,identity,2,1,1,1,4
0,1,3:4:6,erase-relay,0,1,1,1,1
0,1,3:4:6,erase-relay,1,1,1,1,1
0,1,3:4:6,erase-relay,2,1,1,1,1
0,3,3:4:6,erase-relay,0,1,1,1,1
0,3,3:4:6,erase-relay,1,1,1,1,1
0,3,3:4:6,erase-relay,2,1,1,1,1
0,5,3:4:6,erase-relay,0,0,1,1,1
0,5,3:4:6,erase-relay,1,0,1,1,4
0,5,3:4:6,erase-relay,2,0,1,1,25
0,2,3:4:6,erase-relay,0,1,1,1,1
0,2,3:4:6,erase-relay,1,1,1,1,1
0,2,3:4:6,erase-relay,2,1,1,1,1
0,10,3:4:6,erase-relay,0,1,1,1,1
0,10,3:4:6,erase-relay,1,1,1,1,1
0,10,3:4:6,erase-relay,2,1,1,1,1
0,4,3:4:6,erase-relay,0,0,1,1,1
0,4,3:4:6,erase-relay,1,0,1,1,4
0,4,3:4:6,erase-relay,2,0,1,1,25
0,12,3:4:6,erase-relay,0,0,1,1,1
0,12,3:4:6,erase-relay,1,0,1,1,4
0,12,3:4:6,erase-relay,2,0,1,1,25
0,8,3:4:6,erase-relay,0,1,1,1,1
0,8,3:4:6,erase-relay,1,1,1,1,1
0,8,3:4:6,erase-relay,2,1,1,1,1
0,1,3:4:7,identity,0,1,1,1,1
0,1,3:4:7,identity,1,1,1,1,1
0,1,3:4:7,identity,2,1,1,1,1
0,3,3:4:7,identity,0,1,1,1,1
0,3,3:4:7,identity,1,1,1,1,1
0,3,3:4:7,identity,2,1,1,1,1
0,5,3:4:7,identity,0,0,1,1,1
0,5,3:4:7,identity,1,0,1,1,4
0,5,3:4:7,identity,2,0,1,1,25
0,2,3:4:7,identity,0,1,1,1,1
0,2,3:4:7,identity,1,1,1,1,1
0,2,3:4:7,identity,2,1,1,1,1
0,10,3:4:7,identity,0,0,1,1,1
0,10,3:4:7,identity,1,0,1,1,4
0,10,3:4:7,identity,2,0,1,1,25
0,4,3:4:7,identity,0,0,1,1,1
0,4,3:4:7,identity,1,0,1,1,4
0,4,3:4:7,identity,2,0,1,1,25
0,12,3:4:7,identity,0,0,1,1,1
0,12,3:4:7,identity,1,0,1,1,4
0,12,3:4:7,identity,2,0,1,1,25
0,8,3:4:7,identity,0,0,1,1,1
0,8,3:4:7,identity,1,1,1,1,3
0,8,3:4:7,identity,2,1,1,1,4
0,1,3:4:7,erase-relay,0,1,1,1,1
0,1,3:4:7,erase-relay,1,1,1,1,1
0,1,3:4:7,erase-relay,2,1,1,1,1
0,3,3:4:7,erase-relay,0,1,1,1,1
0,3,3:4:7,erase-relay,1,1,1,1,1
0,3,3:4:7,erase-relay,2,1,1,1,1
0,5,3:4:7,erase-relay,0,0,1,1,1
0,5,3:4:7,erase-relay,1,0,1,1,4
0,5,3:4:7,erase-relay,2,0,1,1,25
0,2,3:4:7,erase-relay,0,1,1,1,1
0,2,3:4:7,erase-relay,1,1,1,1,1
0,2,3:4:7,erase-relay,2,1,1,1,1
0,10,3:4:7,erase-relay,0,1,1,1,1
0,10,3:4:7,erase-relay,1,1,1,1,1
0,10,3:4:7,erase-relay,2,1,1,1,1
0,4,3:4:7,erase-relay,0,0,1,1,1
0,4,3:4:7,erase-relay,1,0,1,1,4
0,4,3:4:7,erase-relay,2,0,1,1,25
0,12,3:4:7,erase-relay,0,0,1,1,1
0,12,3:4:7,erase-relay,1,0,1,1,4
0,12,3:4:7,erase-relay,2,0,1,1,25
0,8,3:4:7,erase-relay,0,1,1,1,1
0,8,3:4:7,erase-relay,1,1,1,1,1
0,8,3:4:7,erase-relay,2,1,1,1,1
0,1,3:5:6,identity,0,1,1,1,1
0,1,3:5:6,identity,1,1,1,1,1
0,1,3:5:6,identity,2,1,1,1,1
0,3,3:5:6,identity,0,1,1,1,1
0,3,3:5:6,identity,1,1,1,1,1
0,3,3:5:6,identity,2,1,1,1,1
0,5,3:5:6,identity,0,0,1,1,1
0,5,3:5:6,identity,1,0,1,1,4
0,5,3:5:6,identity,2,0,1,1,25
0,2,3:5:6,identity,0,1,1,1,1
0,2,3:5:6,identity,1,1,1,1,1
0,2,3:5:6,identity,2,1,1,1,1
0,10,3:5:6,identity,0,0,1,1,1
0,10,3:5:6,identity,1,0,1,1,4
0,10,3:5:6,identity,2,0,1,1,25
0,4,3:5:6,identity,0,0,1,1,1
0,4,3:5:6,identity,1,0,1,1,4
0,4,3:5:6,identity,2,0,1,1,25
0,12,3:5:6,identity,0,0,1,1,1
0,12,3:5:6,identity,1,0,1,1,4
0,12,3:5:6,identity,2,0,1,1,25
0,8,3:5:6,identity,0,0,1,1,1
0,8,3:5:6,identity,1,0,1,1,4
0,8,3:5:6,identity,2,0,1,1,25
0,1,3:5:6,erase-relay,0,1,1,1,1
0,1,3:5:6,erase-relay,1,1,1,1,1
0,1,3:5:6,erase-relay,2,1,1,1,1
0,3,3:5:6,erase-relay,0,1,1,1,1
0,3,3:5:6,erase-relay,1,1,1,1,1
0,3,3:5:6,erase-relay,2,1,1,1,1
0,5,3:5:6,erase-relay,0,0,1,1,1
0,5,3:5:6,erase-relay,1,0,1,1,4
0,5,3:5:6,erase-relay,2,0,1,1,25
0,2,3:5:6,erase-relay,0,1,1,1,1
0,2,3:5:6,erase-relay,1,1,1,1,1
0,2,3:5:6,erase-relay,2,1,1,1,1
0,10,3:5:6,erase-relay,0,1,1,1,1
0,10,3:5:6,erase-relay,1,1,1,1,1
0,10,3:5:6,erase-relay,2,1,1,1,1
0,4,3:5:6,erase-relay,0,0,1,1,1
0,4,3:5:6,erase-relay,1,0,1,1,4
0,4,3:5:6,erase-relay,2,0,1,1,25
0,12,3:5:6,erase-relay,0,0,1,1,1
0,12,3:5:6,erase-relay,1,0,1,1,4
0,12,3:5:6,erase-relay,2,0,1,1,25
0,8,3:5:6,erase-relay,0,1,1,1,1
0,8,3:5:6,erase-relay,1,1,1,1,1
0,8,3:5:6,erase-relay,2,1,1,1,1
0,1,3:5:7,identity,0,1,1,1,1
0,1,3:5:7,identity,1,1,1,1,1
0,1,3:5:7,identity,2,1,1,1,1
0,3,3:5:7,identity,0,1,1,1,1
0,3,3:5:7,identity,1,1,1,1,1
0,3,3:5:7,identity,2,1,1,1,1
0,5,3:5:7,identity,0,0,1,1,1
0,5,3:5:7,identity,1,0,1,1,4
0,5,3:5:7,identity,2,0,1,1,25
0,2,3:5:7,identity,0,1,1,1,1
0,2,3:5:7,identity,1,1,1,1,1
0,2,3:5:7,identity,2,1,1,1,1
0,10,3:5:7,identity,0,0,1,1,1
0,10,3:5:7,identity,1,0,1,1,4
0,10,3:5:7,identity,2,0,1,1,25
0,4,3:5:7,identity,0,0,1,1,1
0,4,3:5:7,identity,1,0,1,1,4
0,4,3:5:7,identity,2,0,1,1,25
0,12,3:5:7,identity,0,0,1,1,1
0,12,3:5:7,identity,1,0,1,1,4
0,12,3:5:7,identity,2,0,1,1,25
0,8,3:5:7,identity,0,0,1,1,1
0,8,3:5:7,identity,1,0,1,1,4
0,8,3:5:7,identity,2,0,1,1,25
0,1,3:5:7,erase-relay,0,1,1,1,1
0,1,3:5:7,erase-relay,1,1,1,1,1
0,1,3:5:7,erase-relay,2,1,1,1,1
0,3,3:5:7,erase-relay,0,1,1,1,1
0,3,3:5:7,erase-relay,1,1,1,1,1
0,3,3:5:7,erase-relay,2,1,1,1,1
0,5,3:5:7,erase-relay,0,0,1,1,1
0,5,3:5:7,erase-relay,1,0,1,1,4
0,5,3:5:7,erase-relay,2,0,1,1,25
0,2,3:5:7,erase-relay,0,1,1,1,1
0,2,3:5:7,erase-relay,1,1,1,1,1
0,2,3:5:7,erase-relay,2,1,1,1,1
0,10,3:5:7,erase-relay,0,1,1,1,1
0,10,3:5:7,erase-relay,1,1,1,1,1
0,10,3:5:7,erase-relay,2,1,1,1,1
0,4,3:5:7,erase-relay,0,0,1,1,1
0,4,3:5:7,erase-relay,1,0,1,1,4
0,4,3:5:7,erase-relay,2,0,1,1,25
0,12,3:5:7,erase-relay,0,0,1,1,1
0,12,3:5:7,erase-relay,1,0,1,1,4
0,12,3:5:7,erase-relay,2,0,1,1,25
0,8,3:5:7,erase-relay,0,1,1,1,1
0,8,3:5:7,erase-relay,1,1,1,1,1
0,8,3:5:7,erase-relay,2,1,1,1,1
0,1,3:6:7,identity,0,1,1,1,1
0,1,3:6:7,identity,1,1,1,1,1
0,1,3:6:7,identity,2,1,1,1,1
0,3,3:6:7,identity,0,1,1,1,1
0,3,3:6:7,identity,1,1,1,1,1
0,3,3:6:7,identity,2,1,1,1,1
0,5,3:6:7,identity,0,0,1,1,1
0,5,3:6:7,identity,1,0,1,1,4
0,5,3:6:7,identity,2,0,1,1,37
0,2,3:6:7,identity,0,1,1,1,1
0,2,3:6:7,identity,1,1,1,1,1
0,2,3:6:7,identity,2,1,1,1,1
0,10,3:6:7,identity,0,0,1,1,1
0,10,3:6:7,identity,1,0,1,1,4
0,10,3:6:7,identity,2,0,1,1,37
0,4,3:6:7,identity,0,0,1,1,1
0,4,3:6:7,identity,1,0,1,1,4
0,4,3:6:7,identity,2,0,1,1,37
0,12,3:6:7,identity,0,0,1,1,1
0,12,3:6:7,identity,1,0,1,1,4
0,12,3:6:7,identity,2,0,1,1,37
0,8,3:6:7,identity,0,0,1,1,1
0,8,3:6:7,identity,1,0,1,1,4
0,8,3:6:7,identity,2,0,1,1,37
0,1,3:6:7,erase-relay,0,1,1,1,1
0,1,3:6:7,erase-relay,1,1,1,1,1
0,1,3:6:7,erase-relay,2,1,1,1,1
0,3,3:6:7,erase-relay,0,1,1,1,1
0,3,3:6:7,erase-relay,1,1,1,1,1
0,3,3:6:7,erase-relay,2,1,1,1,1
0,5,3:6:7,erase-relay,0,0,1,1,1
0,5,3:6:7,erase-relay,1,0,1,1,4
0,5,3:6:7,erase-relay,2,0,1,1,37
0,2,3:6:7,erase-relay,0,1,1,1,1
0,2,3:6:7,erase-relay,1,1,1,1,1
0,2,3:6:7,erase-relay,2,1,1,1,1
0,10,3:6:7,erase-relay,0,1,1,1,1
0,10,3:6:7,erase-relay,1,1,1,1,1
0,10,3:6:7,erase-relay,2,1,1,1,1
0,4,3:6:7,erase-relay,0,0,1,1,1
0,4,3:6:7,erase-relay,1,0,1,1,4
0,4,3:6:7,erase-relay,2,0,1,1,37
0,12,3:6:7,erase-relay,0,0,1,1,1
0,12,3:6:7,erase-relay,1,0,1,1,4
0,12,3:6:7,erase-relay,2,0,1,1,37
0,8,3:6:7,erase-relay,0,1,1,1,1
0,8,3:6:7,erase-relay,1,1,1,1,1
0,8,3:6:7,erase-relay,2,1,1,1,1
0,1,4:5:6,identity,0,1,1,1,1
0,1,4:5:6,identity,1,1,1,1,1
0,1,4:5:6,identity,2,1,1,1,1
0,3,4:5:6,identity,0,1,1,1,1
0,3,4:5:6,identity,1,1,1,1,1
0,3,4:5:6,identity,2,1,1,1,1
0,5,4:5:6,identity,0,0,1,1,1
0,5,4:5:6,identity,1,0,1,1,4
0,5,4:5:6,identity,2,0,1,1,25
0,2,4:5:6,identity,0,1,1,1,1
0,2,4:5:6,identity,1,1,1,1,1
0,2,4:5:6,identity,2,1,1,1,1
0,10,4:5:6,identity,0,0,1,1,1
0,10,4:5:6,identity,1,0,1,1,4
0,10,4:5:6,identity,2,1,1,1,11
0,4,4:5:6,identity,0,0,1,1,1
0,4,4:5:6,identity,1,0,1,1,4
0,4,4:5:6,identity,2,0,1,1,25
0,12,4:5:6,identity,0,0,1,1,1
0,12,4:5:6,identity,1,0,1,1,4
0,12,4:5:6,identity,2,0,1,1,25
0,8,4:5:6,identity,0,0,1,1,1
0,8,4:5:6,identity,1,1,1,1,2
0,8,4:5:6,identity,2,1,1,1,2
0,1,4:5:6,erase-relay,0,1,1,1,1
0,1,4:5:6,erase-relay,1,1,1,1,1
0,1,4:5:6,erase-relay,2,1,1,1,1
0,3,4:5:6,erase-relay,0,1,1,1,1
0,3,4:5:6,erase-relay,1,1,1,1,1
0,3,4:5:6,erase-relay,2,1,1,1,1
0,5,4:5:6,erase-relay,0,0,1,1,1
0,5,4:5:6,erase-relay,1,0,1,1,4
0,5,4:5:6,erase-relay,2,0,1,1,25
0,2,4:5:6,erase-relay,0,1,1,1,1
0,2,4:5:6,erase-relay,1,1,1,1,1
0,2,4:5:6,erase-relay,2,1,1,1,1
0,10,4:5:6,erase-relay,0,1,1,1,1
0,10,4:5:6,erase-relay,1,1,1,1,1
0,10,4:5:6,erase-relay,2,1,1,1,1
0,4,4:5:6,erase-relay,0,0,1,1,1
0,4,4:5:6,erase-relay,1,0,1,1,4
0,4,4:5:6,erase-relay,2,0,1,1,25
0,12,4:5:6,erase-relay,0,0,1,1,1
0,12,4:5:6,erase-relay,1,0,1,1,4
0,12,4:5:6,erase-relay,2,0,1,1,25
0,8,4:5:6,erase-relay,0,1,1,1,1
0,8,4:5:6,erase-relay,1,1,1,1,1
0,8,4:5:6,erase-relay,2,1,1,1,1
0,1,4:5:7,identity,0,1,1,1,1
0,1,4:5:7,identity,1,1,1,1,1
0,1,4:5:7,identity,2,1,1,1,1
0,3,4:5:7,identity,0,1,1,1,1
0,3,4:5:7,identity,1,1,1,1,1
0,3,4:5:7,identity,2,1,1,1,1
0,5,4:5:7,identity,0,0,1,1,1
0,5,4:5:7,identity,1,0,1,1,4
0,5,4:5:7,identity,2,0,1,1,25
0,2,4:5:7,identity,0,1,1,1,1
0,2,4:5:7,identity,1,1,1,1,1
0,2,4:5:7,identity,2,1,1,1,1
0,10,4:5:7,identity,0,0,1,1,1
0,10,4:5:7,identity,1,0,1,1,4
0,10,4:5:7,identity,2,0,1,1,25
0,4,4:5:7,identity,0,0,1,1,1
0,4,4:5:7,identity,1,0,1,1,4
0,4,4:5:7,identity,2,0,1,1,25
0,12,4:5:7,identity,0,0,1,1,1
0,12,4:5:7,identity,1,0,1,1,4
0,12,4:5:7,identity,2,0,1,1,25
0,8,4:5:7,identity,0,0,1,1,1
0,8,4:5:7,identity,1,1,1,1,2
0,8,4:5:7,identity,2,1,1,1,2
0,1,4:5:7,erase-relay,0,1,1,1,1
0,1,4:5:7,erase-relay,1,1,1,1,1
0,1,4:5:7,erase-relay,2,1,1,1,1
0,3,4:5:7,erase-relay,0,1,1,1,1
0,3,4:5:7,erase-relay,1,1,1,1,1
0,3,4:5:7,erase-relay,2,1,1,1,1
0,5,4:5:7,erase-relay,0,0,1,1,1
0,5,4:5:7,erase-relay,1,0,1,1,4
0,5,4:5:7,erase-relay,2,0,1,1,25
0,2,4:5:7,erase-relay,0,1,1,1,1
0,2,4:5:7,erase-relay,1,1,1,1,1
0,2,4:5:7,erase-relay,2,1,1,1,1
0,10,4:5:7,erase-relay,0,1,1,1,1
0,10,4:5:7,erase-relay,1,1,1,1,1
0,10,4:5:7,erase-relay,2,1,1,1,1
0,4,4:5:7,erase-relay,0,0,1,1,1
0,4,4:5:7,erase-relay,1,0,1,1,4
0,4,4:5:7,erase-relay,2,0,1,1,25
0,12,4:5:7,erase-relay,0,0,1,1,1
0,12,4:5:7,erase-relay,1,0,1,1,4
0,12,4:5:7,erase-relay,2,0,1,1,25
0,8,4:5:7,erase-relay,0,1,1,1,1
0,8,4:5:7,erase-relay,1,1,1,1,1
0,8,4:5:7,erase-relay,2,1,1,1,1
0,1,4:6:7,identity,0,1,1,1,1
0,1,4:6:7,identity,1,1,1,1,1
0,1,4:6:7,identity,2,1,1,1,1
0,3,4:6:7,identity,0,1,1,1,1
0,3,4:6:7,identity,1,1,1,1,1
0,3,4:6:7,identity,2,1,1,1,1
0,5,4:6:7,identity,0,0,1,1,1
0,5,4:6:7,identity,1,0,1,1,4
0,5,4:6:7,identity,2,0,1,1,37
0,2,4:6:7,identity,0,1,1,1,1
0,2,4:6:7,identity,1,1,1,1,1
0,2,4:6:7,identity,2,1,1,1,1
0,10,4:6:7,identity,0,0,1,1,1
0,10,4:6:7,identity,1,0,1,1,4
0,10,4:6:7,identity,2,1,1,1,7
0,4,4:6:7,identity,0,0,1,1,1
0,4,4:6:7,identity,1,0,1,1,4
0,4,4:6:7,identity,2,0,1,1,37
0,12,4:6:7,identity,0,0,1,1,1
0,12,4:6:7,identity,1,0,1,1,4
0,12,4:6:7,identity,2,0,1,1,37
0,8,4:6:7,identity,0,0,1,1,1
0,8,4:6:7,identity,1,1,1,1,2
0,8,4:6:7,identity,2,1,1,1,2
0,1,4:6:7,erase-relay,0,1,1,1,1
0,1,4:6:7,erase-relay,1,1,1,1,1
0,1,4:6:7,erase-relay,2,1,1,1,1
0,3,4:6:7,erase-relay,0,1,1,1,1
0,3,4:6:7,erase-relay,1,1,1,1,1
0,3,4:6:7,erase-relay,2,1,1,1,1
0,5,4:6:7,erase-relay,0,0,1,1,1
0,5,4:6:7,erase-relay,1,0,1,1,4
0,5,4:6:7,erase-relay,2,0,1,1,37
0,2,4:6:7,erase-relay,0,1,1,1,1
0,2,4:6:7,erase-relay,1,1,1,1,1
0,2,4:6:7,erase-relay,2,1,1,1,1
0,10,4:6:7,erase-relay,0,1,1,1,1
0,10,4:6:7,erase-relay,1,1,1,1,1
0,10,4:6:7,erase-relay,2,1,1,1,1
0,4,4:6:7,erase-relay,0,0,1,1,1
0,4,4:6:7,erase-relay,1,0,1,1,4
0,4,4:6:7,erase-relay,2,0,1,1,37
0,12,4:6:7,erase-relay,0,0,1,1,1
0,12,4:6:7,erase-relay,1,0,1,1,4
0,12,4:6:7,erase-relay,2,0,1,1,37
0,8,4:6:7,erase-relay,0,1,1,1,1
0,8,4:6:7,erase-relay,1,1,1,1,1
0,8,4:6:7,erase-relay,2,1,1,1,1
0,1,5:6:7,identity,0,1,1,1,1
0,1,5:6:7,identity,1,1,1,1,1
0,1,5:6:7,identity,2,1,1,1,1
0,3,5:6:7,identity,0,1,1,1,1
0,3,5:6:7,identity,1,1,1,1,1
0,3,5:6:7,identity,2,1,1,1,1
0,5,5:6:7,identity,0,0,1,1,1
0,5,5:6:7,identity,1,0,1,1,4
0,5,5:6:7,identity,2,0,1,1,37
0,2,5:6:7,identity,0,1,1,1,1
0,2,5:6:7,identity,1,1,1,1,1
0,2,5:6:7,identity,2,1,1,1,1
0,10,5:6:7,identity,0,0,1,1,1
0,10,5:6:7,identity,1,0,1,1,4
0,10,5:6:7,identity,2,0,1,1,37
0,4,5:6:7,identity,0,0,1,1,1
0,4,5:6:7,identity,1,0,1,1,4
0,4,5:6:7,identity,2,0,1,1,37
0,12,5:6:7,identity,0,0,1,1,1
0,12,5:6:7,identity,1,0,1,1,4
0,12,5:6:7,identity,2,0,1,1,37
0,8,5:6:7,identity,0,0,1,1,1
0,8,5:6:7,identity,1,0,1,1,4
0,8,5:6:7,identity,2,0,1,1,37
0,1,5:6:7,erase-relay,0,1,1,1,1
0,1,5:6:7,erase-relay,1,1,1,1,1
0,1,5:6:7,erase-relay,2,1,1,1,1
0,3,5:6:7,erase-relay,0,1,1,1,1
0,3,5:6:7,erase-relay,1,1,1,1,1
0,3,5:6:7,erase-relay,2,1,1,1,1
0,5,5:6:7,erase-relay,0,0,1,1,1
0,5,5:6:7,erase-relay,1,0,1,1,4
0,5,5:6:7,erase-relay,2,0,1,1,37
0,2,5:6:7,erase-relay,0,1,1,1,1
0,2,5:6:7,erase-relay,1,1,1,1,1
0,2,5:6:7,erase-relay,2,1,1,1,1
0,10,5:6:7,erase-relay,0,1,1,1,1
0,10,5:6:7,erase-relay,1,1,1,1,1
0,10,5:6:7,erase-relay,2,1,1,1,1
0,4,5:6:7,erase-relay,0,0,1,1,1
0,4,5:6:7,erase-relay,1,0,1,1,4
0,4,5:6:7,erase-relay,2,0,1,1,37
0,12,5:6:7,erase-relay,0,0,1,1,1
0,12,5:6:7,erase-relay,1,0,1,1,4
0,12,5:6:7,erase-relay,2,0,1,1,37
0,8,5:6:7,erase-relay,0,1,1,1,1
0,8,5:6:7,erase-relay,1,1,1,1,1
0,8,5:6:7,erase-relay,2,1,1,1,1
1,1,0,identity,0,1,1,1,1
1,1,0,identity,1,1,1,1,1
1,1,0,identity,2,1,1,1,1
1,3,0,identity,0,1,1,1,1
1,3,0,identity,1,1,1,1,1
1,3,0,identity,2,1,1,1,1
1,5,0,identity,0,0,1,1,1
1,5,0,identity,1,0,1,1,2
1,5,0,identity,2,0,1,1,3
1,2,0,identity,0,1,1,1,1
1,2,0,identity,1,1,1,1,1
1,2,0,identity,2,1,1,1,1
1,10,0,identity,0,0,1,1,1
1,10,0,identity,1,1,1,1,2
1,10,0,identity,2,1,1,1,2
1,4,0,identity,0,0,1,1,1
1,4,0,identity,1,0,1,1,2
1,4,0,identity,2,0,1,1,3
1,12,0,identity,0,0,1,1,1
1,12,0,identity,1,0,1,1,2
1,12,0,identity,2,0,1,1,3
1,8,0,identity,0,0,1,1,1
1,8,0,identity,1,1,1,1,2
1,8,0,identity,2,1,1,1,2
1,1,0,erase-relay,0,1,1,1,1
1,1,0,erase-relay,1,1,1,1,1
1,1,0,erase-relay,2,1,1,1,1
1,3,0,erase-relay,0,1,1,1,1
1,3,0,erase-relay,1,1,1,1,1
1,3,0,erase-relay,2,1,1,1,1
1,5,0,erase-relay,0,0,1,1,1
1,5,0,erase-relay,1,0,1,1,2
1,5,0,erase-relay,2,0,1,1,3
1,2,0,erase-relay,0,1,1,1,1
1,2,0,erase-relay,1,1,1,1,1
1,2,0,erase-relay,2,1,1,1,1
1,10,0,erase-relay,0,1,1,1,1
1,10,0,erase-relay,1,1,1,1,1
1,10,0,erase-relay,2,1,1,1,1
1,4,0,erase-relay,0,0,1,1,1
1,4,0,erase-relay,1,0,1,1,2
1,4,0,erase-relay,2,0,1,1,3
1,12,0,erase-relay,0,0,1,1,1
1,12,0,erase-relay,1,0,1,1,2
1,12,0,erase-relay,2,0,1,1,3
1,8,0,erase-relay,0,1,1,1,1
1,8,0,erase-relay,1,1,1,1,1
1,8,0,erase-relay,2,1,1,1,1
1,1,1,identity,0,1,1,1,1
1,1,1,identity,1,1,1,1,1
1,1,1,identity,2,1,1,1,1
1,3,1,identity,0,1,1,1,1
1,3,1,identity,1,1,1,1,1
1,3,1,identity,2,1,1,1,1
1,5,1,identity,0,0,1,1,1
1,5,1,identity,1,0,1,1,2
1,5,1,identity,2,0,1,1,3
1,2,1,identity,0,1,1,1,1
1,2,1,identity,1,1,1,1,1
1,2,1,identity,2,1,1,1,1
1,10,1,identity,0,0,1,1,1
1,10,1,identity,1,0,1,1,2
1,10,1,identity,2,0,1,1,3
1,4,1,identity,0,0,1,1,1
1,4,1,identity,1,0,1,1,2
1,4,1,identity,2,0,1,1,3
1,12,1,identity,0,0,1,1,1
1,12,1,identity,1,0,1,1,2
1,12,1,identity,2,0,1,1,3
1,8,1,identity,0,0,1,1,1
1,8,1,identity,1,0,1,1,2
1,8,1,identity,2,0,1,1,3
1,1,1,erase-relay,0,1,1,1,1
1,1,1,erase-relay,1,1,1,1,1
1,1,1,erase-relay,2,1,1,1,1
1,3,1,erase-relay,0,1,1,1,1
1,3,1,erase-relay,1,1,1,1,1
1,3,1,erase-relay,2,1,1,1,1
1,5,1,erase-relay,0,0,1,1,1
1,5,1,erase-relay,1,0,1,1,2
1,5,1,erase-relay,2,0,1,1,3
1,2,1,erase-relay,0,1,1,1,1
1,2,1,erase-relay,1,1,1,1,1
1,2,1,erase-relay,2,1,1,1,1
1,10,1,erase-relay,0,1,1,1,1
1,10,1,erase-relay,1,1,1,1,1
1,10,1,erase-relay,2,1,1,1,1
1,4,1,erase-relay,0,0,1,1,1
1,4,1,erase-relay,1,0,1,1,2
1,4,1,erase-relay,2,0,1,1,3
1,12,1,erase-relay,0,0,1,1,1
1,12,1,erase-relay,1,0,1,1,2
1,12,1,erase-relay,2,0,1,1,3
1,8,1,erase-relay,0,1,1,1,1
1,8,1,erase-relay,1,1,1,1,1
1,8,1,erase-relay,2,1,1,1,1
1,1,2,identity,0,1,1,1,1
1,1,2,identity,1,1,1,1,1
1,1,2,identity,2,1,1,1,1
1,3,2,identity,0,1,1,1,1
1,3,2,identity,1,1,1,1,1
1,3,2,identity,2,1,1,1,1
1,5,2,identity,0,0,1,1,1
1,5,2,identity,1,0,1,1,2
1,5,2,identity,2,0,1,1,3
1,2,2,identity,0,1,1,1,1
1,2,2,identity,1,1,1,1,1
1,2,2,identity,2,1,1,1,1
1,10,2,identity,0,0,1,1,1
1,10,2,identity,1,0,1,1,2
1,10,2,identity,2,0,1,1,3
1,4,2,identity,0,0,1,1,1
1,4,2,identity,1,0,1,1,2
1,4,2,identity,2,0,1,1,3
1,12,2,identity,0,0,1,1,1
1,12,2,identity,1,0,1,1,2
1,12,2,identity,2,0,1,1,3
1,8,2,identity,0,0,1,1,1
1,8,2,identity,1,0,1,1,2
1,8,2,identity,2,0,1,1,3
1,1,2,erase-relay,0,1,1,1,1
1,1,2,erase-relay,1,1,1,1,1
1,1,2,erase-relay,2,1,1,1,1
1,3,2,erase-relay,0,1,1,1,1
1,3,2,erase-relay,1,1,1,1,1
1,3,2,erase-relay,2,1,1,1,1
1,5,2,erase-relay,0,0,1,1,1
1,5,2,erase-relay,1,0,1,1,2
1,5,2,erase-relay,2,0,1,1,3
1,2,2,erase-relay,0,1,1,1,1
1,2,2,erase-relay,1,1,1,1,1
1,2,2,erase-relay,2,1,1,1,1
1,10,2,erase-relay,0,1,1,1,1
1,10,2,erase-relay,1,1,1,1,1
1,10,2,erase-relay,2,1,1,1,1
1,4,2,erase-relay,0,0,1,1,1
1,4,2,erase-relay,1,0,1,1,2
1,4,2,erase-relay,2,0,1,1,3
1,12,2,erase-relay,0,0,1,1,1
1,12,2,erase-relay,1,0,1,1,2
1,12,2,erase-relay,2,0,1,1,3
1,8,2,erase-relay,0,1,1,1,1
1,8,2,erase-relay,1,1,1,1,1
1,8,2,erase-relay,2,1,1,1,1
1,1,3,identity,0,1,1,1,1
1,1,3,identity,1,1,1,1,1
1,1,3,identity,2,1,1,1,1
1,3,3,identity,0,1,1,1,1
1,3,3,identity,1,1,1,1,1
1,3,3,identity,2,1,1,1,1
1,5,3,identity,0,0,1,1,1
1,5,3,identity,1,0,1,1,2
1,5,3,identity,2,0,1,1,3
1,2,3,identity,0,1,1,1,1
1,2,3,identity,1,1,1,1,1
1,2,3,identity,2,1,1,1,1
1,10,3,identity,0,0,1,1,1
1,10,3,identity,1,0,1,1,2
1,10,3,identity,2,0,1,1,3
1,4,3,identity,0,0,1,1,1
1,4,3,identity,1,0,1,1,2
1,4,3,identity,2,0,1,1,3
1,12,3,identity,0,0,1,1,1
1,12,3,identity,1,0,1,1,2
1,12,3,identity,2,0,1,1,3
1,8,3,identity,0,0,1,1,1
1,8,3,identity,1,0,1,1,2
1,8,3,identity,2,0,1,1,3
1,1,3,erase-relay,0,1,1,1,1
1,1,3,erase-relay,1,1,1,1,1
1,1,3,erase-relay,2,1,1,1,1
1,3,3,erase-relay,0,1,1,1,1
1,3,3,erase-relay,1,1,1,1,1
1,3,3,erase-relay,2,1,1,1,1
1,5,3,erase-relay,0,0,1,1,1
1,5,3,erase-relay,1,0,1,1,2
1,5,3,erase-relay,2,0,1,1,3
1,2,3,erase-relay,0,1,1,1,1
1,2,3,erase-relay,1,1,1,1,1
1,2,3,erase-relay,2,1,1,1,1
1,10,3,erase-relay,0,1,1,1,1
1,10,3,erase-relay,1,1,1,1,1
1,10,3,erase-relay,2,1,1,1,1
1,4,3,erase-relay,0,0,1,1,1
1,4,3,erase-relay,1,0,1,1,2
1,4,3,erase-relay,2,0,1,1,3
1,12,3,erase-relay,0,0,1,1,1
1,12,3,erase-relay,1,0,1,1,2
1,12,3,erase-relay,2,0,1,1,3
1,8,3,erase-relay,0,1,1,1,1
1,8,3,erase-relay,1,1,1,1,1
1,8,3,erase-relay,2,1,1,1,1
1,1,4,identity,0,1,1,1,1
1,1,4,identity,1,1,1,1,1
1,1,4,identity,2,1,1,1,1
1,3,4,identity,0,1,1,1,1
1,3,4,identity,1,1,1,1,1
1,3,4,identity,2,1,1,1,1
1,5,4,identity,0,0,1,1,1
1,5,4,identity,1,0,1,1,2
1,5,4,identity,2,0,1,1,3
1,2,4,identity,0,1,1,1,1
1,2,4,identity,1,1,1,1,1
1,2,4,identity,2,1,1,1,1
1,10,4,identity,0,0,1,1,1
1,10,4,identity,1,0,1,1,2
1,10,4,identity,2,0,1,1,3
1,4,4,identity,0,0,1,1,1
1,4,4,identity,1,0,1,1,2
1,4,4,identity,2,0,1,1,3
1,12,4,identity,0,0,1,1,1
1,12,4,identity,1,0,1,1,2
1,12,4,identity,2,0,1,1,3
1,8,4,identity,0,0,1,1,1
1,8,4,identity,1,1,1,1,2
1,8,4,identity,2,1,1,1,2
1,1,4,erase-relay,0,1,1,1,1
1,1,4,erase-relay,1,1,1,1,1
1,1,4,erase-relay,2,1,1,1,1
1,3,4,erase-relay,0,1,1,1,1
1,3,4,erase-relay,1,1,1,1,1
1,3,4,erase-relay,2,1,1,1,1
1,5,4,erase-relay,0,0,1,1,1
1,5,4,erase-relay,1,0,1,1,2
1,5,4,erase-relay,2,0,1,1,3
1,2,4,erase-relay,0,1,1,1,1
1,2,4,erase-relay,1,1,1,1,1
1,2,4,erase-relay,2,1,1,1,1
1,10,4,erase-relay,0,1,1,1,1
1,10,4,erase-relay,1,1,1,1,1
1,10,4,erase-relay,2,1,1,1,1
1,4,4,erase-relay,0,0,1,1,1
1,4,4,erase-relay,1,0,1,1,2
1,4,4,erase-relay,2,0,1,1,3
1,12,4,erase-relay,0,0,1,1,1
1,12,4,erase-relay,1,0,1,1,2
1,12,4,erase-relay,2,0,1,1,3
1,8,4,erase-relay,0,1,1,1,1
1,8,4,erase-relay,1,1,1,1,1
1,8,4,erase-relay,2,1,1,1,1
1,1,5,identity,0,1,1,1,1
1,1,5,identity,1,1,1,1,1
1,1,5,identity,2,1,1,1,1
1,3,5,identity,0,1,1,1,1
1,3,5,identity,1,1,1,1,1
1,3,5,identity,2,1,1,1,1
1,5,5,identity,0,0,1,1,1
1,5,5,identity,1,0,1,1,2
1,5,5,identity,2,0,1,1,3
1,2,5,identity,0,1,1,1,1
1,2,5,identity,1,1,1,1,1
1,2,5,identity,2,1,1,1,1
1,10,5,identity,0,0,1,1,1
1,10,5,identity,1,0,1,1,2
1,10,5,identity,2,0,1,1,3
1,4,5,identity,0,0,1,1,1
1,4,5,identity,1,0,1,1,2
1,4,5,identity,2,0,1,1,3
1,12,5,identity,0,0,1,1,1
1,12,5,identity,1,0,1,1,2
1,12,5,identity,2,0,1,1,3
1,8,5,identity,0,0,1,1,1
1,8,5,identity,1,0,1,1,2
1,8,5,identity,2,0,1,1,3
1,1,5,erase-relay,0,1,1,1,1
1,1,5,erase-relay,1,1,1,1,1
1,1,5,erase-relay,2,1,1,1,1
1,3,5,erase-relay,0,1,1,1,1
1,3,5,erase-relay,1,1,1,1,1
1,3,5,erase-relay,2,1,1,1,1
1,5,5,erase-relay,0,0,1,1,1
1,5,5,erase-relay,1,0,1,1,2
1,5,5,erase-relay,2,0,1,1,3
1,2,5,erase-relay,0,1,1,1,1
1,2,5,erase-relay,1,1,1,1,1
1,2,5,erase-relay,2,1,1,1,1
1,10,5,erase-relay,0,1,1,1,1
1,10,5,erase-relay,1,1,1,1,1
1,10,5,erase-relay,2,1,1,1,1
1,4,5,erase-relay,0,0,1,1,1
1,4,5,erase-relay,1,0,1,1,2
1,4,5,erase-relay,2,0,1,1,3
1,12,5,erase-relay,0,0,1,1,1
1,12,5,erase-relay,1,0,1,1,2
1,12,5,erase-relay,2,0,1,1,3
1,8,5,erase-relay,0,1,1,1,1
1,8,5,erase-relay,1,1,1,1,1
1,8,5,erase-relay,2,1,1,1,1
1,1,6,identity,0,1,1,1,1
1,1,6,identity,1,1,1,1,1
1,1,6,identity,2,1,1,1,1
1,3,6,identity,0,1,1,1,1
1,3,6,identity,1,1,1,1,1
1,3,6,identity,2,1,1,1,1
1,5,6,identity,0,0,1,1,1
1,5,6,identity,1,0,1,1,2
1,5,6,identity,2,0,1,1,5
1,2,6,identity,0,1,1,1,1
1,2,6,identity,1,1,1,1,1
1,2,6,identity,2,1,1,1,1
1,10,6,identity,0,0,1,1,1
1,10,6,identity,1,0,1,1,2
1,10,6,identity,2,0,1,1,5
1,4,6,identity,0,0,1,1,1
1,4,6,identity,1,0,1,1,2
1,4,6,identity,2,0,1,1,5
1,12,6,identity,0,0,1,1,1
1,12,6,identity,1,0,1,1,2
1,12,6,identity,2,0,1,1,5
1,8,6,identity,0,0,1,1,1
1,8,6,identity,1,0,1,1,2
1,8,6,identity,2,0,1,1,5
1,1,6,erase-relay,0,1,1,1,1
1,1,6,erase-relay,1,1,1,1,1
1,1,6,erase-relay,2,1,1,1,1
1,3,6,erase-relay,0,1,1,1,1
1,3,6,erase-relay,1,1,1,1,1
1,3,6,erase-relay,2,1,1,1,1
1,5,6,erase-relay,0,0,1,1,1
1,5,6,erase-relay,1,0,1,1,2
1,5,6,erase-relay,2,0,1,1,5
1,2,6,erase-relay,0,1,1,1,1
1,2,6,erase-relay,1,1,1,1,1
1,2,6,erase-relay,2,1,1,1,1
1,10,6,erase-relay,0,1,1,1,1
1,10,6,erase-relay,1,1,1,1,1
1,10,6,erase-relay,2,1,1,1,1
1,4,6,erase-relay,0,0,1,1,1
1,4,6,erase-relay,1,0,1,1,2
1,4,6,erase-relay,2,0,1,1,5
1,12,6,erase-relay,0,0,1,1,1
1,12,6,erase-relay,1,0,1,1,2
1,12,6,erase-relay,2,0,1,1,5
1,8,6,erase-relay,0,1,1,1,1
1,8,6,erase-relay,1,1,1,1,1
1,8,6,erase-relay,2,1,1,1,1
1,1,7,identity,0,1,1,1,1
1,1,7,identity,1,1,1,1,1
1,1,7,identity,2,1,1,1,1
1,3,7,identity,0,1,1,1,1
1,3,7,identity,1,1,1,1,1
1,3,7,identity,2,1,1,1,1
1,5,7,identity,0,0,1,1,1
1,5,7,identity,1,0,1,1,2
1,5,7,identity,2,0,1,1,5
1,2,7,identity,0,1,1,1,1
1,2,7,identity,1,1,1,1,1
1,2,7,identity,2,1,1,1,1
1,10,7,identity,0,0,1,1,1
1,10,7,identity,1,0,1,1,2
1,10,7,identity,2,0,1,1,5
1,4,7,identity,0,0,1,1,1
1,4,7,identity,1,0,1,1,2
1,4,7,identity,2,0,1,1,5
1,12,7,identity,0,0,1,1,1
1,12,7,identity,1,0,1,1,2
1,12,7,identity,2,0,1,1,5
1,8,7,identity,0,0,1,1,1
1,8,7,identity,1,0,1,1,2
1,8,7,identity,2,0,1,1,5
1,1,7,erase-relay,0,1,1,1,1
1,1,7,erase-relay,1,1,1,1,1
1,1,7,erase-relay,2,1,1,1,1
1,3,7,erase-relay,0,1,1,1,1
1,3,7,erase-relay,1,1,1,1,1
1,3,7,erase-relay,2,1,1,1,1
1,5,7,erase-relay,0,0,1,1,1
1,5,7,erase-relay,1,0,1,1,2
1,5,7,erase-relay,2,0,1,1,5
1,2,7,erase-relay,0,1,1,1,1
1,2,7,erase-relay,1,1,1,1,1
1,2,7,erase-relay,2,1,1,1,1
1,10,7,erase-relay,0,1,1,1,1
1,10,7,erase-relay,1,1,1,1,1
1,10,7,erase-relay,2,1,1,1,1
1,4,7,erase-relay,0,0,1,1,1
1,4,7,erase-relay,1,0,1,1,2
1,4,7,erase-relay,2,0,1,1,5
1,12,7,erase-relay,0,0,1,1,1
1,12,7,erase-relay,1,0,1,1,2
1,12,7,erase-relay,2,0,1,1,5
1,8,7,erase-relay,0,1,1,1,1
1,8,7,erase-relay,1,1,1,1,1
1,8,7,erase-relay,2,1,1,1,1
1,1,0:1,identity,0,1,1,1,1
1,1,0:1,identity,1,1,1,1,1
1,1,0:1,identity,2,1,1,1,1
1,3,0:1,identity,0,1,1,1,1
1,3,0:1,identity,1,1,1,1,1
1,3,0:1,identity,2,1,1,1,1
1,5,0:1,identity,0,0,1,1,1
1,5,0:1,identity,1,0,1,1,3
1,5,0:1,identity,2,0,1,1,7
1,2,0:1,identity,0,1,1,1,1
1,2,0:1,identity,1,1,1,1,1
1,2,0:1,identity,2,1,1,1,1
1,10,0:1,identity,0,0,1,1,1
1,10,0:1,identity,1,1,1,1,2
1,10,0:1,identity,2,1,1,1,2
1,4,0:1,identity,0,0,1,1,1
1,4,0:1,identity,1,0,1,1,3
1,4,0:1,identity,2,0,1,1,7
1,12,0:1,identity,0,0,1,1,1
1,12,0:1,identity,1,0,1,1,3
1,12,0:1,identity,2,0,1,1,7
1,8,0:1,identity,0,0,1,1,1
1,8,0:1,identity,1,1,1,1,2
1,8,0:1,identity,2,1,1,1,2
1,1,0:1,erase-relay,0,1,1,1,1
1,1,0:1,erase-relay,1,1,1,1,1
1,1,0:1,erase-relay,2,1,1,1,1
1,3,0:1,erase-relay,0,1,1,1,1
1,3,0:1,erase-relay,1,1,1,1,1
1,3,0:1,erase-relay,2,1,1,1,1
1,5,0:1,erase-relay,0,0,1,1,1
1,5,0:1,erase-relay,1,0,1,1,3
1,5,0:1,erase-relay,2,0,1,1,7
1,2,0:1,erase-relay,0,1,1,1,1
1,2,0:1,erase-relay,1,1,1,1,1
1,2,0:1,erase-relay,2,1,1,1,1
1,10,0:1,erase-relay,0,1,1,1,1
1,10,0:1,erase-relay,1,1,1,1,1
1,10,0:1,erase-relay,2,1,1,1,1
1,4,0:1,erase-relay,0,0,1,1,1
1,4,0:1,erase-relay,1,0,1,1,3
1,4,0:1,erase-relay,2,0,1,1,7
1,12,0:1,erase-relay,0,0,1,1,1
1,12,0:1,erase-relay,1,0,1,1,3
1,12,0:1,erase-relay,2,0,1,1,7
1,8,0:1,erase-relay,0,1,1,1,1
1,8,0:1,erase-relay,1,1,1,1,1
1,8,0:1,erase-relay,2,1,1,1,1
1,1,0:2,identity,0,1,1,1,1
1,1,0:2,identity,1,1,1,1,1
1,1,0:2,identity,2,1,1,1,1
1,3,0:2,identity,0,1,1,1,1
1,3,0:2,identity,1,1,1,1,1
1,3,0:2,identity,2,1,1,1,1
1,5,0:2,identity,0,0,1,1,1
1,5,0:2,identity,1,0,1,1,3
1,5,0:2,identity,2,0,1,1,7
1,2,0:2,identity,0,1,1,1,1
1,2,0:2,identity,1,1,1,1,1
1,2,0:2,identity,2,1,1,1,1
1,10,0:2,identity,0,0,1,1,1
1,10,0:2,identity,1,1,1,1,2
1,10,0:2,identity,2,1,1,1,2
1,4,0:2,identity,0,0,1,1,1
1,4,0:2,identity,1,0,1,1,3
1,4,0:2,identity,2,0,1,1,7
1,12,0:2,identity,0,0,1,1,1
1,12,0:2,identity,1,0,1,1,3
1,12,0:2,identity,2,0,1,1,7
1,8,0:2,identity,0,0,1,1,1
1,8,0:2,identity,1,1,1,1,2
1,8,0:2,identity,2,1,1,1,2
1,1,0:2,erase-relay,0,1,1,1,1
1,1,0:2,erase-relay,1,1,1,1,1
1,1,0:2,erase-relay,2,1,1,1,1
1,3,0:2,erase-relay,0,1,1,1,1
1,3,0:2,erase-relay,1,1,1,1,1
1,3,0:2,erase-relay,2,1,1,1,1
1,5,0:2,erase-relay,0,0,1,1,1
1,5,0:2,erase-relay,1,0,1,1,3
1,5,0:2,erase-relay,2,0,1,1,7
1,2,0:2,erase-relay,0,1,1,1,1
1,2,0:2,erase-relay,1,1,1,1,1
1,2,0:2,erase-relay,2,1,1,1,1
1,10,0:2,erase-relay,0,1,1,1,1
1,10,0:2,erase-relay,1,1,1,1,1
1,10,0:2,erase-relay,2,1,1,1,1
1,4,0:2,erase-relay,0,0,1,1,1
1,4,0:2,erase-relay,1,0,1,1,3
1,4,0:2,erase-relay,2,0,1,1,7
1,12,0:2,erase-relay,0,0,1,1,1
1,12,0:2,erase-relay,1,0,1,1,3
1,12,0:2,erase-relay,2,0,1,1,7
1,8,0:2,erase-relay,0,1,1,1,1
1,8,0:2,erase-relay,1,1,1,1,1
1,8,0:2,erase-relay,2,1,1,1,1
1,1,0:3,identity,0,1,1,1,1
1,1,0:3,identity,1,1,1,1,1
1,1,0:3,identity,2,1,1,1,1
1,3,0:3,identity,0,1,1,1,1
1,3,0:3,identity,1,1,1,1,1
1,3,0:3,identity,2,1,1,1,1
1,5,0:3,identity,0,0,1,1,1
1,5,0:3,identity,1,0,1,1,3
1,5,0:3,identity,2,0,1,1,7
1,2,0:3,identity,0,1,1,1,1
1,2,0:3,identity,1,1,1,1,1
1,2,0:3,identity,2,1,1,1,1
1,10,0:3,identity,0,0,1,1,1
1,10,0:3,identity,1,1,1,1,2
1,10,0:3,identity,2,1,1,1,2
1,4,0:3,identity,0,0,1,1,1
1,4,0:3,identity,1,0,1,1,3
1,4,0:3,identity,2,0,1,1,7
1,12,0:3,identity,0,0,1,1,1
1,12,0:3,identity,1,0,1,1,3
1,12,0:3,identity,2,0,1,1,7
1,8,0:3,identity,0,0,1,1,1
1,8,0:3,identity,1,1,1,1,2
1,8,0:3,identity,2,1,1,1,2
1,1,0:3,erase-relay,0,1,1,1,1
1,1,0:3,erase-relay,1,1,1,1,1
1,1,0:3,erase-relay,2,1,1,1,1
1,3,0:3,erase-relay,0,1,1,1,1
1,3,0:3,erase-relay,1,1,1,1,1
1,3,0:3,erase-relay,2,1,1,1,1
1,5,0:3,erase-relay,0,0,1,1,1
1,5,0:3,erase-relay,1,0,1,1,3
1,5,0:3,erase-relay,2,0,1,1,7
1,2,0:3,erase-relay,0,1,1,1,1
1,2,0:3,erase-relay,1,1,1,1,1
1,2,0:3,erase-relay,2,1,1,1,1
1,10,0:3,erase-relay,0,1,1,1,1
1,10,0:3,erase-relay,1,1,1,1,1
1,10,0:3,erase-relay,2,1,1,1,1
1,4,0:3,erase-relay,0,0,1,1,1
1,4,0:3,erase-relay,1,0,1,1,3
1,4,0:3,erase-relay,2,0,1,1,7
1,12,0:3,erase-relay,0,0,1,1,1
1,12,0:3,erase-relay,1,0,1,1,3
1,12,0:3,erase-relay,2,0,1,1,7
1,8,0:3,erase-relay,0,1,1,1,1
1,8,0:3,erase-relay,1,1,1,1,1
1,8,0:3,erase-relay,2,1,1,1,1
1,1,0:4,identity,0,1,1,1,1
1,1,0:4,identity,1,1,1,1,1
1,1,0:4,identity,2,1,1,1,1
1,3,0:4,identity,0,1,1,1,1
1,3,0:4,identity,1,1,1,1,1
1,3,0:4,identity,2,1,1,1,1
1,5,0:4,identity,0,0,1,1,1
1,5,0:4,identity,1,0,1,1,3
1,5,0:4,identity,2,0,1,1,7
1,2,0:4,identity,0,1,1,1,1
1,2,0:4,identity,1,1,1,1,1
1,2,0:4,identity,2,1,1,1,1
1,10,0:4,identity,0,0,1,1,1
1,10,0:4,identity,1,1,1,1,2
1,10,0:4,identity,2,1,1,1,2
1,4,0:4,identity,0,0,1,1,1
1,4,0:4,identity,1,0,1,1,3
1,4,0:4,identity,2,0,1,1,7
1,12,0:4,identity,0,0,1,1,1
1,12,0:4,identity,1,0,1,1,3
1,12,0:4,identity,2,0,1,1,7
1,8,0:4,identity,0,0,1,1,1
1,8,0:4,identity,1,1,1,1,2
1,8,0:4,identity,2,1,1,1,2
1,1,0:4,erase-relay,0,1,1,1,1
1,1,0:4,erase-relay,1,1,1,1,1
1,1,0:4,erase-relay,2,1,1,1,1
1,3,0:4,erase-relay,0,1,1,1,1
1,3,0:4,erase-relay,1,1,1,1,1
1,3,0:4,erase-relay,2,1,1,1,1
1,5,0:4,erase-relay,0,0,1,1,1
1,5,0:4,erase-relay,1,0,1,1,3
1,5,0:4,erase-relay,2,0,1,1,7
1,2,0:4,erase-relay,0,1,1,1,1
1,2,0:4,erase-relay,1,1,1,1,1
1,2,0:4,erase-relay,2,1,1,1,1
1,10,0:4,erase-relay,0,1,1,1,1
1,10,0:4,erase-relay,1,1,1,1,1
1,10,0:4,erase-relay,2,1,1,1,1
1,4,0:4,erase-relay,0,0,1,1,1
1,4,0:4,erase-relay,1,0,1,1,3
1,4,0:4,erase-relay,2,0,1,1,7
1,12,0:4,erase-relay,0,0,1,1,1
1,12,0:4,erase-relay,1,0,1,1,3
1,12,0:4,erase-relay,2,0,1,1,7
1,8,0:4,erase-relay,0,1,1,1,1
1,8,0:4,erase-relay,1,1,1,1,1
1,8,0:4,erase-relay,2,1,1,1,1
1,1,0:5,identity,0,1,1,1,1
1,1,0:5,identity,1,1,1,1,1
1,1,0:5,identity,2,1,1,1,1
1,3,0:5,identity,0,1,1,1,1
1,3,0:5,identity,1,1,1,1,1
1,3,0:5,identity,2,1,1,1,1
1,5,0:5,identity,0,0,1,1,1
1,5,0:5,identity,1,0,1,1,3
1,5,0:5,identity,2,0,1,1,7
1,2,0:5,identity,0,1,1,1,1
1,2,0:5,identity,1,1,1,1,1
1,2,0:5,identity,2,1,1,1,1
1,10,0:5,identity,0,0,1,1,1
1,10,0:5,identity,1,1,1,1,2
1,10,0:5,identity,2,1,1,1,2
1,4,0:5,identity,0,0,1,1,1
1,4,0:5,identity,1,0,1,1,3
1,4,0:5,identity,2,0,1,1,7
1,12,0:5,identity,0,0,1,1,1
1,12,0:5,identity,1,0,1,1,3
1,12,0:5,identity,2,0,1,1,7
1,8,0:5,identity,0,0,1,1,1
1,8,0:5,identity,1,1,1,1,2
1,8,0:5,identity,2,1,1,1,2
1,1,0:5,erase-relay,0,1,1,1,1
1,1,0:5,erase-relay,1,1,1,1,1
1,1,0:5,erase-relay,2,1,1,1,1
1,3,0:5,erase-relay,0,1,1,1,1
1,3,0:5,erase-relay,1,1,1,1,1
1,3,0:5,erase-relay,2,1,1,1,1
1,5,0:5,erase-relay,0,0,1,1,1
1,5,0:5,erase-relay,1,0,1,1,3
1,5,0:5,erase-relay,2,0,1,1,7
1,2,0:5,erase-relay,0,1,1,1,1
1,2,0:5,erase-relay,1,1,1,1,1
1,2,0:5,erase-relay,2,1,1,1,1
1,10,0:5,erase-relay,0,1,1,1,1
1,10,0:5,erase-relay,1,1,1,1,1
1,10,0:5,erase-relay,2,1,1,1,1
1,4,0:5,erase-relay,0,0,1,1,1
1,4,0:5,erase-relay,1,0,1,1,3
1,4,0:5,erase-relay,2,0,1,1,7
1,12,0:5,erase-relay,0,0,1,1,1
1,12,0:5,erase-relay,1,0,1,1,3
1,12,0:5,erase-relay,2,0,1,1,7
1,8,0:5,erase-relay,0,1,1,1,1
1,8,0:5,erase-relay,1,1,1,1,1
1,8,0:5,erase-relay,2,1,1,1,1
1,1,0:6,identity,0,1,1,1,1
1,1,0:6,identity,1,1,1,1,1
1,1,0:6,identity,2,1,1,1,1
1,3,0:6,identity,0,1,1,1,1
1,3,0:6,identity,1,1,1,1,1
1,3,0:6,identity,2,1,1,1,1
1,5,0:6,identity,0,0,1,1,1
1,5,0:6,identity,1,0,1,1,3
1,5,0:6,identity,2,0,1,1,13
1,2,0:6,identity,0,1,1,1,1
1,2,0:6,identity,1,1,1,1,1
1,2,0:6,identity,2,1,1,1,1
1,10,0:6,identity,0,0,1,1,1
1,10,0:6,identity,1,1,1,1,2
1,10,0:6,identity,2,1,1,1,2
1,4,0:6,identity,0,0,1,1,1
1,4,0:6,identity,1,0,1,1,3
1,4,0:6,identity,2,0,1,1,13
1,12,0:6,identity,0,0,1,1,1
1,12,0:6,identity,1,0,1,1,3
1,12,0:6,identity,2,0,1,1,13
1,8,0:6,identity,0,0,1,1,1
1,8,0:6,identity,1,1,1,1,2
1,8,0:6,identity,2,1,1,1,2
1,1,0:6,erase-relay,0,1,1,1,1
1,1,0:6,erase-relay,1,1,1,1,1
1,1,0:6,erase-relay,2,1,1,1,1
1,3,0:6,erase-relay,0,1,1,1,1
1,3,0:6,erase-relay,1,1,1,1,1
1,3,0:6,erase-relay,2,1,1,1,1
1,5,0:6,erase-relay,0,0,1,1,1
1,5,0:6,erase-relay,1,0,1,1,3
1,5,0:6,erase-relay,2,0,1,1,13
1,2,0:6,erase-relay,0,1,1,1,1
1,2,0:6,erase-relay,1,1,1,1,1
1,2,0:6,erase-relay,2,1,1,1,1
1,10,0:6,erase-relay,0,1,1,1,1
1,10,0:6,erase-relay,1,1,1,1,1
1,10,0:6,erase-relay,2,1,1,1,1
1,4,0:6,erase-relay,0,0,1,1,1
1,4,0:6,erase-relay,1,0,1,1,3
1,4,0:6,erase-relay,2,0,1,1,13
1,12,0:6,erase-relay,0,0,1,1,1
1,12,0:6,erase-relay,1,0,1,1,3
1,12,0:6,erase-relay,2,0,1,1,13
1,8,0:6,erase-relay,0,1,1,1,1
1,8,0:6,erase-relay,1,1,1,1,1
1,8,0:6,erase-relay,2,1,1,1,1
1,1,0:7,identity,0,1,1,1,1
1,1,0:7,identity,1,1,1,1,1
1,1,0:7,identity,2,1,1,1,1
1,3,0:7,identity,0,1,1,1,1
1,3,0:7,identity,1,1,1,1,1
1,3,0:7,identity,2,1,1,1,1
1,5,0:7,identity,0,0,1,1,1
1,5,0:7,identity,1,0,1,1,3
1,5,0:7,identity,2,0,1,1,13
1,2,0:7,identity,0,1,1,1,1
1,2,0:7,identity,1,1,1,1,1
1,2,0:7,identity,2,1,1,1,1
1,10,0:7,identity,0,0,1,1,1
1,10,0:7,identity,1,1,1,1,2
1,10,0:7,identity,2,1,1,1,2
1,4,0:7,identity,0,0,1,1,1
1,4,0:7,identity,1,0,1,1,3
1,4,0:7,identity,2,0,1,1,13
1,12,0:7,identity,0,0,1,1,1
1,12,0:7,identity,1,0,1,1,3
1,12,0:7,identity,2,0,1,1,13
1,8,0:7,identity,0,0,1,1,1
1,8,0:7,identity,1,1,1,1,2
1,8,0:7,identity,2,1,1,1,2
1,1,0:7,erase-relay,0,1,1,1,1
1,1,0:7,erase-relay,1,1,1,1,1
1,1,0:7,erase-relay,2,1,1,1,1
1,3,0:7,erase-relay,0,1,1,1,1
1,3,0:7,erase-relay,1,1,1,1,1
1,3,0:7,erase-relay,2,1,1,1,1
1,5,0:7,erase-relay,0,0,1,1,1
1,5,0:7,erase-relay,1,0,1,1,3
1,5,0:7,erase-relay,2,0,1,1,13
1,2,0:7,erase-relay,0,1,1,1,1
1,2,0:7,erase-relay,1,1,1,1,1
1,2,0:7,erase-relay,2,1,1,1,1
1,10,0:7,erase-relay,0,1,1,1,1
1,10,0:7,erase-relay,1,1,1,1,1
1,10,0:7,erase-relay,2,1,1,1,1
1,4,0:7,erase-relay,0,0,1,1,1
1,4,0:7,erase-relay,1,0,1,1,3
1,4,0:7,erase-relay,2,0,1,1,13
1,12,0:7,erase-relay,0,0,1,1,1
1,12,0:7,erase-relay,1,0,1,1,3
1,12,0:7,erase-relay,2,0,1,1,13
1,8,0:7,erase-relay,0,1,1,1,1
1,8,0:7,erase-relay,1,1,1,1,1
1,8,0:7,erase-relay,2,1,1,1,1
1,1,1:2,identity,0,1,1,1,1
1,1,1:2,identity,1,1,1,1,1
1,1,1:2,identity,2,1,1,1,1
1,3,1:2,identity,0,1,1,1,1
1,3,1:2,identity,1,1,1,1,1
1,3,1:2,identity,2,1,1,1,1
1,5,1:2,identity,0,0,1,1,1
1,5,1:2,identity,1,0,1,1,3
1,5,1:2,identity,2,0,1,1,7
1,2,1:2,identity,0,1,1,1,1
1,2,1:2,identity,1,1,1,1,1
1,2,1:2,identity,2,1,1,1,1
1,10,1:2,identity,0,0,1,1,1
1,10,1:2,identity,1,0,1,1,3
1,10,1:2,identity,2,0,1,1,7
1,4,1:2,identity,0,0,1,1,1
1,4,1:2,identity,1,0,1,1,3
1,4,1:2,identity,2,0,1,1,7
1,12,1:2,identity,0,0,1,1,1
1,12,1:2,identity,1,0,1,1,3
1,12,1:2,identity,2,0,1,1,7
1,8,1:2,identity,0,0,1,1,1
1,8,1:2,identity,1,0,1,1,3
1,8,1:2,identity,2,0,1,1,7
1,1,1:2,erase-relay,0,1,1,1,1
1,1,1:2,erase-relay,1,1,1,1,1
1,1,1:2,erase-relay,2,1,1,1,1
1,3,1:2,erase-relay,0,1,1,1,1
1,3,1:2,erase-relay,1,1,1,1,1
1,3,1:2,erase-relay,2,1,1,1,1
1,5,1:2,erase-relay,0,0,1,1,1
1,5,1:2,erase-relay,1,0,1,1,3
1,5,1:2,erase-relay,2,0,1,1,7
1,2,1:2,erase-relay,0,1,1,1,1
1,2,1:2,erase-relay,1,1,1,1,1
1,2,1:2,erase-relay,2,1,1,1,1
1,10,1:2,erase-relay,0,1,1,1,1
1,10,1:2,erase-relay,1,1,1,1,1
1,10,1:2,erase-relay,2,1,1,1,1
1,4,1:2,erase-relay,0,0,1,1,1
1,4,1:2,erase-relay,1,0,1,1,3
1,4,1:2,erase-relay,2,0,1,1,7
1,12,1:2,erase-relay,0,0,1,1,1
1,12,1:2,erase-relay,1,0,1,1,3
1,12,1:2,erase-relay,2,0,1,1,7
1,8,1:2,erase-relay,0,1,1,1,1
1,8,1:2,erase-relay,1,1,1,1,1
1,8,1:2,erase-relay,2,1,1,1,1
1,1,1:3,identity,0,1,1,1,1
1,1,1:3,identity,1,1,1,1,1
1,1,1:3,identity,2,1,1,1,1
1,3,1:3,identity,0,1,1,1,1
1,3,1:3,identity,1,1,1,1,1
1,3,1:3,identity,2,1,1,1,1
1,5,1:3,identity,0,0,1,1,1
1,5,1:3,identity,1,0,1,1,3
1,5,1:3,identity,2,0,1,1,7
1,2,1:3,identity,0,1,1,1,1
1,2,1:3,identity,1,1,1,1,1
1,2,1:3,identity,2,1,1,1,1
1,10,1:3,identity,0,0,1,1,1
1,10,1:3,identity,1,0,1,1,3
1,10,1:3,identity,2,0,1,1,7
1,4,1:3,identity,0,0,1,1,1
1,4,1:3,identity,1,0,1,1,3
1,4,1:3,identity,2,0,1,1,7
1,12,1:3,identity,0,0,1,1,1
1,12,1:3,identity,1,0,1,1,3
1,12,1:3,identity,2,0,1,1,7
1,8,1:3,identity,0,0,1,1,1
1,8,1:3,identity,1,0,1,1,3
1,8,1:3,identity,2,0,1,1,7
1,1,1:3,erase-relay,0,1,1,1,1
1,1,1:3,erase-relay,1,1,1,1,1
1,1,1:3,erase-relay,2,1,1,1,1
1,3,1:3,erase-relay,0,1,1,1,1
1,3,1:3,erase-relay,1,1,1,1,1
1,3,1:3,erase-relay,2,1,1,1,1
1,5,1:3,erase-relay,0,0,1,1,1
1,5,1:3,erase-relay,1,0,1,1,3
1,5,1:3,erase-relay,2,0,1,1,7
1,2,1:3,erase-relay,0,1,1,1,1
1,2,1:3,erase-relay,1,1,1,1,1
1,2,1:3,erase-relay,2,1,1,1,1
1,10,1:3,erase-relay,0,1,1,1,1
1,10,1:3,erase-relay,1,1,1,1,1
1,10,1:3,erase-relay,2,1,1,1,1
1,4,1:3,erase-relay,0,0,1,1,1
1,4,1:3,erase-relay,1,0,1,1,3
1,4,1:3,erase-relay,2,0,1,1,7
1,12,1:3,erase-relay,0,0,1,1,1
1,12,1:3,erase-relay,1,0,1,1,3
1,12,1:3,erase-relay,2,0,1,1,7
1,8,1:3,erase-relay,0,1,1,1,1
1,8,1:3,erase-relay,1,1,1,1,1
1,8,1:3,erase-relay,2,1,1,1,1
1,1,1:4,identity,0,1,1,1,1
1,1,1:4,identity,1,1,1,1,1
1,1,1:4,identity,2,1,1,1,1
1,3,1:4,identity,0,1,1,1,1
1,3,1:4,identity,1,1,1,1,1
1,3,1:4,identity,2,1,1,1,1
1,5,1:4,identity,0,0,1,1,1
1,5,1:4,identity,1,0,1,1,3
1,5,1:4,identity,2,0,1,1,7
1,2,1:4,identity,0,1,1,1,1
1,2,1:4,identity,1,1,1,1,1
1,2,1:4,identity,2,1,1,1,1
1,10,1:4,identity,0,0,1,1,1
1,10,1:4,identity,1,0,1,1,3
1,10,1:4,identity,2,1,1,1,4
1,4,1:4,identity,0,0,1,1,1
1,4,1:4,identity,1,0,1,1,3
1,4,1:4,identity,2,0,1,1,7
1,12,1:4,identity,0,0,1,1,1
1,12,1:4,identity,1,0,1,1,3
1,12,1:4,identity,2,0,1,1,7
1,8,1:4,identity,0,0,1,1,1
1,8,1:4,identity,1,1,1,1,3
1,8,1:4,identity,2,1,1,1,4
1,1,1:4,erase-relay,0,1,1,1,1
1,1,1:4,erase-relay,1,1,1,1,1
1,1,1:4,erase-relay,2,1,1,1,1
1,3,1:4,erase-relay,0,1,1,1,1
1,3,1:4,erase-relay,1,1,1,1,1
1,3,1:4,erase-relay,2,1,1,1,1
1,5,1:4,erase-relay,0,0,1,1,1
1,5,1:4,erase-relay,1,0,1,1,3
1,5,1:4,erase-relay,2,0,1,1,7
1,2,1:4,erase-relay,0,1,1,1,1
1,2,1:4,erase-relay,1,1,1,1,1
1,2,1:4,erase-relay,2,1,1,1,1
1,10,1:4,erase-relay,0,1,1,1,1
1,10,1:4,erase-relay,1,1,1,1,1
1,10,1:4,erase-relay,2,1,1,1,1
1,4,1:4,erase-relay,0,0,1,1,1
1,4,1:4,erase-relay,1,0,1,1,3
1,4,1:4,erase-relay,2,0,1,1,7
1,12,1:4,erase-relay,0,0,1,1,1
1,12,1:4,erase-relay,1,0,1,1,3
1,12,1:4,erase-relay,2,0,1,1,7
1,8,1:4,erase-relay,0,1,1,1,1
1,8,1:4,erase-relay,1,1,1,1,1
1,8,1:4,erase-relay,2,1,1,1,1
1,1,1:5,identity,0,1,1,1,1
1,1,1:5,identity,1,1,1,1,1
1,1,1:5,identity,2,1,1,1,1
1,3,1:5,identity,0,1,1,1,1
1,3,1:5,identity,1,1,1,1,1
1,3,1:5,identity,2,1,1,1,1
1,5,1:5,identity,0,0,1,1,1
1,5,1:5,identity,1,0,1,1,3
1,5,1:5,identity,2,0,1,1,7
1,2,1:5,identity,0,1,1,1,1
1,2,1:5,identity,1,1,1,1,1
1,2,1:5,identity,2,1,1,1,1
1,10,1:5,identity,0,0,1,1,1
1,10,1:5,identity,1,0,1,1,3
1,10,1:5,identity,2,0,1,1,7
1,4,1:5,identity,0,0,1,1,1
1,4,1:5,identity,1,0,1,1,3
1,4,1:5,identity,2,0,1,1,7
1,12,1:5,identity,0,0,1,1,1
1,12,1:5,identity,1,0,1,1,3
1,12,1:5,identity,2,0,1,1,7
1,8,1:5,identity,0,0,1,1,1
1,8,1:5,identity,1,0,1,1,3
1,8,1:5,identity,2,0,1,1,7
1,1,1:5,erase-relay,0,1,1,1,1
1,1,1:5,erase-relay,1,1,1,1,1
1,1,1:5,erase-relay,2,1,1,1,1
1,3,1:5,erase-relay,0,1,1,1,1
1,3,1:5,erase-relay,1,1,1,1,1
1,3,1:5,erase-relay,2,1,1,1,1
1,5,1:5,erase-relay,0,0,1,1,1
1,5,1:5,erase-relay,1,0,1,1,3
1,5,1:5,erase-relay,2,0,1,1,7
1,2,1:5,erase-relay,0,1,1,1,1
1,2,1:5,erase-relay,1,1,1,1,1
1,2,1:5,erase-relay,2,1,1,1,1
1,10,1:5,erase-relay,0,1,1,1,1
1,10,1:5,erase-relay,1,1,1,1,1
1,10,1:5,erase-relay,2,1,1,1,1
1,4,1:5,erase-relay,0,0,1,1,1
1,4,1:5,erase-relay,1,0,1,1,3
1,4,1:5,erase-relay,2,0,1,1,7
1,12,1:5,erase-relay,0,0,1,1,1
1,12,1:5,erase-relay,1,0,1,1,3
1,12,1:5,erase-relay,2,0,1,1,7
1,8,1:5,erase-relay,0,1,1,1,1
1,8,1:5,erase-relay,1,1,1,1,1
1,8,1:5,erase-relay,2,1,1,1,1
1,1,1:6,identity,0,1,1,1,1
1,1,1:6,identity,1,1,1,1,1
1,1,1:6,identity,2,1,1,1,1
1,3,1:6,identity,0,1,1,1,1
1,3,1:6,identity,1,1,1,1,1
1,3,1:6,identity,2,1,1,1,1
1,5,1:6,identity,0,0,1,1,1
1,5,1:6,identity,1,0,1,1,3
1,5,1:6,identity,2,0,1,1,13
1,2,1:6,identity,0,1,1,1,1
1,2,1:6,identity,1,1,1,1,1
1,2,1:6,identity,2,1,1,1,1
1,10,1:6,identity,0,0,1,1,1
1,10,1:6,identity,1,0,1,1,3
1,10,1:6,identity,2,0,1,1,13
1,4,1:6,identity,0,0,1,1,1
1,4,1:6,identity,1,0,1,1,3
1,4,1:6,identity,2,0,1,1,13
1,12,1:6,identity,0,0,1,1,1
1,12,1:6,identity,1,0,1,1,3
1,12,1:6,identity,2,0,1,1,13
1,8,1:6,identity,0,0,1,1,1
1,8,1:6,identity,1,0,1,1,3
1,8,1:6,identity,2,0,1,1,13
1,1,1:6,erase-relay,0,1,1,1,1
1,1,1:6,erase-relay,1,1,1,1,1
1,1,1:6,erase-relay,2,1,1,1,1
1,3,1:6,erase-relay,0,1,1,1,1
1,3,1:6,erase-relay,1,1,1,1,1
1,3,1:6,erase-relay,2,1,1,1,1
1,5,1:6,erase-relay,0,0,1,1,1
1,5,1:6,erase-relay,1,0,1,1,3
1,5,1:6,erase-relay,2,0,1,1,13
1,2,1:6,erase-relay,0,1,1,1,1
1,2,1:6,erase-relay,1,1,1,1,1
1,2,1:6,erase-relay,2,1,1,1,1
1,10,1:6,erase-relay,0,1,1,1,1
1,10,1:6,erase-relay,1,1,1,1,1
1,10,1:6,erase-relay,2,1,1,1,1
1,4,1:6,erase-relay,0,0,1,1,1
1,4,1:6,erase-relay,1,0,1,1,3
1,4,1:6,erase-relay,2,0,1,1,13
1,12,1:6,erase-relay,0,0,1,1,1
1,12,1:6,erase-relay,1,0,1,1,3
1,12,1:6,erase-relay,2,0,1,1,13
1,8,1:6,erase-relay,0,1,1,1,1
1,8,1:6,erase-relay,1,1,1,1,1
1,8,1:6,erase-relay,2,1,1,1,1
1,1,1:7,identity,0,1,1,1,1
1,1,1:7,identity,1,1,1,1,1
1,1,1:7,identity,2,1,1,1,1
1,3,1:7,identity,0,1,1,1,1
1,3,1:7,identity,1,1,1,1,1
1,3,1:7,identity,2,1,1,1,1
1,5,1:7,identity,0,0,1,1,1
1,5,1:7,identity,1,0,1,1,3
1,5,1:7,identity,2,0,1,1,13
1,2,1:7,identity,0,1,1,1,1
1,2,1:7,identity,1,1,1,1,1
1,2,1:7,identity,2,1,1,1,1
1,10,1:7,identity,0,0,1,1,1
1,10,1:7,identity,1,0,1,1,3
1,10,1:7,identity,2,0,1,1,13
1,4,1:7,identity,0,0,1,1,1
1,4,1:7,identity,1,0,1,1,3
1,4,1:7,identity,2,0,1,1,13
1,12,1:7,identity,0,0,1,1,1
1,12,1:7,identity,1,0,1,1,3
1,12,1:7,identity,2,0,1,1,13
1,8,1:7,identity,0,0,1,1,1
1,8,1:7,identity,1,0,1,1,3
1,8,1:7,identity,2,0,1,1,13
1,1,1:7,erase-relay,0,1,1,1,1
1,1,1:7,erase-relay,1,1,1,1,1
1,1,1:7,erase-relay,2,1,1,1,1
1,3,1:7,erase-relay,0,1,1,1,1
1,3,1:7,erase-relay,1,1,1,1,1
1,3,1:7,erase-relay,2,1,1,1,1
1,5,1:7,erase-relay,0,0,1,1,1
1,5,1:7,erase-relay,1,0,1,1,3
1,5,1:7,erase-relay,2,0,1,1,13
1,2,1:7,erase-relay,0,1,1,1,1
1,2,1:7,erase-relay,1,1,1,1,1
1,2,1:7,erase-relay,2,1,1,1,1
1,10,1:7,erase-relay,0,1,1,1,1
1,10,1:7,erase-relay,1,1,1,1,1
1,10,1:7,erase-relay,2,1,1,1,1
1,4,1:7,erase-relay,0,0,1,1,1
1,4,1:7,erase-relay,1,0,1,1,3
1,4,1:7,erase-relay,2,0,1,1,13
1,12,1:7,erase-relay,0,0,1,1,1
1,12,1:7,erase-relay,1,0,1,1,3
1,12,1:7,erase-relay,2,0,1,1,13
1,8,1:7,erase-relay,0,1,1,1,1
1,8,1:7,erase-relay,1,1,1,1,1
1,8,1:7,erase-relay,2,1,1,1,1
1,1,2:3,identity,0,1,1,1,1
1,1,2:3,identity,1,1,1,1,1
1,1,2:3,identity,2,1,1,1,1
1,3,2:3,identity,0,1,1,1,1
1,3,2:3,identity,1,1,1,1,1
1,3,2:3,identity,2,1,1,1,1
1,5,2:3,identity,0,0,1,1,1
1,5,2:3,identity,1,0,1,1,3
1,5,2:3,identity,2,0,1,1,7
1,2,2:3,identity,0,1,1,1,1
1,2,2:3,identity,1,1,1,1,1
1,2,2:3,identity,2,1,1,1,1
1,10,2:3,identity,0,0,1,1,1
1,10,2:3,identity,1,0,1,1,3
1,10,2:3,identity,2,0,1,1,7
1,4,2:3,identity,0,0,1,1,1
1,4,2:3,identity,1,0,1,1,3
1,4,2:3,identity,2,0,1,1,7
1,12,2:3,identity,0,0,1,1,1
1,12,2:3,identity,1,0,1,1,3
1,12,2:3,identity,2,0,1,1,7
1,8,2:3,identity,0,0,1,1,1
1,8,2:3,identity,1,0,1,1,3
1,8,2:3,identity,2,0,1,1,7
1,1,2:3,erase-relay,0,1,1,1,1
1,1,2:3,erase-relay,1,1,1,1,1
1,1,2:3,erase-relay,2,1,1,1,1
1,3,2:3,erase-relay,0,1,1,1,1
1,3,2:3,erase-relay,1,1,1,1,1
1,3,2:3,erase-relay,2,1,1,1,1
1,5,2:3,erase-relay,0,0,1,1,1
1,5,2:3,erase-relay,1,0,1,1,3
1,5,2:3,erase-relay,2,0,1,1,7
1,2,2:3,erase-relay,0,1,1,1,1
1,2,2:3,erase-relay,1,1,1,1,1
1,2,2:3,erase-relay,2,1,1,1,1
1,10,2:3,erase-relay,0,1,1,1,1
1,10,2:3,erase-relay,1,1,1,1,1
1,10,2:3,erase-relay,2,1,1,1,1
1,4,2:3,erase-relay,0,0,1,1,1
1,4,2:3,erase-relay,1,0,1,1,3
1,4,2:3,erase-relay,2,0,1,1,7
1,12,2:3,erase-relay,0,0,1,1,1
1,12,2:3,erase-relay,1,0,1,1,3
1,12,2:3,erase-relay,2,0,1,1,7
1,8,2:3,erase-relay,0,1,1,1,1
1,8,2:3,erase-relay,1,1,1,1,1
1,8,2:3,erase-relay,2,1,1,1,1
1,1,2:4,identity,0,1,1,1,1
1,1,2:4,identity,1,1,1,1,1
1,1,2:4,identity,2,1,1,1,1
1,3,2:4,identity,0,1,1,1,1
1,3,2:4,identity,1,1,1,1,1
1,3,2:4,identity,2,1,1,1,1
1,5,2:4,identity,0,0,1,1,1
1,5,2:4,identity,1,0,1,1,3
1,5,2:4,identity,2,0,1,1,7
1,2,2:4,identity,0,1,1,1,1
1,2,2:4,identity,1,1,1,1,1
1,2,2:4,identity,2,1,1,1,1
1,10,2:4,identity,0,0,1,1,1
1,10,2:4,identity,1,0,1,1,3
1,10,2:4,identity,2,0,1,1,7
1,4,2:4,identity,0,0,1,1,1
1,4,2:4,identity,1,0,1,1,3
1,4,2:4,identity,2,0,1,1,7
1,12,2:4,identity,0,0,1,1,1
1,12,2:4,identity,1,0,1,1,3
1,12,2:4,identity,2,0,1,1,7
1,8,2:4,identity,0,0,1,1,1
1,8,2:4,identity,1,1,1,1,3
1,8,2:4,identity,2,1,1,1,5
1,1,2:4,erase-relay,0,1,1,1,1
1,1,2:4,erase-relay,1,1,1,1,1
1,1,2:4,erase-relay,2,1,1,1,1
1,3,2:4,erase-relay,0,1,1,1,1
1,3,2:4,erase-relay,1,1,1,1,1
1,3,2:4,erase-relay,2,1,1,1,1
1,5,2:4,erase-relay,0,0,1,1,1
1,5,2:4,erase-relay,1,0,1,1,3
1,5,2:4,erase-relay,2,0,1,1,7
1,2,2:4,erase-relay,0,1,1,1,1
1,2,2:4,erase-relay,1,1,1,1,1
1,2,2:4,erase-relay,2,1,1,1,1
1,10,2:4,erase-relay,0,1,1,1,1
1,10,2:4,erase-relay,1,1,1,1,1
1,10,2:4,erase-relay,2,1,1,1,1
1,4,2:4,erase-relay,0,0,1,1,1
1,4,2:4,erase-relay,1,0,1,1,3
1,4,2:4,erase-relay,2,0,1,1,7
1,12,2:4,erase-relay,0,0,1,1,1
1,12,2:4,erase-relay,1,0,1,1,3
1,12,2:4,erase-relay,2,0,1,1,7
1,8,2:4,erase-relay,0,1,1,1,1
1,8,2:4,erase-relay,1,1,1,1,1
1,8,2:4,erase-relay,2,1,1,1,1
1,1,2:5,identity,0,1,1,1,1
1,1,2:5,identity,1,1,1,1,1
1,1,2:5,identity,2,1,1,1,1
1,3,2:5,identity,0,1,1,1,1
1,3,2:5,identity,1,1,1,1,1
1,3,2:5,identity,2,1,1,1,1
1,5,2:5,identity,0,0,1,1,1
1,5,2:5,identity,1,0,1,1,3
1,5,2:5,identity,2,0,1,1,7
1,2,2:5,identity,0,1,1,1,1
1,2,2:5,identity,1,1,1,1,1
1,2,2:5,identity,2,1,1,1,1
1,10,2:5,identity,0,0,1,1,1
1,10,2:5,identity,1,0,1,1,3
1,10,2:5,identity,2,0,1,1,7
1,4,2:5,identity,0,0,1,1,1
1,4,2:5,identity,1,0,1,1,3
1,4,2:5,identity,2,0,1,1,7
1,12,2:5,identity,0,0,1,1,1
1,12,2:5,identity,1,0,1,1,3
1,12,2:5,identity,2,0,1,1,7
1,8,2:5,identity,0,0,1,1,1
1,8,2:5,identity,1,0,1,1,3
1,8,2:5,identity,2,0,1,1,7
1,1,2:5,erase-relay,0,1,1,1,1
1,1,2:5,erase-relay,1,1,1,1,1
1,1,2:5,erase-relay,2,1,1,1,1
1,3,2:5,erase-relay,0,1,1,1,1
1,3,2:5,erase-relay,1,1,1,1,1
1,3,2:5,erase-relay,2,1,1,1,1
1,5,2:5,erase-relay,0,0,1,1,1
1,5,2:5,erase-relay,1,0,1,1,3
1,5,2:5,erase-relay,2,0,1,1,7
1,2,2:5,erase-relay,0,1,1,1,1
1,2,2:5,erase-relay,1,1,1,1,1
1,2,2:5,erase-relay,2,1,1,1,1
1,10,2:5,erase-relay,0,1,1,1,1
1,10,2:5,erase-relay,1,1,1,1,1
1,10,2:5,erase-relay,2,1,1,1,1
1,4,2:5,erase-relay,0,0,1,1,1
1,4,2:5,erase-relay,1,0,1,1,3
1,4,2:5,erase-relay,2,0,1,1,7
1,12,2:5,erase-relay,0,0,1,1,1
1,12,2:5,erase-relay,1,0,1,1,3
1,12,2:5,erase-relay,2,0,1,1,7
1,8,2:5,erase-relay,0,1,1,1,1
1,8,2:5,erase-relay,1,1,1,1,1
1,8,2:5,erase-relay,2,1,1,1,1
1,1,2:6,identity,0,1,1,1,1
1,1,2:6,identity,1,1,1,1,1
1,1,2:6,identity,2,1,1,1,1
1,3,2:6,identity,0,1,1,1,1
1,3,2:6,identity,1,1,1,1,1
1,3,2:6,identity,2,1,1,1,1
1,5,2:6,identity,0,0,1,1,1
1,5,2:6,identity,1,0,1,1,3
1,5,2:6,identity,2,0,1,1,13
1,2,2:6,identity,0,1,1,1,1
1,2,2:6,identity,1,1,1,1,1
1,2,2:6,identity,2,1,1,1,1
1,10,2:6,identity,0,0,1,1,1
1,10,2:6,identity,1,0,1,1,3
1,10,2:6,identity,2,0,1,1,13
1,4,2:6,identity,0,0,1,1,1
1,4,2:6,identity,1,0,1,1,3
1,4,2:6,identity,2,0,1,1,13
1,12,2:6,identity,0,0,1,1,1
1,12,2:6,identity,1,0,1,1,3
1,12,2:6,identity,2,0,1,1,13
1,8,2:6,identity,0,0,1,1,1
1,8,2:6,identity,1,0,1,1,3
1,8,2:6,identity,2,0,1,1,13
1,1,2:6,erase-relay,0,1,1,1,1
1,1,2:6,erase-relay,1,1,1,1,1
1,1,2:6,erase-relay,2,1,1,1,1
1,3,2:6,erase-relay,0,1,1,1,1
1,3,2:6,erase-relay,1,1,1,1,1
1,3,2:6,erase-relay,2,1,1,1,1
1,5,2:6,erase-relay,0,0,1,1,1
1,5,2:6,erase-relay,1,0,1,1,3
1,5,2:6,erase-relay,2,0,1,1,13
1,2,2:6,erase-relay,0,1,1,1,1
1,2,2:6,erase-relay,1,1,1,1,1
1,2,2:6,erase-relay,2,1,1,1,1
1,10,2:6,erase-relay,0,1,1,1,1
1,10,2:6,erase-relay,1,1,1,1,1
1,10,2:6,erase-relay,2,1,1,1,1
1,4,2:6,erase-relay,0,0,1,1,1
1,4,2:6,erase-relay,1,0,1,1,3
1,4,2:6,erase-relay,2,0,1,1,13
1,12,2:6,erase-relay,0,0,1,1,1
1,12,2:6,erase-relay,1,0,1,1,3
1,12,2:6,erase-relay,2,0,1,1,13
1,8,2:6,erase-relay,0,1,1,1,1
1,8,2:6,erase-relay,1,1,1,1,1
1,8,2:6,erase-relay,2,1,1,1,1
1,1,2:7,identity,0,1,1,1,1
1,1,2:7,identity,1,1,1,1,1
1,1,2:7,identity,2,1,1,1,1
1,3,2:7,identity,0,1,1,1,1
1,3,2:7,identity,1,1,1,1,1
1,3,2:7,identity,2,1,1,1,1
1,5,2:7,identity,0,0,1,1,1
1,5,2:7,identity,1,0,1,1,3
1,5,2:7,identity,2,0,1,1,13
1,2,2:7,identity,0,1,1,1,1
1,2,2:7,identity,1,1,1,1,1
1,2,2:7,identity,2,1,1,1,1
1,10,2:7,identity,0,0,1,1,1
1,10,2:7,identity,1,0,1,1,3
1,10,2:7,identity,2,0,1,1,13
1,4,2:7,identity,0,0,1,1,1
1,4,2:7,identity,1,0,1,1,3
1,4,2:7,identity,2,0,1,1,13
1,12,2:7,identity,0,0,1,1,1
1,12,2:7,identity,1,0,1,1,3
1,12,2:7,identity,2,0,1,1,13
1,8,2:7,identity,0,0,1,1,1
1,8,2:7,identity,1,0,1,1,3
1,8,2:7,identity,2,0,1,1,13
1,1,2:7,erase-relay,0,1,1,1,1
1,1,2:7,erase-relay,1,1,1,1,1
1,1,2:7,erase-relay,2,1,1,1,1
1,3,2:7,erase-relay,0,1,1,1,1
1,3,2:7,erase-relay,1,1,1,1,1
1,3,2:7,erase-relay,2,1,1,1,1
1,5,2:7,erase-relay,0,0,1,1,1
1,5,2:7,erase-relay,1,0,1,1,3
1,5,2:7,erase-relay,2,0,1,1,13
1,2,2:7,erase-relay,0,1,1,1,1
1,2,2:7,erase-relay,1,1,1,1,1
1,2,2:7,erase-relay,2,1,1,1,1
1,10,2:7,erase-relay,0,1,1,1,1
1,10,2:7,erase-relay,1,1,1,1,1
1,10,2:7,erase-relay,2,1,1,1,1
1,4,2:7,erase-relay,0,0,1,1,1
1,4,2:7,erase-relay,1,0,1,1,3
1,4,2:7,erase-relay,2,0,1,1,13
1,12,2:7,erase-relay,0,0,1,1,1
1,12,2:7,erase-relay,1,0,1,1,3
1,12,2:7,erase-relay,2,0,1,1,13
1,8,2:7,erase-relay,0,1,1,1,1
1,8,2:7,erase-relay,1,1,1,1,1
1,8,2:7,erase-relay,2,1,1,1,1
1,1,3:4,identity,0,1,1,1,1
1,1,3:4,identity,1,1,1,1,1
1,1,3:4,identity,2,1,1,1,1
1,3,3:4,identity,0,1,1,1,1
1,3,3:4,identity,1,1,1,1,1
1,3,3:4,identity,2,1,1,1,1
1,5,3:4,identity,0,0,1,1,1
1,5,3:4,identity,1,0,1,1,3
1,5,3:4,identity,2,0,1,1,7
1,2,3:4,identity,0,1,1,1,1
1,2,3:4,identity,1,1,1,1,1
1,2,3:4,identity,2,1,1,1,1
1,10,3:4,identity,0,0,1,1,1
1,10,3:4,identity,1,0,1,1,3
1,10,3:4,identity,2,0,1,1,7
1,4,3:4,identity,0,0,1,1,1
1,4,3:4,identity,1,0,1,1,3
1,4,3:4,identity,2,0,1,1,7
1,12,3:4,identity,0,0,1,1,1
1,12,3:4,identity,1,0,1,1,3
1,12,3:4,identity,2,0,1,1,7
1,8,3:4,identity,0,0,1,1,1
1,8,3:4,identity,1,1,1,1,3
1,8,3:4,identity,2,1,1,1,4
1,1,3:4,erase-relay,0,1,1,1,1
1,1,3:4,erase-relay,1,1,1,1,1
1,1,3:4,erase-relay,2,1,1,1,1
1,3,3:4,erase-relay,0,1,1,1,1
1,3,3:4,erase-relay,1,1,1,1,1
1,3,3:4,erase-relay,2,1,1,1,1
1,5,3:4,erase-relay,0,0,1,1,1
1,5,3:4,erase-relay,1,0,1,1,3
1,5,3:4,erase-relay,2,0,1,1,7
1,2,3:4,erase-relay,0,1,1,1,1
1,2,3:4,erase-relay,1,1,1,1,1
1,2,3:4,erase-relay,2,1,1,1,1
1,10,3:4,erase-relay,0,1,1,1,1
1,10,3:4,erase-relay,1,1,1,1,1
1,10,3:4,erase-relay,2,1,1,1,1
1,4,3:4,erase-relay,0,0,1,1,1
1,4,3:4,erase-relay,1,0,1,1,3
1,4,3:4,erase-relay,2,0,1,1,7
1,12,3:4,erase-relay,0,0,1,1,1
1,12,3:4,erase-relay,1,0,1,1,3
1,12,3:4,erase-relay,2,0,1,1,7
1,8,3:4,erase-relay,0,1,1,1,1
1,8,3:4,erase-relay,1,1,1,1,1
1,8,3:4,erase-relay,2,1,1,1,1
1,1,3:5,identity,0,1,1,1,1
1,1,3:5,identity,1,1,1,1,1
1,1,3:5,identity,2,1,1,1,1
1,3,3:5,identity,0,1,1,1,1
1,3,3:5,identity,1,1,1,1,1
1,3,3:5,identity,2,1,1,1,1
1,5,3:5,identity,0,0,1,1,1
1,5,3:5,identity,1,0,1,1,3
1,5,3:5,identity,2,0,1,1,7
1,2,3:5,identity,0,1,1,1,1
1,2,3:5,identity,1,1,1,1,1
1,2,3:5,identity,2,1,1,1,1
1,10,3:5,identity,0,0,1,1,1
1,10,3:5,identity,1,0,1,1,3
1,10,3:5,identity,2,0,1,1,7
1,4,3:5,identity,0,0,1,1,1
1,4,3:5,identity,1,0,1,1,3
1,4,3:5,identity,2,0,1,1,7
1,12,3:5,identity,0,0,1,1,1
1,12,3:5,identity,1,0,1,1,3
1,12,3:5,identity,2,0,1,1,7
1,8,3:5,identity,0,0,1,1,1
1,8,3:5,identity,1,0,1,1,3
1,8,3:5,identity,2,0,1,1,7
1,1,3:5,erase-relay,0,1,1,1,1
1,1,3:5,erase-relay,1,1,1,1,1
1,1,3:5,erase-relay,2,1,1,1,1
1,3,3:5,erase-relay,0,1,1,1,1
1,3,3:5,erase-relay,1,1,1,1,1
1,3,3:5,erase-relay,2,1,1,1,1
1,5,3:5,erase-relay,0,0,1,1,1
1,5,3:5,erase-relay,1,0,1,1,3
1,5,3:5,erase-relay,2,0,1,1,7
1,2,3:5,erase-relay,0,1,1,1,1
1,2,3:5,erase-relay,1,1,1,1,1
1,2,3:5,erase-relay,2,1,1,1,1
1,10,3:5,erase-relay,0,1,1,1,1
1,10,3:5,erase-relay,1,1,1,1,1
1,10,3:5,erase-relay,2,1,1,1,1
1,4,3:5,erase-relay,0,0,1,1,1
1,4,3:5,erase-relay,1,0,1,1,3
1,4,3:5,erase-relay,2,0,1,1,7
1,12,3:5,erase-relay,0,0,1,1,1
1,12,3:5,erase-relay,1,0,1,1,3
1,12,3:5,erase-relay,2,0,1,1,7
1,8,3:5,erase-relay,0,1,1,1,1
1,8,3:5,erase-relay,1,1,1,1,1
1,8,3:5,erase-relay,2,1,1,1,1
1,1,3:6,identity,0,1,1,1,1
1,1,3:6,identity,1,1,1,1,1
1,1,3:6,identity,2,1,1,1,1
1,3,3:6,identity,0,1,1,1,1
1,3,3:6,identity,1,1,1,1,1
1,3,3:6,identity,2,1,1,1,1
1,5,3:6,identity,0,0,1,1,1
1,5,3:6,identity,1,0,1,1,3
1,5,3:6,identity,2,0,1,1,13
1,2,3:6,identity,0,1,1,1,1
1,2,3:6,identity,1,1,1,1,1
1,2,3:6,identity,2,1,1,1,1
1,10,3:6,identity,0,0,1,1,1
1,10,3:6,identity,1,0,1,1,3
1,10,3:6,identity,2,0,1,1,13
1,4,3:6,identity,0,0,1,1,1
1,4,3:6,identity,1,0,1,1,3
1,4,3:6,identity,2,0,1,1,13
1,12,3:6,identity,0,0,1,1,1
1,12,3:6,identity,1,0,1,1,3
1,12,3:6,identity,2,0,1,1,13
1,8,3:6,identity,0,0,1,1,1
1,8,3:6,identity,1,0,1,1,3
1,8,3:6,identity,2,0,1,1,13
1,1,3:6,erase-relay,0,1,1,1,1
1,1,3:6,erase-relay,1,1,1,1,1
1,1,3:6,erase-relay,2,1,1,1,1
1,3,3:6,erase-relay,0,1,1,1,1
1,3,3:6,erase-relay,1,1,1,1,1
1,3,3:6,erase-relay,2,1,1,1,1
1,5,3:6,erase-relay,0,0,1,1,1
1,5,3:6,erase-relay,1,0,1,1,3
1,5,3:6,erase-relay,2,0,1,1,13
1,2,3:6,erase-relay,0,1,1,1,1
1,2,3:6,erase-relay,1,1,1,1,1
1,2,3:6,erase-relay,2,1,1,1,1
1,10,3:6,erase-relay,0,1,1,1,1
1,10,3:6,erase-relay,1,1,1,1,1
1,10,3:6,erase-relay,2,1,1,1,1
1,4,3:6,erase-relay,0,0,1,1,1
1,4,3:6,erase-relay,1,0,1,1,3
1,4,3:6,erase-relay,2,0,1,1,13
1,12,3:6,erase-relay,0,0,1,1,1
1,12,3:6,erase-relay,1,0,1,1,3
1,12,3:6,erase-relay,2,0,1,1,13
1,8,3:6,erase-relay,0,1,1,1,1
1,8,3:6,erase-relay,1,1,1,1,1
1,8,3:6,erase-relay,2,1,1,1,1
1,1,3:7,identity,0,1,1,1,1
1,1,3:7,identity,1,1,1,1,1
1,1,3:7,identity,2,1,1,1,1
1,3,3:7,identity,0,1,1,1,1
1,3,3:7,identity,1,1,1,1,1
1,3,3:7,identity,2,1,1,1,1
1,5,3:7,identity,0,0,1,1,1
1,5,3:7,identity,1,0,1,1,3
1,5,3:7,identity,2,0,1,1,13
1,2,3:7,identity,0,1,1,1,1
1,2,3:7,identity,1,1,1,1,1
1,2,3:7,identity,2,1,1,1,1
1,10,3:7,identity,0,0,1,1,1
1,10,3:7,identity,1,0,1,1,3
1,10,3:7,identity,2,0,1,1,13
1,4,3:7,identity,0,0,1,1,1
1,4,3:7,identity,1,0,1,1,3
1,4,3:7,identity,2,0,1,1,13
1,12,3:7,identity,0,0,1,1,1
1,12,3:7,identity,1,0,1,1,3
1,12,3:7,identity,2,0,1,1,13
1,8,3:7,identity,0,0,1,1,1
1,8,3:7,identity,1,0,1,1,3
1,8,3:7,identity,2,0,1,1,13
1,1,3:7,erase-relay,0,1,1,1,1
1,1,3:7,erase-relay,1,1,1,1,1
1,1,3:7,erase-relay,2,1,1,1,1
1,3,3:7,erase-relay,0,1,1,1,1
1,3,3:7,erase-relay,1,1,1,1,1
1,3,3:7,erase-relay,2,1,1,1,1
1,5,3:7,erase-relay,0,0,1,1,1
1,5,3:7,erase-relay,1,0,1,1,3
1,5,3:7,erase-relay,2,0,1,1,13
1,2,3:7,erase-relay,0,1,1,1,1
1,2,3:7,erase-relay,1,1,1,1,1
1,2,3:7,erase-relay,2,1,1,1,1
1,10,3:7,erase-relay,0,1,1,1,1
1,10,3:7,erase-relay,1,1,1,1,1
1,10,3:7,erase-relay,2,1,1,1,1
1,4,3:7,erase-relay,0,0,1,1,1
1,4,3:7,erase-relay,1,0,1,1,3
1,4,3:7,erase-relay,2,0,1,1,13
1,12,3:7,erase-relay,0,0,1,1,1
1,12,3:7,erase-relay,1,0,1,1,3
1,12,3:7,erase-relay,2,0,1,1,13
1,8,3:7,erase-relay,0,1,1,1,1
1,8,3:7,erase-relay,1,1,1,1,1
1,8,3:7,erase-relay,2,1,1,1,1
1,1,4:5,identity,0,1,1,1,1
1,1,4:5,identity,1,1,1,1,1
1,1,4:5,identity,2,1,1,1,1
1,3,4:5,identity,0,1,1,1,1
1,3,4:5,identity,1,1,1,1,1
1,3,4:5,identity,2,1,1,1,1
1,5,4:5,identity,0,0,1,1,1
1,5,4:5,identity,1,0,1,1,3
1,5,4:5,identity,2,0,1,1,7
1,2,4:5,identity,0,1,1,1,1
1,2,4:5,identity,1,1,1,1,1
1,2,4:5,identity,2,1,1,1,1
1,10,4:5,identity,0,0,1,1,1
1,10,4:5,identity,1,0,1,1,3
1,10,4:5,identity,2,0,1,1,7
1,4,4:5,identity,0,0,1,1,1
1,4,4:5,identity,1,0,1,1,3
1,4,4:5,identity,2,0,1,1,7
1,12,4:5,identity,0,0,1,1,1
1,12,4:5,identity,1,0,1,1,3
1,12,4:5,identity,2,0,1,1,7
1,8,4:5,identity,0,0,1,1,1
1,8,4:5,identity,1,1,1,1,2
1,8,4:5,identity,2,1,1,1,2
1,1,4:5,erase-relay,0,1,1,1,1
1,1,4:5,erase-relay,1,1,1,1,1
1,1,4:5,erase-relay,2,1,1,1,1
1,3,4:5,erase-relay,0,1,1,1,1
1,3,4:5,erase-relay,1,1,1,1,1
1,3,4:5,erase-relay,2,1,1,1,1
1,5,4:5,erase-relay,0,0,1,1,1
1,5,4:5,erase-relay,1,0,1,1,3
1,5,4:5,erase-relay,2,0,1,1,7
1,2,4:5,erase-relay,0,1,1,1,1
1,2,4:5,erase-relay,1,1,1,1,1
1,2,4:5,erase-relay,2,1,1,1,1
1,10,4:5,erase-relay,0,1,1,1,1
1,10,4:5,erase-relay,1,1,1,1,1
1,10,4:5,erase-relay,2,1,1,1,1
1,4,4:5,erase-relay,0,0,1,1,1
1,4,4:5,erase-relay,1,0,1,1,3
1,4,4:5,erase-relay,2,0,1,1,7
1,12,4:5,erase-relay,0,0,1,1,1
1,12,4:5,erase-relay,1,0,1,1,3
1,12,4:5,erase-relay,2,0,1,1,7
1,8,4:5,erase-relay,0,1,1,1,1
1,8,4:5,erase-relay,1,1,1,1,1
1,8,4:5,erase-relay,2,1,1,1,1
1,1,4:6,identity,0,1,1,1,1
1,1,4:6,identity,1,1,1,1,1
1,1,4:6,identity,2,1,1,1,1
1,3,4:6,identity,0,1,1,1,1
1,3,4:6,identity,1,1,1,1,1
1,3,4:6,identity,2,1,1,1,1
1,5,4:6,identity,0,0,1,1,1
1,5,4:6,identity,1,0,1,1,3
1,5,4:6,identity,2,0,1,1,13
1,2,4:6,identity,0,1,1,1,1
1,2,4:6,identity,1,1,1,1,1
1,2,4:6,identity,2,1,1,1,1
1,10,4:6,identity,0,0,1,1,1
1,10,4:6,identity,1,0,1,1,3
1,10,4:6,identity,2,1,1,1,6
1,4,4:6,identity,0,0,1,1,1
1,4,4:6,identity,1,0,1,1,3
1,4,4:6,identity,2,0,1,1,13
1,12,4:6,identity,0,0,1,1,1
1,12,4:6,identity,1,0,1,1,3
1,12,4:6,identity,2,0,1,1,13
1,8,4:6,identity,0,0,1,1,1
1,8,4:6,identity,1,1,1,1,2
1,8,4:6,identity,2,1,1,1,2
1,1,4:6,erase-relay,0,1,1,1,1
1,1,4:6,erase-relay,1,1,1,1,1
1,1,4:6,erase-relay,2,1,1,1,1
1,3,4:6,erase-relay,0,1,1,1,1
1,3,4:6,erase-relay,1,1,1,1,1
1,3,4:6,erase-relay,2,1,1,1,1
1,5,4:6,erase-relay,0,0,1,1,1
1,5,4:6,erase-relay,1,0,1,1,3
1,5,4:6,erase-relay,2,0,1,1,13
1,2,4:6,erase-relay,0,1,1,1,1
1,2,4:6,erase-relay,1,1,1,1,1
1,2,4:6,erase-relay,2,1,1,1,1
1,10,4:6,erase-relay,0,1,1,1,1
1,10,4:6,erase-relay,1,1,1,1,1
1,10,4:6,erase-relay,2,1,1,1,1
1,4,4:6,erase-relay,0,0,1,1,1
1,4,4:6,erase-relay,1,0,1,1,3
1,4,4:6,erase-relay,2,0,1,1,13
1,12,4:6,erase-relay,0,0,1,1,1
1,12,4:6,erase-relay,1,0,1,1,3
1,12,4:6,erase-relay,2,0,1,1,13
1,8,4:6,erase-relay,0,1,1,1,1
1,8,4:6,erase-relay,1,1,1,1,1
1,8,4:6,erase-relay,2,1,1,1,1
1,1,4:7,identity,0,1,1,1,1
1,1,4:7,identity,1,1,1,1,1
1,1,4:7,identity,2,1,1,1,1
1,3,4:7,identity,0,1,1,1,1
1,3,4:7,identity,1,1,1,1,1
1,3,4:7,identity,2,1,1,1,1
1,5,4:7,identity,0,0,1,1,1
1,5,4:7,identity,1,0,1,1,3
1,5,4:7,identity,2,0,1,1,13
1,2,4:7,identity,0,1,1,1,1
1,2,4:7,identity,1,1,1,1,1
1,2,4:7,identity,2,1,1,1,1
1,10,4:7,identity,0,0,1,1,1
1,10,4:7,identity,1,0,1,1,3
1,10,4:7,identity,2,0,1,1,13
1,4,4:7,identity,0,0,1,1,1
1,4,4:7,identity,1,0,1,1,3
1,4,4:7,identity,2,0,1,1,13
1,12,4:7,identity,0,0,1,1,1
1,12,4:7,identity,1,0,1,1,3
1,12,4:7,identity,2,0,1,1,13
1,8,4:7,identity,0,0,1,1,1
1,8,4:7,identity,1,1,1,1,2
1,8,4:7,identity,2,1,1,1,2
1,1,4:7,erase-relay,0,1,1,1,1
1,1,4:7,erase-relay,1,1,1,1,1
1,1,4:7,erase-relay,2,1,1,1,1
1,3,4:7,erase-relay,0,1,1,1,1
1,3,4:7,erase-relay,1,1,1,1,1
1,3,4:7,erase-relay,2,1,1,1,1
1,5,4:7,erase-relay,0,0,1,1,1
1,5,4:7,erase-relay,1,0,1,1,3
1,5,4:7,erase-relay,2,0,1,1,13
1,2,4:7,erase-relay,0,1,1,1,1
1,2,4:7,erase-relay,1,1,1,1,1
1,2,4:7,erase-relay,2,1,1,1,1
1,10,4:7,erase-relay,0,1,1,1,1
1,10,4:7,erase-relay,1,1,1,1,1
1,10,4:7,erase-relay,2,1,1,1,1
1,4,4:7,erase-relay,0,0,1,1,1
1,4,4:7,erase-relay,1,0,1,1,3
1,4,4:7,erase-relay,2,0,1,1,13
1,12,4:7,erase-relay,0,0,1,1,1
1,12,4:7,erase-relay,1,0,1,1,3
1,12,4:7,erase-relay,2,0,1,1,13
1,8,4:7,erase-relay,0,1,1,1,1
1,8,4:7,erase-relay,1,1,1,1,1
1,8,4:7,erase-relay,2,1,1,1,1
1,1,5:6,identity,0,1,1,1,1
1,1,5:6,identity,1,1,1,1,1
1,1,5:6,identity,2,1,1,1,1
1,3,5:6,identity,0,1,1,1,1
1,3,5:6,identity,1,1,1,1,1
1,3,5:6,identity,2,1,1,1,1
1,5,5:6,identity,0,0,1,1,1
1,5,5:6,identity,1,0,1,1,3
1,5,5:6,identity,2,0,1,1,13
1,2,5:6,identity,0,1,1,1,1
1,2,5:6,identity,1,1,1,1,1
1,2,5:6,identity,2,1,1,1,1
1,10,5:6,identity,0,0,1,1,1
1,10,5:6,identity,1,0,1,1,3
1,10,5:6,identity,2,0,1,1,13
1,4,5:6,identity,0,0,1,1,1
1,4,5:6,identity,1,0,1,1,3
1,4,5:6,identity,2,0,1,1,13
1,12,5:6,identity,0,0,1,1,1
1,12,5:6,identity,1,0,1,1,3
1,12,5:6,identity,2,0,1,1,13
1,8,5:6,identity,0,0,1,1,1
1,8,5:6,identity,1,0,1,1,3
1,8,5:6,identity,2,0,1,1,13
1,1,5:6,erase-relay,0,1,1,1,1
1,1,5:6,erase-relay,1,1,1,1,1
1,1,5:6,erase-relay,2,1,1,1,1
1,3,5:6,erase-relay,0,1,1,1,1
1,3,5:6,erase-relay,1,1,1,1,1
1,3,5:6,erase-relay,2,1,1,1,1
1,5,5:6,erase-relay,0,0,1,1,1
1,5,5:6,erase-relay,1,0,1,1,3
1,5,5:6,erase-relay,2,0,1,1,13
1,2,5:6,erase-relay,0,1,1,1,1
1,2,5:6,erase-relay,1,1,1,1,1
1,2,5:6,erase-relay,2,1,1,1,1
1,10,5:6,erase-relay,0,1,1,1,1
1,10,5:6,erase-relay,1,1,1,1,1
1,10,5:6,erase-relay,2,1,1,1,1
1,4,5:6,erase-relay,0,0,1,1,1
1,4,5:6,erase-relay,1,0,1,1,3
1,4,5:6,erase-relay,2,0,1,1,13
1,12,5:6,erase-relay,0,0,1,1,1
1,12,5:6,erase-relay,1,0,1,1,3
1,12,5:6,erase-relay,2,0,1,1,13
1,8,5:6,erase-relay,0,1,1,1,1
1,8,5:6,erase-relay,1,1,1,1,1
1,8,5:6,erase-relay,2,1,1,1,1
1,1,5:7,identity,0,1,1,1,1
1,1,5:7,identity,1,1,1,1,1
1,1,5:7,identity,2,1,1,1,1
1,3,5:7,identity,0,1,1,1,1
1,3,5:7,identity,1,1,1,1,1
1,3,5:7,identity,2,1,1,1,1
1,5,5:7,identity,0,0,1,1,1
1,5,5:7,identity,1,0,1,1,3
1,5,5:7,identity,2,0,1,1,13
1,2,5:7,identity,0,1,1,1,1
1,2,5:7,identity,1,1,1,1,1
1,2,5:7,identity,2,1,1,1,1
1,10,5:7,identity,0,0,1,1,1
1,10,5:7,identity,1,0,1,1,3
1,10,5:7,identity,2,0,1,1,13
1,4,5:7,identity,0,0,1,1,1
1,4,5:7,identity,1,0,1,1,3
1,4,5:7,identity,2,0,1,1,13
1,12,5:7,identity,0,0,1,1,1
1,12,5:7,identity,1,0,1,1,3
1,12,5:7,identity,2,0,1,1,13
1,8,5:7,identity,0,0,1,1,1
1,8,5:7,identity,1,0,1,1,3
1,8,5:7,identity,2,0,1,1,13
1,1,5:7,erase-relay,0,1,1,1,1
1,1,5:7,erase-relay,1,1,1,1,1
1,1,5:7,erase-relay,2,1,1,1,1
1,3,5:7,erase-relay,0,1,1,1,1
1,3,5:7,erase-relay,1,1,1,1,1
1,3,5:7,erase-relay,2,1,1,1,1
1,5,5:7,erase-relay,0,0,1,1,1
1,5,5:7,erase-relay,1,0,1,1,3
1,5,5:7,erase-relay,2,0,1,1,13
1,2,5:7,erase-relay,0,1,1,1,1
1,2,5:7,erase-relay,1,1,1,1,1
1,2,5:7,erase-relay,2,1,1,1,1
1,10,5:7,erase-relay,0,1,1,1,1
1,10,5:7,erase-relay,1,1,1,1,1
1,10,5:7,erase-relay,2,1,1,1,1
1,4,5:7,erase-relay,0,0,1,1,1
1,4,5:7,erase-relay,1,0,1,1,3
1,4,5:7,erase-relay,2,0,1,1,13
1,12,5:7,erase-relay,0,0,1,1,1
1,12,5:7,erase-relay,1,0,1,1,3
1,12,5:7,erase-relay,2,0,1,1,13
1,8,5:7,erase-relay,0,1,1,1,1
1,8,5:7,erase-relay,1,1,1,1,1
1,8,5:7,erase-relay,2,1,1,1,1
1,1,6:7,identity,0,1,1,1,1
1,1,6:7,identity,1,1,1,1,1
1,1,6:7,identity,2,1,1,1,1
1,3,6:7,identity,0,1,1,1,1
1,3,6:7,identity,1,1,1,1,1
1,3,6:7,identity,2,1,1,1,1
1,5,6:7,identity,0,0,1,1,1
1,5,6:7,identity,1,0,1,1,3
1,5,6:7,identity,2,0,1,1,19
1,2,6:7,identity,0,1,1,1,1
1,2,6:7,identity,1,1,1,1,1
1,2,6:7,identity,2,1,1,1,1
1,10,6:7,identity,0,0,1,1,1
1,10,6:7,identity,1,0,1,1,3
1,10,6:7,identity,2,0,1,1,19
1,4,6:7,identity,0,0,1,1,1
1,4,6:7,identity,1,0,1,1,3
1,4,6:7,identity,2,0,1,1,19
1,12,6:7,identity,0,0,1,1,1
1,12,6:7,identity,1,0,1,1,3
1,12,6:7,identity,2,0,1,1,19
1,8,6:7,identity,0,0,1,1,1
1,8,6:7,identity,1,0,1,1,3
1,8,6:7,identity,2,0,1,1,19
1,1,6:7,erase-relay,0,1,1,1,1
1,1,6:7,erase-relay,1,1,1,1,1
1,1,6:7,erase-relay,2,1,1,1,1
1,3,6:7,erase-relay,0,1,1,1,1
1,3,6:7,erase-relay,1,1,1,1,1
1,3,6:7,erase-relay,2,1,1,1,1
1,5,6:7,erase-relay,0,0,1,1,1
1,5,6:7,erase-relay,1,0,1,1,3
1,5,6:7,erase-relay,2,0,1,1,19
1,2,6:7,erase-relay,0,1,1,1,1
1,2,6:7,erase-relay,1,1,1,1,1
1,2,6:7,erase-relay,2,1,1,1,1
1,10,6:7,erase-relay,0,1,1,1,1
1,10,6:7,erase-relay,1,1,1,1,1
1,10,6:7,erase-relay,2,1,1,1,1
1,4,6:7,erase-relay,0,0,1,1,1
1,4,6:7,erase-relay,1,0,1,1,3
1,4,6:7,erase-relay,2,0,1,1,19
1,12,6:7,erase-relay,0,0,1,1,1
1,12,6:7,erase-relay,1,0,1,1,3
1,12,6:7,erase-relay,2,0,1,1,19
1,8,6:7,erase-relay,0,1,1,1,1
1,8,6:7,erase-relay,1,1,1,1,1
1,8,6:7,erase-relay,2,1,1,1,1
1,1,0:1:2,identity,0,1,1,1,1
1,1,0:1:2,identity,1,1,1,1,1
1,1,0:1:2,identity,2,1,1,1,1
1,3,0:1:2,identity,0,1,1,1,1
1,3,0:1:2,identity,1,1,1,1,1
1,3,0:1:2,identity,2,1,1,1,1
1,5,0:1:2,identity,0,0,1,1,1
1,5,0:1:2,identity,1,0,1,1,4
1,5,0:1:2,identity,2,0,1,1,13
1,2,0:1:2,identity,0,1,1,1,1
1,2,0:1:2,identity,1,1,1,1,1
1,2,0:1:2,identity,2,1,1,1,1
1,10,0:1:2,identity,0,0,1,1,1
1,10,0:1:2,identity,1,1,1,1,2
1,10,0:1:2,identity,2,1,1,1,2
1,4,0:1:2,identity,0,0,1,1,1
1,4,0:1:2,identity,1,0,1,1,4
1,4,0:1:2,identity,2,0,1,1,13
1,12,0:1:2,identity,0,0,1,1,1
1,12,0:1:2,identity,1,0,1,1,4
1,12,0:1:2,identity,2,0,1,1,13
1,8,0:1:2,identity,0,0,1,1,1
1,8,0:1:2,identity,1,1,1,1,2
1,8,0:1:2,identity,2,1,1,1,2
1,1,0:1:2,erase-relay,0,1,1,1,1
1,1,0:1:2,erase-relay,1,1,1,1,1
1,1,0:1:2,erase-relay,2,1,1,1,1
1,3,0:1:2,erase-relay,0,1,1,1,1
1,3,0:1:2,erase-relay,1,1,1,1,1
1,3,0:1:2,erase-relay,2,1,1,1,1
1,5,0:1:2,erase-relay,0,0,1,1,1
1,5,0:1:2,erase-relay,1,0,1,1,4
1,5,0:1:2,erase-relay,2,0,1,1,13
1,2,0:1:2,erase-relay,0,1,1,1,1
1,2,0:1:2,erase-relay,1,1,1,1,1
1,2,0:1:2,erase-relay,2,1,1,1,1
1,10,0:1:2,erase-relay,0,1,1,1,1
1,10,0:1:2,erase-relay,1,1,1,1,1
1,10,0:1:2,erase-relay,2,1,1,1,1
1,4,0:1:2,erase-relay,0,0,1,1,1
1,4,0:1:2,erase-relay,1,0,1,1,4
1,4,0:1:2,erase-relay,2,0,1,1,13
1,12,0:1:2,erase-relay,0,0,1,1,1
1,12,0:1:2,erase-relay,1,0,1,1,4
1,12,0:1:2,erase-relay,2,0,1,1,13
1,8,0:1:2,erase-relay,0,1,1,1,1
1,8,0:1:2,erase-relay,1,1,1,1,1
1,8,0:1:2,erase-relay,2,1,1,1,1
1,1,0:1:3,identity,0,1,1,1,1
1,1,0:1:3,identity,1,1,1,1,1
1,1,0:1:3,identity,2,1,1,1,1
1,3,0:1:3,identity,0,1,1,1,1
1,3,0:1:3,identity,1,1,1,1,1
1,3,0:1:3,identity,2,1,1,1,1
1,5,0:1:3,identity,0,0,1,1,1
1,5,0:1:3,identity,1,0,1,1,4
1,5,0:1:3,identity,2,0,1,1,13
1,2,0:1:3,identity,0,1,1,1,1
1,2,0:1:3,identity,1,1,1,1,1
1,2,0:1:3,identity,2,1,1,1,1
1,10,0:1:3,identity,0,0,1,1,1
1,10,0:1:3,identity,1,1,1,1,2
1,10,0:1:3,identity,2,1,1,1,2
1,4,0:1:3,identity,0,0,1,1,1
1,4,0:1:3,identity,1,0,1,1,4
1,4,0:1:3,identity,2,0,1,1,13
1,12,0:1:3,identity,0,0,1,1,1
1,12,0:1:3,identity,1,0,1,1,4
1,12,0:1:3,identity,2,0,1,1,13
1,8,0:1:3,identity,0,0,1,1,1
1,8,0:1:3,identity,1,1,1,1,2
1,8,0:1:3,identity,2,1,1,1,2
1,1,0:1:3,erase-relay,0,1,1,1,1
1,1,0:1:3,erase-relay,1,1,1,1,1
1,1,0:1:3,erase-relay,2,1,1,1,1
1,3,0:1:3,erase-relay,0,1,1,1,1
1,3,0:1:3,erase-relay,1,1,1,1,1
1,3,0:1:3,erase-relay,2,1,1,1,1
1,5,0:1:3,erase-relay,0,0,1,1,1
1,5,0:1:3,erase-relay,1,0,1,1,4
1,5,0:1:3,erase-relay,2,0,1,1,13
1,2,0:1:3,erase-relay,0,1,1,1,1
1,2,0:1:3,erase-relay,1,1,1,1,1
1,2,0:1:3,erase-relay,2,1,1,1,1
1,10,0:1:3,erase-relay,0,1,1,1,1
1,10,0:1:3,erase-relay,1,1,1,1,1
1,10,0:1:3,erase-relay,2,1,1,1,1
1,4,0:1:3,erase-relay,0,0,1,1,1
1,4,0:1:3,erase-relay,1,0,1,1,4
1,4,0:1:3,erase-relay,2,0,1,1,13
1,12,0:1:3,erase-relay,0,0,1,1,1
1,12,0:1:3,erase-relay,1,0,1,1,4
1,12,0:1:3,erase-relay,2,0,1,1,13
1,8,0:1:3,erase-relay,0,1,1,1,1
1,8,0:1:3,erase-relay,1,1,1,1,1
1,8,0:1:3,erase-relay,2,1,1,1,1
1,1,0:1:4,identity,0,1,1,1,1
1,1,0:1:4,identity,1,1,1,1,1
1,1,0:1:4,identity,2,1,1,1,1
1,3,0:1:4,identity,0,1,1,1,1
1,3,0:1:4,identity,1,1,1,1,1
1,3,0:1:4,identity,2,1,1,1,1
1,5,0:1:4,identity,0,0,1,1,1
1,5,0:1:4,identity,1,0,1,1,4
1,5,0:1:4,identity,2,0,1,1,13
1,2,0:1:4,identity,0,1,1,1,1
1,2,0:1:4,identity,1,1,1,1,1
1,2,0:1:4,identity,2,1,1,1,1
1,10,0:1:4,identity,0,0,1,1,1
1,10,0:1:4,identity,1,1,1,1,2
1,10,0:1:4,identity,2,1,1,1,2
1,4,0:1:4,identity,0,0,1,1,1
1,4,0:1:4,identity,1,0,1,1,4
1,4,0:1:4,identity,2,0,1,1,13
1,12,0:1:4,identity,0,0,1,1,1
1,12,0:1:4,identity,1,0,1,1,4
1,12,0:1:4,identity,2,0,1,1,13
1,8,0:1:4,identity,0,0,1,1,1
1,8,0:1:4,identity,1,1,1,1,2
1,8,0:1:4,identity,2,1,1,1,2
1,1,0:1:4,erase-relay,0,1,1,1,1
1,1,0:1:4,erase-relay,1,1,1,1,1
1,1,0:1:4,erase-relay,2,1,1,1,1
1,3,0:1:4,erase-relay,0,1,1,1,1
1,3,0:1:4,erase-relay,1,1,1,1,1
1,3,0:1:4,erase-relay,2,1,1,1,1
1,5,0:1:4,erase-relay,0,0,1,1,1
1,5,0:1:4,erase-relay,1,0,1,1,4
1,5,0:1:4,erase-relay,2,0,1,1,13
1,2,0:1:4,erase-relay,0,1,1,1,1
1,2,0:1:4,erase-relay,1,1,1,1,1
1,2,0:1:4,erase-relay,2,1,1,1,1
1,10,0:1:4,erase-relay,0,1,1,1,1
1,10,0:1:4,erase-relay,1,1,1,1,1
1,10,0:1:4,erase-relay,2,1,1,1,1
1,4,0:1:4,erase-relay,0,0,1,1,1
1,4,0:1:4,erase-relay,1,0,1,1,4
1,4,0:1:4,erase-relay,2,0,1,1,13
1,12,0:1:4,erase-relay,0,0,1,1,1
1,12,0:1:4,erase-relay,1,0,1,1,4
1,12,0:1:4,erase-relay,2,0,1,1,13
1,8,0:1:4,erase-relay,0,1,1,1,1
1,8,0:1:4,erase-relay,1,1,1,1,1
1,8,0:1:4,erase-relay,2,1,1,1,1
1,1,0:1:5,identity,0,1,1,1,1
1,1,0:1:5,identity,1,1,1,1,1
1,1,0:1:5,identity,2,1,1,1,1
1,3,0:1:5,identity,0,1,1,1,1
1,3,0:1:5,identity,1,1,1,1,1
1,3,0:1:5,identity,2,1,1,1,1
1,5,0:1:5,identity,0,0,1,1,1
1,5,0:1:5,identity,1,0,1,1,4
1,5,0:1:5,identity,2,0,1,1,13
1,2,0:1:5,identity,0,1,1,1,1
1,2,0:1:5,identity,1,1,1,1,1
1,2,0:1:5,identity,2,1,1,1,1
1,10,0:1:5,identity,0,0,1,1,1
1,10,0:1:5,identity,1,1,1,1,2
1,10,0:1:5,identity,2,1,1,1,2
1,4,0:1:5,identity,0,0,1,1,1
1,4,0:1:5,identity,1,0,1,1,4
1,4,0:1:5,identity,2,0,1,1,13
1,12,0:1:5,identity,0,0,1,1,1
1,12,0:1:5,identity,1,0,1,1,4
1,12,0:1:5,identity,2,0,1,1,13
1,8,0:1:5,identity,0,0,1,1,1
1,8,0:1:5,identity,1,1,1,1,2
1,8,0:1:5,identity,2,1,1,1,2
1,1,0:1:5,erase-relay,0,1,1,1,1
1,1,0:1:5,erase-relay,1,1,1,1,1
1,1,0:1:5,erase-relay,2,1,1,1,1
1,3,0:1:5,erase-relay,0,1,1,1,1
1,3,0:1:5,erase-relay,1,1,1,1,1
1,3,0:1:5,erase-relay,2,1,1,1,1
1,5,0:1:5,erase-relay,0,0,1,1,1
1,5,0:1:5,erase-relay,1,0,1,1,4
1,5,0:1:5,erase-relay,2,0,1,1,13
1,2,0:1:5,erase-relay,0,1,1,1,1
1,2,0:1:5,erase-relay,1,1,1,1,1
1,2,0:1:5,erase-relay,2,1,1,1,1
1,10,0:1:5,erase-relay,0,1,1,1,1
1,10,0:1:5,erase-relay,1,1,1,1,1
1,10,0:1:5,erase-relay,2,1,1,1,1
1,4,0:1:5,erase-relay,0,0,1,1,1
1,4,0:1:5,erase-relay,1,0,1,1,4
1,4,0:1:5,erase-relay,2,0,1,1,13
1,12,0:1:5,erase-relay,0,0,1,1,1
1,12,0:1:5,erase-relay,1,0,1,1,4
1,12,0:1:5,erase-relay,2,0,1,1,13
1,8,0:1:5,erase-relay,0,1,1,1,1
1,8,0:1:5,erase-relay,1,1,1,1,1
1,8,0:1:5,erase-relay,2,1,1,1,1
1,1,0:1:6,identity,0,1,1,1,1
1,1,0:1:6,identity,1,1,1,1,1
1,1,0:1:6,identity,2,1,1,1,1
1,3,0:1:6,identity,0,1,1,1,1
1,3,0:1:6,identity,1,1,1,1,1
1,3,0:1:6,identity,2,1,1,1,1
1,5,0:1:6,identity,0,0,1,1,1
1,5,0:1:6,identity,1,0,1,1,4
1,5,0:1:6,identity,2,0,1,1,25
1,2,0:1:6,identity,0,1,1,1,1
1,2,0:1:6,identity,1,1,1,1,1
1,2,0:1:6,identity,2,1,1,1,1
1,10,0:1:6,identity,0,0,1,1,1
1,10,0:1:6,identity,1,1,1,1,2
1,10,0:1:6,identity,2,1,1,1,2
1,4,0:1:6,identity,0,0,1,1,1
1,4,0:1:6,identity,1,0,1,1,4
1,4,0:1:6,identity,2,0,1,1,25
1,12,0:1:6,identity,0,0,1,1,1
1,12,0:1:6,identity,1,0,1,1,4
1,12,0:1:6,identity,2,0,1,1,25
1,8,0:1:6,identity,0,0,1,1,1
1,8,0:1:6,identity,1,1,1,1,2
1,8,0:1:6,identity,2,1,1,1,2
1,1,0:1:6,erase-relay,0,1,1,1,1
1,1,0:1:6,erase-relay,1,1,1,1,1
1,1,0:1:6,erase-relay,2,1,1,1,1
1,3,0:1:6,erase-relay,0,1,1,1,1
1,3,0:1:6,erase-relay,1,1,1,1,1
1,3,0:1:6,erase-relay,2,1,1,1,1
1,5,0:1:6,erase-relay,0,0,1,1,1
1,5,0:1:6,erase-relay,1,0,1,1,4
1,5,0:1:6,erase-relay,2,0,1,1,25
1,2,0:1:6,erase-relay,0,1,1,1,1
1,2,0:1:6,erase-relay,1,1,1,1,1
1,2,0:1:6,erase-relay,2,1,1,1,1
1,10,0:1:6,erase-relay,0,1,1,1,1
1,10,0:1:6,erase-relay,1,1,1,1,1
1,10,0:1:6,erase-relay,2,1,1,1,1
1,4,0:1:6,erase-relay,0,0,1,1,1
1,4,0:1:6,erase-relay,1,0,1,1,4
1,4,0:1:6,erase-relay,2,0,1,1,25
1,12,0:1:6,erase-relay,0,0,1,1,1
1,12,0:1:6,erase-relay,1,0,1,1,4
1,12,0:1:6,erase-relay,2,0,1,1,25
1,8,0:1:6,erase-relay,0,1,1,1,1
1,8,0:1:6,erase-relay,1,1,1,1,1
1,8,0:1:6,erase-relay,2,1,1,1,1
1,1,0:1:7,identity,0,1,1,1,1
1,1,0:1:7,identity,1,1,1,1,1
1,1,0:1:7,identity,2,1,1,1,1
1,3,0:1:7,identity,0,1,1,1,1
1,3,0:1:7,identity,1,1,1,1,1
1,3,0:1:7,identity,2,1,1,1,1
1,5,0:1:7,identity,0,0,1,1,1
1,5,0:1:7,identity,1,0,1,1,4
1,5,0:1:7,identity,2,0,1,1,25
1,2,0:1:7,identity,0,1,1,1,1
1,2,0:1:7,identity,1,1,1,1,1
1,2,0:1:7,identity,2,1,1,1,1
1,10,0:1:7,identity,0,0,1,1,1
1,10,0:1:7,identity,1,1,1,1,2
1,10,0:1:7,identity,2,1,1,1,2
1,4,0:1:7,identity,0,0,1,1,1
1,4,0:1:7,identity,1,0,1,1,4
1,4,0:1:7,identity,2,0,1,1,25
1,12,0:1:7,identity,0,0,1,1,1
1,12,0:1:7,identity,1,0,1,1,4
1,12,0:1:7,identity,2,0,1,1,25
1,8,0:1:7,identity,0,0,1,1,1
1,8,0:1:7,identity,1,1,1,1,2
1,8,0:1:7,identity,2,1,1,1,2
1,1,0:1:7,erase-relay,0,1,1,1,1
1,1,0:1:7,erase-relay,1,1,1,1,1
1,1,0:1:7,erase-relay,2,1,1,1,1
1,3,0:1:7,erase-relay,0,1,1,1,1
1,3,0:1:7,erase-relay,1,1,1,1,1
1,3,0:1:7,erase-relay,2,1,1,1,1
1,5,0:1:7,erase-relay,0,0,1,1,1
1,5,0:1:7,erase-relay,1,0,1,1,4
1,5,0:1:7,erase-relay,2,0,1,1,25
1,2,0:1:7,erase-relay,0,1,1,1,1
1,2,0:1:7,erase-relay,1,1,1,1,1
1,2,0:1:7,erase-relay,2,1,1,1,1
1,10,0:1:7,erase-relay,0,1,1,1,1
1,10,0:1:7,erase-relay,1,1,1,1,1
1,10,0:1:7,erase-relay,2,1,1,1,1
1,4,0:1:7,erase-relay,0,0,1,1,1
1,4,0:1:7,erase-relay,1,0,1,1,4
1,4,0:1:7,erase-relay,2,0,1,1,25
1,12,0:1:7,erase-relay,0,0,1,1,1
1,12,0:1:7,erase-relay,1,0,1,1,4
1,12,0:1:7,erase-relay,2,0,1,1,25
1,8,0:1:7,erase-relay,0,1,1,1,1
1,8,0:1:7,erase-relay,1,1,1,1,1
1,8,0:1:7,erase-relay,2,1,1,1,1
1,1,0:2:3,identity,0,1,1,1,1
1,1,0:2:3,identity,1,1,1,1,1
1,1,0:2:3,identity,2,1,1,1,1
1,3,0:2:3,identity,0,1,1,1,1
1,3,0:2:3,identity,1,1,1,1,1
1,3,0:2:3,identity,2,1,1,1,1
1,5,0:2:3,identity,0,0,1,1,1
1,5,0:2:3,identity,1,0,1,1,4
1,5,0:2:3,identity,2,0,1,1,13
1,2,0:2:3,identity,0,1,1,1,1
1,2,0:2:3,identity,1,1,1,1,1
1,2,0:2:3,identity,2,1,1,1,1
1,10,0:2:3,identity,0,0,1,1,1
1,10,0:2:3,identity,1,1,1,1,2
1,10,0:2:3,identity,2,1,1,1,2
1,4,0:2:3,identity,0,0,1,1,1
1,4,0:2:3,identity,1,0,1,1,4
1,4,0:2:3,identity,2,0,1,1,13
1,12,0:2:3,identity,0,0,1,1,1
1,12,0:2:3,identity,1,0,1,1,4
1,12,0:2:3,identity,2,0,1,1,13
1,8,0:2:3,identity,0,0,1,1,1
1,8,0:2:3,identity,1,1,1,1,2
1,8,0:2:3,identity,2,1,1,1,2
1,1,0:2:3,erase-relay,0,1,1,1,1
1,1,0:2:3,erase-relay,1,1,1,1,1
1,1,0:2:3,erase-relay,2,1,1,1,1
1,3,0:2:3,erase-relay,0,1,1,1,1
1,3,0:2:3,erase-relay,1,1,1,1,1
1,3,0:2:3,erase-relay,2,1,1,1,1
1,5,0:2:3,erase-relay,0,0,1,1,1
1,5,0:2:3,erase-relay,1,0,1,1,4
1,5,0:2:3,erase-relay,2,0,1,1,13
1,2,0:2:3,erase-relay,0,1,1,1,1
1,2,0:2:3,erase-relay,1,1,1,1,1
1,2,0:2:3,erase-relay,2,1,1,1,1
1,10,0:2:3,erase-relay,0,1,1,1,1
1,10,0:2:3,erase-relay,1,1,1,1,1
1,10,0:2:3,erase-relay,2,1,1,1,1
1,4,0:2:3,erase-relay,0,0,1,1,1
1,4,0:2:3,erase-relay,1,0,1,1,4
1,4,0:2:3,erase-relay,2,0,1,1,13
1,12,0:2:3,erase-relay,0,0,1,1,1
1,12,0:2:3,erase-relay,1,0,1,1,4
1,12,0:2:3,erase-relay,2,0,1,1,13
1,8,0:2:3,erase-relay,0,1,1,1,1
1,8,0:2:3,erase-relay,1,1,1,1,1
1,8,0:2:3,erase-relay,2,1,1,1,1
1,1,0:2:4,identity,0,1,1,1,1
1,1,0:2:4,identity,1,1,1,1,1
1,1,0:2:4,identity,2,1,1,1,1
1,3,0:2:4,identity,0,1,1,1,1
1,3,0:2:4,identity,1,1,1,1,1
1,3,0:2:4,identity,2,1,1,1,1
1,5,0:2:4,identity,0,0,1,1,1
1,5,0:2:4,identity,1,0,1,1,4
1,5,0:2:4,identity,2,0,1,1,13
1,2,0:2:4,identity,0,1,1,1,1
1,2,0:2:4,identity,1,1,1,1,1
1,2,0:2:4,identity,2,1,1,1,1
1,10,0:2:4,identity,0,0,1,1,1
1,10,0:2:4,identity,1,1,1,1,2
1,10,0:2:4,identity,2,1,1,1,2
1,4,0:2:4,identity,0,0,1,1,1
1,4,0:2:4,identity,1,0,1,1,4
1,4,0:2:4,identity,2,0,1,1,13
1,12,0:2:4,identity,0,0,1,1,1
1,12,0:2:4,identity,1,0,1,1,4
1,12,0:2:4,identity,2,0,1,1,13
1,8,0:2:4,identity,0,0,1,1,1
1,8,0:2:4,identity,1,1,1,1,2
1,8,0:2:4,identity,2,1,1,1,2
1,1,0:2:4,erase-relay,0,1,1,1,1
1,1,0:2:4,erase-relay,1,1,1,1,1
1,1,0:2:4,erase-relay,2,1,1,1,1
1,3,0:2:4,erase-relay,0,1,1,1,1
1,3,0:2:4,erase-relay,1,1,1,1,1
1,3,0:2:4,erase-relay,2,1,1,1,1
1,5,0:2:4,erase-relay,0,0,1,1,1
1,5,0:2:4,erase-relay,1,0,1,1,4
1,5,0:2:4,erase-relay,2,0,1,1,13
1,2,0:2:4,erase-relay,0,1,1,1,1
1,2,0:2:4,erase-relay,1,1,1,1,1
1,2,0:2:4,erase-relay,2,1,1,1,1
1,10,0:2:4,erase-relay,0,1,1,1,1
1,10,0:2:4,erase-relay,1,1,1,1,1
1,10,0:2:4,erase-relay,2,1,1,1,1
1,4,0:2:4,erase-relay,0,0,1,1,1
1,4,0:2:4,erase-relay,1,0,1,1,4
1,4,0:2:4,erase-relay,2,0,1,1,13
1,12,0:2:4,erase-relay,0,0,1,1,1
1,12,0:2:4,erase-relay,1,0,1,1,4
1,12,0:2:4,erase-relay,2,0,1,1,13
1,8,0:2:4,erase-relay,0,1,1,1,1
1,8,0:2:4,erase-relay,1,1,1,1,1
1,8,0:2:4,erase-relay,2,1,1,1,1
1,1,0:2:5,identity,0,1,1,1,1
1,1,0:2:5,identity,1,1,1,1,1
1,1,0:2:5,identity,2,1,1,1,1
1,3,0:2:5,identity,0,1,1,1,1
1,3,0:2:5,identity,1,1,1,1,1
1,3,0:2:5,identity,2,1,1,1,1
1,5,0:2:5,identity,0,0,1,1,1
1,5,0:2:5,identity,1,0,1,1,4
1,5,0:2:5,identity,2,0,1,1,13
1,2,0:2:5,identity,0,1,1,1,1
1,2,0:2:5,identity,1,1,1,1,1
1,2,0:2:5,identity,2,1,1,1,1
1,10,0:2:5,identity,0,0,1,1,1
1,10,0:2:5,identity,1,1,1,1,2
1,10,0:2:5,identity,2,1,1,1,2
1,4,0:2:5,identity,0,0,1,1,1
1,4,0:2:5,identity,1,0,1,1,4
1,4,0:2:5,identity,2,0,1,1,13
1,12,0:2:5,identity,0,0,1,1,1
1,12,0:2:5,identity,1,0,1,1,4
1,12,0:2:5,identity,2,0,1,1,13
1,8,0:2:5,identity,0,0,1,1,1
1,8,0:2:5,identity,1,1,1,1,2
1,8,0:2:5,identity,2,1,1,1,2
1,1,0:2:5,erase-relay,0,1,1,1,1
1,1,0:2:5,erase-relay,1,1,1,1,1
1,1,0:2:5,erase-relay,2,1,1,1,1
1,3,0:2:5,erase-relay,0,1,1,1,1
1,3,0:2:5,erase-relay,1,1,1,1,1
1,3,0:2:5,erase-relay,2,1,1,1,1
1,5,0:2:5,erase-relay,0,0,1,1,1
1,5,0:2:5,erase-relay,1,0,1,1,4
1,5,0:2:5,erase-relay,2,0,1,1,13
1,2,0:2:5,erase-relay,0,1,1,1,1
1,2,0:2:5,erase-relay,1,1,1,1,1
1,2,0:2:5,erase-relay,2,1,1,1,1
1,10,0:2:5,erase-relay,0,1,1,1,1
1,10,0:2:5,erase-relay,1,1,1,1,1
1,10,0:2:5,erase-relay,2,1,1,1,1
1,4,0:2:5,erase-relay,0,0,1,1,1
1,4,0:2:5,erase-relay,1,0,1,1,4
1,4,0:2:5,erase-relay,2,0,1,1,13
1,12,0:2:5,erase-relay,0,0,1,1,1
1,12,0:2:5,erase-relay,1,0,1,1,4
1,12,0:2:5,erase-relay,2,0,1,1,13
1,8,0:2:5,erase-relay,0,1,1,1,1
1,8,0:2:5,erase-relay,1,1,1,1,1
1,8,0:2:5,erase-relay,2,1,1,1,1
1,1,0:2:6,identity,0,1,1,1,1
1,1,0:2:6,identity,1,1,1,1,1
1,1,0:2:6,identity,2,1,1,1,1
1,3,0:2:6,identity,0,1,1,1,1
1,3,0:2:6,identity,1,1,1,1,1
1,3,0:2:6,identity,2,1,1,1,1
1,5,0:2:6,identity,0,0,1,1,1
1,5,0:2:6,identity,1,0,1,1,4
1,5,0:2:6,identity,2,0,1,1,25
1,2,0:2:6,identity,0,1,1,1,1
1,2,0:2:6,identity,1,1,1,1,1
1,2,0:2:6,identity,2,1,1,1,1
1,10,0:2:6,identity,0,0,1,1,1
1,10,0:2:6,identity,1,1,1,1,2
1,10,0:2:6,identity,2,1,1,1,2
1,4,0:2:6,identity,0,0,1,1,1
1,4,0:2:6,identity,1,0,1,1,4
1,4,0:2:6,identity,2,0,1,1,25
1,12,0:2:6,identity,0,0,1,1,1
1,12,0:2:6,identity,1,0,1,1,4
1,12,0:2:6,identity,2,0,1,1,25
1,8,0:2:6,identity,0,0,1,1,1
1,8,0:2:6,identity,1,1,1,1,2
1,8,0:2:6,identity,2,1,1,1,2
1,1,0:2:6,erase-relay,0,1,1,1,1
1,1,0:2:6,erase-relay,1,1,1,1,1
1,1,0:2:6,erase-relay,2,1,1,1,1
1,3,0:2:6,erase-relay,0,1,1,1,1
1,3,0:2:6,erase-relay,1,1,1,1,1
1,3,0:2:6,erase-relay,2,1,1,1,1
1,5,0:2:6,erase-relay,0,0,1,1,1
1,5,0:2:6,erase-relay,1,0,1,1,4
1,5,0:2:6,erase-relay,2,0,1,1,25
1,2,0:2:6,erase-relay,0,1,1,1,1
1,2,0:2:6,erase-relay,1,1,1,1,1
1,2,0:2:6,erase-relay,2,1,1,1,1
1,10,0:2:6,erase-relay,0,1,1,1,1
1,10,0:2:6,erase-relay,1,1,1,1,1
1,10,0:2:6,erase-relay,2,1,1,1,1
1,4,0:2:6,erase-relay,0,0,1,1,1
1,4,0:2:6,erase-relay,1,0,1,1,4
1,4,0:2:6,erase-relay,2,0,1,1,25
1,12,0:2:6,erase-relay,0,0,1,1,1
1,12,0:2:6,erase-relay,1,0,1,1,4
1,12,0:2:6,erase-relay,2,0,1,1,25
1,8,0:2:6,erase-relay,0,1,1,1,1
1,8,0:2:6,erase-relay,1,1,1,1,1
1,8,0:2:6,erase-relay,2,1,1,1,1
1,1,0:2:7,identity,0,1,1,1,1
1,1,0:2:7,identity,1,1,1,1,1
1,1,0:2:7,identity,2,1,1,1,1
1,3,0:2:7,identity,0,1,1,1,1
1,3,0:2:7,identity,1,1,1,1,1
1,3,0:2:7,identity,2,1,1,1,1
1,5,0:2:7,identity,0,0,1,1,1
1,5,0:2:7,identity,1,0,1,1,4
1,5,0:2:7,identity,2,0,1,1,25
1,2,0:2:7,identity,0,1,1,1,1
1,2,0:2:7,identity,1,1,1,1,1
1,2,0:2:7,identity,2,1,1,1,1
1,10,0:2:7,identity,0,0,1,1,1
1,10,0:2:7,identity,1,1,1,1,2
1,10,0:2:7,identity,2,1,1,1,2
1,4,0:2:7,identity,0,0,1,1,1
1,4,0:2:7,identity,1,0,1,1,4
1,4,0:2:7,identity,2,0,1,1,25
1,12,0:2:7,identity,0,0,1,1,1
1,12,0:2:7,identity,1,0,1,1,4
1,12,0:2:7,identity,2,0,1,1,25
1,8,0:2:7,identity,0,0,1,1,1
1,8,0:2:7,identity,1,1,1,1,2
1,8,0:2:7,identity,2,1,1,1,2
1,1,0:2:7,erase-relay,0,1,1,1,1
1,1,0:2:7,erase-relay,1,1,1,1,1
1,1,0:2:7,erase-relay,2,1,1,1,1
1,3,0:2:7,erase-relay,0,1,1,1,1
1,3,0:2:7,erase-relay,1,1,1,1,1
1,3,0:2:7,erase-relay,2,1,1,1,1
1,5,0:2:7,erase-relay,0,0,1,1,1
1,5,0:2:7,erase-relay,1,0,1,1,4
1,5,0:2:7,erase-relay,2,0,1,1,25
1,2,0:2:7,erase-relay,0,1,1,1,1
1,2,0:2:7,erase-relay,1,1,1,1,1
1,2,0:2:7,erase-relay,2,1,1,1,1
1,10,0:2:7,erase-relay,0,1,1,1,1
1,10,0:2:7,erase-relay,1,1,1,1,1
1,10,0:2:7,erase-relay,2,1,1,1,1
1,4,0:2:7,erase-relay,0,0,1,1,1
1,4,0:2:7,erase-relay,1,0,1,1,4
1,4,0:2:7,erase-relay,2,0,1,1,25
1,12,0:2:7,erase-relay,0,0,1,1,1
1,12,0:2:7,erase-relay,1,0,1,1,4
1,12,0:2:7,erase-relay,2,0,1,1,25
1,8,0:2:7,erase-relay,0,1,1,1,1
1,8,0:2:7,erase-relay,1,1,1,1,1
1,8,0:2:7,erase-relay,2,1,1,1,1
1,1,0:3:4,identity,0,1,1,1,1
1,1,0:3:4,identity,1,1,1,1,1
1,1,0:3:4,identity,2,1,1,1,1
1,3,0:3:4,identity,0,1,1,1,1
1,3,0:3:4,identity,1,1,1,1,1
1,3,0:3:4,identity,2,1,1,1,1
1,5,0:3:4,identity,0,0,1,1,1
1,5,0:3:4,identity,1,0,1,1,4
1,5,0:3:4,identity,2,0,1,1,13
1,2,0:3:4,identity,0,1,1,1,1
1,2,0:3:4,identity,1,1,1,1,1
1,2,0:3:4,identity,2,1,1,1,1
1,10,0:3:4,identity,0,0,1,1,1
1,10,0:3:4,identity,1,1,1,1,2
1,10,0:3:4,identity,2,1,1,1,2
1,4,0:3:4,identity,0,0,1,1,1
1,4,0:3:4,identity,1,0,1,1,4
1,4,0:3:4,identity,2,0,1,1,13
1,12,0:3:4,identity,0,0,1,1,1
1,12,0:3:4,identity,1,0,1,1,4
1,12,0:3:4,identity,2,0,1,1,13
1,8,0:3:4,identity,0,0,1,1,1
1,8,0:3:4,identity,1,1,1,1,2
1,8,0:3:4,identity,2,1,1,1,2
1,1,0:3:4,erase-relay,0,1,1,1,1
1,1,0:3:4,erase-relay,1,1,1,1,1
1,1,0:3:4,erase-relay,2,1,1,1,1
1,3,0:3:4,erase-relay,0,1,1,1,1
1,3,0:3:4,erase-relay,1,1,1,1,1
1,3,0:3:4,erase-relay,2,1,1,1,1
1,5,0:3:4,erase-relay,0,0,1,1,1
1,5,0:3:4,erase-relay,1,0,1,1,4
1,5,0:3:4,erase-relay,2,0,1,1,13
1,2,0:3:4,erase-relay,0,1,1,1,1
1,2,0:3:4,erase-relay,1,1,1,1,1
1,2,0:3:4,erase-relay,2,1,1,1,1
1,10,0:3:4,erase-relay,0,1,1,1,1
1,10,0:3:4,erase-relay,1,1,1,1,1
1,10,0:3:4,erase-relay,2,1,1,1,1
1,4,0:3:4,erase-relay,0,0,1,1,1
1,4,0:3:4,erase-relay,1,0,1,1,4
1,4,0:3:4,erase-relay,2,0,1,1,13
1,12,0:3:4,erase-relay,0,0,1,1,1
1,12,0:3:4,erase-relay,1,0,1,1,4
1,12,0:3:4,erase-relay,2,0,1,1,13
1,8,0:3:4,erase-relay,0,1,1,1,1
1,8,0:3:4,erase-relay,1,1,1,1,1
1,8,0:3:4,erase-relay,2,1,1,1,1
1,1,0:3:5,identity,0,1,1,1,1
1,1,0:3:5,identity,1,1,1,1,1
1,1,0:3:5,identity,2,1,1,1,1
1,3,0:3:5,identity,0,1,1,1,1
1,3,0:3:5,identity,1,1,1,1,1
1,3,0:3:5,identity,2,1,1,1,1
1,5,0:3:5,identity,0,0,1,1,1
1,5,0:3:5,identity,1,0,1,1,4
1,5,0:3:5,identity,2,0,1,1,13
1,2,0:3:5,identity,0,1,1,1,1
1,2,0:3:5,identity,1,1,1,1,1
1,2,0:3:5,identity,2,1,1,1,1
1,10,0:3:5,identity,0,0,1,1,1
1,10,0:3:5,identity,1,1,1,1,2
1,10,0:3:5,identity,2,1,1,1,2
1,4,0:3:5,identity,0,0,1,1,1
1,4,0:3:5,identity,1,0,1,1,4
1,4,0:3:5,identity,2,0,1,1,13
1,12,0:3:5,identity,0,0,1,1,1
1,12,0:3:5,identity,1,0,1,1,4
1,12,0:3:5,identity,2,0,1,1,13
1,8,0:3:5,identity,0,0,1,1,1
1,8,0:3:5,identity,1,1,1,1,2
1,8,0:3:5,identity,2,1,1,1,2
1,1,0:3:5,erase-relay,0,1,1,1,1
1,1,0:3:5,erase-relay,1,1,1,1,1
1,1,0:3:5,erase-relay,2,1,1,1,1
1,3,0:3:5,erase-relay,0,1,1,1,1
1,3,0:3:5,erase-relay,1,1,1,1,1
1,3,0:3:5,erase-relay,2,1,1,1,1
1,5,0:3:5,erase-relay,0,0,1,1,1
1,5,0:3:5,erase-relay,1,0,1,1,4
1,5,0:3:5,erase-relay,2,0,1,1,13
1,2,0:3:5,erase-relay,0,1,1,1,1
1,2,0:3:5,erase-relay,1,1,1,1,1
1,2,0:3:5,erase-relay,2,1,1,1,1
1,10,0:3:5,erase-relay,0,1,1,1,1
1,10,0:3:5,erase-relay,1,1,1,1,1
1,10,0:3:5,erase-relay,2,1,1,1,1
1,4,0:3:5,erase-relay,0,0,1,1,1
1,4,0:3:5,erase-relay,1,0,1,1,4
1,4,0:3:5,erase-relay,2,0,1,1,13
1,12,0:3:5,erase-relay,0,0,1,1,1
1,12,0:3:5,erase-relay,1,0,1,1,4
1,12,0:3:5,erase-relay,2,0,1,1,13
1,8,0:3:5,erase-relay,0,1,1,1,1
1,8,0:3:5,erase-relay,1,1,1,1,1
1,8,0:3:5,erase-relay,2,1,1,1,1
1,1,0:3:6,identity,0,1,1,1,1
1,1,0:3:6,identity,1,1,1,1,1
1,1,0:3:6,identity,2,1,1,1,1
1,3,0:3:6,identity,0,1,1,1,1
1,3,0:3:6,identity,1,1,1,1,1
1,3,0:3:6,identity,2,1,1,1,1
1,5,0:3:6,identity,0,0,1,1,1
1,5,0:3:6,identity,1,0,1,1,4
1,5,0:3:6,identity,2,0,1,1,25
1,2,0:3:6,identity,0,1,1,1,1
1,2,0:3:6,identity,1,1,1,1,1
1,2,0:3:6,identity,2,1,1,1,1
1,10,0:3:6,identity,0,0,1,1,1
1,10,0:3:6,identity,1,1,1,1,2
1,10,0:3:6,identity,2,1,1,1,2
1,4,0:3:6,identity,0,0,1,1,1
1,4,0:3:6,identity,1,0,1,1,4
1,4,0:3:6,identity,2,0,1,1,25
1,12,0:3:6,identity,0,0,1,1,1
1,12,0:3:6,identity,1,0,1,1,4
1,12,0:3:6,identity,2,0,1,1,25
1,8,0:3:6,identity,0,0,1,1,1
1,8,0:3:6,identity,1,1,1,1,2
1,8,0:3:6,identity,2,1,1,1,2
1,1,0:3:6,erase-relay,0,1,1,1,1
1,1,0:3:6,erase-relay,1,1,1,1,1
1,1,0:3:6,erase-relay,2,1,1,1,1
1,3,0:3:6,erase-relay,0,1,1,1,1
1,3,0:3:6,erase-relay,1,1,1,1,1
1,3,0:3:6,erase-relay,2,1,1,1,1
1,5,0:3:6,erase-relay,0,0,1,1,1
1,5,0:3:6,erase-relay,1,0,1,1,4
1,5,0:3:6,erase-relay,2,0,1,1,25
1,2,0:3:6,erase-relay,0,1,1,1,1
1,2,0:3:6,erase-relay,1,1,1,1,1
1,2,0:3:6,erase-relay,2,1,1,1,1
1,10,0:3:6,erase-relay,0,1,1,1,1
1,10,0:3:6,erase-relay,1,1,1,1,1
1,10,0:3:6,erase-relay,2,1,1,1,1
1,4,0:3:6,erase-relay,0,0,1,1,1
1,4,0:3:6,erase-relay,1,0,1,1,4
1,4,0:3:6,erase-relay,2,0,1,1,25
1,12,0:3:6,erase-relay,0,0,1,1,1
1,12,0:3:6,erase-relay,1,0,1,1,4
1,12,0:3:6,erase-relay,2,0,1,1,25
1,8,0:3:6,erase-relay,0,1,1,1,1
1,8,0:3:6,erase-relay,1,1,1,1,1
1,8,0:3:6,erase-relay,2,1,1,1,1
1,1,0:3:7,identity,0,1,1,1,1
1,1,0:3:7,identity,1,1,1,1,1
1,1,0:3:7,identity,2,1,1,1,1
1,3,0:3:7,identity,0,1,1,1,1
1,3,0:3:7,identity,1,1,1,1,1
1,3,0:3:7,identity,2,1,1,1,1
1,5,0:3:7,identity,0,0,1,1,1
1,5,0:3:7,identity,1,0,1,1,4
1,5,0:3:7,identity,2,0,1,1,25
1,2,0:3:7,identity,0,1,1,1,1
1,2,0:3:7,identity,1,1,1,1,1
1,2,0:3:7,identity,2,1,1,1,1
1,10,0:3:7,identity,0,0,1,1,1
1,10,0:3:7,identity,1,1,1,1,2
1,10,0:3:7,identity,2,1,1,1,2
1,4,0:3:7,identity,0,0,1,1,1
1,4,0:3:7,identity,1,0,1,1,4
1,4,0:3:7,identity,2,0,1,1,25
1,12,0:3:7,identity,0,0,1,1,1
1,12,0:3:7,identity,1,0,1,1,4
1,12,0:3:7,identity,2,0,1,1,25
1,8,0:3:7,identity,0,0,1,1,1
1,8,0:3:7,identity,1,1,1,1,2
1,8,0:3:7,identity,2,1,1,1,2
1,1,0:3:7,erase-relay,0,1,1,1,1
1,1,0:3:7,erase-relay,1,1,1,1,1
1,1,0:3:7,erase-relay,2,1,1,1,1
1,3,0:3:7,erase-relay,0,1,1,1,1
1,3,0:3:7,erase-relay,1,1,1,1,1
1,3,0:3:7,erase-relay,2,1,1,1,1
1,5,0:3:7,erase-relay,0,0,1,1,1
1,5,0:3:7,erase-relay,1,0,1,1,4
1,5,0:3:7,erase-relay,2,0,1,1,25
1,2,0:3:7,erase-relay,0,1,1,1,1
1,2,0:3:7,erase-relay,1,1,1,1,1
1,2,0:3:7,erase-relay,2,1,1,1,1
1,10,0:3:7,erase-relay,0,1,1,1,1
1,10,0:3:7,erase-relay,1,1,1,1,1
1,10,0:3:7,erase-relay,2,1,1,1,1
1,4,0:3:7,erase-relay,0,0,1,1,1
1,4,0:3:7,erase-relay,1,0,1,1,4
1,4,0:3:7,erase-relay,2,0,1,1,25
1,12,0:3:7,erase-relay,0,0,1,1,1
1,12,0:3:7,erase-relay,1,0,1,1,4
1,12,0:3:7,erase-relay,2,0,1,1,25
1,8,0:3:7,erase-relay,0,1,1,1,1
1,8,0:3:7,erase-relay,1,1,1,1,1
1,8,0:3:7,erase-relay,2,1,1,1,1
1,1,0:4:5,identity,0,1,1,1,1
1,1,0:4:5,identity,1,1,1,1,1
1,1,0:4:5,identity,2,1,1,1,1
1,3,0:4:5,identity,0,1,1,1,1
1,3,0:4:5,identity,1,1,1,1,1
1,3,0:4:5,identity,2,1,1,1,1
1,5,0:4:5,identity,0,0,1,1,1
1,5,0:4:5,identity,1,0,1,1,4
1,5,0:4:5,identity,2,0,1,1,13
1,2,0:4:5,identity,0,1,1,1,1
1,2,0:4:5,identity,1,1,1,1,1
1,2,0:4:5,identity,2,1,1,1,1
1,10,0:4:5,identity,0,0,1,1,1
1,10,0:4:5,identity,1,1,1,1,2
1,10,0:4:5,identity,2,1,1,1,2
1,4,0:4:5,identity,0,0,1,1,1
1,4,0:4:5,identity,1,0,1,1,4
1,4,0:4:5,identity,2,0,1,1,13
1,12,0:4:5,identity,0,0,1,1,1
1,12,0:4:5,identity,1,0,1,1,4
1,12,0:4:5,identity,2,0,1,1,13
1,8,0:4:5,identity,0,0,1,1,1
1,8,0:4:5,identity,1,1,1,1,2
1,8,0:4:5,identity,2,1,1,1,2
1,1,0:4:5,erase-relay,0,1,1,1,1
1,1,0:4:5,erase-relay,1,1,1,1,1
1,1,0:4:5,erase-relay,2,1,1,1,1
1,3,0:4:5,erase-relay,0,1,1,1,1
1,3,0:4:5,erase-relay,1,1,1,1,1
1,3,0:4:5,erase-relay,2,1,1,1,1
1,5,0:4:5,erase-relay,0,0,1,1,1
1,5,0:4:5,erase-relay,1,0,1,1,4
1,5,0:4:5,erase-relay,2,0,1,1,13
1,2,0:4:5,erase-relay,0,1,1,1,1
1,2,0:4:5,erase-relay,1,1,1,1,1
1,2,0:4:5,erase-relay,2,1,1,1,1
1,10,0:4:5,erase-relay,0,1,1,1,1
1,10,0:4:5,erase-relay,1,1,1,1,1
1,10,0:4:5,erase-relay,2,1,1,1,1
1,4,0:4:5,erase-relay,0,0,1,1,1
1,4,0:4:5,erase-relay,1,0,1,1,4
1,4,0:4:5,erase-relay,2,0,1,1,13
1,12,0:4:5,erase-relay,0,0,1,1,1
1,12,0:4:5,erase-relay,1,0,1,1,4
1,12,0:4:5,erase-relay,2,0,1,1,13
1,8,0:4:5,erase-relay,0,1,1,1,1
1,8,0:4:5,erase-relay,1,1,1,1,1
1,8,0:4:5,erase-relay,2,1,1,1,1
1,1,0:4:6,identity,0,1,1,1,1
1,1,0:4:6,identity,1,1,1,1,1
1,1,0:4:6,identity,2,1,1,1,1
1,3,0:4:6,identity,0,1,1,1,1
1,3,0:4:6,identity,1,1,1,1,1
1,3,0:4:6,identity,2,1,1,1,1
1,5,0:4:6,identity,0,0,1,1,1
1,5,0:4:6,identity,1,0,1,1,4
1,5,0:4:6,identity,2,0,1,1,25
1,2,0:4:6,identity,0,1,1,1,1
1,2,0:4:6,identity,1,1,1,1,1
1,2,0:4:6,identity,2,1,1,1,1
1,10,0:4:6,identity,0,0,1,1,1
1,10,0:4:6,identity,1,1,1,1,2
1,10,0:4:6,identity,2,1,1,1,2
1,4,0:4:6,identity,0,0,1,1,1
1,4,0:4:6,identity,1,0,1,1,4
1,4,0:4:6,identity,2,0,1,1,25
1,12,0:4:6,identity,0,0,1,1,1
1,12,0:4:6,identity,1,0,1,1,4
1,12,0:4:6,identity,2,0,1,1,25
1,8,0:4:6,identity,0,0,1,1,1
1,8,0:4:6,identity,1,1,1,1,2
1,8,0:4:6,identity,2,1,1,1,2
1,1,0:4:6,erase-relay,0,1,1,1,1
1,1,0:4:6,erase-relay,1,1,1,1,1
1,1,0:4:6,erase-relay,2,1,1,1,1
1,3,0:4:6,erase-relay,0,1,1,1,1
1,3,0:4:6,erase-relay,1,1,1,1,1
1,3,0:4:6,erase-relay,2,1,1,1,1
1,5,0:4:6,erase-relay,0,0,1,1,1
1,5,0:4:6,erase-relay,1,0,1,1,4
1,5,0:4:6,erase-relay,2,0,1,1,25
1,2,0:4:6,erase-relay,0,1,1,1,1
1,2,0:4:6,erase-relay,1,1,1,1,1
1,2,0:4:6,erase-relay,2,1,1,1,1
1,10,0:4:6,erase-relay,0,1,1,1,1
1,10,0:4:6,erase-relay,1,1,1,1,1
1,10,0:4:6,erase-relay,2,1,1,1,1
1,4,0:4:6,erase-relay,0,0,1,1,1
1,4,0:4:6,erase-relay,1,0,1,1,4
1,4,0:4:6,erase-relay,2,0,1,1,25
1,12,0:4:6,erase-relay,0,0,1,1,1
1,12,0:4:6,erase-relay,1,0,1,1,4
1,12,0:4:6,erase-relay,2,0,1,1,25
1,8,0:4:6,erase-relay,0,1,1,1,1
1,8,0:4:6,erase-relay,1,1,1,1,1
1,8,0:4:6,erase-relay,2,1,1,1,1
1,1,0:4:7,identity,0,1,1,1,1
1,1,0:4:7,identity,1,1,1,1,1
1,1,0:4:7,identity,2,1,1,1,1
1,3,0:4:7,identity,0,1,1,1,1
1,3,0:4:7,identity,1,1,1,1,1
1,3,0:4:7,identity,2,1,1,1,1
1,5,0:4:7,identity,0,0,1,1,1
1,5,0:4:7,identity,1,0,1,1,4
1,5,0:4:7,identity,2,0,1,1,25
1,2,0:4:7,identity,0,1,1,1,1
1,2,0:4:7,identity,1,1,1,1,1
1,2,0:4:7,identity,2,1,1,1,1
1,10,0:4:7,identity,0,0,1,1,1
1,10,0:4:7,identity,1,1,1,1,2
1,10,0:4:7,identity,2,1,1,1,2
1,4,0:4:7,identity,0,0,1,1,1
1,4,0:4:7,identity,1,0,1,1,4
1,4,0:4:7,identity,2,0,1,1,25
1,12,0:4:7,identity,0,0,1,1,1
1,12,0:4:7,identity,1,0,1,1,4
1,12,0:4:7,identity,2,0,1,1,25
1,8,0:4:7,identity,0,0,1,1,1
1,8,0:4:7,identity,1,1,1,1,2
1,8,0:4:7,identity,2,1,1,1,2
1,1,0:4:7,erase-relay,0,1,1,1,1
1,1,0:4:7,erase-relay,1,1,1,1,1
1,1,0:4:7,erase-relay,2,1,1,1,1
1,3,0:4:7,erase-relay,0,1,1,1,1
1,3,0:4:7,erase-relay,1,1,1,1,1
1,3,0:4:7,erase-relay,2,1,1,1,1
1,5,0:4:7,erase-relay,0,0,1,1,1
1,5,0:4:7,erase-relay,1,0,1,1,4
1,5,0:4:7,erase-relay,2,0,1,1,25
1,2,0:4:7,erase-relay,0,1,1,1,1
1,2,0:4:7,erase-relay,1,1,1,1,1
1,2,0:4:7,erase-relay,2,1,1,1,1
1,10,0:4:7,erase-relay,0,1,1,1,1
1,10,0:4:7,erase-relay,1,1,1,1,1
1,10,0:4:7,erase-relay,2,1,1,1,1
1,4,0:4:7,erase-relay,0,0,1,1,1
1,4,0:4:7,erase-relay,1,0,1,1,4
1,4,0:4:7,erase-relay,2,0,1,1,25
1,12,0:4:7,erase-relay,0,0,1,1,1
1,12,0:4:7,erase-relay,1,0,1,1,4
1,12,0:4:7,erase-relay,2,0,1,1,25
1,8,0:4:7,erase-relay,0,1,1,1,1
1,8,0:4:7,erase-relay,1,1,1,1,1
1,8,0:4:7,erase-relay,2,1,1,1,1
1,1,0:5:6,identity,0,1,1,1,1
1,1,0:5:6,identity,1,1,1,1,1
1,1,0:5:6,identity,2,1,1,1,1
1,3,0:5:6,identity,0,1,1,1,1
1,3,0:5:6,identity,1,1,1,1,1
1,3,0:5:6,identity,2,1,1,1,1
1,5,0:5:6,identity,0,0,1,1,1
1,5,0:5:6,identity,1,0,1,1,4
1,5,0:5:6,identity,2,0,1,1,25
1,2,0:5:6,identity,0,1,1,1,1
1,2,0:5:6,identity,1,1,1,1,1
1,2,0:5:6,identity,2,1,1,1,1
1,10,0:5:6,identity,0,0,1,1,1
1,10,0:5:6,identity,1,1,1,1,2
1,10,0:5:6,identity,2,1,1,1,2
1,4,0:5:6,identity,0,0,1,1,1
1,4,0:5:6,identity,1,0,1,1,4
1,4,0:5:6,identity,2,0,1,1,25
1,12,0:5:6,identity,0,0,1,1,1
1,12,0:5:6,identity,1,0,1,1,4
1,12,0:5:6,identity,2,0,1,1,25
1,8,0:5:6,identity,0,0,1,1,1
1,8,0:5:6,identity,1,1,1,1,2
1,8,0:5:6,identity,2,1,1,1,2
1,1,0:5:6,erase-relay,0,1,1,1,1
1,1,0:5:6,erase-relay,1,1,1,1,1
1,1,0:5:6,erase-relay,2,1,1,1,1
1,3,0:5:6,erase-relay,0,1,1,1,1
1,3,0:5:6,erase-relay,1,1,1,1,1
1,3,0:5:6,erase-relay,2,1,1,1,1
1,5,0:5:6,erase-relay,0,0,1,1,1
1,5,0:5:6,erase-relay,1,0,1,1,4
1,5,0:5:6,erase-relay,2,0,1,1,25
1,2,0:5:6,erase-relay,0,1,1,1,1
1,2,0:5:6,erase-relay,1,1,1,1,1
1,2,0:5:6,erase-relay,2,1,1,1,1
1,10,0:5:6,erase-relay,0,1,1,1,1
1,10,0:5:6,erase-relay,1,1,1,1,1
1,10,0:5:6,erase-relay,2,1,1,1,1
1,4,0:5:6,erase-relay,0,0,1,1,1
1,4,0:5:6,erase-relay,1,0,1,1,4
1,4,0:5:6,erase-relay,2,0,1,1,25
1,12,0:5:6,erase-relay,0,0,1,1,1
1,12,0:5:6,erase-relay,1,0,1,1,4
1,12,0:5:6,erase-relay,2,0,1,1,25
1,8,0:5:6,erase-relay,0,1,1,1,1
1,8,0:5:6,erase-relay,1,1,1,1,1
1,8,0:5:6,erase-relay,2,1,1,1,1
1,1,0:5:7,identity,0,1,1,1,1
1,1,0:5:7,identity,1,1,1,1,1
1,1,0:5:7,identity,2,1,1,1,1
1,3,0:5:7,identity,0,1,1,1,1
1,3,0:5:7,identity,1,1,1,1,1
1,3,0:5:7,identity,2,1,1,1,1
1,5,0:5:7,identity,0,0,1,1,1
1,5,0:5:7,identity,1,0,1,1,4
1,5,0:5:7,identity,2,0,1,1,25
1,2,0:5:7,identity,0,1,1,1,1
1,2,0:5:7,identity,1,1,1,1,1
1,2,0:5:7,identity,2,1,1,1,1
1,10,0:5:7,identity,0,0,1,1,1
1,10,0:5:7,identity,1,1,1,1,2
1,10,0:5:7,identity,2,1,1,1,2
1,4,0:5:7,identity,0,0,1,1,1
1,4,0:5:7,identity,1,0,1,1,4
1,4,0:5:7,identity,2,0,1,1,25
1,12,0:5:7,identity,0,0,1,1,1
1,12,0:5:7,identity,1,0,1,1,4
1,12,0:5:7,identity,2,0,1,1,25
1,8,0:5:7,identity,0,0,1,1,1
1,8,0:5:7,identity,1,1,1,1,2
1,8,0:5:7,identity,2,1,1,1,2
1,1,0:5:7,erase-relay,0,1,1,1,1
1,1,0:5:7,erase-relay,1,1,1,1,1
1,1,0:5:7,erase-relay,2,1,1,1,1
1,3,0:5:7,erase-relay,0,1,1,1,1
1,3,0:5:7,erase-relay,1,1,1,1,1
1,3,0:5:7,erase-relay,2,1,1,1,1
1,5,0:5:7,erase-relay,0,0,1,1,1
1,5,0:5:7,erase-relay,1,0,1,1,4
1,5,0:5:7,erase-relay,2,0,1,1,25
1,2,0:5:7,erase-relay,0,1,1,1,1
1,2,0:5:7,erase-relay,1,1,1,1,1
1,2,0:5:7,erase-relay,2,1,1,1,1
1,10,0:5:7,erase-relay,0,1,1,1,1
1,10,0:5:7,erase-relay,1,1,1,1,1
1,10,0:5:7,erase-relay,2,1,1,1,1
1,4,0:5:7,erase-relay,0,0,1,1,1
1,4,0:5:7,erase-relay,1,0,1,1,4
1,4,0:5:7,erase-relay,2,0,1,1,25
1,12,0:5:7,erase-relay,0,0,1,1,1
1,12,0:5:7,erase-relay,1,0,1,1,4
1,12,0:5:7,erase-relay,2,0,1,1,25
1,8,0:5:7,erase-relay,0,1,1,1,1
1,8,0:5:7,erase-relay,1,1,1,1,1
1,8,0:5:7,erase-relay,2,1,1,1,1
1,1,0:6:7,identity,0,1,1,1,1
1,1,0:6:7,identity,1,1,1,1,1
1,1,0:6:7,identity,2,1,1,1,1
1,3,0:6:7,identity,0,1,1,1,1
1,3,0:6:7,identity,1,1,1,1,1
1,3,0:6:7,identity,2,1,1,1,1
1,5,0:6:7,identity,0,0,1,1,1
1,5,0:6:7,identity,1,0,1,1,4
1,5,0:6:7,identity,2,0,1,1,37
1,2,0:6:7,identity,0,1,1,1,1
1,2,0:6:7,identity,1,1,1,1,1
1,2,0:6:7,identity,2,1,1,1,1
1,10,0:6:7,identity,0,0,1,1,1
1,10,0:6:7,identity,1,1,1,1,2
1,10,0:6:7,identity,2,1,1,1,2
1,4,0:6:7,identity,0,0,1,1,1
1,4,0:6:7,identity,1,0,1,1,4
1,4,0:6:7,identity,2,0,1,1,37
1,12,0:6:7,identity,0,0,1,1,1
1,12,0:6:7,identity,1,0,1,1,4
1,12,0:6:7,identity,2,0,1,1,37
1,8,0:6:7,identity,0,0,1,1,1
1,8,0:6:7,identity,1,1,1,1,2
1,8,0:6:7,identity,2,1,1,1,2
1,1,0:6:7,erase-relay,0,1,1,1,1
1,1,0:6:7,erase-relay,1,1,1,1,1
1,1,0:6:7,erase-relay,2,1,1,1,1
1,3,0:6:7,erase-relay,0,1,1,1,1
1,3,0:6:7,erase-relay,1,1,1,1,1
1,3,0:6:7,erase-relay,2,1,1,1,1
1,5,0:6:7,erase-relay,0,0,1,1,1
1,5,0:6:7,erase-relay,1,0,1,1,4
1,5,0:6:7,erase-relay,2,0,1,1,37
1,2,0:6:7,erase-relay,0,1,1,1,1
1,2,0:6:7,erase-relay,1,1,1,1,1
1,2,0:6:7,erase-relay,2,1,1,1,1
1,10,0:6:7,erase-relay,0,1,1,1,1
1,10,0:6:7,erase-relay,1,1,1,1,1
1,10,0:6:7,erase-relay,2,1,1,1,1
1,4,0:6:7,erase-relay,0,0,1,1,1
1,4,0:6:7,erase-relay,1,0,1,1,4
1,4,0:6:7,erase-relay,2,0,1,1,37
1,12,0:6:7,erase-relay,0,0,1,1,1
1,12,0:6:7,erase-relay,1,0,1,1,4
1,12,0:6:7,erase-relay,2,0,1,1,37
1,8,0:6:7,erase-relay,0,1,1,1,1
1,8,0:6:7,erase-relay,1,1,1,1,1
1,8,0:6:7,erase-relay,2,1,1,1,1
1,1,1:2:3,identity,0,1,1,1,1
1,1,1:2:3,identity,1,1,1,1,1
1,1,1:2:3,identity,2,1,1,1,1
1,3,1:2:3,identity,0,1,1,1,1
1,3,1:2:3,identity,1,1,1,1,1
1,3,1:2:3,identity,2,1,1,1,1
1,5,1:2:3,identity,0,0,1,1,1
1,5,1:2:3,identity,1,0,1,1,4
1,5,1:2:3,identity,2,0,1,1,13
1,2,1:2:3,identity,0,1,1,1,1
1,2,1:2:3,identity,1,1,1,1,1
1,2,1:2:3,identity,2,1,1,1,1
1,10,1:2:3,identity,0,0,1,1,1
1,10,1:2:3,identity,1,0,1,1,4
1,10,1:2:3,identity,2,0,1,1,13
1,4,1:2:3,identity,0,0,1,1,1
1,4,1:2:3,identity,1,0,1,1,4
1,4,1:2:3,identity,2,0,1,1,13
1,12,1:2:3,identity,0,0,1,1,1
1,12,1:2:3,identity,1,0,1,1,4
1,12,1:2:3,identity,2,0,1,1,13
1,8,1:2:3,identity,0,0,1,1,1
1,8,1:2:3,identity,1,0,1,1,4
1,8,1:2:3,identity,2,0,1,1,13
1,1,1:2:3,erase-relay,0,1,1,1,1
1,1,1:2:3,erase-relay,1,1,1,1,1
1,1,1:2:3,erase-relay,2,1,1,1,1
1,3,1:2:3,erase-relay,0,1,1,1,1
1,3,1:2:3,erase-relay,1,1,1,1,1
1,3,1:2:3,erase-relay,2,1,1,1,1
1,5,1:2:3,erase-relay,0,0,1,1,1
1,5,1:2:3,erase-relay,1,0,1,1,4
1,5,1:2:3,erase-relay,2,0,1,1,13
1,2,1:2:3,erase-relay,0,1,1,1,1
1,2,1:2:3,erase-relay,1,1,1,1,1
1,2,1:2:3,erase-relay,2,1,1,1,1
1,10,1:2:3,erase-relay,0,1,1,1,1
1,10,1:2:3,erase-relay,1,1,1,1,1
1,10,1:2:3,erase-relay,2,1,1,1,1
1,4,1:2:3,erase-relay,0,0,1,1,1
1,4,1:2:3,erase-relay,1,0,1,1,4
1,4,1:2:3,erase-relay,2,0,1,1,13
1,12,1:2:3,erase-relay,0,0,1,1,1
1,12,1:2:3,erase-relay,1,0,1,1,4
1,12,1:2:3,erase-relay,2,0,1,1,13
1,8,1:2:3,erase-relay,0,1,1,1,1
1,8,1:2:3,erase-relay,1,1,1,1,1
1,8,1:2:3,erase-relay,2,1,1,1,1
1,1,1:2:4,identity,0,1,1,1,1
1,1,1:2:4,identity,1,1,1,1,1
1,1,1:2:4,identity,2,1,1,1,1
1,3,1:2:4,identity,0,1,1,1,1
1,3,1:2:4,identity,1,1,1,1,1
1,3,1:2:4,identity,2,1,1,1,1
1,5,1:2:4,identity,0,0,1,1,1
1,5,1:2:4,identity,1,0,1,1,4
1,5,1:2:4,identity,2,0,1,1,13
1,2,1:2:4,identity,0,1,1,1,1
1,2,1:2:4,identity,1,1,1,1,1
1,2,1:2:4,identity,2,1,1,1,1
1,10,1:2:4,identity,0,0,1,1,1
1,10,1:2:4,identity,1,0,1,1,4
1,10,1:2:4,identity,2,1,1,1,5
1,4,1:2:4,identity,0,0,1,1,1
1,4,1:2:4,identity,1,0,1,1,4
1,4,1:2:4,identity,2,0,1,1,13
1,12,1:2:4,identity,0,0,1,1,1
1,12,1:2:4,identity,1,0,1,1,4
1,12,1:2:4,identity,2,0,1,1,13
1,8,1:2:4,identity,0,0,1,1,1
1,8,1:2:4,identity,1,1,1,1,4
1,8,1:2:4,identity,2,1,1,1,5
1,1,1:2:4,erase-relay,0,1,1,1,1
1,1,1:2:4,erase-relay,1,1,1,1,1
1,1,1:2:4,erase-relay,2,1,1,1,1
1,3,1:2:4,erase-relay,0,1,1,1,1
1,3,1:2:4,erase-relay,1,1,1,1,1
1,3,1:2:4,erase-relay,2,1,1,1,1
1,5,1:2:4,erase-relay,0,0,1,1,1
1,5,1:2:4,erase-relay,1,0,1,1,4
1,5,1:2:4,erase-relay,2,0,1,1,13
1,2,1:2:4,erase-relay,0,1,1,1,1
1,2,1:2:4,erase-relay,1,1,1,1,1
1,2,1:2:4,erase-relay,2,1,1,1,1
1,10,1:2:4,erase-relay,0,1,1,1,1
1,10,1:2:4,erase-relay,1,1,1,1,1
1,10,1:2:4,erase-relay,2,1,1,1,1
1,4,1:2:4,erase-relay,0,0,1,1,1
1,4,1:2:4,erase-relay,1,0,1,1,4
1,4,1:2:4,erase-relay,2,0,1,1,13
1,12,1:2:4,erase-relay,0,0,1,1,1
1,12,1:2:4,erase-relay,1,0,1,1,4
1,12,1:2:4,erase-relay,2,0,1,1,13
1,8,1:2:4,erase-relay,0,1,1,1,1
1,8,1:2:4,erase-relay,1,1,1,1,1
1,8,1:2:4,erase-relay,2,1,1,1,1
1,1,1:2:5,identity,0,1,1,1,1
1,1,1:2:5,identity,1,1,1,1,1
1,1,1:2:5,identity,2,1,1,1,1
1,3,1:2:5,identity,0,1,1,1,1
1,3,1:2:5,identity,1,1,1,1,1
1,3,1:2:5,identity,2,1,1,1,1
1,5,1:2:5,identity,0,0,1,1,1
1,5,1:2:5,identity,1,0,1,1,4
1,5,1:2:5,identity,2,0,1,1,13
1,2,1:2:5,identity,0,1,1,1,1
1,2,1:2:5,identity,1,1,1,1,1
1,2,1:2:5,identity,2,1,1,1,1
1,10,1:2:5,identity,0,0,1,1,1
1,10,1:2:5,identity,1,0,1,1,4
1,10,1:2:5,identity,2,0,1,1,13
1,4,1:2:5,identity,0,0,1,1,1
1,4,1:2:5,identity,1,0,1,1,4
1,4,1:2:5,identity,2,0,1,1,13
1,12,1:2:5,identity,0,0,1,1,1
1,12,1:2:5,identity,1,0,1,1,4
1,12,1:2:5,identity,2,0,1,1,13
1,8,1:2:5,identity,0,0,1,1,1
1,8,1:2:5,identity,1,0,1,1,4
1,8,1:2:5,identity,2,0,1,1,13
1,1,1:2:5,erase-relay,0,1,1,1,1
1,1,1:2:5,erase-relay,1,1,1,1,1
1,1,1:2:5,erase-relay,2,1,1,1,1
1,3,1:2:5,erase-relay,0,1,1,1,1
1,3,1:2:5,erase-relay,1,1,1,1,1
1,3,1:2:5,erase-relay,2,1,1,1,1
1,5,1:2:5,erase-relay,0,0,1,1,1
1,5,1:2:5,erase-relay,1,0,1,1,4
1,5,1:2:5,erase-relay,2,0,1,1,13
1,2,1:2:5,erase-relay,0,1,1,1,1
1,2,1:2:5,erase-relay,1,1,1,1,1
1,2,1:2:5,erase-relay,2,1,1,1,1
1,10,1:2:5,erase-relay,0,1,1,1,1
1,10,1:2:5,erase-relay,1,1,1,1,1
1,10,1:2:5,erase-relay,2,1,1,1,1
1,4,1:2:5,erase-relay,0,0,1,1,1
1,4,1:2:5,erase-relay,1,0,1,1,4
1,4,1:2:5,erase-relay,2,0,1,1,13
1,12,1:2:5,erase-relay,0,0,1,1,1
1,12,1:2:5,erase-relay,1,0,1,1,4
1,12,1:2:5,erase-relay,2,0,1,1,13
1,8,1:2:5,erase-relay,0,1,1,1,1
1,8,1:2:5,erase-relay,1,1,1,1,1
1,8,1:2:5,erase-relay,2,1,1,1,1
1,1,1:2:6,identity,0,1,1,1,1
1,1,1:2:6,identity,1,1,1,1,1
1,1,1:2:6,identity,2,1,1,1,1
1,3,1:2:6,identity,0,1,1,1,1
1,3,1:2:6,identity,1,1,1,1,1
1,3,1:2:6,identity,2,1,1,1,1
1,5,1:2:6,identity,0,0,1,1,1
1,5,1:2:6,identity,1,0,1,1,4
1,5,1:2:6,identity,2,0,1,1,25
1,2,1:2:6,identity,0,1,1,1,1
1,2,1:2:6,identity,1,1,1,1,1
1,2,1:2:6,identity,2,1,1,1,1
1,10,1:2:6,identity,0,0,1,1,1
1,10,1:2:6,identity,1,0,1,1,4
1,10,1:2:6,identity,2,0,1,1,25
1,4,1:2:6,identity,0,0,1,1,1
1,4,1:2:6,identity,1,0,1,1,4
1,4,1:2:6,identity,2,0,1,1,25
1,12,1:2:6,identity,0,0,1,1,1
1,12,1:2:6,identity,1,0,1,1,4
1,12,1:2:6,identity,2,0,1,1,25
1,8,1:2:6,identity,0,0,1,1,1
1,8,1:2:6,identity,1,0,1,1,4
1,8,1:2:6,identity,2,0,1,1,25
1,1,1:2:6,erase-relay,0,1,1,1,1
1,1,1:2:6,erase-relay,1,1,1,1,1
1,1,1:2:6,erase-relay,2,1,1,1,1
1,3,1:2:6,erase-relay,0,1,1,1,1
1,3,1:2:6,erase-relay,1,1,1,1,1
1,3,1:2:6,erase-relay,2,1,1,1,1
1,5,1:2:6,erase-relay,0,0,1,1,1
1,5,1:2:6,erase-relay,1,0,1,1,4
1,5,1:2:6,erase-relay,2,0,1,1,25
1,2,1:2:6,erase-relay,0,1,1,1,1
1,2,1:2:6,erase-relay,1,1,1,1,1
1,2,1:2:6,erase-relay,2,1,1,1,1
1,10,1:2:6,erase-relay,0,1,1,1,1
1,10,1:2:6,erase-relay,1,1,1,1,1
1,10,1:2:6,erase-relay,2,1,1,1,1
1,4,1:2:6,erase-relay,0,0,1,1,1
1,4,1:2:6,erase-relay,1,0,1,1,4
1,4,1:2:6,erase-relay,2,0,1,1,25
1,12,1:2:6,erase-relay,0,0,1,1,1
1,12,1:2:6,erase-relay,1,0,1,1,4
1,12,1:2:6,erase-relay,2,0,1,1,25
1,8,1:2:6,erase-relay,0,1,1,1,1
1,8,1:2:6,erase-relay,1,1,1,1,1
1,8,1:2:6,erase-relay,2,1,1,1,1
1,1,1:2:7,identity,0,1,1,1,1
1,1,1:2:7,identity,1,1,1,1,1
1,1,1:2:7,identity,2,1,1,1,1
1,3,1:2:7,identity,0,1,1,1,1
1,3,1:2:7,identity,1,1,1,1,1
1,3,1:2:7,identity,2,1,1,1,1
1,5,1:2:7,identity,0,0,1,1,1
1,5,1:2:7,identity,1,0,1,1,4
1,5,1:2:7,identity,2,0,1,1,25
1,2,1:2:7,identity,0,1,1,1,1
1,2,1:2:7,identity,1,1,1,1,1
1,2,1:2:7,identity,2,1,1,1,1
1,10,1:2:7,identity,0,0,1,1,1
1,10,1:2:7,identity,1,0,1,1,4
1,10,1:2:7,identity,2,0,1,1,25
1,4,1:2:7,identity,0,0,1,1,1
1,4,1:2:7,identity,1,0,1,1,4
1,4,1:2:7,identity,2,0,1,1,25
1,12,1:2:7,identity,0,0,1,1,1
1,12,1:2:7,identity,1,0,1,1,4
1,12,1:2:7,identity,2,0,1,1,25
1,8,1:2:7,identity,0,0,1,1,1
1,8,1:2:7,identity,1,0,1,1,4
1,8,1:2:7,identity,2,0,1,1,25
1,1,1:2:7,erase-relay,0,1,1,1,1
1,1,1:2:7,erase-relay,1,1,1,1,1
1,1,1:2:7,erase-relay,2,1,1,1,1
1,3,1:2:7,erase-relay,0,1,1,1,1
1,3,1:2:7,erase-relay,1,1,1,1,1
1,3,1:2:7,erase-relay,2,1,1,1,1
1,5,1:2:7,erase-relay,0,0,1,1,1
1,5,1:2:7,erase-relay,1,0,1,1,4
1,5,1:2:7,erase-relay,2,0,1,1,25
1,2,1:2:7,erase-relay,0,1,1,1,1
1,2,1:2:7,erase-relay,1,1,1,1,1
1,2,1:2:7,erase-relay,2,1,1,1,1
1,10,1:2:7,erase-relay,0,1,1,1,1
1,10,1:2:7,erase-relay,1,1,1,1,1
1,10,1:2:7,erase-relay,2,1,1,1,1
1,4,1:2:7,erase-relay,0,0,1,1,1
1,4,1:2:7,erase-relay,1,0,1,1,4
1,4,1:2:7,erase-relay,2,0,1,1,25
1,12,1:2:7,erase-relay,0,0,1,1,1
1,12,1:2:7,erase-relay,1,0,1,1,4
1,12,1:2:7,erase-relay,2,0,1,1,25
1,8,1:2:7,erase-relay,0,1,1,1,1
1,8,1:2:7,erase-relay,1,1,1,1,1
1,8,1:2:7,erase-relay,2,1,1,1,1
1,1,1:3:4,identity,0,1,1,1,1
1,1,1:3:4,identity,1,1,1,1,1
1,1,1:3:4,identity,2,1,1,1,1
1,3,1:3:4,identity,0,1,1,1,1
1,3,1:3:4,identity,1,1,1,1,1
1,3,1:3:4,identity,2,1,1,1,1
1,5,1:3:4,identity,0,0,1,1,1
1,5,1:3:4,identity,1,0,1,1,4
1,5,1:3:4,identity,2,0,1,1,13
1,2,1:3:4,identity,0,1,1,1,1
1,2,1:3:4,identity,1,1,1,1,1
1,2,1:3:4,identity,2,1,1,1,1
1,10,1:3:4,identity,0,0,1,1,1
1,10,1:3:4,identity,1,0,1,1,4
1,10,1:3:4,identity,2,1,1,1,5
1,4,1:3:4,identity,0,0,1,1,1
1,4,1:3:4,identity,1,0,1,1,4
1,4,1:3:4,identity,2,0,1,1,13
1,12,1:3:4,identity,0,0,1,1,1
1,12,1:3:4,identity,1,0,1,1,4
1,12,1:3:4,identity,2,0,1,1,13
1,8,1:3:4,identity,0,0,1,1,1
1,8,1:3:4,identity,1,1,1,1,4
1,8,1:3:4,identity,2,1,1,1,5
1,1,1:3:4,erase-relay,0,1,1,1,1
1,1,1:3:4,erase-relay,1,1,1,1,1
1,1,1:3:4,erase-relay,2,1,1,1,1
1,3,1:3:4,erase-relay,0,1,1,1,1
1,3,1:3:4,erase-relay,1,1,1,1,1
1,3,1:3:4,erase-relay,2,1,1,1,1
1,5,1:3:4,erase-relay,0,0,1,1,1
1,5,1:3:4,erase-relay,1,0,1,1,4
1,5,1:3:4,erase-relay,2,0,1,1,13
1,2,1:3:4,erase-relay,0,1,1,1,1
1,2,1:3:4,erase-relay,1,1,1,1,1
1,2,1:3:4,erase-relay,2,1,1,1,1
1,10,1:3:4,erase-relay,0,1,1,1,1
1,10,1:3:4,erase-relay,1,1,1,1,1
1,10,1:3:4,erase-relay,2,1,1,1,1
1,4,1:3:4,erase-relay,0,0,1,1,1
1,4,1:3:4,erase-relay,1,0,1,1,4
1,4,1:3:4,erase-relay,2,0,1,1,13
1,12,1:3:4,erase-relay,0,0,1,1,1
1,12,1:3:4,erase-relay,1,0,1,1,4
1,12,1:3:4,erase-relay,2,0,1,1,13
1,8,1:3:4,erase-relay,0,1,1,1,1
1,8,1:3:4,erase-relay,1,1,1,1,1
1,8,1:3:4,erase-relay,2,1,1,1,1
1,1,1:3:5,identity,0,1,1,1,1
1,1,1:3:5,identity,1,1,1,1,1
1,1,1:3:5,identity,2,1,1,1,1
1,3,1:3:5,identity,0,1,1,1,1
1,3,1:3:5,identity,1,1,1,1,1
1,3,1:3:5,identity,2,1,1,1,1
1,5,1:3:5,identity,0,0,1,1,1
1,5,1:3:5,identity,1,0,1,1,4
1,5,1:3:5,identity,2,0,1,1,13
1,2,1:3:5,identity,0,1,1,1,1
1,2,1:3:5,identity,1,1,1,1,1
1,2,1:3:5,identity,2,1,1,1,1
1,10,1:3:5,identity,0,0,1,1,1
1,10,1:3:5,identity,1,0,1,1,4
1,10,1:3:5,identity,2,0,1,1,13
1,4,1:3:5,identity,0,0,1,1,1
1,4,1:3:5,identity,1,0,1,1,4
1,4,1:3:5,identity,2,0,1,1,13
1,12,1:3:5,identity,0,0,1,1,1
1,12,1:3:5,identity,1,0,1,1,4
1,12,1:3:5,identity,2,0,1,1,13
1,8,1:3:5,identity,0,0,1,1,1
1,8,1:3:5,identity,1,0,1,1,4
1,8,1:3:5,identity,2,0,1,1,13
1,1,1:3:5,erase-relay,0,1,1,1,1
1,1,1:3:5,erase-relay,1,1,1,1,1
1,1,1:3:5,erase-relay,2,1,1,1,1
1,3,1:3:5,erase-relay,0,1,1,1,1
1,3,1:3:5,erase-relay,1,1,1,1,1
1,3,1:3:5,erase-relay,2,1,1,1,1
1,5,1:3:5,erase-relay,0,0,1,1,1
1,5,1:3:5,erase-relay,1,0,1,1,4
1,5,1:3:5,erase-relay,2,0,1,1,13
1,2,1:3:5,erase-relay,0,1,1,1,1
1,2,1:3:5,erase-relay,1,1,1,1,1
1,2,1:3:5,erase-relay,2,1,1,1,1
1,10,1:3:5,erase-relay,0,1,1,1,1
1,10,1:3:5,erase-relay,1,1,1,1,1
1,10,1:3:5,erase-relay,2,1,1,1,1
1,4,1:3:5,erase-relay,0,0,1,1,1
1,4,1:3:5,erase-relay,1,0,1,1,4
1,4,1:3:5,erase-relay,2,0,1,1,13
1,12,1:3:5,erase-relay,0,0,1,1,1
1,12,1:3:5,erase-relay,1,0,1,1,4
1,12,1:3:5,erase-relay,2,0,1,1,13
1,8,1:3:5,erase-relay,0,1,1,1,1
1,8,1:3:5,erase-relay,1,1,1,1,1
1,8,1:3:5,erase-relay,2,1,1,1,1
1,1,1:3:6,identity,0,1,1,1,1
1,1,1:3:6,identity,1,1,1,1,1
1,1,1:3:6,identity,2,1,1,1,1
1,3,1:3:6,identity,0,1,1,1,1
1,3,1:3:6,identity,1,1,1,1,1
1,3,1:3:6,identity,2,1,1,1,1
1,5,1:3:6,identity,0,0,1,1,1
1,5,1:3:6,identity,1,0,1,1,4
1,5,1:3:6,identity,2,0,1,1,25
1,2,1:3:6,identity,0,1,1,1,1
1,2,1:3:6,identity,1,1,1,1,1
1,2,1:3:6,identity,2,1,1,1,1
1,10,1:3:6,identity,0,0,1,1,1
1,10,1:3:6,identity,1,0,1,1,4
1,10,1:3:6,identity,2,0,1,1,25
1,4,1:3:6,identity,0,0,1,1,1
1,4,1:3:6,identity,1,0,1,1,4
1,4,1:3:6,identity,2,0,1,1,25
1,12,1:3:6,identity,0,0,1,1,1
1,12,1:3:6,identity,1,0,1,1,4
1,12,1:3:6,identity,2,0,1,1,25
1,8,1:3:6,identity,0,0,1,1,1
1,8,1:3:6,identity,1,0,1,1,4
1,8,1:3:6,identity,2,0,1,1,25
1,1,1:3:6,erase-relay,0,1,1,1,1
1,1,1:3:6,erase-relay,1,1,1,1,1
1,1,1:3:6,erase-relay,2,1,1,1,1
1,3,1:3:6,erase-relay,0,1,1,1,1
1,3,1:3:6,erase-relay,1,1,1,1,1
1,3,1:3:6,erase-relay,2,1,1,1,1
1,5,1:3:6,erase-relay,0,0,1,1,1
1,5,1:3:6,erase-relay,1,0,1,1,4
1,5,1:3:6,erase-relay,2,0,1,1,25
1,2,1:3:6,erase-relay,0,1,1,1,1
1,2,1:3:6,erase-relay,1,1,1,1,1
1,2,1:3:6,erase-relay,2,1,1,1,1
1,10,1:3:6,erase-relay,0,1,1,1,1
1,10,1:3:6,erase-relay,1,1,1,1,1
1,10,1:3:6,erase-relay,2,1,1,1,1
1,4,1:3:6,erase-relay,0,0,1,1,1
1,4,1:3:6,erase-relay,1,0,1,1,4
1,4,1:3:6,erase-relay,2,0,1,1,25
1,12,1:3:6,erase-relay,0,0,1,1,1
1,12,1:3:6,erase-relay,1,0,1,1,4
1,12,1:3:6,erase-relay,2,0,1,1,25
1,8,1:3:6,erase-relay,0,1,1,1,1
1,8,1:3:6,erase-relay,1,1,1,1,1
1,8,1:3:6,erase-relay,2,1,1,1,1
1,1,1:3:7,identity,0,1,1,1,1
1,1,1:3:7,identity,1,1,1,1,1
1,1,1:3:7,identity,2,1,1,1,1
1,3,1:3:7,identity,0,1,1,1,1
1,3,1:3:7,identity,1,1,1,1,1
1,3,1:3:7,identity,2,1,1,1,1
1,5,1:3:7,identity,0,0,1,1,1
1,5,1:3:7,identity,1,0,1,1,4
1,5,1:3:7,identity,2,0,1,1,25
1,2,1:3:7,identity,0,1,1,1,1
1,2,1:3:7,identity,1,1,1,1,1
1,2,1:3:7,identity,2,1,1,1,1
1,10,1:3:7,identity,0,0,1,1,1
1,10,1:3:7,identity,1,0,1,1,4
1,10,1:3:7,identity,2,0,1,1,25
1,4,1:3:7,identity,0,0,1,1,1
1,4,1:3:7,identity,1,0,1,1,4
1,4,1:3:7,identity,2,0,1,1,25
1,12,1:3:7,identity,0,0,1,1,1
1,12,1:3:7,identity,1,0,1,1,4
1,12,1:3:7,identity,2,0,1,1,25
1,8,1:3:7,identity,0,0,1,1,1
1,8,1:3:7,identity,1,0,1,1,4
1,8,1:3:7,identity,2,0,1,1,25
1,1,1:3:7,erase-relay,0,1,1,1,1
1,1,1:3:7,erase-relay,1,1,1,1,1
1,1,1:3:7,erase-relay,2,1,1,1,1
1,3,1:3:7,erase-relay,0,1,1,1,1
1,3,1:3:7,erase-relay,1,1,1,1,1
1,3,1:3:7,erase-relay,2,1,1,1,1
1,5,1:3:7,erase-relay,0,0,1,1,1
1,5,1:3:7,erase-relay,1,0,1,1,4
1,5,1:3:7,erase-relay,2,0,1,1,25
1,2,1:3:7,erase-relay,0,1,1,1,1
1,2,1:3:7,erase-relay,1,1,1,1,1
1,2,1:3:7,erase-relay,2,1,1,1,1
1,10,1:3:7,erase-relay,0,1,1,1,1
1,10,1:3:7,erase-relay,1,1,1,1,1
1,10,1:3:7,erase-relay,2,1,1,1,1
1,4,1:3:7,erase-relay,0,0,1,1,1
1,4,1:3:7,erase-relay,1,0,1,1,4
1,4,1:3:7,erase-relay,2,0,1,1,25
1,12,1:3:7,erase-relay,0,0,1,1,1
1,12,1:3:7,erase-relay,1,0,1,1,4
1,12,1:3:7,erase-relay,2,0,1,1,25
1,8,1:3:7,erase-relay,0,1,1,1,1
1,8,1:3:7,erase-relay,1,1,1,1,1
1,8,1:3:7,erase-relay,2,1,1,1,1
1,1,1:4:5,identity,0,1,1,1,1
1,1,1:4:5,identity,1,1,1,1,1
1,1,1:4:5,identity,2,1,1,1,1
1,3,1:4:5,identity,0,1,1,1,1
1,3,1:4:5,identity,1,1,1,1,1
1,3,1:4:5,identity,2,1,1,1,1
1,5,1:4:5,identity,0,0,1,1,1
1,5,1:4:5,identity,1,0,1,1,4
1,5,1:4:5,identity,2,0,1,1,13
1,2,1:4:5,identity,0,1,1,1,1
1,2,1:4:5,identity,1,1,1,1,1
1,2,1:4:5,identity,2,1,1,1,1
1,10,1:4:5,identity,0,0,1,1,1
1,10,1:4:5,identity,1,0,1,1,4
1,10,1:4:5,identity,2,1,1,1,4
1,4,1:4:5,identity,0,0,1,1,1
1,4,1:4:5,identity,1,0,1,1,4
1,4,1:4:5,identity,2,0,1,1,13
1,12,1:4:5,identity,0,0,1,1,1
1,12,1:4:5,identity,1,0,1,1,4
1,12,1:4:5,identity,2,0,1,1,13
1,8,1:4:5,identity,0,0,1,1,1
1,8,1:4:5,identity,1,1,1,1,3
1,8,1:4:5,identity,2,1,1,1,4
1,1,1:4:5,erase-relay,0,1,1,1,1
1,1,1:4:5,erase-relay,1,1,1,1,1
1,1,1:4:5,erase-relay,2,1,1,1,1
1,3,1:4:5,erase-relay,0,1,1,1,1
1,3,1:4:5,erase-relay,1,1,1,1,1
1,3,1:4:5,erase-relay,2,1,1,1,1
1,5,1:4:5,erase-relay,0,0,1,1,1
1,5,1:4:5,erase-relay,1,0,1,1,4
1,5,1:4:5,erase-relay,2,0,1,1,13
1,2,1:4:5,erase-relay,0,1,1,1,1
1,2,1:4:5,erase-relay,1,1,1,1,1
1,2,1:4:5,erase-relay,2,1,1,1,1
1,10,1:4:5,erase-relay,0,1,1,1,1
1,10,1:4:5,erase-relay,1,1,1,1,1
1,10,1:4:5,erase-relay,2,1,1,1,1
1,4,1:4:5,erase-relay,0,0,1,1,1
1,4,1:4:5,erase-relay,1,0,1,1,4
1,4,1:4:5,erase-relay,2,0,1,1,13
1,12,1:4:5,erase-relay,0,0,1,1,1
1,12,1:4:5,erase-relay,1,0,1,1,4
1,12,1:4:5,erase-relay,2,0,1,1,13
1,8,1:4:5,erase-relay,0,1,1,1,1
1,8,1:4:5,erase-relay,1,1,1,1,1
1,8,1:4:5,erase-relay,2,1,1,1,1
1,1,1:4:6,identity,0,1,1,1,1
1,1,1:4:6,identity,1,1,1,1,1
1,1,1:4:6,identity,2,1,1,1,1
1,3,1:4:6,identity,0,1,1,1,1
1,3,1:4:6,identity,1,1,1,1,1
1,3,1:4:6,identity,2,1,1,1,1
1,5,1:4:6,identity,0,0,1,1,1
1,5,1:4:6,identity,1,0,1,1,4
1,5,1:4:6,identity,2,0,1,1,25
1,2,1:4:6,identity,0,1,1,1,1
1,2,1:4:6,identity,1,1,1,1,1
1,2,1:4:6,identity,2,1,1,1,1
1,10,1:4:6,identity,0,0,1,1,1
1,10,1:4:6,identity,1,0,1,1,4
1,10,1:4:6,identity,2,1,1,1,4
1,4,1:4:6,identity,0,0,1,1,1
1,4,1:4:6,identity,1,0,1,1,4
1,4,1:4:6,identity,2,0,1,1,25
1,12,1:4:6,identity,0,0,1,1,1
1,12,1:4:6,identity,1,0,1,1,4
1,12,1:4:6,identity,2,0,1,1,25
1,8,1:4:6,identity,0,0,1,1,1
1,8,1:4:6,identity,1,1,1,1,3
1,8,1:4:6,identity,2,1,1,1,4
1,1,1:4:6,erase-relay,0,1,1,1,1
1,1,1:4:6,erase-relay,1,1,1,1,1
1,1,1:4:6,erase-relay,2,1,1,1,1
1,3,1:4:6,erase-relay,0,1,1,1,1
1,3,1:4:6,erase-relay,1,1,1,1,1
1,3,1:4:6,erase-relay,2,1,1,1,1
1,5,1:4:6,erase-relay,0,0,1,1,1
1,5,1:4:6,erase-relay,1,0,1,1,4
1,5,1:4:6,erase-relay,2,0,1,1,25
1,2,1:4:6,erase-relay,0,1,1,1,1
1,2,1:4:6,erase-relay,1,1,1,1,1
1,2,1:4:6,erase-relay,2,1,1,1,1
1,10,1:4:6,erase-relay,0,1,1,1,1
1,10,1:4:6,erase-relay,1,1,1,1,1
1,10,1:4:6,erase-relay,2,1,1,1,1
1,4,1:4:6,erase-relay,0,0,1,1,1
1,4,1:4:6,erase-relay,1,0,1,1,4
1,4,1:4:6,erase-relay,2,0,1,1,25
1,12,1:4:6,erase-relay,0,0,1,1,1
1,12,1:4:6,erase-relay,1,0,1,1,4
1,12,1:4:6,erase-relay,2,0,1,1,25
1,8,1:4:6,erase-relay,0,1,1,1,1
1,8,1:4:6,erase-relay,1,1,1,1,1
1,8,1:4:6,erase-relay,2,1,1,1,1
1,1,1:4:7,identity,0,1,1,1,1
1,1,1:4:7,identity,1,1,1,1,1
1,1,1:4:7,identity,2,1,1,1,1
1,3,1:4:7,identity,0,1,1,1,1
1,3,1:4:7,identity,1,1,1,1,1
1,3,1:4:7,identity,2,1,1,1,1
1,5,1:4:7,identity,0,0,1,1,1
1,5,1:4:7,identity,1,0,1,1,4
1,5,1:4:7,identity,2,0,1,1,25
1,2,1:4:7,identity,0,1,1,1,1
1,2,1:4:7,identity,1,1,1,1,1
1,2,1:4:7,identity,2,1,1,1,1
1,10,1:4:7,identity,0,0,1,1,1
1,10,1:4:7,identity,1,0,1,1,4
1,10,1:4:7,identity,2,1,1,1,4
1,4,1:4:7,identity,0,0,1,1,1
1,4,1:4:7,identity,1,0,1,1,4
1,4,1:4:7,identity,2,0,1,1,25
1,12,1:4:7,identity,0,0,1,1,1
1,12,1:4:7,identity,1,0,1,1,4
1,12,1:4:7,identity,2,0,1,1,25
1,8,1:4:7,identity,0,0,1,1,1
1,8,1:4:7,identity,1,1,1,1,3
1,8,1:4:7,identity,2,1,1,1,4
1,1,1:4:7,erase-relay,0,1,1,1,1
1,1,1:4:7,erase-relay,1,1,1,1,1
1,1,1:4:7,erase-relay,2,1,1,1,1
1,3,1:4:7,erase-relay,0,1,1,1,1
1,3,1:4:7,erase-relay,1,1,1,1,1
1,3,1:4:7,erase-relay,2,1,1,1,1
1,5,1:4:7,erase-relay,0,0,1,1,1
1,5,1:4:7,erase-relay,1,0,1,1,4
1,5,1:4:7,erase-relay,2,0,1,1,25
1,2,1:4:7,erase-relay,0,1,1,1,1
1,2,1:4:7,erase-relay,1,1,1,1,1
1,2,1:4:7,erase-relay,2,1,1,1,1
1,10,1:4:7,erase-relay,0,1,1,1,1
1,10,1:4:7,erase-relay,1,1,1,1,1
1,10,1:4:7,erase-relay,2,1,1,1,1
1,4,1:4:7,erase-relay,0,0,1,1,1
1,4,1:4:7,erase-relay,1,0,1,1,4
1,4,1:4:7,erase-relay,2,0,1,1,25
1,12,1:4:7,erase-relay,0,0,1,1,1
1,12,1:4:7,erase-relay,1,0,1,1,4
1,12,1:4:7,erase-relay,2,0,1,1,25
1,8,1:4:7,erase-relay,0,1,1,1,1
1,8,1:4:7,erase-relay,1,1,1,1,1
1,8,1:4:7,erase-relay,2,1,1,1,1
1,1,1:5:6,identity,0,1,1,1,1
1,1,1:5:6,identity,1,1,1,1,1
1,1,1:5:6,identity,2,1,1,1,1
1,3,1:5:6,identity,0,1,1,1,1
1,3,1:5:6,identity,1,1,1,1,1
1,3,1:5:6,identity,2,1,1,1,1
1,5,1:5:6,identity,0,0,1,1,1
1,5,1:5:6,identity,1,0,1,1,4
1,5,1:5:6,identity,2,0,1,1,25
1,2,1:5:6,identity,0,1,1,1,1
1,2,1:5:6,identity,1,1,1,1,1
1,2,1:5:6,identity,2,1,1,1,1
1,10,1:5:6,identity,0,0,1,1,1
1,10,1:5:6,identity,1,0,1,1,4
1,10,1:5:6,identity,2,0,1,1,25
1,4,1:5:6,identity,0,0,1,1,1
1,4,1:5:6,identity,1,0,1,1,4
1,4,1:5:6,identity,2,0,1,1,25
1,12,1:5:6,identity,0,0,1,1,1
1,12,1:5:6,identity,1,0,1,1,4
1,12,1:5:6,identity,2,0,1,1,25
1,8,1:5:6,identity,0,0,1,1,1
1,8,1:5:6,identity,1,0,1,1,4
1,8,1:5:6,identity,2,0,1,1,25
1,1,1:5:6,erase-relay,0,1,1,1,1
1,1,1:5:6,erase-relay,1,1,1,1,1
1,1,1:5:6,erase-relay,2,1,1,1,1
1,3,1:5:6,erase-relay,0,1,1,1,1
1,3,1:5:6,erase-relay,1,1,1,1,1
1,3,1:5:6,erase-relay,2,1,1,1,1
1,5,1:5:6,erase-relay,0,0,1,1,1
1,5,1:5:6,erase-relay,1,0,1,1,4
1,5,1:5:6,erase-relay,2,0,1,1,25
1,2,1:5:6,erase-relay,0,1,1,1,1
1,2,1:5:6,erase-relay,1,1,1,1,1
1,2,1:5:6,erase-relay,2,1,1,1,1
1,10,1:5:6,erase-relay,0,1,1,1,1
1,10,1:5:6,erase-relay,1,1,1,1,1
1,10,1:5:6,erase-relay,2,1,1,1,1
1,4,1:5:6,erase-relay,0,0,1,1,1
1,4,1:5:6,erase-relay,1,0,1,1,4
1,4,1:5:6,erase-relay,2,0,1,1,25
1,12,1:5:6,erase-relay,0,0,1,1,1
1,12,1:5:6,erase-relay,1,0,1,1,4
1,12,1:5:6,erase-relay,2,0,1,1,25
1,8,1:5:6,erase-relay,0,1,1,1,1
1,8,1:5:6,erase-relay,1,1,1,1,1
1,8,1:5:6,erase-relay,2,1,1,1,1
1,1,1:5:7,identity,0,1,1,1,1
1,1,1:5:7,identity,1,1,1,1,1
1,1,1:5:7,identity,2,1,1,1,1
1,3,1:5:7,identity,0,1,1,1,1
1,3,1:5:7,identity,1,1,1,1,1
1,3,1:5:7,identity,2,1,1,1,1
1,5,1:5:7,identity,0,0,1,1,1
1,5,1:5:7,identity,1,0,1,1,4
1,5,1:5:7,identity,2,0,1,1,25
1,2,1:5:7,identity,0,1,1,1,1
1,2,1:5:7,identity,1,1,1,1,1
1,2,1:5:7,identity,2,1,1,1,1
1,10,1:5:7,identity,0,0,1,1,1
1,10,1:5:7,identity,1,0,1,1,4
1,10,1:5:7,identity,2,0,1,1,25
1,4,1:5:7,identity,0,0,1,1,1
1,4,1:5:7,identity,1,0,1,1,4
1,4,1:5:7,identity,2,0,1,1,25
1,12,1:5:7,identity,0,0,1,1,1
1,12,1:5:7,identity,1,0,1,1,4
1,12,1:5:7,identity,2,0,1,1,25
1,8,1:5:7,identity,0,0,1,1,1
1,8,1:5:7,identity,1,0,1,1,4
1,8,1:5:7,identity,2,0,1,1,25
1,1,1:5:7,erase-relay,0,1,1,1,1
1,1,1:5:7,erase-relay,1,1,1,1,1
1,1,1:5:7,erase-relay,2,1,1,1,1
1,3,1:5:7,erase-relay,0,1,1,1,1
1,3,1:5:7,erase-relay,1,1,1,1,1
1,3,1:5:7,erase-relay,2,1,1,1,1
1,5,1:5:7,erase-relay,0,0,1,1,1
1,5,1:5:7,erase-relay,1,0,1,1,4
1,5,1:5:7,erase-relay,2,0,1,1,25
1,2,1:5:7,erase-relay,0,1,1,1,1
1,2,1:5:7,erase-relay,1,1,1,1,1
1,2,1:5:7,erase-relay,2,1,1,1,1
1,10,1:5:7,erase-relay,0,1,1,1,1
1,10,1:5:7,erase-relay,1,1,1,1,1
1,10,1:5:7,erase-relay,2,1,1,1,1
1,4,1:5:7,erase-relay,0,0,1,1,1
1,4,1:5:7,erase-relay,1,0,1,1,4
1,4,1:5:7,erase-relay,2,0,1,1,25
1,12,1:5:7,erase-relay,0,0,1,1,1
1,12,1:5:7,erase-relay,1,0,1,1,4
1,12,1:5:7,erase-relay,2,0,1,1,25
1,8,1:5:7,erase-relay,0,1,1,1,1
1,8,1:5:7,erase-relay,1,1,1,1,1
1,8,1:5:7,erase-relay,2,1,1,1,1
1,1,1:6:7,identity,0,1,1,1,1
1,1,1:6:7,identity,1,1,1,1,1
1,1,1:6:7,identity,2,1,1,1,1
1,3,1:6:7,identity,0,1,1,1,1
1,3,1:6:7,identity,1,1,1,1,1
1,3,1:6:7,identity,2,1,1,1,1
1,5,1:6:7,identity,0,0,1,1,1
1,5,1:6:7,identity,1,0,1,1,4
1,5,1:6:7,identity,2,0,1,1,37
1,2,1:6:7,identity,0,1,1,1,1
1,2,1:6:7,identity,1,1,1,1,1
1,2,1:6:7,identity,2,1,1,1,1
1,10,1:6:7,identity,0,0,1,1,1
1,10,1:6:7,identity,1,0,1,1,4
1,10,1:6:7,identity,2,0,1,1,37
1,4,1:6:7,identity,0,0,1,1,1
1,4,1:6:7,identity,1,0,1,1,4
1,4,1:6:7,identity,2,0,1,1,37
1,12,1:6:7,identity,0,0,1,1,1
1,12,1:6:7,identity,1,0,1,1,4
1,12,1:6:7,identity,2,0,1,1,37
1,8,1:6:7,identity,0,0,1,1,1
1,8,1:6:7,identity,1,0,1,1,4
1,8,1:6:7,identity,2,0,1,1,37
1,1,1:6:7,erase-relay,0,1,1,1,1
1,1,1:6:7,erase-relay,1,1,1,1,1
1,1,1:6:7,erase-relay,2,1,1,1,1
1,3,1:6:7,erase-relay,0,1,1,1,1
1,3,1:6:7,erase-relay,1,1,1,1,1
1,3,1:6:7,erase-relay,2,1,1,1,1
1,5,1:6:7,erase-relay,0,0,1,1,1
1,5,1:6:7,erase-relay,1,0,1,1,4
1,5,1:6:7,erase-relay,2,0,1,1,37
1,2,1:6:7,erase-relay,0,1,1,1,1
1,2,1:6:7,erase-relay,1,1,1,1,1
1,2,1:6:7,erase-relay,2,1,1,1,1
1,10,1:6:7,erase-relay,0,1,1,1,1
1,10,1:6:7,erase-relay,1,1,1,1,1
1,10,1:6:7,erase-relay,2,1,1,1,1
1,4,1:6:7,erase-relay,0,0,1,1,1
1,4,1:6:7,erase-relay,1,0,1,1,4
1,4,1:6:7,erase-relay,2,0,1,1,37
1,12,1:6:7,erase-relay,0,0,1,1,1
1,12,1:6:7,erase-relay,1,0,1,1,4
1,12,1:6:7,erase-relay,2,0,1,1,37
1,8,1:6:7,erase-relay,0,1,1,1,1
1,8,1:6:7,erase-relay,1,1,1,1,1
1,8,1:6:7,erase-relay,2,1,1,1,1
1,1,2:3:4,identity,0,1,1,1,1
1,1,2:3:4,identity,1,1,1,1,1
1,1,2:3:4,identity,2,1,1,1,1
1,3,2:3:4,identity,0,1,1,1,1
1,3,2:3:4,identity,1,1,1,1,1
1,3,2:3:4,identity,2,1,1,1,1
1,5,2:3:4,identity,0,0,1,1,1
1,5,2:3:4,identity,1,0,1,1,4
1,5,2:3:4,identity,2,0,1,1,13
1,2,2:3:4,identity,0,1,1,1,1
1,2,2:3:4,identity,1,1,1,1,1
1,2,2:3:4,identity,2,1,1,1,1
1,10,2:3:4,identity,0,0,1,1,1
1,10,2:3:4,identity,1,0,1,1,4
1,10,2:3:4,identity,2,0,1,1,13
1,4,2:3:4,identity,0,0,1,1,1
1,4,2:3:4,identity,1,0,1,1,4
1,4,2:3:4,identity,2,0,1,1,13
1,12,2:3:4,identity,0,0,1,1,1
1,12,2:3:4,identity,1,0,1,1,4
1,12,2:3:4,identity,2,0,1,1,13
1,8,2:3:4,identity,0,0,1,1,1
1,8,2:3:4,identity,1,1,1,1,4
1,8,2:3:4,identity,2,1,1,1,9
1,1,2:3:4,erase-relay,0,1,1,1,1
1,1,2:3:4,erase-relay,1,1,1,1,1
1,1,2:3:4,erase-relay,2,1,1,1,1
1,3,2:3:4,erase-relay,0,1,1,1,1
1,3,2:3:4,erase-relay,1,1,1,1,1
1,3,2:3:4,erase-relay,2,1,1,1,1
1,5,2:3:4,erase-relay,0,0,1,1,1
1,5,2:3:4,erase-relay,1,0,1,1,4
1,5,2:3:4,erase-relay,2,0,1,1,13
1,2,2:3:4,erase-relay,0,1,1,1,1
1,2,2:3:4,erase-relay,1,1,1,1,1
1,2,2:3:4,erase-relay,2,1,1,1,1
1,10,2:3:4,erase-relay,0,1,1,1,1
1,10,2:3:4,erase-relay,1,1,1,1,1
1,10,2:3:4,erase-relay,2,1,1,1,1
1,4,2:3:4,erase-relay,0,0,1,1,1
1,4,2:3:4,erase-relay,1,0,1,1,4
1,4,2:3:4,erase-relay,2,0,1,1,13
1,12,2:3:4,erase-relay,0,0,1,1,1
1,12,2:3:4,erase-relay,1,0,1,1,4
1,12,2:3:4,erase-relay,2,0,1,1,13
1,8,2:3:4,erase-relay,0,1,1,1,1
1,8,2:3:4,erase-relay,1,1,1,1,1
1,8,2:3:4,erase-relay,2,1,1,1,1
1,1,2:3:5,identity,0,1,1,1,1
1,1,2:3:5,identity,1,1,1,1,1
1,1,2:3:5,identity,2,1,1,1,1
1,3,2:3:5,identity,0,1,1,1,1
1,3,2:3:5,identity,1,1,1,1,1
1,3,2:3:5,identity,2,1,1,1,1
1,5,2:3:5,identity,0,0,1,1,1
1,5,2:3:5,identity,1,0,1,1,4
1,5,2:3:5,identity,2,0,1,1,13
1,2,2:3:5,identity,0,1,1,1,1
1,2,2:3:5,identity,1,1,1,1,1
1,2,2:3:5,identity,2,1,1,1,1
1,10,2:3:5,identity,0,0,1,1,1
1,10,2:3:5,identity,1,0,1,1,4
1,10,2:3:5,identity,2,0,1,1,13
1,4,2:3:5,identity,0,0,1,1,1
1,4,2:3:5,identity,1,0,1,1,4
1,4,2:3:5,identity,2,0,1,1,13
1,12,2:3:5,identity,0,0,1,1,1
1,12,2:3:5,identity,1,0,1,1,4
1,12,2:3:5,identity,2,0,1,1,13
1,8,2:3:5,identity,0,0,1,1,1
1,8,2:3:5,identity,1,0,1,1,4
1,8,2:3:5,identity,2,0,1,1,13
1,1,2:3:5,erase-relay,0,1,1,1,1
1,1,2:3:5,erase-relay,1,1,1,1,1
1,1,2:3:5,erase-relay,2,1,1,1,1
1,3,2:3:5,erase-relay,0,1,1,1,1
1,3,2:3:5,erase-relay,1,1,1,1,1
1,3,2:3:5,erase-relay,2,1,1,1,1
1,5,2:3:5,erase-relay,0,0,1,1,1
1,5,2:3:5,erase-relay,1,0,1,1,4
1,5,2:3:5,erase-relay,2,0,1,1,13
1,2,2:3:5,erase-relay,0,1,1,1,1
1,2,2:3:5,erase-relay,1,1,1,1,1
1,2,2:3:5,erase-relay,2,1,1,1,1
1,10,2:3:5,erase-relay,0,1,1,1,1
1,10,2:3:5,erase-relay,1,1,1,1,1
1,10,2:3:5,erase-relay,2,1,1,1,1
1,4,2:3:5,erase-relay,0,0,1,1,1
1,4,2:3:5,erase-relay,1,0,1,1,4
1,4,2:3:5,erase-relay,2,0,1,1,13
1,12,2:3:5,erase-relay,0,0,1,1,1
1,12,2:3:5,erase-relay,1,0,1,1,4
1,12,2:3:5,erase-relay,2,0,1,1,13
1,8,2:3:5,erase-relay,0,1,1,1,1
1,8,2:3:5,erase-relay,1,1,1,1,1
1,8,2:3:5,erase-relay,2,1,1,1,1
1,1,2:3:6,identity,0,1,1,1,1
1,1,2:3:6,identity,1,1,1,1,1
1,1,2:3:6,identity,2,1,1,1,1
1,3,2:3:6,identity,0,1,1,1,1
1,3,2:3:6,identity,1,1,1,1,1
1,3,2:3:6,identity,2,1,1,1,1
1,5,2:3:6,identity,0,0,1,1,1
1,5,2:3:6,identity,1,0,1,1,4
1,5,2:3:6,identity,2,0,1,1,25
1,2,2:3:6,identity,0,1,1,1,1
1,2,2:3:6,identity,1,1,1,1,1
1,2,2:3:6,identity,2,1,1,1,1
1,10,2:3:6,identity,0,0,1,1,1
1,10,2:3:6,identity,1,0,1,1,4
1,10,2:3:6,identity,2,0,1,1,25
1,4,2:3:6,identity,0,0,1,1,1
1,4,2:3:6,identity,1,0,1,1,4
1,4,2:3:6,identity,2,0,1,1,25
1,12,2:3:6,identity,0,0,1,1,1
1,12,2:3:6,identity,1,0,1,1,4
1,12,2:3:6,identity,2,0,1,1,25
1,8,2:3:6,identity,0,0,1,1,1
1,8,2:3:6,identity,1,0,1,1,4
1,8,2:3:6,identity,2,0,1,1,25
1,1,2:3:6,erase-relay,0,1,1,1,1
1,1,2:3:6,erase-relay,1,1,1,1,1
1,1,2:3:6,erase-relay,2,1,1,1,1
1,3,2:3:6,erase-relay,0,1,1,1,1
1,3,2:3:6,erase-relay,1,1,1,1,1
1,3,2:3:6,erase-relay,2,1,1,1,1
1,5,2:3:6,erase-relay,0,0,1,1,1
1,5,2:3:6,erase-relay,1,0,1,1,4
1,5,2:3:6,erase-relay,2,0,1,1,25
1,2,2:3:6,erase-relay,0,1,1,1,1
1,2,2:3:6,erase-relay,1,1,1,1,1
1,2,2:3:6,erase-relay,2,1,1,1,1
1,10,2:3:6,erase-relay,0,1,1,1,1
1,10,2:3:6,erase-relay,1,1,1,1,1
1,10,2:3:6,erase-relay,2,1,1,1,1
1,4,2:3:6,erase-relay,0,0,1,1,1
1,4,2:3:6,erase-relay,1,0,1,1,4
1,4,2:3:6,erase-relay,2,0,1,1,25
1,12,2:3:6,erase-relay,0,0,1,1,1
1,12,2:3:6,erase-relay,1,0,1,1,4
1,12,2:3:6,erase-relay,2,0,1,1,25
1,8,2:3:6,erase-relay,0,1,1,1,1
1,8,2:3:6,erase-relay,1,1,1,1,1
1,8,2:3:6,erase-relay,2,1,1,1,1
1,1,2:3:7,identity,0,1,1,1,1
1,1,2:3:7,identity,1,1,1,1,1
1,1,2:3:7,identity,2,1,1,1,1
1,3,2:3:7,identity,0,1,1,1,1
1,3,2:3:7,identity,1,1,1,1,1
1,3,2:3:7,identity,2,1,1,1,1
1,5,2:3:7,identity,0,0,1,1,1
1,5,2:3:7,identity,1,0,1,1,4
1,5,2:3:7,identity,2,0,1,1,25
1,2,2:3:7,identity,0,1,1,1,1
1,2,2:3:7,identity,1,1,1,1,1
1,2,2:3:7,identity,2,1,1,1,1
1,10,2:3:7,identity,0,0,1,1,1
1,10,2:3:7,identity,1,0,1,1,4
1,10,2:3:7,identity,2,0,1,1,25
1,4,2:3:7,identity,0,0,1,1,1
1,4,2:3:7,identity,1,0,1,1,4
1,4,2:3:7,identity,2,0,1,1,25
1,12,2:3:7,identity,0,0,1,1,1
1,12,2:3:7,identity,1,0,1,1,4
1,12,2:3:7,identity,2,0,1,1,25
1,8,2:3:7,identity,0,0,1,1,1
1,8,2:3:7,identity,1,0,1,1,4
1,8,2:3:7,identity,2,0,1,1,25
1,1,2:3:7,erase-relay,0,1,1,1,1
1,1,2:3:7,erase-relay,1,1,1,1,1
1,1,2:3:7,erase-relay,2,1,1,1,1
1,3,2:3:7,erase-relay,0,1,1,1,1
1,3,2:3:7,erase-relay,1,1,1,1,1
1,3,2:3:7,erase-relay,2,1,1,1,1
1,5,2:3:7,erase-relay,0,0,1,1,1
1,5,2:3:7,erase-relay,1,0,1,1,4
1,5,2:3:7,erase-relay,2,0,1,1,25
1,2,2:3:7,erase-relay,0,1,1,1,1
1,2,2:3:7,erase-relay,1,1,1,1,1
1,2,2:3:7,erase-relay,2,1,1,1,1
1,10,2:3:7,erase-relay,0,1,1,1,1
1,10,2:3:7,erase-relay,1,1,1,1,1
1,10,2:3:7,erase-relay,2,1,1,1,1
1,4,2:3:7,erase-relay,0,0,1,1,1
1,4,2:3:7,erase-relay,1,0,1,1,4
1,4,2:3:7,erase-relay,2,0,1,1,25
1,12,2:3:7,erase-relay,0,0,1,1,1
1,12,2:3:7,erase-relay,1,0,1,1,4
1,12,2:3:7,erase-relay,2,0,1,1,25
1,8,2:3:7,erase-relay,0,1,1,1,1
1,8,2:3:7,erase-relay,1,1,1,1,1
1,8,2:3:7,erase-relay,2,1,1,1,1
1,1,2:4:5,identity,0,1,1,1,1
1,1,2:4:5,identity,1,1,1,1,1
1,1,2:4:5,identity,2,1,1,1,1
1,3,2:4:5,identity,0,1,1,1,1
1,3,2:4:5,identity,1,1,1,1,1
1,3,2:4:5,identity,2,1,1,1,1
1,5,2:4:5,identity,0,0,1,1,1
1,5,2:4:5,identity,1,0,1,1,4
1,5,2:4:5,identity,2,0,1,1,13
1,2,2:4:5,identity,0,1,1,1,1
1,2,2:4:5,identity,1,1,1,1,1
1,2,2:4:5,identity,2,1,1,1,1
1,10,2:4:5,identity,0,0,1,1,1
1,10,2:4:5,identity,1,0,1,1,4
1,10,2:4:5,identity,2,0,1,1,13
1,4,2:4:5,identity,0,0,1,1,1
1,4,2:4:5,identity,1,0,1,1,4
1,4,2:4:5,identity,2,0,1,1,13
1,12,2:4:5,identity,0,0,1,1,1
1,12,2:4:5,identity,1,0,1,1,4
1,12,2:4:5,identity,2,0,1,1,13
1,8,2:4:5,identity,0,0,1,1,1
1,8,2:4:5,identity,1,1,1,1,3
1,8,2:4:5,identity,2,1,1,1,6
1,1,2:4:5,erase-relay,0,1,1,1,1
1,1,2:4:5,erase-relay,1,1,1,1,1
1,1,2:4:5,erase-relay,2,1,1,1,1
1,3,2:4:5,erase-relay,0,1,1,1,1
1,3,2:4:5,erase-relay,1,1,1,1,1
1,3,2:4:5,erase-relay,2,1,1,1,1
1,5,2:4:5,erase-relay,0,0,1,1,1
1,5,2:4:5,erase-relay,1,0,1,1,4
1,5,2:4:5,erase-relay,2,0,1,1,13
1,2,2:4:5,erase-relay,0,1,1,1,1
1,2,2:4:5,erase-relay,1,1,1,1,1
1,2,2:4:5,erase-relay,2,1,1,1,1
1,10,2:4:5,erase-relay,0,1,1,1,1
1,10,2:4:5,erase-relay,1,1,1,1,1
1,10,2:4:5,erase-relay,2,1,1,1,1
1,4,2:4:5,erase-relay,0,0,1,1,1
1,4,2:4:5,erase-relay,1,0,1,1,4
1,4,2:4:5,erase-relay,2,0,1,1,13
1,12,2:4:5,erase-relay,0,0,1,1,1
1,12,2:4:5,erase-relay,1,0,1,1,4
1,12,2:4:5,erase-relay,2,0,1,1,13
1,8,2:4:5,erase-relay,0,1,1,1,1
1,8,2:4:5,erase-relay,1,1,1,1,1
1,8,2:4:5,erase-relay,2,1,1,1,1
1,1,2:4:6,identity,0,1,1,1,1
1,1,2:4:6,identity,1,1,1,1,1
1,1,2:4:6,identity,2,1,1,1,1
1,3,2:4:6,identity,0,1,1,1,1
1,3,2:4:6,identity,1,1,1,1,1
1,3,2:4:6,identity,2,1,1,1,1
1,5,2:4:6,identity,0,0,1,1,1
1,5,2:4:6,identity,1,0,1,1,4
1,5,2:4:6,identity,2,0,1,1,25
1,2,2:4:6,identity,0,1,1,1,1
1,2,2:4:6,identity,1,1,1,1,1
1,2,2:4:6,identity,2,1,1,1,1
1,10,2:4:6,identity,0,0,1,1,1
1,10,2:4:6,identity,1,0,1,1,4
1,10,2:4:6,identity,2,1,1,1,12
1,4,2:4:6,identity,0,0,1,1,1
1,4,2:4:6,identity,1,0,1,1,4
1,4,2:4:6,identity,2,0,1,1,25
1,12,2:4:6,identity,0,0,1,1,1
1,12,2:4:6,identity,1,0,1,1,4
1,12,2:4:6,identity,2,0,1,1,25
1,8,2:4:6,identity,0,0,1,1,1
1,8,2:4:6,identity,1,1,1,1,3
1,8,2:4:6,identity,2,1,1,1,6
1,1,2:4:6,erase-relay,0,1,1,1,1
1,1,2:4:6,erase-relay,1,1,1,1,1
1,1,2:4:6,erase-relay,2,1,1,1,1
1,3,2:4:6,erase-relay,0,1,1,1,1
1,3,2:4:6,erase-relay,1,1,1,1,1
1,3,2:4:6,erase-relay,2,1,1,1,1
1,5,2:4:6,erase-relay,0,0,1,1,1
1,5,2:4:6,erase-relay,1,0,1,1,4
1,5,2:4:6,erase-relay,2,0,1,1,25
1,2,2:4:6,erase-relay,0,1,1,1,1
1,2,2:4:6,erase-relay,1,1,1,1,1
1,2,2:4:6,erase-relay,2,1,1,1,1
1,10,2:4:6,erase-relay,0,1,1,1,1
1,10,2:4:6,erase-relay,1,1,1,1,1
1,10,2:4:6,erase-relay,2,1,1,1,1
1,4,2:4:6,erase-relay,0,0,1,1,1
1,4,2:4:6,erase-relay,1,0,1,1,4
1,4,2:4:6,erase-relay,2,0,1,1,25
1,12,2:4:6,erase-relay,0,0,1,1,1
1,12,2:4:6,erase-relay,1,0,1,1,4
1,12,2:4:6,erase-relay,2,0,1,1,25
1,8,2:4:6,erase-relay,0,1,1,1,1
1,8,2:4:6,erase-relay,1,1,1,1,1
1,8,2:4:6,erase-relay,2,1,1,1,1
1,1,2:4:7,identity,0,1,1,1,1
1,1,2:4:7,identity,1,1,1,1,1
1,1,2:4:7,identity,2,1,1,1,1
1,3,2:4:7,identity,0,1,1,1,1
1,3,2:4:7,identity,1,1,1,1,1
1,3,2:4:7,identity,2,1,1,1,1
1,5,2:4:7,identity,0,0,1,1,1
1,5,2:4:7,identity,1,0,1,1,4
1,5,2:4:7,identity,2,0,1,1,25
1,2,2:4:7,identity,0,1,1,1,1
1,2,2:4:7,identity,1,1,1,1,1
1,2,2:4:7,identity,2,1,1,1,1
1,10,2:4:7,identity,0,0,1,1,1
1,10,2:4:7,identity,1,0,1,1,4
1,10,2:4:7,identity,2,0,1,1,25
1,4,2:4:7,identity,0,0,1,1,1
1,4,2:4:7,identity,1,0,1,1,4
1,4,2:4:7,identity,2,0,1,1,25
1,12,2:4:7,identity,0,0,1,1,1
1,12,2:4:7,identity,1,0,1,1,4
1,12,2:4:7,identity,2,0,1,1,25
1,8,2:4:7,identity,0,0,1,1,1
1,8,2:4:7,identity,1,1,1,1,3
1,8,2:4:7,identity,2,1,1,1,6
1,1,2:4:7,erase-relay,0,1,1,1,1
1,1,2:4:7,erase-relay,1,1,1,1,1
1,1,2:4:7,erase-relay,2,1,1,1,1
1,3,2:4:7,erase-relay,0,1,1,1,1
1,3,2:4:7,erase-relay,1,1,1,1,1
1,3,2:4:7,erase-relay,2,1,1,1,1
1,5,2:4:7,erase-relay,0,0,1,1,1
1,5,2:4:7,erase-relay,1,0,1,1,4
1,5,2:4:7,erase-relay,2,0,1,1,25
1,2,2:4:7,erase-relay,0,1,1,1,1
1,2,2:4:7,erase-relay,1,1,1,1,1
1,2,2:4:7,erase-relay,2,1,1,1,1
1,10,2:4:7,erase-relay,0,1,1,1,1
1,10,2:4:7,erase-relay,1,1,1,1,1
1,10,2:4:7,erase-relay,2,1,1,1,1
1,4,2:4:7,erase-relay,0,0,1,1,1
1,4,2:4:7,erase-relay,1,0,1,1,4
1,4,2:4:7,erase-relay,2,0,1,1,25
1,12,2:4:7,erase-relay,0,0,1,1,1
1,12,2:4:7,erase-relay,1,0,1,1,4
1,12,2:4:7,erase-relay,2,0,1,1,25
1,8,2:4:7,erase-relay,0,1,1,1,1
1,8,2:4:7,erase-relay,1,1,1,1,1
1,8,2:4:7,erase-relay,2,1,1,1,1
1,1,2:5:6,identity,0,1,1,1,1
1,1,2:5:6,identity,1,1,1,1,1
1,1,2:5:6,identity,2,1,1,1,1
1,3,2:5:6,identity,0,1,1,1,1
1,3,2:5:6,identity,1,1,1,1,1
1,3,2:5:6,identity,2,1,1,1,1
1,5,2:5:6,identity,0,0,1,1,1
1,5,2:5:6,identity,1,0,1,1,4
1,5,2:5:6,identity,2,0,1,1,25
1,2,2:5:6,identity,0,1,1,1,1
1,2,2:5:6,identity,1,1,1,1,1
1,2,2:5:6,identity,2,1,1,1,1
1,10,2:5:6,identity,0,0,1,1,1
1,10,2:5:6,identity,1,0,1,1,4
1,10,2:5:6,identity,2,0,1,1,25
1,4,2:5:6,identity,0,0,1,1,1
1,4,2:5:6,identity,1,0,1,1,4
1,4,2:5:6,identity,2,0,1,1,25
1,12,2:5:6,identity,0,0,1,1,1
1,12,2:5:6,identity,1,0,1,1,4
1,12,2:5:6,identity,2,0,1,1,25
1,8,2:5:6,identity,0,0,1,1,1
1,8,2:5:6,identity,1,0,1,1,4
1,8,2:5:6,identity,2,0,1,1,25
1,1,2:5:6,erase-relay,0,1,1,1,1
1,1,2:5:6,erase-relay,1,1,1,1,1
1,1,2:5:6,erase-relay,2,1,1,1,1
1,3,2:5:6,erase-relay,0,1,1,1,1
1,3,2:5:6,erase-relay,1,1,1,1,1
1,3,2:5:6,erase-relay,2,1,1,1,1
1,5,2:5:6,erase-relay,0,0,1,1,1
1,5,2:5:6,erase-relay,1,0,1,1,4
1,5,2:5:6,erase-relay,2,0,1,1,25
1,2,2:5:6,erase-relay,0,1,1,1,1
1,2,2:5:6,erase-relay,1,1,1,1,1
1,2,2:5:6,erase-relay,2,1,1,1,1
1,10,2:5:6,erase-relay,0,1,1,1,1
1,10,2:5:6,erase-relay,1,1,1,1,1
1,10,2:5:6,erase-relay,2,1,1,1,1
1,4,2:5:6,erase-relay,0,0,1,1,1
1,4,2:5:6,erase-relay,1,0,1,1,4
1,4,2:5:6,erase-relay,2,0,1,1,25
1,12,2:5:6,erase-relay,0,0,1,1,1
1,12,2:5:6,erase-relay,1,0,1,1,4
1,12,2:5:6,erase-relay,2,0,1,1,25
1,8,2:5:6,erase-relay,0,1,1,1,1
1,8,2:5:6,erase-relay,1,1,1,1,1
1,8,2:5:6,erase-relay,2,1,1,1,1
1,1,2:5:7,identity,0,1,1,1,1
1,1,2:5:7,identity,1,1,1,1,1
1,1,2:5:7,identity,2,1,1,1,1
1,3,2:5:7,identity,0,1,1,1,1
1,3,2:5:7,identity,1,1,1,1,1
1,3,2:5:7,identity,2,1,1,1,1
1,5,2:5:7,identity,0,0,1,1,1
1,5,2:5:7,identity,1,0,1,1,4
1,5,2:5:7,identity,2,0,1,1,25
1,2,2:5:7,identity,0,1,1,1,1
1,2,2:5:7,identity,1,1,1,1,1
1,2,2:5:7,identity,2,1,1,1,1
1,10,2:5:7,identity,0,0,1,1,1
1,10,2:5:7,identity,1,0,1,1,4
1,10,2:5:7,identity,2,0,1,1,25
1,4,2:5:7,identity,0,0,1,1,1
1,4,2:5:7,identity,1,0,1,1,4
1,4,2:5:7,identity,2,0,1,1,25
1,12,2:5:7,identity,0,0,1,1,1
1,12,2:5:7,identity,1,0,1,1,4
1,12,2:5:7,identity,2,0,1,1,25
1,8,2:5:7,identity,0,0,1,1,1
1,8,2:5:7,identity,1,0,1,1,4
1,8,2:5:7,identity,2,0,1,1,25
1,1,2:5:7,erase-relay,0,1,1,1,1
1,1,2:5:7,erase-relay,1,1,1,1,1
1,1,2:5:7,erase-relay,2,1,1,1,1
1,3,2:5:7,erase-relay,0,1,1,1,1
1,3,2:5:7,erase-relay,1,1,1,1,1
1,3,2:5:7,erase-relay,2,1,1,1,1
1,5,2:5:7,erase-relay,0,0,1,1,1
1,5,2:5:7,erase-relay,1,0,1,1,4
1,5,2:5:7,erase-relay,2,0,1,1,25
1,2,2:5:7,erase-relay,0,1,1,1,1
1,2,2:5:7,erase-relay,1,1,1,1,1
1,2,2:5:7,erase-relay,2,1,1,1,1
1,10,2:5:7,erase-relay,0,1,1,1,1
1,10,2:5:7,erase-relay,1,1,1,1,1
1,10,2:5:7,erase-relay,2,1,1,1,1
1,4,2:5:7,erase-relay,0,0,1,1,1
1,4,2:5:7,erase-relay,1,0,1,1,4
1,4,2:5:7,erase-relay,2,0,1,1,25
1,12,2:5:7,erase-relay,0,0,1,1,1
1,12,2:5:7,erase-relay,1,0,1,1,4
1,12,2:5:7,erase-relay,2,0,1,1,25
1,8,2:5:7,erase-relay,0,1,1,1,1
1,8,2:5:7,erase-relay,1,1,1,1,1
1,8,2:5:7,erase-relay,2,1,1,1,1
1,1,2:6:7,identity,0,1,1,1,1
1,1,2:6:7,identity,1,1,1,1,1
1,1,2:6:7,identity,2,1,1,1,1
1,3,2:6:7,identity,0,1,1,1,1
1,3,2:6:7,identity,1,1,1,1,1
1,3,2:6:7,identity,2,1,1,1,1
1,5,2:6:7,identity,0,0,1,1,1
1,5,2:6:7,identity,1,0,1,1,4
1,5,2:6:7,identity,2,0,1,1,37
1,2,2:6:7,identity,0,1,1,1,1
1,2,2:6:7,identity,1,1,1,1,1
1,2,2:6:7,identity,2,1,1,1,1
1,10,2:6:7,identity,0,0,1,1,1
1,10,2:6:7,identity,1,0,1,1,4
1,10,2:6:7,identity,2,0,1,1,37
1,4,2:6:7,identity,0,0,1,1,1
1,4,2:6:7,identity,1,0,1,1,4
1,4,2:6:7,identity,2,0,1,1,37
1,12,2:6:7,identity,0,0,1,1,1
1,12,2:6:7,identity,1,0,1,1,4
1,12,2:6:7,identity,2,0,1,1,37
1,8,2:6:7,identity,0,0,1,1,1
1,8,2:6:7,identity,1,0,1,1,4
1,8,2:6:7,identity,2,0,1,1,37
1,1,2:6:7,erase-relay,0,1,1,1,1
1,1,2:6:7,erase-relay,1,1,1,1,1
1,1,2:6:7,erase-relay,2,1,1,1,1
1,3,2:6:7,erase-relay,0,1,1,1,1
1,3,2:6:7,erase-relay,1,1,1,1,1
1,3,2:6:7,erase-relay,2,1,1,1,1
1,5,2:6:7,erase-relay,0,0,1,1,1
1,5,2:6:7,erase-relay,1,0,1,1,4
1,5,2:6:7,erase-relay,2,0,1,1,37
1,2,2:6:7,erase-relay,0,1,1,1,1
1,2,2:6:7,erase-relay,1,1,1,1,1
1,2,2:6:7,erase-relay,2,1,1,1,1
1,10,2:6:7,erase-relay,0,1,1,1,1
1,10,2:6:7,erase-relay,1,1,1,1,1
1,10,2:6:7,erase-relay,2,1,1,1,1
1,4,2:6:7,erase-relay,0,0,1,1,1
1,4,2:6:7,erase-relay,1,0,1,1,4
1,4,2:6:7,erase-relay,2,0,1,1,37
1,12,2:6:7,erase-relay,0,0,1,1,1
1,12,2:6:7,erase-relay,1,0,1,1,4
1,12,2:6:7,erase-relay,2,0,1,1,37
1,8,2:6:7,erase-relay,0,1,1,1,1
1,8,2:6:7,erase-relay,1,1,1,1,1
1,8,2:6:7,erase-relay,2,1,1,1,1
1,1,3:4:5,identity,0,1,1,1,1
1,1,3:4:5,identity,1,1,1,1,1
1,1,3:4:5,identity,2,1,1,1,1
1,3,3:4:5,identity,0,1,1,1,1
1,3,3:4:5,identity,1,1,1,1,1
1,3,3:4:5,identity,2,1,1,1,1
1,5,3:4:5,identity,0,0,1,1,1
1,5,3:4:5,identity,1,0,1,1,4
1,5,3:4:5,identity,2,0,1,1,13
1,2,3:4:5,identity,0,1,1,1,1
1,2,3:4:5,identity,1,1,1,1,1
1,2,3:4:5,identity,2,1,1,1,1
1,10,3:4:5,identity,0,0,1,1,1
1,10,3:4:5,identity,1,0,1,1,4
1,10,3:4:5,identity,2,0,1,1,13
1,4,3:4:5,identity,0,0,1,1,1
1,4,3:4:5,identity,1,0,1,1,4
1,4,3:4:5,identity,2,0,1,1,13
1,12,3:4:5,identity,0,0,1,1,1
1,12,3:4:5,identity,1,0,1,1,4
1,12,3:4:5,identity,2,0,1,1,13
1,8,3:4:5,identity,0,0,1,1,1
1,8,3:4:5,identity,1,1,1,1,3
1,8,3:4:5,identity,2,1,1,1,4
1,1,3:4:5,erase-relay,0,1,1,1,1
1,1,3:4:5,erase-relay,1,1,1,1,1
1,1,3:4:5,erase-relay,2,1,1,1,1
1,3,3:4:5,erase-relay,0,1,1,1,1
1,3,3:4:5,erase-relay,1,1,1,1,1
1,3,3:4:5,erase-relay,2,1,1,1,1
1,5,3:4:5,erase-relay,0,0,1,1,1
1,5,3:4:5,erase-relay,1,0,1,1,4
1,5,3:4:5,erase-relay,2,0,1,1,13
1,2,3:4:5,erase-relay,0,1,1,1,1
1,2,3:4:5,erase-relay,1,1,1,1,1
1,2,3:4:5,erase-relay,2,1,1,1,1
1,10,3:4:5,erase-relay,0,1,1,1,1
1,10,3:4:5,erase-relay,1,1,1,1,1
1,10,3:4:5,erase-relay,2,1,1,1,1
1,4,3:4:5,erase-relay,0,0,1,1,1
1,4,3:4:5,erase-relay,1,0,1,1,4
1,4,3:4:5,erase-relay,2,0,1,1,13
1,12,3:4:5,erase-relay,0,0,1,1,1
1,12,3:4:5,erase-relay,1,0,1,1,4
1,12,3:4:5,erase-relay,2,0,1,1,13
1,8,3:4:5,erase-relay,0,1,1,1,1
1,8,3:4:5,erase-relay,1,1,1,1,1
1,8,3:4:5,erase-relay,2,1,1,1,1
1,1,3:4:6,identity,0,1,1,1,1
1,1,3:4:6,identity,1,1,1,1,1
1,1,3:4:6,identity,2,1,1,1,1
1,3,3:4:6,identity,0,1,1,1,1
1,3,3:4:6,identity,1,1,1,1,1
1,3,3:4:6,identity,2,1,1,1,1
1,5,3:4:6,identity,0,0,1,1,1
1,5,3:4:6,identity,1,0,1,1,4
1,5,3:4:6,identity,2,0,1,1,25
1,2,3:4:6,identity,0,1,1,1,1
1,2,3:4:6,identity,1,1,1,1,1
1,2,3:4:6,identity,2,1,1,1,1
1,10,3:4:6,identity,0,0,1,1,1
1,10,3:4:6,identity,1,0,1,1,4
1,10,3:4:6,identity,2,1,1,1,12
1,4,3:4:6,identity,0,0,1,1,1
1,4,3:4:6,identity,1,0,1,1,4
1,4,3:4:6,identity,2,0,1,1,25
1,12,3:4:6,identity,0,0,1,1,1
1,12,3:4:6,identity,1,0,1,1,4
1,12,3:4:6,identity,2,0,1,1,25
1,8,3:4:6,identity,0,0,1,1,1
1,8,3:4:6,identity,1,1,1,1,3
1,8,3:4:6,identity,2,1,1,1,4
1,1,3:4:6,erase-relay,0,1,1,1,1
1,1,3:4:6,erase-relay,1,1,1,1,1
1,1,3:4:6,erase-relay,2,1,1,1,1
1,3,3:4:6,erase-relay,0,1,1,1,1
1,3,3:4:6,erase-relay,1,1,1,1,1
1,3,3:4:6,erase-relay,2,1,1,1,1
1,5,3:4:6,erase-relay,0,0,1,1,1
1,5,3:4:6,erase-relay,1,0,1,1,4
1,5,3:4:6,erase-relay,2,0,1,1,25
1,2,3:4:6,erase-relay,0,1,1,1,1
1,2,3:4:6,erase-relay,1,1,1,1,1
1,2,3:4:6,erase-relay,2,1,1,1,1
1,10,3:4:6,erase-relay,0,1,1,1,1
1,10,3:4:6,erase-relay,1,1,1,1,1
1,10,3:4:6,erase-relay,2,1,1,1,1
1,4,3:4:6,erase-relay,0,0,1,1,1
1,4,3:4:6,erase-relay,1,0,1,1,4
1,4,3:4:6,erase-relay,2,0,1,1,25
1,12,3:4:6,erase-relay,0,0,1,1,1
1,12,3:4:6,erase-relay,1,0,1,1,4
1,12,3:4:6,erase-relay,2,0,1,1,25
1,8,3:4:6,erase-relay,0,1,1,1,1
1,8,3:4:6,erase-relay,1,1,1,1,1
1,8,3:4:6,erase-relay,2,1,1,1,1
1,1,3:4:7,identity,0,1,1,1,1
1,1,3:4:7,identity,1,1,1,1,1
1,1,3:4:7,identity,2,1,1,1,1
1,3,3:4:7,identity,0,1,1,1,1
1,3,3:4:7,identity,1,1,1,1,1
1,3,3:4:7,identity,2,1,1,1,1
1,5,3:4:7,identity,0,0,1,1,1
1,5,3:4:7,identity,1,0,1,1,4
1,5,3:4:7,identity,2,0,1,1,25
1,2,3:4:7,identity,0,1,1,1,1
1,2,3:4:7,identity,1,1,1,1,1
1,2,3:4:7,identity,2,1,1,1,1
1,10,3:4:7,identity,0,0,1,1,1
1,10,3:4:7,identity,1,0,1,1,4
1,10,3:4:7,identity,2,0,1,1,25
1,4,3:4:7,identity,0,0,1,1,1
1,4,3:4:7,identity,1,0,1,1,4
1,4,3:4:7,identity,2,0,1,1,25
1,12,3:4:7,identity,0,0,1,1,1
1,12,3:4:7,identity,1,0,1,1,4
1,12,3:4:7,identity,2,0,1,1,25
1,8,3:4:7,identity,0,0,1,1,1
1,8,3:4:7,identity,1,1,1,1,3
1,8,3:4:7,identity,2,1,1,1,4
1,1,3:4:7,erase-relay,0,1,1,1,1
1,1,3:4:7,erase-relay,1,1,1,1,1
1,1,3:4:7,erase-relay,2,1,1,1,1
1,3,3:4:7,erase-relay,0,1,1,1,1
1,3,3:4:7,erase-relay,1,1,1,1,1
1,3,3:4:7,erase-relay,2,1,1,1,1
1,5,3:4:7,erase-relay,0,0,1,1,1
1,5,3:4:7,erase-relay,1,0,1,1,4
1,5,3:4:7,erase-relay,2,0,1,1,25
1,2,3:4:7,erase-relay,0,1,1,1,1
1,2,3:4:7,erase-relay,1,1,1,1,1
1,2,3:4:7,erase-relay,2,1,1,1,1
1,10,3:4:7,erase-relay,0,1,1,1,1
1,10,3:4:7,erase-relay,1,1,1,1,1
1,10,3:4:7,erase-relay,2,1,1,1,1
1,4,3:4:7,erase-relay,0,0,1,1,1
1,4,3:4:7,erase-relay,1,0,1,1,4
1,4,3:4:7,erase-relay,2,0,1,1,25
1,12,3:4:7,erase-relay,0,0,1,1,1
1,12,3:4:7,erase-relay,1,0,1,1,4
1,12,3:4:7,erase-relay,2,0,1,1,25
1,8,3:4:7,erase-relay,0,1,1,1,1
1,8,3:4:7,erase-relay,1,1,1,1,1
1,8,3:4:7,erase-relay,2,1,1,1,1
1,1,3:5:6,identity,0,1,1,1,1
1,1,3:5:6,identity,1,1,1,1,1
1,1,3:5:6,identity,2,1,1,1,1
1,3,3:5:6,identity,0,1,1,1,1
1,3,3:5:6,identity,1,1,1,1,1
1,3,3:5:6,identity,2,1,1,1,1
1,5,3:5:6,identity,0,0,1,1,1
1,5,3:5:6,identity,1,0,1,1,4
1,5,3:5:6,identity,2,0,1,1,25
1,2,3:5:6,identity,0,1,1,1,1
1,2,3:5:6,identity,1,1,1,1,1
1,2,3:5:6,identity,2,1,1,1,1
1,10,3:5:6,identity,0,0,1,1,1
1,10,3:5:6,identity,1,0,1,1,4
1,10,3:5:6,identity,2,0,1,1,25
1,4,3:5:6,identity,0,0,1,1,1
1,4,3:5:6,identity,1,0,1,1,4
1,4,3:5:6,identity,2,0,1,1,25
1,12,3:5:6,identity,0,0,1,1,1
1,12,3:5:6,identity,1,0,1,1,4
1,12,3:5:6,identity,2,0,1,1,25
1,8,3:5:6,identity,0,0,1,1,1
1,8,3:5:6,identity,1,0,1,1,4
1,8,3:5:6,identity,2,0,1,1,25
1,1,3:5:6,erase-relay,0,1,1,1,1
1,1,3:5:6,erase-relay,1,1,1,1,1
1,1,3:5:6,erase-relay,2,1,1,1,1
1,3,3:5:6,erase-relay,0,1,1,1,1
1,3,3:5:6,erase-relay,1,1,1,1,1
1,3,3:5:6,erase-relay,2,1,1,1,1
1,5,3:5:6,erase-relay,0,0,1,1,1
1,5,3:5:6,erase-relay,1,0,1,1,4
1,5,3:5:6,erase-relay,2,0,1,1,25
1,2,3:5:6,erase-relay,0,1,1,1,1
1,2,3:5:6,erase-relay,1,1,1,1,1
1,2,3:5:6,erase-relay,2,1,1,1,1
1,10,3:5:6,erase-relay,0,1,1,1,1
1,10,3:5:6,erase-relay,1,1,1,1,1
1,10,3:5:6,erase-relay,2,1,1,1,1
1,4,3:5:6,erase-relay,0,0,1,1,1
1,4,3:5:6,erase-relay,1,0,1,1,4
1,4,3:5:6,erase-relay,2,0,1,1,25
1,12,3:5:6,erase-relay,0,0,1,1,1
1,12,3:5:6,erase-relay,1,0,1,1,4
1,12,3:5:6,erase-relay,2,0,1,1,25
1,8,3:5:6,erase-relay,0,1,1,1,1
1,8,3:5:6,erase-relay,1,1,1,1,1
1,8,3:5:6,erase-relay,2,1,1,1,1
1,1,3:5:7,identity,0,1,1,1,1
1,1,3:5:7,identity,1,1,1,1,1
1,1,3:5:7,identity,2,1,1,1,1
1,3,3:5:7,identity,0,1,1,1,1
1,3,3:5:7,identity,1,1,1,1,1
1,3,3:5:7,identity,2,1,1,1,1
1,5,3:5:7,identity,0,0,1,1,1
1,5,3:5:7,identity,1,0,1,1,4
1,5,3:5:7,identity,2,0,1,1,25
1,2,3:5:7,identity,0,1,1,1,1
1,2,3:5:7,identity,1,1,1,1,1
1,2,3:5:7,identity,2,1,1,1,1
1,10,3:5:7,identity,0,0,1,1,1
1,10,3:5:7,identity,1,0,1,1,4
1,10,3:5:7,identity,2,0,1,1,25
1,4,3:5:7,identity,0,0,1,1,1
1,4,3:5:7,identity,1,0,1,1,4
1,4,3:5:7,identity,2,0,1,1,25
1,12,3:5:7,identity,0,0,1,1,1
1,12,3:5:7,identity,1,0,1,1,4
1,12,3:5:7,identity,2,0,1,1,25
1,8,3:5:7,identity,0,0,1,1,1
1,8,3:5:7,identity,1,0,1,1,4
1,8,3:5:7,identity,2,0,1,1,25
1,1,3:5:7,erase-relay,0,1,1,1,1
1,1,3:5:7,erase-relay,1,1,1,1,1
1,1,3:5:7,erase-relay,2,1,1,1,1
1,3,3:5:7,erase-relay,0,1,1,1,1
1,3,3:5:7,erase-relay,1,1,1,1,1
1,3,3:5:7,erase-relay,2,1,1,1,1
1,5,3:5:7,erase-relay,0,0,1,1,1
1,5,3:5:7,erase-relay,1,0,1,1,4
1,5,3:5:7,erase-relay,2,0,1,1,25
1,2,3:5:7,erase-relay,0,1,1,1,1
1,2,3:5:7,erase-relay,1,1,1,1,1
1,2,3:5:7,erase-relay,2,1,1,1,1
1,10,3:5:7,erase-relay,0,1,1,1,1
1,10,3:5:7,erase-relay,1,1,1,1,1
1,10,3:5:7,erase-relay,2,1,1,1,1
1,4,3:5:7,erase-relay,0,0,1,1,1
1,4,3:5:7,erase-relay,1,0,1,1,4
1,4,3:5:7,erase-relay,2,0,1,1,25
1,12,3:5:7,erase-relay,0,0,1,1,1
1,12,3:5:7,erase-relay,1,0,1,1,4
1,12,3:5:7,erase-relay,2,0,1,1,25
1,8,3:5:7,erase-relay,0,1,1,1,1
1,8,3:5:7,erase-relay,1,1,1,1,1
1,8,3:5:7,erase-relay,2,1,1,1,1
1,1,3:6:7,identity,0,1,1,1,1
1,1,3:6:7,identity,1,1,1,1,1
1,1,3:6:7,identity,2,1,1,1,1
1,3,3:6:7,identity,0,1,1,1,1
1,3,3:6:7,identity,1,1,1,1,1
1,3,3:6:7,identity,2,1,1,1,1
1,5,3:6:7,identity,0,0,1,1,1
1,5,3:6:7,identity,1,0,1,1,4
1,5,3:6:7,identity,2,0,1,1,37
1,2,3:6:7,identity,0,1,1,1,1
1,2,3:6:7,identity,1,1,1,1,1
1,2,3:6:7,identity,2,1,1,1,1
1,10,3:6:7,identity,0,0,1,1,1
1,10,3:6:7,identity,1,0,1,1,4
1,10,3:6:7,identity,2,0,1,1,37
1,4,3:6:7,identity,0,0,1,1,1
1,4,3:6:7,identity,1,0,1,1,4
1,4,3:6:7,identity,2,0,1,1,37
1,12,3:6:7,identity,0,0,1,1,1
1,12,3:6:7,identity,1,0,1,1,4
1,12,3:6:7,identity,2,0,1,1,37
1,8,3:6:7,identity,0,0,1,1,1
1,8,3:6:7,identity,1,0,1,1,4
1,8,3:6:7,identity,2,0,1,1,37
1,1,3:6:7,erase-relay,0,1,1,1,1
1,1,3:6:7,erase-relay,1,1,1,1,1
1,1,3:6:7,erase-relay,2,1,1,1,1
1,3,3:6:7,erase-relay,0,1,1,1,1
1,3,3:6:7,erase-relay,1,1,1,1,1
1,3,3:6:7,erase-relay,2,1,1,1,1
1,5,3:6:7,erase-relay,0,0,1,1,1
1,5,3:6:7,erase-relay,1,0,1,1,4
1,5,3:6:7,erase-relay,2,0,1,1,37
1,2,3:6:7,erase-relay,0,1,1,1,1
1,2,3:6:7,erase-relay,1,1,1,1,1
1,2,3:6:7,erase-relay,2,1,1,1,1
1,10,3:6:7,erase-relay,0,1,1,1,1
1,10,3:6:7,erase-relay,1,1,1,1,1
1,10,3:6:7,erase-relay,2,1,1,1,1
1,4,3:6:7,erase-relay,0,0,1,1,1
1,4,3:6:7,erase-relay,1,0,1,1,4
1,4,3:6:7,erase-relay,2,0,1,1,37
1,12,3:6:7,erase-relay,0,0,1,1,1
1,12,3:6:7,erase-relay,1,0,1,1,4
1,12,3:6:7,erase-relay,2,0,1,1,37
1,8,3:6:7,erase-relay,0,1,1,1,1
1,8,3:6:7,erase-relay,1,1,1,1,1
1,8,3:6:7,erase-relay,2,1,1,1,1
1,1,4:5:6,identity,0,1,1,1,1
1,1,4:5:6,identity,1,1,1,1,1
1,1,4:5:6,identity,2,1,1,1,1
1,3,4:5:6,identity,0,1,1,1,1
1,3,4:5:6,identity,1,1,1,1,1
1,3,4:5:6,identity,2,1,1,1,1
1,5,4:5:6,identity,0,0,1,1,1
1,5,4:5:6,identity,1,0,1,1,4
1,5,4:5:6,identity,2,0,1,1,25
1,2,4:5:6,identity,0,1,1,1,1
1,2,4:5:6,identity,1,1,1,1,1
1,2,4:5:6,identity,2,1,1,1,1
1,10,4:5:6,identity,0,0,1,1,1
1,10,4:5:6,identity,1,0,1,1,4
1,10,4:5:6,identity,2,1,1,1,11
1,4,4:5:6,identity,0,0,1,1,1
1,4,4:5:6,identity,1,0,1,1,4
1,4,4:5:6,identity,2,0,1,1,25
1,12,4:5:6,identity,0,0,1,1,1
1,12,4:5:6,identity,1,0,1,1,4
1,12,4:5:6,identity,2,0,1,1,25
1,8,4:5:6,identity,0,0,1,1,1
1,8,4:5:6,identity,1,1,1,1,2
1,8,4:5:6,identity,2,1,1,1,2
1,1,4:5:6,erase-relay,0,1,1,1,1
1,1,4:5:6,erase-relay,1,1,1,1,1
1,1,4:5:6,erase-relay,2,1,1,1,1
1,3,4:5:6,erase-relay,0,1,1,1,1
1,3,4:5:6,erase-relay,1,1,1,1,1
1,3,4:5:6,erase-relay,2,1,1,1,1
1,5,4:5:6,erase-relay,0,0,1,1,1
1,5,4:5:6,erase-relay,1,0,1,1,4
1,5,4:5:6,erase-relay,2,0,1,1,25
1,2,4:5:6,erase-relay,0,1,1,1,1
1,2,4:5:6,erase-relay,1,1,1,1,1
1,2,4:5:6,erase-relay,2,1,1,1,1
1,10,4:5:6,erase-relay,0,1,1,1,1
1,10,4:5:6,erase-relay,1,1,1,1,1
1,10,4:5:6,erase-relay,2,1,1,1,1
1,4,4:5:6,erase-relay,0,0,1,1,1
1,4,4:5:6,erase-relay,1,0,1,1,4
1,4,4:5:6,erase-relay,2,0,1,1,25
1,12,4:5:6,erase-relay,0,0,1,1,1
1,12,4:5:6,erase-relay,1,0,1,1,4
1,12,4:5:6,erase-relay,2,0,1,1,25
1,8,4:5:6,erase-relay,0,1,1,1,1
1,8,4:5:6,erase-relay,1,1,1,1,1
1,8,4:5:6,erase-relay,2,1,1,1,1
1,1,4:5:7,identity,0,1,1,1,1
1,1,4:5:7,identity,1,1,1,1,1
1,1,4:5:7,identity,2,1,1,1,1
1,3,4:5:7,identity,0,1,1,1,1
1,3,4:5:7,identity,1,1,1,1,1
1,3,4:5:7,identity,2,1,1,1,1
1,5,4:5:7,identity,0,0,1,1,1
1,5,4:5:7,identity,1,0,1,1,4
1,5,4:5:7,identity,2,0,1,1,25
1,2,4:5:7,identity,0,1,1,1,1
1,2,4:5:7,identity,1,1,1,1,1
1,2,4:5:7,identity,2,1,1,1,1
1,10,4:5:7,identity,0,0,1,1,1
1,10,4:5:7,identity,1,0,1,1,4
1,10,4:5:7,identity,2,0,1,1,25
1,4,4:5:7,identity,0,0,1,1,1
1,4,4:5:7,identity,1,0,1,1,4
1,4,4:5:7,identity,2,0,1,1,25
1,12,4:5:7,identity,0,0,1,1,1
1,12,4:5:7,identity,1,0,1,1,4
1,12,4:5:7,identity,2,0,1,1,25
1,8,4:5:7,identity,0,0,1,1,1
1,8,4:5:7,identity,1,1,1,1,2
1,8,4:5:7,identity,2,1,1,1,2
1,1,4:5:7,erase-relay,0,1,1,1,1
1,1,4:5:7,erase-relay,1,1,1,1,1
1,1,4:5:7,erase-relay,2,1,1,1,1
1,3,4:5:7,erase-relay,0,1,1,1,1
1,3,4:5:7,erase-relay,1,1,1,1,1
1,3,4:5:7,erase-relay,2,1,1,1,1
1,5,4:5:7,erase-relay,0,0,1,1,1
1,5,4:5:7,erase-relay,1,0,1,1,4
1,5,4:5:7,erase-relay,2,0,1,1,25
1,2,4:5:7,erase-relay,0,1,1,1,1
1,2,4:5:7,erase-relay,1,1,1,1,1
1,2,4:5:7,erase-relay,2,1,1,1,1
1,10,4:5:7,erase-relay,0,1,1,1,1
1,10,4:5:7,erase-relay,1,1,1,1,1
1,10,4:5:7,erase-relay,2,1,1,1,1
1,4,4:5:7,erase-relay,0,0,1,1,1
1,4,4:5:7,erase-relay,1,0,1,1,4
1,4,4:5:7,erase-relay,2,0,1,1,25
1,12,4:5:7,erase-relay,0,0,1,1,1
1,12,4:5:7,erase-relay,1,0,1,1,4
1,12,4:5:7,erase-relay,2,0,1,1,25
1,8,4:5:7,erase-relay,0,1,1,1,1
1,8,4:5:7,erase-relay,1,1,1,1,1
1,8,4:5:7,erase-relay,2,1,1,1,1
1,1,4:6:7,identity,0,1,1,1,1
1,1,4:6:7,identity,1,1,1,1,1
1,1,4:6:7,identity,2,1,1,1,1
1,3,4:6:7,identity,0,1,1,1,1
1,3,4:6:7,identity,1,1,1,1,1
1,3,4:6:7,identity,2,1,1,1,1
1,5,4:6:7,identity,0,0,1,1,1
1,5,4:6:7,identity,1,0,1,1,4
1,5,4:6:7,identity,2,0,1,1,37
1,2,4:6:7,identity,0,1,1,1,1
1,2,4:6:7,identity,1,1,1,1,1
1,2,4:6:7,identity,2,1,1,1,1
1,10,4:6:7,identity,0,0,1,1,1
1,10,4:6:7,identity,1,0,1,1,4
1,10,4:6:7,identity,2,1,1,1,7
1,4,4:6:7,identity,0,0,1,1,1
1,4,4:6:7,identity,1,0,1,1,4
1,4,4:6:7,identity,2,0,1,1,37
1,12,4:6:7,identity,0,0,1,1,1
1,12,4:6:7,identity,1,0,1,1,4
1,12,4:6:7,identity,2,0,1,1,37
1,8,4:6:7,identity,0,0,1,1,1
1,8,4:6:7,identity,1,1,1,1,2
1,8,4:6:7,identity,2,1,1,1,2
1,1,4:6:7,erase-relay,0,1,1,1,1
1,1,4:6:7,erase-relay,1,1,1,1,1
1,1,4:6:7,erase-relay,2,1,1,1,1
1,3,4:6:7,erase-relay,0,1,1,1,1
1,3,4:6:7,erase-relay,1,1,1,1,1
1,3,4:6:7,erase-relay,2,1,1,1,1
1,5,4:6:7,erase-relay,0,0,1,1,1
1,5,4:6:7,erase-relay,1,0,1,1,4
1,5,4:6:7,erase-relay,2,0,1,1,37
1,2,4:6:7,erase-relay,0,1,1,1,1
1,2,4:6:7,erase-relay,1,1,1,1,1
1,2,4:6:7,erase-relay,2,1,1,1,1
1,10,4:6:7,erase-relay,0,1,1,1,1
1,10,4:6:7,erase-relay,1,1,1,1,1
1,10,4:6:7,erase-relay,2,1,1,1,1
1,4,4:6:7,erase-relay,0,0,1,1,1
1,4,4:6:7,erase-relay,1,0,1,1,4
1,4,4:6:7,erase-relay,2,0,1,1,37
1,12,4:6:7,erase-relay,0,0,1,1,1
1,12,4:6:7,erase-relay,1,0,1,1,4
1,12,4:6:7,erase-relay,2,0,1,1,37
1,8,4:6:7,erase-relay,0,1,1,1,1
1,8,4:6:7,erase-relay,1,1,1,1,1
1,8,4:6:7,erase-relay,2,1,1,1,1
1,1,5:6:7,identity,0,1,1,1,1
1,1,5:6:7,identity,1,1,1,1,1
1,1,5:6:7,identity,2,1,1,1,1
1,3,5:6:7,identity,0,1,1,1,1
1,3,5:6:7,identity,1,1,1,1,1
1,3,5:6:7,identity,2,1,1,1,1
1,5,5:6:7,identity,0,0,1,1,1
1,5,5:6:7,identity,1,0,1,1,4
1,5,5:6:7,identity,2,0,1,1,37
1,2,5:6:7,identity,0,1,1,1,1
1,2,5:6:7,identity,1,1,1,1,1
1,2,5:6:7,identity,2,1,1,1,1
1,10,5:6:7,identity,0,0,1,1,1
1,10,5:6:7,identity,1,0,1,1,4
1,10,5:6:7,identity,2,0,1,1,37
1,4,5:6:7,identity,0,0,1,1,1
1,4,5:6:7,identity,1,0,1,1,4
1,4,5:6:7,identity,2,0,1,1,37
1,12,5:6:7,identity,0,0,1,1,1
1,12,5:6:7,identity,1,0,1,1,4
1,12,5:6:7,identity,2,0,1,1,37
1,8,5:6:7,identity,0,0,1,1,1
1,8,5:6:7,identity,1,0,1,1,4
1,8,5:6:7,identity,2,0,1,1,37
1,1,5:6:7,erase-relay,0,1,1,1,1
1,1,5:6:7,erase-relay,1,1,1,1,1
1,1,5:6:7,erase-relay,2,1,1,1,1
1,3,5:6:7,erase-relay,0,1,1,1,1
1,3,5:6:7,erase-relay,1,1,1,1,1
1,3,5:6:7,erase-relay,2,1,1,1,1
1,5,5:6:7,erase-relay,0,0,1,1,1
1,5,5:6:7,erase-relay,1,0,1,1,4
1,5,5:6:7,erase-relay,2,0,1,1,37
1,2,5:6:7,erase-relay,0,1,1,1,1
1,2,5:6:7,erase-relay,1,1,1,1,1
1,2,5:6:7,erase-relay,2,1,1,1,1
1,10,5:6:7,erase-relay,0,1,1,1,1
1,10,5:6:7,erase-relay,1,1,1,1,1
1,10,5:6:7,erase-relay,2,1,1,1,1
1,4,5:6:7,erase-relay,0,0,1,1,1
1,4,5:6:7,erase-relay,1,0,1,1,4
1,4,5:6:7,erase-relay,2,0,1,1,37
1,12,5:6:7,erase-relay,0,0,1,1,1
1,12,5:6:7,erase-relay,1,0,1,1,4
1,12,5:6:7,erase-relay,2,0,1,1,37
1,8,5:6:7,erase-relay,0,1,1,1,1
1,8,5:6:7,erase-relay,1,1,1,1,1
1,8,5:6:7,erase-relay,2,1,1,1,1
3,1,0,identity,0,0,1,1,1
3,1,0,identity,1,0,1,1,2
3,1,0,identity,2,0,1,1,3
3,3,0,identity,0,0,1,1,1
3,3,0,identity,1,0,1,1,2
3,3,0,identity,2,0,1,1,3
3,5,0,identity,0,0,1,1,1
3,5,0,identity,1,0,1,1,2
3,5,0,identity,2,0,1,1,3
3,2,0,identity,0,0,1,1,1
3,2,0,identity,1,0,1,1,2
3,2,0,identity,2,0,1,1,3
3,10,0,identity,0,0,1,1,1
3,10,0,identity,1,0,1,1,2
3,10,0,identity,2,0,1,1,3
3,4,0,identity,0,0,1,1,1
3,4,0,identity,1,0,1,1,2
3,4,0,identity,2,0,1,1,3
3,12,0,identity,0,0,1,1,1
3,12,0,identity,1,0,1,1,2
3,12,0,identity,2,0,1,1,3
3,8,0,identity,0,1,1,1,1
3,8,0,identity,1,1,1,1,1
3,8,0,identity,2,1,1,1,1
3,1,0,erase-relay,0,1,1,1,1
3,1,0,erase-relay,1,1,1,1,1
3,1,0,erase-relay,2,1,1,1,1
3,3,0,erase-relay,0,1,1,1,1
3,3,0,erase-relay,1,1,1,1,1
3,3,0,erase-relay,2,1,1,1,1
3,5,0,erase-relay,0,0,1,1,1
3,5,0,erase-relay,1,0,1,1,2
3,5,0,erase-relay,2,0,1,1,3
3,2,0,erase-relay,0,1,1,1,1
3,2,0,erase-relay,1,1,1,1,1
3,2,0,erase-relay,2,1,1,1,1
3,10,0,erase-relay,0,1,1,1,1
3,10,0,erase-relay,1,1,1,1,1
3,10,0,erase-relay,2,1,1,1,1
3,4,0,erase-relay,0,0,1,1,1
3,4,0,erase-relay,1,0,1,1,2
3,4,0,erase-relay,2,0,1,1,3
3,12,0,erase-relay,0,0,1,1,1
3,12,0,erase-relay,1,0,1,1,2
3,12,0,erase-relay,2,0,1,1,3
3,8,0,erase-relay,0,1,1,1,1
3,8,0,erase-relay,1,1,1,1,1
3,8,0,erase-relay,2,1,1,1,1
3,1,1,identity,0,0,1,1,1
3,1,1,identity,1,0,1,1,2
3,1,1,identity,2,0,1,1,3
3,3,1,identity,0,0,1,1,1
3,3,1,identity,1,0,1,1,2
3,3,1,identity,2,0,1,1,3
3,5,1,identity,0,0,1,1,1
3,5,1,identity,1,0,1,1,2
3,5,1,identity,2,0,1,1,3
3,2,1,identity,0,0,1,1,1
3,2,1,identity,1,1,1,1,2
3,2,1,identity,2,1,1,1,2
3,10,1,identity,0,0,1,1,1
3,10,1,identity,1,1,1,1,2
3,10,1,identity,2,1,1,1,2
3,4,1,identity,0,0,1,1,1
3,4,1,identity,1,0,1,1,2
3,4,1,identity,2,0,1,1,3
3,12,1,identity,0,0,1,1,1
3,12,1,identity,1,0,1,1,2
3,12,1,identity,2,0,1,1,3
3,8,1,identity,0,1,1,1,1
3,8,1,identity,1,1,1,1,1
3,8,1,identity,2,1,1,1,1
3,1,1,erase-relay,0,1,1,1,1
3,1,1,erase-relay,1,1,1,1,1
3,1,1,erase-relay,2,1,1,1,1
3,3,1,erase-relay,0,1,1,1,1
3,3,1,erase-relay,1,1,1,1,1
3,3,1,erase-relay,2,1,1,1,1
3,5,1,erase-relay,0,0,1,1,1
3,5,1,erase-relay,1,0,1,1,2
3,5,1,erase-relay,2,0,1,1,3
3,2,1,erase-relay,0,1,1,1,1
3,2,1,erase-relay,1,1,1,1,1
3,2,1,erase-relay,2,1,1,1,1
3,10,1,erase-relay,0,1,1,1,1
3,10,1,erase-relay,1,1,1,1,1
3,10,1,erase-relay,2,1,1,1,1
3,4,1,erase-relay,0,0,1,1,1
3,4,1,erase-relay,1,0,1,1,2
3,4,1,erase-relay,2,0,1,1,3
3,12,1,erase-relay,0,0,1,1,1
3,12,1,erase-relay,1,0,1,1,2
3,12,1,erase-relay,2,0,1,1,3
3,8,1,erase-relay,0,1,1,1,1
3,8,1,erase-relay,1,1,1,1,1
3,8,1,erase-relay,2,1,1,1,1
3,1,2,identity,0,0,1,1,1
3,1,2,identity,1,0,1,1,2
3,1,2,identity,2,0,1,1,3
3,3,2,identity,0,0,1,1,1
3,3,2,identity,1,0,1,1,2
3,3,2,identity,2,0,1,1,3
3,5,2,identity,0,0,1,1,1
3,5,2,identity,1,0,1,1,2
3,5,2,identity,2,0,1,1,3
3,2,2,identity,0,0,1,1,1
3,2,2,identity,1,0,1,1,2
3,2,2,identity,2,0,1,1,3
3,10,2,identity,0,0,1,1,1
3,10,2,identity,1,0,1,1,2
3,10,2,identity,2,0,1,1,3
3,4,2,identity,0,0,1,1,1
3,4,2,identity,1,0,1,1,2
3,4,2,identity,2,0,1,1,3
3,12,2,identity,0,0,1,1,1
3,12,2,identity,1,0,1,1,2
3,12,2,identity,2,0,1,1,3
3,8,2,identity,0,1,1,1,1
3,8,2,identity,1,1,1,1,1
3,8,2,identity,2,1,1,1,1
3,1,2,erase-relay,0,1,1,1,1
3,1,2,erase-relay,1,1,1,1,1
3,1,2,erase-relay,2,1,1,1,1
3,3,2,erase-relay,0,1,1,1,1
3,3,2,erase-relay,1,1,1,1,1
3,3,2,erase-relay,2,1,1,1,1
3,5,2,erase-relay,0,0,1,1,1
3,5,2,erase-relay,1,0,1,1,2
3,5,2,erase-relay,2,0,1,1,3
3,2,2,erase-relay,0,1,1,1,1
3,2,2,erase-relay,1,1,1,1,1
3,2,2,erase-relay,2,1,1,1,1
3,10,2,erase-relay,0,1,1,1,1
3,10,2,erase-relay,1,1,1,1,1
3,10,2,erase-relay,2,1,1,1,1
3,4,2,erase-relay,0,0,1,1,1
3,4,2,erase-relay,1,0,1,1,2
3,4,2,erase-relay,2,0,1,1,3
3,12,2,erase-relay,0,0,1,1,1
3,12,2,erase-relay,1,0,1,1,2
3,12,2,erase-relay,2,0,1,1,3
3,8,2,erase-relay,0,1,1,1,1
3,8,2,erase-relay,1,1,1,1,1
3,8,2,erase-relay,2,1,1,1,1
3,1,3,identity,0,0,1,1,1
3,1,3,identity,1,0,1,1,2
3,1,3,identity,2,0,1,1,3
3,3,3,identity,0,0,1,1,1
3,3,3,identity,1,0,1,1,2
3,3,3,identity,2,0,1,1,3
3,5,3,identity,0,0,1,1,1
3,5,3,identity,1,0,1,1,2
3,5,3,identity,2,0,1,1,3
3,2,3,identity,0,0,1,1,1
3,2,3,identity,1,0,1,1,2
3,2,3,identity,2,0,1,1,3
3,10,3,identity,0,0,1,1,1
3,10,3,identity,1,0,1,1,2
3,10,3,identity,2,0,1,1,3
3,4,3,identity,0,0,1,1,1
3,4,3,identity,1,0,1,1,2
3,4,3,identity,2,0,1,1,3
3,12,3,identity,0,0,1,1,1
3,12,3,identity,1,0,1,1,2
3,12,3,identity,2,0,1,1,3
3,8,3,identity,0,1,1,1,1
3,8,3,identity,1,1,1,1,1
3,8,3,identity,2,1,1,1,1
3,1,3,erase-relay,0,1,1,1,1
3,1,3,erase-relay,1,1,1,1,1
3,1,3,erase-relay,2,1,1,1,1
3,3,3,erase-relay,0,1,1,1,1
3,3,3,erase-relay,1,1,1,1,1
3,3,3,erase-relay,2,1,1,1,1
3,5,3,erase-relay,0,0,1,1,1
3,5,3,erase-relay,1,0,1,1,2
3,5,3,erase-relay,2,0,1,1,3
3,2,3,erase-relay,0,1,1,1,1
3,2,3,erase-relay,1,1,1,1,1
3,2,3,erase-relay,2,1,1,1,1
3,10,3,erase-relay,0,1,1,1,1
3,10,3,erase-relay,1,1,1,1,1
3,10,3,erase-relay,2,1,1,1,1
3,4,3,erase-relay,0,0,1,1,1
3,4,3,erase-relay,1,0,1,1,2
3,4,3,erase-relay,2,0,1,1,3
3,12,3,erase-relay,0,0,1,1,1
3,12,3,erase-relay,1,0,1,1,2
3,12,3,erase-relay,2,0,1,1,3
3,8,3,erase-relay,0,1,1,1,1
3,8,3,erase-relay,1,1,1,1,1
3,8,3,erase-relay,2,1,1,1,1
3,1,4,identity,0,0,1,1,1
3,1,4,identity,1,0,1,1,2
3,1,4,identity,2,0,1,1,3
3,3,4,identity,0,0,1,1,1
3,3,4,identity,1,0,1,1,2
3,3,4,identity,2,0,1,1,3
3,5,4,identity,0,0,1,1,1
3,5,4,identity,1,0,1,1,2
3,5,4,identity,2,0,1,1,3
3,2,4,identity,0,0,1,1,1
3,2,4,identity,1,1,1,1,2
3,2,4,identity,2,1,1,1,2
3,10,4,identity,0,0,1,1,1
3,10,4,identity,1,0,1,1,2
3,10,4,identity,2,0,1,1,3
3,4,4,identity,0,0,1,1,1
3,4,4,identity,1,0,1,1,2
3,4,4,identity,2,0,1,1,3
3,12,4,identity,0,0,1,1,1
3,12,4,identity,1,0,1,1,2
3,12,4,identity,2,0,1,1,3
3,8,4,identity,0,1,1,1,1
3,8,4,identity,1,1,1,1,1
3,8,4,identity,2,1,1,1,1
3,1,4,erase-relay,0,1,1,1,1
3,1,4,erase-relay,1,1,1,1,1
3,1,4,erase-relay,2,1,1,1,1
3,3,4,erase-relay,0,1,1,1,1
3,3,4,erase-relay,1,1,1,1,1
3,3,4,erase-relay,2,1,1,1,1
3,5,4,erase-relay,0,0,1,1,1
3,5,4,erase-relay,1,0,1,1,2
3,5,4,erase-relay,2,0,1,1,3
3,2,4,erase-relay,0,1,1,1,1
3,2,4,erase-relay,1,1,1,1,1
3,2,4,erase-relay,2,1,1,1,1
3,10,4,erase-relay,0,1,1,1,1
3,10,4,erase-relay,1,1,1,1,1
3,10,4,erase-relay,2,1,1,1,1
3,4,4,erase-relay,0,0,1,1,1
3,4,4,erase-relay,1,0,1,1,2
3,4,4,erase-relay,2,0,1,1,3
3,12,4,erase-relay,0,0,1,1,1
3,12,4,erase-relay,1,0,1,1,2
3,12,4,erase-relay,2,0,1,1,3
3,8,4,erase-relay,0,1,1,1,1
3,8,4,erase-relay,1,1,1,1,1
3,8,4,erase-relay,2,1,1,1,1
3,1,5,identity,0,0,1,1,1
3,1,5,identity,1,0,1,1,2
3,1,5,identity,2,0,1,1,3
3,3,5,identity,0,0,1,1,1
3,3,5,identity,1,0,1,1,2
3,3,5,identity,2,0,1,1,3
3,5,5,identity,0,0,1,1,1
3,5,5,identity,1,0,1,1,2
3,5,5,identity,2,0,1,1,3
3,2,5,identity,0,0,1,1,1
3,2,5,identity,1,0,1,1,2
3,2,5,identity,2,0,1,1,3
3,10,5,identity,0,0,1,1,1
3,10,5,identity,1,0,1,1,2
3,10,5,identity,2,0,1,1,3
3,4,5,identity,0,0,1,1,1
3,4,5,identity,1,0,1,1,2
3,4,5,identity,2,0,1,1,3
3,12,5,identity,0,0,1,1,1
3,12,5,identity,1,0,1,1,2
3,12,5,identity,2,0,1,1,3
3,8,5,identity,0,1,1,1,1
3,8,5,identity,1,1,1,1,1
3,8,5,identity,2,1,1,1,1
3,1,5,erase-relay,0,1,1,1,1
3,1,5,erase-relay,1,1,1,1,1
3,1,5,erase-relay,2,1,1,1,1
3,3,5,erase-relay,0,1,1,1,1
3,3,5,erase-relay,1,1,1,1,1
3,3,5,erase-relay,2,1,1,1,1
3,5,5,erase-relay,0,0,1,1,1
3,5,5,erase-relay,1,0,1,1,2
3,5,5,erase-relay,2,0,1,1,3
3,2,5,erase-relay,0,1,1,1,1
3,2,5,erase-relay,1,1,1,1,1
3,2,5,erase-relay,2,1,1,1,1
3,10,5,erase-relay,0,1,1,1,1
3,10,5,erase-relay,1,1,1,1,1
3,10,5,erase-relay,2,1,1,1,1
3,4,5,erase-relay,0,0,1,1,1
3,4,5,erase-relay,1,0,1,1,2
3,4,5,erase-relay,2,0,1,1,3
3,12,5,erase-relay,0,0,1,1,1
3,12,5,erase-relay,1,0,1,1,2
3,12,5,erase-relay,2,0,1,1,3
3,8,5,erase-relay,0,1,1,1,1
3,8,5,erase-relay,1,1,1,1,1
3,8,5,erase-relay,2,1,1,1,1
3,1,6,identity,0,0,1,1,1
3,1,6,identity,1,0,1,1,2
3,1,6,identity,2,0,1,1,5
3,3,6,identity,0,0,1,1,1
3,3,6,identity,1,0,1,1,2
3,3,6,identity,2,0,1,1,5
3,5,6,identity,0,0,1,1,1
3,5,6,identity,1,0,1,1,2
3,5,6,identity,2,0,1,1,5
3,2,6,identity,0,0,1,1,1
3,2,6,identity,1,0,1,1,2
3,2,6,identity,2,0,1,1,5
3,10,6,identity,0,0,1,1,1
3,10,6,identity,1,0,1,1,2
3,10,6,identity,2,0,1,1,5
3,4,6,identity,0,0,1,1,1
3,4,6,identity,1,0,1,1,2
3,4,6,identity,2,0,1,1,5
3,12,6,identity,0,0,1,1,1
3,12,6,identity,1,0,1,1,2
3,12,6,identity,2,0,1,1,5
3,8,6,identity,0,1,1,1,1
3,8,6,identity,1,1,1,1,1
3,8,6,identity,2,1,1,1,1
3,1,6,erase-relay,0,1,1,1,1
3,1,6,erase-relay,1,1,1,1,1
3,1,6,erase-relay,2,1,1,1,1
3,3,6,erase-relay,0,1,1,1,1
3,3,6,erase-relay,1,1,1,1,1
3,3,6,erase-relay,2,1,1,1,1
3,5,6,erase-relay,0,0,1,1,1
3,5,6,erase-relay,1,0,1,1,2
3,5,6,erase-relay,2,0,1,1,5
3,2,6,erase-relay,0,1,1,1,1
3,2,6,erase-relay,1,1,1,1,1
3,2,6,erase-relay,2,1,1,1,1
3,10,6,erase-relay,0,1,1,1,1
3,10,6,erase-relay,1,1,1,1,1
3,10,6,erase-relay,2,1,1,1,1
3,4,6,erase-relay,0,0,1,1,1
3,4,6,erase-relay,1,0,1,1,2
3,4,6,erase-relay,2,0,1,1,5
3,12,6,erase-relay,0,0,1,1,1
3,12,6,erase-relay,1,0,1,1,2
3,12,6,erase-relay,2,0,1,1,5
3,8,6,erase-relay,0,1,1,1,1
3,8,6,erase-relay,1,1,1,1,1
3,8,6,erase-relay,2,1,1,1,1
3,1,7,identity,0,0,1,1,1
3,1,7,identity,1,0,1,1,2
3,1,7,identity,2,0,1,1,5
3,3,7,identity,0,0,1,1,1
3,3,7,identity,1,0,1,1,2
3,3,7,identity,2,0,1,1,5
3,5,7,identity,0,0,1,1,1
3,5,7,identity,1,0,1,1,2
3,5,7,identity,2,0,1,1,5
3,2,7,identity,0,0,1,1,1
3,2,7,identity,1,0,1,1,2
3,2,7,identity,2,0,1,1,5
3,10,7,identity,0,0,1,1,1
3,10,7,identity,1,0,1,1,2
3,10,7,identity,2,0,1,1,5
3,4,7,identity,0,0,1,1,1
3,4,7,identity,1,0,1,1,2
3,4,7,identity,2,0,1,1,5
3,12,7,identity,0,0,1,1,1
3,12,7,identity,1,0,1,1,2
3,12,7,identity,2,0,1,1,5
3,8,7,identity,0,1,1,1,1
3,8,7,identity,1,1,1,1,1
3,8,7,identity,2,1,1,1,1
3,1,7,erase-relay,0,1,1,1,1
3,1,7,erase-relay,1,1,1,1,1
3,1,7,erase-relay,2,1,1,1,1
3,3,7,erase-relay,0,1,1,1,1
3,3,7,erase-relay,1,1,1,1,1
3,3,7,erase-relay,2,1,1,1,1
3,5,7,erase-relay,0,0,1,1,1
3,5,7,erase-relay,1,0,1,1,2
3,5,7,erase-relay,2,0,1,1,5
3,2,7,erase-relay,0,1,1,1,1
3,2,7,erase-relay,1,1,1,1,1
3,2,7,erase-relay,2,1,1,1,1
3,10,7,erase-relay,0,1,1,1,1
3,10,7,erase-relay,1,1,1,1,1
3,10,7,erase-relay,2,1,1,1,1
3,4,7,erase-relay,0,0,1,1,1
3,4,7,erase-relay,1,0,1,1,2
3,4,7,erase-relay,2,0,1,1,5
3,12,7,erase-relay,0,0,1,1,1
3,12,7,erase-relay,1,0,1,1,2
3,12,7,erase-relay,2,0,1,1,5
3,8,7,erase-relay,0,1,1,1,1
3,8,7,erase-relay,1,1,1,1,1
3,8,7,erase-relay,2,1,1,1,1
3,1,0:1,identity,0,0,1,1,1
3,1,0:1,identity,1,0,1,1,3
3,1,0:1,identity,2,0,1,1,7
3,3,0:1,identity,0,0,1,1,1
3,3,0:1,identity,1,0,1,1,3
3,3,0:1,identity,2,0,1,1,7
3,5,0:1,identity,0,0,1,1,1
3,5,0:1,identity,1,0,1,1,3
3,5,0:1,identity,2,0,1,1,7
3,2,0:1,identity,0,0,1,1,1
3,2,0:1,identity,1,1,1,1,3
3,2,0:1,identity,2,1,1,1,4
3,10,0:1,identity,0,0,1,1,1
3,10,0:1,identity,1,1,1,1,3
3,10,0:1,identity,2,1,1,1,4
3,4,0:1,identity,0,0,1,1,1
3,4,0:1,identity,1,0,1,1,3
3,4,0:1,identity,2,0,1,1,7
3,12,0:1,identity,0,0,1,1,1
3,12,0:1,identity,1,0,1,1,3
3,12,0:1,identity,2,0,1,1,7
3,8,0:1,identity,0,1,1,1,1
3,8,0:1,identity,1,1,1,1,1
3,8,0:1,identity,2,1,1,1,1
3,1,0:1,erase-relay,0,1,1,1,1
3,1,0:1,erase-relay,1,1,1,1,1
3,1,0:1,erase-relay,2,1,1,1,1
3,3,0:1,erase-relay,0,1,1,1,1
3,3,0:1,erase-relay,1,1,1,1,1
3,3,0:1,erase-relay,2,1,1,1,1
3,5,0:1,erase-relay,0,0,1,1,1
3,5,0:1,erase-relay,1,0,1,1,3
3,5,0:1,erase-relay,2,0,1,1,7
3,2,0:1,erase-relay,0,1,1,1,1
3,2,0:1,erase-relay,1,1,1,1,1
3,2,0:1,erase-relay,2,1,1,1,1
3,10,0:1,erase-relay,0,1,1,1,1
3,10,0:1,erase-relay,1,1,1,1,1
3,10,0:1,erase-relay,2,1,1,1,1
3,4,0:1,erase-relay,0,0,1,1,1
3,4,0:1,erase-relay,1,0,1,1,3
3,4,0:1,erase-relay,2,0,1,1,7
3,12,0:1,erase-relay,0,0,1,1,1
3,12,0:1,erase-relay,1,0,1,1,3
3,12,0:1,erase-relay,2,0,1,1,7
3,8,0:1,erase-relay,0,1,1,1,1
3,8,0:1,erase-relay,1,1,1,1,1
3,8,0:1,erase-relay,2,1,1,1,1
3,1,0:2,identity,0,0,1,1,1
3,1,0:2,identity,1,0,1,1,3
3,1,0:2,identity,2,0,1,1,7
3,3,0:2,identity,0,0,1,1,1
3,3,0:2,identity,1,0,1,1,3
3,3,0:2,identity,2,0,1,1,7
3,5,0:2,identity,0,0,1,1,1
3,5,0:2,identity,1,0,1,1,3
3,5,0:2,identity,2,0,1,1,7
3,2,0:2,identity,0,0,1,1,1
3,2,0:2,identity,1,0,1,1,3
3,2,0:2,identity,2,0,1,1,7
3,10,0:2,identity,0,0,1,1,1
3,10,0:2,identity,1,0,1,1,3
3,10,0:2,identity,2,0,1,1,7
3,4,0:2,identity,0,0,1,1,1
3,4,0:2,identity,1,0,1,1,3
3,4,0:2,identity,2,0,1,1,7
3,12,0:2,identity,0,0,1,1,1
3,12,0:2,identity,1,0,1,1,3
3,12,0:2,identity,2,0,1,1,7
3,8,0:2,identity,0,1,1,1,1
3,8,0:2,identity,1,1,1,1,1
3,8,0:2,identity,2,1,1,1,1
3,1,0:2,erase-relay,0,1,1,1,1
3,1,0:2,erase-relay,1,1,1,1,1
3,1,0:2,erase-relay,2,1,1,1,1
3,3,0:2,erase-relay,0,1,1,1,1
3,3,0:2,erase-relay,1,1,1,1,1
3,3,0:2,erase-relay,2,1,1,1,1
3,5,0:2,erase-relay,0,0,1,1,1
3,5,0:2,erase-relay,1,0,1,1,3
3,5,0:2,erase-relay,2,0,1,1,7
3,2,0:2,erase-relay,0,1,1,1,1
3,2,0:2,erase-relay,1,1,1,1,1
3,2,0:2,erase-relay,2,1,1,1,1
3,10,0:2,erase-relay,0,1,1,1,1
3,10,0:2,erase-relay,1,1,1,1,1
3,10,0:2,erase-relay,2,1,1,1,1
3,4,0:2,erase-relay,0,0,1,1,1
3,4,0:2,erase-relay,1,0,1,1,3
3,4,0:2,erase-relay,2,0,1,1,7
3,12,0:2,erase-relay,0,0,1,1,1
3,12,0:2,erase-relay,1,0,1,1,3
3,12,0:2,erase-relay,2,0,1,1,7
3,8,0:2,erase-relay,0,1,1,1,1
3,8,0:2,erase-relay,1,1,1,1,1
3,8,0:2,erase-relay,2,1,1,1,1
3,1,0:3,identity,0,0,1,1,1
3,1,0:3,identity,1,0,1,1,3
3,1,0:3,identity,2,0,1,1,7
3,3,0:3,identity,0,0,1,1,1
3,3,0:3,identity,1,0,1,1,3
3,3,0:3,identity,2,0,1,1,7
3,5,0:3,identity,0,0,1,1,1
3,5,0:3,identity,1,0,1,1,3
3,5,0:3,identity,2,0,1,1,7
3,2,0:3,identity,0,0,1,1,1
3,2,0:3,identity,1,0,1,1,3
3,2,0:3,identity,2,0,1,1,7
3,10,0:3,identity,0,0,1,1,1
3,10,0:3,identity,1,0,1,1,3
3,10,0:3,identity,2,0,1,1,7
3,4,0:3,identity,0,0,1,1,1
3,4,0:3,identity,1,0,1,1,3
3,4,0:3,identity,2,0,1,1,7
3,12,0:3,identity,0,0,1,1,1
3,12,0:3,identity,1,0,1,1,3
3,12,0:3,identity,2,0,1,1,7
3,8,0:3,identity,0,1,1,1,1
3,8,0:3,identity,1,1,1,1,1
3,8,0:3,identity,2,1,1,1,1
3,1,0:3,erase-relay,0,1,1,1,1
3,1,0:3,erase-relay,1,1,1,1,1
3,1,0:3,erase-relay,2,1,1,1,1
3,3,0:3,erase-relay,0,1,1,1,1
3,3,0:3,erase-relay,1,1,1,1,1
3,3,0:3,erase-relay,2,1,1,1,1
3,5,0:3,erase-relay,0,0,1,1,1
3,5,0:3,erase-relay,1,0,1,1,3
3,5,0:3,erase-relay,2,0,1,1,7
3,2,0:3,erase-relay,0,1,1,1,1
3,2,0:3,erase-relay,1,1,1,1,1
3,2,0:3,erase-relay,2,1,1,1,1
3,10,0:3,erase-relay,0,1,1,1,1
3,10,0:3,erase-relay,1,1,1,1,1
3,10,0:3,erase-relay,2,1,1,1,1
3,4,0:3,erase-relay,0,0,1,1,1
3,4,0:3,erase-relay,1,0,1,1,3
3,4,0:3,erase-relay,2,0,1,1,7
3,12,0:3,erase-relay,0,0,1,1,1
3,12,0:3,erase-relay,1,0,1,1,3
3,12,0:3,erase-relay,2,0,1,1,7
3,8,0:3,erase-relay,0,1,1,1,1
3,8,0:3,erase-relay,1,1,1,1,1
3,8,0:3,erase-relay,2,1,1,1,1
3,1,0:4,identity,0,0,1,1,1
3,1,0:4,identity,1,0,1,1,3
3,1,0:4,identity,2,0,1,1,7
3,3,0:4,identity,0,0,1,1,1
3,3,0:4,identity,1,0,1,1,3
3,3,0:4,identity,2,0,1,1,7
3,5,0:4,identity,0,0,1,1,1
3,5,0:4,identity,1,0,1,1,3
3,5,0:4,identity,2,0,1,1,7
3,2,0:4,identity,0,0,1,1,1
3,2,0:4,identity,1,1,1,1,3
3,2,0:4,identity,2,1,1,1,4
3,10,0:4,identity,0,0,1,1,1
3,10,0:4,identity,1,0,1,1,3
3,10,0:4,identity,2,1,1,1,4
3,4,0:4,identity,0,0,1,1,1
3,4,0:4,identity,1,0,1,1,3
3,4,0:4,identity,2,0,1,1,7
3,12,0:4,identity,0,0,1,1,1
3,12,0:4,identity,1,0,1,1,3
3,12,0:4,identity,2,0,1,1,7
3,8,0:4,identity,0,1,1,1,1
3,8,0:4,identity,1,1,1,1,1
3,8,0:4,identity,2,1,1,1,1
3,1,0:4,erase-relay,0,1,1,1,1
3,1,0:4,erase-relay,1,1,1,1,1
3,1,0:4,erase-relay,2,1,1,1,1
3,3,0:4,erase-relay,0,1,1,1,1
3,3,0:4,erase-relay,1,1,1,1,1
3,3,0:4,erase-relay,2,1,1,1,1
3,5,0:4,erase-relay,0,0,1,1,1
3,5,0:4,erase-relay,1,0,1,1,3
3,5,0:4,erase-relay,2,0,1,1,7
3,2,0:4,erase-relay,0,1,1,1,1
3,2,0:4,erase-relay,1,1,1,1,1
3,2,0:4,erase-relay,2,1,1,1,1
3,10,0:4,erase-relay,0,1,1,1,1
3,10,0:4,erase-relay,1,1,1,1,1
3,10,0:4,erase-relay,2,1,1,1,1
3,4,0:4,erase-relay,0,0,1,1,1
3,4,0:4,erase-relay,1,0,1,1,3
3,4,0:4,erase-relay,2,0,1,1,7
3,12,0:4,erase-relay,0,0,1,1,1
3,12,0:4,erase-relay,1,0,1,1,3
3,12,0:4,erase-relay,2,0,1,1,7
3,8,0:4,erase-relay,0,1,1,1,1
3,8,0:4,erase-relay,1,1,1,1,1
3,8,0:4,erase-relay,2,1,1,1,1
3,1,0:5,identity,0,0,1,1,1
3,1,0:5,identity,1,0,1,1,3
3,1,0:5,identity,2,0,1,1,7
3,3,0:5,identity,0,0,1,1,1
3,3,0:5,identity,1,0,1,1,3
3,3,0:5,identity,2,0,1,1,7
3,5,0:5,identity,0,0,1,1,1
3,5,0:5,identity,1,0,1,1,3
3,5,0:5,identity,2,0,1,1,7
3,2,0:5,identity,0,0,1,1,1
3,2,0:5,identity,1,0,1,1,3
3,2,0:5,identity,2,0,1,1,7
3,10,0:5,identity,0,0,1,1,1
3,10,0:5,identity,1,0,1,1,3
3,10,0:5,identity,2,0,1,1,7
3,4,0:5,identity,0,0,1,1,1
3,4,0:5,identity,1,0,1,1,3
3,4,0:5,identity,2,0,1,1,7
3,12,0:5,identity,0,0,1,1,1
3,12,0:5,identity,1,0,1,1,3
3,12,0:5,identity,2,0,1,1,7
3,8,0:5,identity,0,1,1,1,1
3,8,0:5,identity,1,1,1,1,1
3,8,0:5,identity,2,1,1,1,1
3,1,0:5,erase-relay,0,1,1,1,1
3,1,0:5,erase-relay,1,1,1,1,1
3,1,0:5,erase-relay,2,1,1,1,1
3,3,0:5,erase-relay,0,1,1,1,1
3,3,0:5,erase-relay,1,1,1,1,1
3,3,0:5,erase-relay,2,1,1,1,1
3,5,0:5,erase-relay,0,0,1,1,1
3,5,0:5,erase-relay,1,0,1,1,3
3,5,0:5,erase-relay,2,0,1,1,7
3,2,0:5,erase-relay,0,1,1,1,1
3,2,0:5,erase-relay,1,1,1,1,1
3,2,0:5,erase-relay,2,1,1,1,1
3,10,0:5,erase-relay,0,1,1,1,1
3,10,0:5,erase-relay,1,1,1,1,1
3,10,0:5,erase-relay,2,1,1,1,1
3,4,0:5,erase-relay,0,0,1,1,1
3,4,0:5,erase-relay,1,0,1,1,3
3,4,0:5,erase-relay,2,0,1,1,7
3,12,0:5,erase-relay,0,0,1,1,1
3,12,0:5,erase-relay,1,0,1,1,3
3,12,0:5,erase-relay,2,0,1,1,7
3,8,0:5,erase-relay,0,1,1,1,1
3,8,0:5,erase-relay,1,1,1,1,1
3,8,0:5,erase-relay,2,1,1,1,1
3,1,0:6,identity,0,0,1,1,1
3,1,0:6,identity,1,0,1,1,3
3,1,0:6,identity,2,0,1,1,13
3,3,0:6,identity,0,0,1,1,1
3,3,0:6,identity,1,0,1,1,3
3,3,0:6,identity,2,0,1,1,13
3,5,0:6,identity,0,0,1,1,1
3,5,0:6,identity,1,0,1,1,3
3,5,0:6,identity,2,0,1,1,13
3,2,0:6,identity,0,0,1,1,1
3,2,0:6,identity,1,0,1,1,3
3,2,0:6,identity,2,0,1,1,13
3,10,0:6,identity,0,0,1,1,1
3,10,0:6,identity,1,0,1,1,3
3,10,0:6,identity,2,0,1,1,13
3,4,0:6,identity,0,0,1,1,1
3,4,0:6,identity,1,0,1,1,3
3,4,0:6,identity,2,0,1,1,13
3,12,0:6,identity,0,0,1,1,1
3,12,0:6,identity,1,0,1,1,3
3,12,0:6,identity,2,0,1,1,13
3,8,0:6,identity,0,1,1,1,1
3,8,0:6,identity,1,1,1,1,1
3,8,0:6,identity,2,1,1,1,1
3,1,0:6,erase-relay,0,1,1,1,1
3,1,0:6,erase-relay,1,1,1,1,1
3,1,0:6,erase-relay,2,1,1,1,1
3,3,0:6,erase-relay,0,1,1,1,1
3,3,0:6,erase-relay,1,1,1,1,1
3,3,0:6,erase-relay,2,1,1,1,1
3,5,0:6,erase-relay,0,0,1,1,1
3,5,0:6,erase-relay,1,0,1,1,3
3,5,0:6,erase-relay,2,0,1,1,13
3,2,0:6,erase-relay,0,1,1,1,1
3,2,0:6,erase-relay,1,1,1,1,1
3,2,0:6,erase-relay,2,1,1,1,1
3,10,0:6,erase-relay,0,1,1,1,1
3,10,0:6,erase-relay,1,1,1,1,1
3,10,0:6,erase-relay,2,1,1,1,1
3,4,0:6,erase-relay,0,0,1,1,1
3,4,0:6,erase-relay,1,0,1,1,3
3,4,0:6,erase-relay,2,0,1,1,13
3,12,0:6,erase-relay,0,0,1,1,1
3,12,0:6,erase-relay,1,0,1,1,3
3,12,0:6,erase-relay,2,0,1,1,13
3,8,0:6,erase-relay,0,1,1,1,1
3,8,0:6,erase-relay,1,1,1,1,1
3,8,0:6,erase-relay,2,1,1,1,1
3,1,0:7,identity,0,0,1,1,1
3,1,0:7,identity,1,0,1,1,3
3,1,0:7,identity,2,0,1,1,13
3,3,0:7,identity,0,0,1,1,1
3,3,0:7,identity,1,0,1,1,3
3,3,0:7,identity,2,0,1,1,13
3,5,0:7,identity,0,0,1,1,1
3,5,0:7,identity,1,0,1,1,3
3,5,0:7,identity,2,0,1,1,13
3,2,0:7,identity,0,0,1,1,1
3,2,0:7,identity,1,0,1,1,3
3,2,0:7,identity,2,0,1,1,13
3,10,0:7,identity,0,0,1,1,1
3,10,0:7,identity,1,0,1,1,3
3,10,0:7,identity,2,0,1,1,13
3,4,0:7,identity,0,0,1,1,1
3,4,0:7,identity,1,0,1,1,3
3,4,0:7,identity,2,0,1,1,13
3,12,0:7,identity,0,0,1,1,1
3,12,0:7,identity,1,0,1,1,3
3,12,0:7,identity,2,0,1,1,13
3,8,0:7,identity,0,1,1,1,1
3,8,0:7,identity,1,1,1,1,1
3,8,0:7,identity,2,1,1,1,1
3,1,0:7,erase-relay,0,1,1,1,1
3,1,0:7,erase-relay,1,1,1,1,1
3,1,0:7,erase-relay,2,1,1,1,1
3,3,0:7,erase-relay,0,1,1,1,1
3,3,0:7,erase-relay,1,1,1,1,1
3,3,0:7,erase-relay,2,1,1,1,1
3,5,0:7,erase-relay,0,0,1,1,1
3,5,0:7,erase-relay,1,0,1,1,3
3,5,0:7,erase-relay,2,0,1,1,13
3,2,0:7,erase-relay,0,1,1,1,1
3,2,0:7,erase-relay,1,1,1,1,1
3,2,0:7,erase-relay,2,1,1,1,1
3,10,0:7,erase-relay,0,1,1,1,1
3,10,0:7,erase-relay,1,1,1,1,1
3,10,0:7,erase-relay,2,1,1,1,1
3,4,0:7,erase-relay,0,0,1,1,1
3,4,0:7,erase-relay,1,0,1,1,3
3,4,0:7,erase-relay,2,0,1,1,13
3,12,0:7,erase-relay,0,0,1,1,1
3,12,0:7,erase-relay,1,0,1,1,3
3,12,0:7,erase-relay,2,0,1,1,13
3,8,0:7,erase-relay,0,1,1,1,1
3,8,0:7,erase-relay,1,1,1,1,1
3,8,0:7,erase-relay,2,1,1,1,1
3,1,1:2,identity,0,0,1,1,1
3,1,1:2,identity,1,0,1,1,3
3,1,1:2,identity,2,0,1,1,7
3,3,1:2,identity,0,0,1,1,1
3,3,1:2,identity,1,0,1,1,3
3,3,1:2,identity,2,0,1,1,7
3,5,1:2,identity,0,0,1,1,1
3,5,1:2,identity,1,0,1,1,3
3,5,1:2,identity,2,0,1,1,7
3,2,1:2,identity,0,0,1,1,1
3,2,1:2,identity,1,1,1,1,2
3,2,1:2,identity,2,1,1,1,2
3,10,1:2,identity,0,0,1,1,1
3,10,1:2,identity,1,1,1,1,2
3,10,1:2,identity,2,1,1,1,2
3,4,1:2,identity,0,0,1,1,1
3,4,1:2,identity,1,0,1,1,3
3,4,1:2,identity,2,0,1,1,7
3,12,1:2,identity,0,0,1,1,1
3,12,1:2,identity,1,0,1,1,3
3,12,1:2,identity,2,0,1,1,7
3,8,1:2,identity,0,1,1,1,1
3,8,1:2,identity,1,1,1,1,1
3,8,1:2,identity,2,1,1,1,1
3,1,1:2,erase-relay,0,1,1,1,1
3,1,1:2,erase-relay,1,1,1,1,1
3,1,1:2,erase-relay,2,1,1,1,1
3,3,1:2,erase-relay,0,1,1,1,1
3,3,1:2,erase-relay,1,1,1,1,1
3,3,1:2,erase-relay,2,1,1,1,1
3,5,1:2,erase-relay,0,0,1,1,1
3,5,1:2,erase-relay,1,0,1,1,3
3,5,1:2,erase-relay,2,0,1,1,7
3,2,1:2,erase-relay,0,1,1,1,1
3,2,1:2,erase-relay,1,1,1,1,1
3,2,1:2,erase-relay,2,1,1,1,1
3,10,1:2,erase-relay,0,1,1,1,1
3,10,1:2,erase-relay,1,1,1,1,1
3,10,1:2,erase-relay,2,1,1,1,1
3,4,1:2,erase-relay,0,0,1,1,1
3,4,1:2,erase-relay,1,0,1,1,3
3,4,1:2,erase-relay,2,0,1,1,7
3,12,1:2,erase-relay,0,0,1,1,1
3,12,1:2,erase-relay,1,0,1,1,3
3,12,1:2,erase-relay,2,0,1,1,7
3,8,1:2,erase-relay,0,1,1,1,1
3,8,1:2,erase-relay,1,1,1,1,1
3,8,1:2,erase-relay,2,1,1,1,1
3,1,1:3,identity,0,0,1,1,1
3,1,1:3,identity,1,0,1,1,3
3,1,1:3,identity,2,1,1,1,6
3,3,1:3,identity,0,0,1,1,1
3,3,1:3,identity,1,0,1,1,3
3,3,1:3,identity,2,1,1,1,6
3,5,1:3,identity,0,0,1,1,1
3,5,1:3,identity,1,0,1,1,3
3,5,1:3,identity,2,0,1,1,7
3,2,1:3,identity,0,0,1,1,1
3,2,1:3,identity,1,1,1,1,2
3,2,1:3,identity,2,1,1,1,2
3,10,1:3,identity,0,0,1,1,1
3,10,1:3,identity,1,1,1,1,2
3,10,1:3,identity,2,1,1,1,2
3,4,1:3,identity,0,0,1,1,1
3,4,1:3,identity,1,0,1,1,3
3,4,1:3,identity,2,0,1,1,7
3,12,1:3,identity,0,0,1,1,1
3,12,1:3,identity,1,0,1,1,3
3,12,1:3,identity,2,0,1,1,7
3,8,1:3,identity,0,1,1,1,1
3,8,1:3,identity,1,1,1,1,1
3,8,1:3,identity,2,1,1,1,1
3,1,1:3,erase-relay,0,1,1,1,1
3,1,1:3,erase-relay,1,1,1,1,1
3,1,1:3,erase-relay,2,1,1,1,1
3,3,1:3,erase-relay,0,1,1,1,1
3,3,1:3,erase-relay,1,1,1,1,1
3,3,1:3,erase-relay,2,1,1,1,1
3,5,1:3,erase-relay,0,0,1,1,1
3,5,1:3,erase-relay,1,0,1,1,3
3,5,1:3,erase-relay,2,0,1,1,7
3,2,1:3,erase-relay,0,1,1,1,1
3,2,1:3,erase-relay,1,1,1,1,1
3,2,1:3,erase-relay,2,1,1,1,1
3,10,1:3,erase-relay,0,1,1,1,1
3,10,1:3,erase-relay,1,1,1,1,1
3,10,1:3,erase-relay,2,1,1,1,1
3,4,1:3,erase-relay,0,0,1,1,1
3,4,1:3,erase-relay,1,0,1,1,3
3,4,1:3,erase-relay,2,0,1,1,7
3,12,1:3,erase-relay,0,0,1,1,1
3,12,1:3,erase-relay,1,0,1,1,3
3,12,1:3,erase-relay,2,0,1,1,7
3,8,1:3,erase-relay,0,1,1,1,1
3,8,1:3,erase-relay,1,1,1,1,1
3,8,1:3,erase-relay,2,1,1,1,1
3,1,1:4,identity,0,0,1,1,1
3,1,1:4,identity,1,0,1,1,3
3,1,1:4,identity,2,0,1,1,7
3,3,1:4,identity,0,0,1,1,1
3,3,1:4,identity,1,0,1,1,3
3,3,1:4,identity,2,0,1,1,7
3,5,1:4,identity,0,0,1,1,1
3,5,1:4,identity,1,0,1,1,3
3,5,1:4,identity,2,0,1,1,7
3,2,1:4,identity,0,0,1,1,1
3,2,1:4,identity,1,1,1,1,2
3,2,1:4,identity,2,1,1,1,2
3,10,1:4,identity,0,0,1,1,1
3,10,1:4,identity,1,1,1,1,2
3,10,1:4,identity,2,1,1,1,2
3,4,1:4,identity,0,0,1,1,1
3,4,1:4,identity,1,0,1,1,3
3,4,1:4,identity,2,0,1,1,7
3,12,1:4,identity,0,0,1,1,1
3,12,1:4,identity,1,0,1,1,3
3,12,1:4,identity,2,0,1,1,7
3,8,1:4,identity,0,1,1,1,1
3,8,1:4,identity,1,1,1,1,1
3,8,1:4,identity,2,1,1,1,1
3,1,1:4,erase-relay,0,1,1,1,1
3,1,1:4,erase-relay,1,1,1,1,1
3,1,1:4,erase-relay,2,1,1,1,1
3,3,1:4,erase-relay,0,1,1,1,1
3,3,1:4,erase-relay,1,1,1,1,1
3,3,1:4,erase-relay,2,1,1,1,1
3,5,1:4,erase-relay,0,0,1,1,1
3,5,1:4,erase-relay,1,0,1,1,3
3,5,1:4,erase-relay,2,0,1,1,7
3,2,1:4,erase-relay,0,1,1,1,1
3,2,1:4,erase-relay,1,1,1,1,1
3,2,1:4,erase-relay,2,1,1,1,1
3,10,1:4,erase-relay,0,1,1,1,1
3,10,1:4,erase-relay,1,1,1,1,1
3,10,1:4,erase-relay,2,1,1,1,1
3,4,1:4,erase-relay,0,0,1,1,1
3,4,1:4,erase-relay,1,0,1,1,3
3,4,1:4,erase-relay,2,0,1,1,7
3,12,1:4,erase-relay,0,0,1,1,1
3,12,1:4,erase-relay,1,0,1,1,3
3,12,1:4,erase-relay,2,0,1,1,7
3,8,1:4,erase-relay,0,1,1,1,1
3,8,1:4,erase-relay,1,1,1,1,1
3,8,1:4,erase-relay,2,1,1,1,1
3,1,1:5,identity,0,0,1,1,1
3,1,1:5,identity,1,0,1,1,3
3,1,1:5,identity,2,1,1,1,6
3,3,1:5,identity,0,0,1,1,1
3,3,1:5,identity,1,0,1,1,3
3,3,1:5,identity,2,0,1,1,7
3,5,1:5,identity,0,0,1,1,1
3,5,1:5,identity,1,0,1,1,3
3,5,1:5,identity,2,0,1,1,7
3,2,1:5,identity,0,0,1,1,1
3,2,1:5,identity,1,1,1,1,2
3,2,1:5,identity,2,1,1,1,2
3,10,1:5,identity,0,0,1,1,1
3,10,1:5,identity,1,1,1,1,2
3,10,1:5,identity,2,1,1,1,2
3,4,1:5,identity,0,0,1,1,1
3,4,1:5,identity,1,0,1,1,3
3,4,1:5,identity,2,0,1,1,7
3,12,1:5,identity,0,0,1,1,1
3,12,1:5,identity,1,0,1,1,3
3,12,1:5,identity,2,0,1,1,7
3,8,1:5,identity,0,1,1,1,1
3,8,1:5,identity,1,1,1,1,1
3,8,1:5,identity,2,1,1,1,1
3,1,1:5,erase-relay,0,1,1,1,1
3,1,1:5,erase-relay,1,1,1,1,1
3,1,1:5,erase-relay,2,1,1,1,1
3,3,1:5,erase-relay,0,1,1,1,1
3,3,1:5,erase-relay,1,1,1,1,1
3,3,1:5,erase-relay,2,1,1,1,1
3,5,1:5,erase-relay,0,0,1,1,1
3,5,1:5,erase-relay,1,0,1,1,3
3,5,1:5,erase-relay,2,0,1,1,7
3,2,1:5,erase-relay,0,1,1,1,1
3,2,1:5,erase-relay,1,1,1,1,1
3,2,1:5,erase-relay,2,1,1,1,1
3,10,1:5,erase-relay,0,1,1,1,1
3,10,1:5,erase-relay,1,1,1,1,1
3,10,1:5,erase-relay,2,1,1,1,1
3,4,1:5,erase-relay,0,0,1,1,1
3,4,1:5,erase-relay,1,0,1,1,3
3,4,1:5,erase-relay,2,0,1,1,7
3,12,1:5,erase-relay,0,0,1,1,1
3,12,1:5,erase-relay,1,0,1,1,3
3,12,1:5,erase-relay,2,0,1,1,7
3,8,1:5,erase-relay,0,1,1,1,1
3,8,1:5,erase-relay,1,1,1,1,1
3,8,1:5,erase-relay,2,1,1,1,1
3,1,1:6,identity,0,0,1,1,1
3,1,1:6,identity,1,0,1,1,3
3,1,1:6,identity,2,0,1,1,13
3,3,1:6,identity,0,0,1,1,1
3,3,1:6,identity,1,0,1,1,3
3,3,1:6,identity,2,0,1,1,13
3,5,1:6,identity,0,0,1,1,1
3,5,1:6,identity,1,0,1,1,3
3,5,1:6,identity,2,0,1,1,13
3,2,1:6,identity,0,0,1,1,1
3,2,1:6,identity,1,1,1,1,2
3,2,1:6,identity,2,1,1,1,2
3,10,1:6,identity,0,0,1,1,1
3,10,1:6,identity,1,1,1,1,2
3,10,1:6,identity,2,1,1,1,2
3,4,1:6,identity,0,0,1,1,1
3,4,1:6,identity,1,0,1,1,3
3,4,1:6,identity,2,0,1,1,13
3,12,1:6,identity,0,0,1,1,1
3,12,1:6,identity,1,0,1,1,3
3,12,1:6,identity,2,0,1,1,13
3,8,1:6,identity,0,1,1,1,1
3,8,1:6,identity,1,1,1,1,1
3,8,1:6,identity,2,1,1,1,1
3,1,1:6,erase-relay,0,1,1,1,1
3,1,1:6,erase-relay,1,1,1,1,1
3,1,1:6,erase-relay,2,1,1,1,1
3,3,1:6,erase-relay,0,1,1,1,1
3,3,1:6,erase-relay,1,1,1,1,1
3,3,1:6,erase-relay,2,1,1,1,1
3,5,1:6,erase-relay,0,0,1,1,1
3,5,1:6,erase-relay,1,0,1,1,3
3,5,1:6,erase-relay,2,0,1,1,13
3,2,1:6,erase-relay,0,1,1,1,1
3,2,1:6,erase-relay,1,1,1,1,1
3,2,1:6,erase-relay,2,1,1,1,1
3,10,1:6,erase-relay,0,1,1,1,1
3,10,1:6,erase-relay,1,1,1,1,1
3,10,1:6,erase-relay,2,1,1,1,1
3,4,1:6,erase-relay,0,0,1,1,1
3,4,1:6,erase-relay,1,0,1,1,3
3,4,1:6,erase-relay,2,0,1,1,13
3,12,1:6,erase-relay,0,0,1,1,1
3,12,1:6,erase-relay,1,0,1,1,3
3,12,1:6,erase-relay,2,0,1,1,13
3,8,1:6,erase-relay,0,1,1,1,1
3,8,1:6,erase-relay,1,1,1,1,1
3,8,1:6,erase-relay,2,1,1,1,1
3,1,1:7,identity,0,0,1,1,1
3,1,1:7,identity,1,0,1,1,3
3,1,1:7,identity,2,0,1,1,13
3,3,1:7,identity,0,0,1,1,1
3,3,1:7,identity,1,0,1,1,3
3,3,1:7,identity,2,0,1,1,13
3,5,1:7,identity,0,0,1,1,1
3,5,1:7,identity,1,0,1,1,3
3,5,1:7,identity,2,0,1,1,13
3,2,1:7,identity,0,0,1,1,1
3,2,1:7,identity,1,1,1,1,2
3,2,1:7,identity,2,1,1,1,2
3,10,1:7,identity,0,0,1,1,1
3,10,1:7,identity,1,1,1,1,2
3,10,1:7,identity,2,1,1,1,2
3,4,1:7,identity,0,0,1,1,1
3,4,1:7,identity,1,0,1,1,3
3,4,1:7,identity,2,0,1,1,13
3,12,1:7,identity,0,0,1,1,1
3,12,1:7,identity,1,0,1,1,3
3,12,1:7,identity,2,0,1,1,13
3,8,1:7,identity,0,1,1,1,1
3,8,1:7,identity,1,1,1,1,1
3,8,1:7,identity,2,1,1,1,1
3,1,1:7,erase-relay,0,1,1,1,1
3,1,1:7,erase-relay,1,1,1,1,1
3,1,1:7,erase-relay,2,1,1,1,1
3,3,1:7,erase-relay,0,1,1,1,1
3,3,1:7,erase-relay,1,1,1,1,1
3,3,1:7,erase-relay,2,1,1,1,1
3,5,1:7,erase-relay,0,0,1,1,1
3,5,1:7,erase-relay,1,0,1,1,3
3,5,1:7,erase-relay,2,0,1,1,13
3,2,1:7,erase-relay,0,1,1,1,1
3,2,1:7,erase-relay,1,1,1,1,1
3,2,1:7,erase-relay,2,1,1,1,1
3,10,1:7,erase-relay,0,1,1,1,1
3,10,1:7,erase-relay,1,1,1,1,1
3,10,1:7,erase-relay,2,1,1,1,1
3,4,1:7,erase-relay,0,0,1,1,1
3,4,1:7,erase-relay,1,0,1,1,3
3,4,1:7,erase-relay,2,0,1,1,13
3,12,1:7,erase-relay,0,0,1,1,1
3,12,1:7,erase-relay,1,0,1,1,3
3,12,1:7,erase-relay,2,0,1,1,13
3,8,1:7,erase-relay,0,1,1,1,1
3,8,1:7,erase-relay,1,1,1,1,1
3,8,1:7,erase-relay,2,1,1,1,1
3,1,2:3,identity,0,0,1,1,1
3,1,2:3,identity,1,0,1,1,3
3,1,2:3,identity,2,0,1,1,7
3,3,2:3,identity,0,0,1,1,1
3,3,2:3,identity,1,0,1,1,3
3,3,2:3,identity,2,0,1,1,7
3,5,2:3,identity,0,0,1,1,1
3,5,2:3,identity,1,0,1,1,3
3,5,2:3,identity,2,0,1,1,7
3,2,2:3,identity,0,0,1,1,1
3,2,2:3,identity,1,0,1,1,3
3,2,2:3,identity,2,0,1,1,7
3,10,2:3,identity,0,0,1,1,1
3,10,2:3,identity,1,0,1,1,3
3,10,2:3,identity,2,0,1,1,7
3,4,2:3,identity,0,0,1,1,1
3,4,2:3,identity,1,0,1,1,3
3,4,2:3,identity,2,0,1,1,7
3,12,2:3,identity,0,0,1,1,1
3,12,2:3,identity,1,0,1,1,3
3,12,2:3,identity,2,0,1,1,7
3,8,2:3,identity,0,1,1,1,1
3,8,2:3,identity,1,1,1,1,1
3,8,2:3,identity,2,1,1,1,1
3,1,2:3,erase-relay,0,1,1,1,1
3,1,2:3,erase-relay,1,1,1,1,1
3,1,2:3,erase-relay,2,1,1,1,1
3,3,2:3,erase-relay,0,1,1,1,1
3,3,2:3,erase-relay,1,1,1,1,1
3,3,2:3,erase-relay,2,1,1,1,1
3,5,2:3,erase-relay,0,0,1,1,1
3,5,2:3,erase-relay,1,0,1,1,3
3,5,2:3,erase-relay,2,0,1,1,7
3,2,2:3,erase-relay,0,1,1,1,1
3,2,2:3,erase-relay,1,1,1,1,1
3,2,2:3,erase-relay,2,1,1,1,1
3,10,2:3,erase-relay,0,1,1,1,1
3,10,2:3,erase-relay,1,1,1,1,1
3,10,2:3,erase-relay,2,1,1,1,1
3,4,2:3,erase-relay,0,0,1,1,1
3,4,2:3,erase-relay,1,0,1,1,3
3,4,2:3,erase-relay,2,0,1,1,7
3,12,2:3,erase-relay,0,0,1,1,1
3,12,2:3,erase-relay,1,0,1,1,3
3,12,2:3,erase-relay,2,0,1,1,7
3,8,2:3,erase-relay,0,1,1,1,1
3,8,2:3,erase-relay,1,1,1,1,1
3,8,2:3,erase-relay,2,1,1,1,1
3,1,2:4,identity,0,0,1,1,1
3,1,2:4,identity,1,0,1,1,3
3,1,2:4,identity,2,0,1,1,7
3,3,2:4,identity,0,0,1,1,1
3,3,2:4,identity,1,0,1,1,3
3,3,2:4,identity,2,0,1,1,7
3,5,2:4,identity,0,0,1,1,1
3,5,2:4,identity,1,0,1,1,3
3,5,2:4,identity,2,0,1,1,7
3,2,2:4,identity,0,0,1,1,1
3,2,2:4,identity,1,1,1,1,3
3,2,2:4,identity,2,1,1,1,5
3,10,2:4,identity,0,0,1,1,1
3,10,2:4,identity,1,0,1,1,3
3,10,2:4,identity,2,0,1,1,7
3,4,2:4,identity,0,0,1,1,1
3,4,2:4,identity,1,0,1,1,3
3,4,2:4,identity,2,0,1,1,7
3,12,2:4,identity,0,0,1,1,1
3,12,2:4,identity,1,0,1,1,3
3,12,2:4,identity,2,0,1,1,7
3,8,2:4,identity,0,1,1,1,1
3,8,2:4,identity,1,1,1,1,1
3,8,2:4,identity,2,1,1,1,1
3,1,2:4,erase-relay,0,1,1,1,1
3,1,2:4,erase-relay,1,1,1,1,1
3,1,2:4,erase-relay,2,1,1,1,1
3,3,2:4,erase-relay,0,1,1,1,1
3,3,2:4,erase-relay,1,1,1,1,1
3,3,2:4,erase-relay,2,1,1,1,1
3,5,2:4,erase-relay,0,0,1,1,1
3,5,2:4,erase-relay,1,0,1,1,3
3,5,2:4,erase-relay,2,0,1,1,7
3,2,2:4,erase-relay,0,1,1,1,1
3,2,2:4,erase-relay,1,1,1,1,1
3,2,2:4,erase-relay,2,1,1,1,1
3,10,2:4,erase-relay,0,1,1,1,1
3,10,2:4,erase-relay,1,1,1,1,1
3,10,2:4,erase-relay,2,1,1,1,1
3,4,2:4,erase-relay,0,0,1,1,1
3,4,2:4,erase-relay,1,0,1,1,3
3,4,2:4,erase-relay,2,0,1,1,7
3,12,2:4,erase-relay,0,0,1,1,1
3,12,2:4,erase-relay,1,0,1,1,3
3,12,2:4,erase-relay,2,0,1,1,7
3,8,2:4,erase-relay,0,1,1,1,1
3,8,2:4,erase-relay,1,1,1,1,1
3,8,2:4,erase-relay,2,1,1,1,1
3,1,2:5,identity,0,0,1,1,1
3,1,2:5,identity,1,0,1,1,3
3,1,2:5,identity,2,0,1,1,7
3,3,2:5,identity,0,0,1,1,1
3,3,2:5,identity,1,0,1,1,3
3,3,2:5,identity,2,0,1,1,7
3,5,2:5,identity,0,0,1,1,1
3,5,2:5,identity,1,0,1,1,3
3,5,2:5,identity,2,0,1,1,7
3,2,2:5,identity,0,0,1,1,1
3,2,2:5,identity,1,0,1,1,3
3,2,2:5,identity,2,0,1,1,7
3,10,2:5,identity,0,0,1,1,1
3,10,2:5,identity,1,0,1,1,3
3,10,2:5,identity,2,0,1,1,7
3,4,2:5,identity,0,0,1,1,1
3,4,2:5,identity,1,0,1,1,3
3,4,2:5,identity,2,0,1,1,7
3,12,2:5,identity,0,0,1,1,1
3,12,2:5,identity,1,0,1,1,3
3,12,2:5,identity,2,0,1,1,7
3,8,2:5,identity,0,1,1,1,1
3,8,2:5,identity,1,1,1,1,1
3,8,2:5,identity,2,1,1,1,1
3,1,2:5,erase-relay,0,1,1,1,1
3,1,2:5,erase-relay,1,1,1,1,1
3,1,2:5,erase-relay,2,1,1,1,1
3,3,2:5,erase-relay,0,1,1,1,1
3,3,2:5,erase-relay,1,1,1,1,1
3,3,2:5,erase-relay,2,1,1,1,1
3,5,2:5,erase-relay,0,0,1,1,1
3,5,2:5,erase-relay,1,0,1,1,3
3,5,2:5,erase-relay,2,0,1,1,7
3,2,2:5,erase-relay,0,1,1,1,1
3,2,2:5,erase-relay,1,1,1,1,1
3,2,2:5,erase-relay,2,1,1,1,1
3,10,2:5,erase-relay,0,1,1,1,1
3,10,2:5,erase-relay,1,1,1,1,1
3,10,2:5,erase-relay,2,1,1,1,1
3,4,2:5,erase-relay,0,0,1,1,1
3,4,2:5,erase-relay,1,0,1,1,3
3,4,2:5,erase-relay,2,0,1,1,7
3,12,2:5,erase-relay,0,0,1,1,1
3,12,2:5,erase-relay,1,0,1,1,3
3,12,2:5,erase-relay,2,0,1,1,7
3,8,2:5,erase-relay,0,1,1,1,1
3,8,2:5,erase-relay,1,1,1,1,1
3,8,2:5,erase-relay,2,1,1,1,1
3,1,2:6,identity,0,0,1,1,1
3,1,2:6,identity,1,0,1,1,3
3,1,2:6,identity,2,0,1,1,13
3,3,2:6,identity,0,0,1,1,1
3,3,2:6,identity,1,0,1,1,3
3,3,2:6,identity,2,0,1,1,13
3,5,2:6,identity,0,0,1,1,1
3,5,2:6,identity,1,0,1,1,3
3,5,2:6,identity,2,0,1,1,13
3,2,2:6,identity,0,0,1,1,1
3,2,2:6,identity,1,0,1,1,3
3,2,2:6,identity,2,0,1,1,13
3,10,2:6,identity,0,0,1,1,1
3,10,2:6,identity,1,0,1,1,3
3,10,2:6,identity,2,0,1,1,13
3,4,2:6,identity,0,0,1,1,1
3,4,2:6,identity,1,0,1,1,3
3,4,2:6,identity,2,0,1,1,13
3,12,2:6,identity,0,0,1,1,1
3,12,2:6,identity,1,0,1,1,3
3,12,2:6,identity,2,0,1,1,13
3,8,2:6,identity,0,1,1,1,1
3,8,2:6,identity,1,1,1,1,1
3,8,2:6,identity,2,1,1,1,1
3,1,2:6,erase-relay,0,1,1,1,1
3,1,2:6,erase-relay,1,1,1,1,1
3,1,2:6,erase-relay,2,1,1,1,1
3,3,2:6,erase-relay,0,1,1,1,1
3,3,2:6,erase-relay,1,1,1,1,1
3,3,2:6,erase-relay,2,1,1,1,1
3,5,2:6,erase-relay,0,0,1,1,1
3,5,2:6,erase-relay,1,0,1,1,3
3,5,2:6,erase-relay,2,0,1,1,13
3,2,2:6,erase-relay,0,1,1,1,1
3,2,2:6,erase-relay,1,1,1,1,1
3,2,2:6,erase-relay,2,1,1,1,1
3,10,2:6,erase-relay,0,1,1,1,1
3,10,2:6,erase-relay,1,1,1,1,1
3,10,2:6,erase-relay,2,1,1,1,1
3,4,2:6,erase-relay,0,0,1,1,1
3,4,2:6,erase-relay,1,0,1,1,3
3,4,2:6,erase-relay,2,0,1,1,13
3,12,2:6,erase-relay,0,0,1,1,1
3,12,2:6,erase-relay,1,0,1,1,3
3,12,2:6,erase-relay,2,0,1,1,13
3,8,2:6,erase-relay,0,1,1,1,1
3,8,2:6,erase-relay,1,1,1,1,1
3,8,2:6,erase-relay,2,1,1,1,1
3,1,2:7,identity,0,0,1,1,1
3,1,2:7,identity,1,0,1,1,3
3,1,2:7,identity,2,0,1,1,13
3,3,2:7,identity,0,0,1,1,1
3,3,2:7,identity,1,0,1,1,3
3,3,2:7,identity,2,0,1,1,13
3,5,2:7,identity,0,0,1,1,1
3,5,2:7,identity,1,0,1,1,3
3,5,2:7,identity,2,0,1,1,13
3,2,2:7,identity,0,0,1,1,1
3,2,2:7,identity,1,0,1,1,3
3,2,2:7,identity,2,0,1,1,13
3,10,2:7,identity,0,0,1,1,1
3,10,2:7,identity,1,0,1,1,3
3,10,2:7,identity,2,0,1,1,13
3,4,2:7,identity,0,0,1,1,1
3,4,2:7,identity,1,0,1,1,3
3,4,2:7,identity,2,0,1,1,13
3,12,2:7,identity,0,0,1,1,1
3,12,2:7,identity,1,0,1,1,3
3,12,2:7,identity,2,0,1,1,13
3,8,2:7,identity,0,1,1,1,1
3,8,2:7,identity,1,1,1,1,1
3,8,2:7,identity,2,1,1,1,1
3,1,2:7,erase-relay,0,1,1,1,1
3,1,2:7,erase-relay,1,1,1,1,1
3,1,2:7,erase-relay,2,1,1,1,1
3,3,2:7,erase-relay,0,1,1,1,1
3,3,2:7,erase-relay,1,1,1,1,1
3,3,2:7,erase-relay,2,1,1,1,1
3,5,2:7,erase-relay,0,0,1,1,1
3,5,2:7,erase-relay,1,0,1,1,3
3,5,2:7,erase-relay,2,0,1,1,13
3,2,2:7,erase-relay,0,1,1,1,1
3,2,2:7,erase-relay,1,1,1,1,1
3,2,2:7,erase-relay,2,1,1,1,1
3,10,2:7,erase-relay,0,1,1,1,1
3,10,2:7,erase-relay,1,1,1,1,1
3,10,2:7,erase-relay,2,1,1,1,1
3,4,2:7,erase-relay,0,0,1,1,1
3,4,2:7,erase-relay,1,0,1,1,3
3,4,2:7,erase-relay,2,0,1,1,13
3,12,2:7,erase-relay,0,0,1,1,1
3,12,2:7,erase-relay,1,0,1,1,3
3,12,2:7,erase-relay,2,0,1,1,13
3,8,2:7,erase-relay,0,1,1,1,1
3,8,2:7,erase-relay,1,1,1,1,1
3,8,2:7,erase-relay,2,1,1,1,1
3,1,3:4,identity,0,0,1,1,1
3,1,3:4,identity,1,0,1,1,3
3,1,3:4,identity,2,1,1,1,4
3,3,3:4,identity,0,0,1,1,1
3,3,3:4,identity,1,0,1,1,3
3,3,3:4,identity,2,1,1,1,4
3,5,3:4,identity,0,0,1,1,1
3,5,3:4,identity,1,0,1,1,3
3,5,3:4,identity,2,0,1,1,7
3,2,3:4,identity,0,0,1,1,1
3,2,3:4,identity,1,1,1,1,3
3,2,3:4,identity,2,1,1,1,4
3,10,3:4,identity,0,0,1,1,1
3,10,3:4,identity,1,0,1,1,3
3,10,3:4,identity,2,0,1,1,7
3,4,3:4,identity,0,0,1,1,1
3,4,3:4,identity,1,0,1,1,3
3,4,3:4,identity,2,0,1,1,7
3,12,3:4,identity,0,0,1,1,1
3,12,3:4,identity,1,0,1,1,3
3,12,3:4,identity,2,0,1,1,7
3,8,3:4,identity,0,1,1,1,1
3,8,3:4,identity,1,1,1,1,1
3,8,3:4,identity,2,1,1,1,1
3,1,3:4,erase-relay,0,1,1,1,1
3,1,3:4,erase-relay,1,1,1,1,1
3,1,3:4,erase-relay,2,1,1,1,1
3,3,3:4,erase-relay,0,1,1,1,1
3,3,3:4,erase-relay,1,1,1,1,1
3,3,3:4,erase-relay,2,1,1,1,1
3,5,3:4,erase-relay,0,0,1,1,1
3,5,3:4,erase-relay,1,0,1,1,3
3,5,3:4,erase-relay,2,0,1,1,7
3,2,3:4,erase-relay,0,1,1,1,1
3,2,3:4,erase-relay,1,1,1,1,1
3,2,3:4,erase-relay,2,1,1,1,1
3,10,3:4,erase-relay,0,1,1,1,1
3,10,3:4,erase-relay,1,1,1,1,1
3,10,3:4,erase-relay,2,1,1,1,1
3,4,3:4,erase-relay,0,0,1,1,1
3,4,3:4,erase-relay,1,0,1,1,3
3,4,3:4,erase-relay,2,0,1,1,7
3,12,3:4,erase-relay,0,0,1,1,1
3,12,3:4,erase-relay,1,0,1,1,3
3,12,3:4,erase-relay,2,0,1,1,7
3,8,3:4,erase-relay,0,1,1,1,1
3,8,3:4,erase-relay,1,1,1,1,1
3,8,3:4,erase-relay,2,1,1,1,1
3,1,3:5,identity,0,0,1,1,1
3,1,3:5,identity,1,0,1,1,3
3,1,3:5,identity,2,0,1,1,7
3,3,3:5,identity,0,0,1,1,1
3,3,3:5,identity,1,0,1,1,3
3,3,3:5,identity,2,0,1,1,7
3,5,3:5,identity,0,0,1,1,1
3,5,3:5,identity,1,0,1,1,3
3,5,3:5,identity,2,0,1,1,7
3,2,3:5,identity,0,0,1,1,1
3,2,3:5,identity,1,0,1,1,3
3,2,3:5,identity,2,0,1,1,7
3,10,3:5,identity,0,0,1,1,1
3,10,3:5,identity,1,0,1,1,3
3,10,3:5,identity,2,0,1,1,7
3,4,3:5,identity,0,0,1,1,1
3,4,3:5,identity,1,0,1,1,3
3,4,3:5,identity,2,0,1,1,7
3,12,3:5,identity,0,0,1,1,1
3,12,3:5,identity,1,0,1,1,3
3,12,3:5,identity,2,0,1,1,7
3,8,3:5,identity,0,1,1,1,1
3,8,3:5,identity,1,1,1,1,1
3,8,3:5,identity,2,1,1,1,1
3,1,3:5,erase-relay,0,1,1,1,1
3,1,3:5,erase-relay,1,1,1,1,1
3,1,3:5,erase-relay,2,1,1,1,1
3,3,3:5,erase-relay,0,1,1,1,1
3,3,3:5,erase-relay,1,1,1,1,1
3,3,3:5,erase-relay,2,1,1,1,1
3,5,3:5,erase-relay,0,0,1,1,1
3,5,3:5,erase-relay,1,0,1,1,3
3,5,3:5,erase-relay,2,0,1,1,7
3,2,3:5,erase-relay,0,1,1,1,1
3,2,3:5,erase-relay,1,1,1,1,1
3,2,3:5,erase-relay,2,1,1,1,1
3,10,3:5,erase-relay,0,1,1,1,1
3,10,3:5,erase-relay,1,1,1,1,1
3,10,3:5,erase-relay,2,1,1,1,1
3,4,3:5,erase-relay,0,0,1,1,1
3,4,3:5,erase-relay,1,0,1,1,3
3,4,3:5,erase-relay,2,0,1,1,7
3,12,3:5,erase-relay,0,0,1,1,1
3,12,3:5,erase-relay,1,0,1,1,3
3,12,3:5,erase-relay,2,0,1,1,7
3,8,3:5,erase-relay,0,1,1,1,1
3,8,3:5,erase-relay,1,1,1,1,1
3,8,3:5,erase-relay,2,1,1,1,1
3,1,3:6,identity,0,0,1,1,1
3,1,3:6,identity,1,0,1,1,3
3,1,3:6,identity,2,0,1,1,13
3,3,3:6,identity,0,0,1,1,1
3,3,3:6,identity,1,0,1,1,3
3,3,3:6,identity,2,0,1,1,13
3,5,3:6,identity,0,0,1,1,1
3,5,3:6,identity,1,0,1,1,3
3,5,3:6,identity,2,0,1,1,13
3,2,3:6,identity,0,0,1,1,1
3,2,3:6,identity,1,0,1,1,3
3,2,3:6,identity,2,0,1,1,13
3,10,3:6,identity,0,0,1,1,1
3,10,3:6,identity,1,0,1,1,3
3,10,3:6,identity,2,0,1,1,13
3,4,3:6,identity,0,0,1,1,1
3,4,3:6,identity,1,0,1,1,3
3,4,3:6,identity,2,0,1,1,13
3,12,3:6,identity,0,0,1,1,1
3,12,3:6,identity,1,0,1,1,3
3,12,3:6,identity,2,0,1,1,13
3,8,3:6,identity,0,1,1,1,1
3,8,3:6,identity,1,1,1,1,1
3,8,3:6,identity,2,1,1,1,1
3,1,3:6,erase-relay,0,1,1,1,1
3,1,3:6,erase-relay,1,1,1,1,1
3,1,3:6,erase-relay,2,1,1,1,1
3,3,3:6,erase-relay,0,1,1,1,1
3,3,3:6,erase-relay,1,1,1,1,1
3,3,3:6,erase-relay,2,1,1,1,1
3,5,3:6,erase-relay,0,0,1,1,1
3,5,3:6,erase-relay,1,0,1,1,3
3,5,3:6,erase-relay,2,0,1,1,13
3,2,3:6,erase-relay,0,1,1,1,1
3,2,3:6,erase-relay,1,1,1,1,1
3,2,3:6,erase-relay,2,1,1,1,1
3,10,3:6,erase-relay,0,1,1,1,1
3,10,3:6,erase-relay,1,1,1,1,1
3,10,3:6,erase-relay,2,1,1,1,1
3,4,3:6,erase-relay,0,0,1,1,1
3,4,3:6,erase-relay,1,0,1,1,3
3,4,3:6,erase-relay,2,0,1,1,13
3,12,3:6,erase-relay,0,0,1,1,1
3,12,3:6,erase-relay,1,0,1,1,3
3,12,3:6,erase-relay,2,0,1,1,13
3,8,3:6,erase-relay,0,1,1,1,1
3,8,3:6,erase-relay,1,1,1,1,1
3,8,3:6,erase-relay,2,1,1,1,1
3,1,3:7,identity,0,0,1,1,1
3,1,3:7,identity,1,0,1,1,3
3,1,3:7,identity,2,0,1,1,13
3,3,3:7,identity,0,0,1,1,1
3,3,3:7,identity,1,0,1,1,3
3,3,3:7,identity,2,0,1,1,13
3,5,3:7,identity,0,0,1,1,1
3,5,3:7,identity,1,0,1,1,3
3,5,3:7,identity,2,0,1,1,13
3,2,3:7,identity,0,0,1,1,1
3,2,3:7,identity,1,0,1,1,3
3,2,3:7,identity,2,0,1,1,13
3,10,3:7,identity,0,0,1,1,1
3,10,3:7,identity,1,0,1,1,3
3,10,3:7,identity,2,0,1,1,13
3,4,3:7,identity,0,0,1,1,1
3,4,3:7,identity,1,0,1,1,3
3,4,3:7,identity,2,0,1,1,13
3,12,3:7,identity,0,0,1,1,1
3,12,3:7,identity,1,0,1,1,3
3,12,3:7,identity,2,0,1,1,13
3,8,3:7,identity,0,1,1,1,1
3,8,3:7,identity,1,1,1,1,1
3,8,3:7,identity,2,1,1,1,1
3,1,3:7,erase-relay,0,1,1,1,1
3,1,3:7,erase-relay,1,1,1,1,1
3,1,3:7,erase-relay,2,1,1,1,1
3,3,3:7,erase-relay,0,1,1,1,1
3,3,3:7,erase-relay,1,1,1,1,1
3,3,3:7,erase-relay,2,1,1,1,1
3,5,3:7,erase-relay,0,0,1,1,1
3,5,3:7,erase-relay,1,0,1,1,3
3,5,3:7,erase-relay,2,0,1,1,13
3,2,3:7,erase-relay,0,1,1,1,1
3,2,3:7,erase-relay,1,1,1,1,1
3,2,3:7,erase-relay,2,1,1,1,1
3,10,3:7,erase-relay,0,1,1,1,1
3,10,3:7,erase-relay,1,1,1,1,1
3,10,3:7,erase-relay,2,1,1,1,1
3,4,3:7,erase-relay,0,0,1,1,1
3,4,3:7,erase-relay,1,0,1,1,3
3,4,3:7,erase-relay,2,0,1,1,13
3,12,3:7,erase-relay,0,0,1,1,1
3,12,3:7,erase-relay,1,0,1,1,3
3,12,3:7,erase-relay,2,0,1,1,13
3,8,3:7,erase-relay,0,1,1,1,1
3,8,3:7,erase-relay,1,1,1,1,1
3,8,3:7,erase-relay,2,1,1,1,1
3,1,4:5,identity,0,0,1,1,1
3,1,4:5,identity,1,0,1,1,3
3,1,4:5,identity,2,1,1,1,6
3,3,4:5,identity,0,0,1,1,1
3,3,4:5,identity,1,0,1,1,3
3,3,4:5,identity,2,0,1,1,7
3,5,4:5,identity,0,0,1,1,1
3,5,4:5,identity,1,0,1,1,3
3,5,4:5,identity,2,0,1,1,7
3,2,4:5,identity,0,0,1,1,1
3,2,4:5,identity,1,1,1,1,2
3,2,4:5,identity,2,1,1,1,2
3,10,4:5,identity,0,0,1,1,1
3,10,4:5,identity,1,0,1,1,3
3,10,4:5,identity,2,0,1,1,7
3,4,4:5,identity,0,0,1,1,1
3,4,4:5,identity,1,0,1,1,3
3,4,4:5,identity,2,0,1,1,7
3,12,4:5,identity,0,0,1,1,1
3,12,4:5,identity,1,0,1,1,3
3,12,4:5,identity,2,0,1,1,7
3,8,4:5,identity,0,1,1,1,1
3,8,4:5,identity,1,1,1,1,1
3,8,4:5,identity,2,1,1,1,1
3,1,4:5,erase-relay,0,1,1,1,1
3,1,4:5,erase-relay,1,1,1,1,1
3,1,4:5,erase-relay,2,1,1,1,1
3,3,4:5,erase-relay,0,1,1,1,1
3,3,4:5,erase-relay,1,1,1,1,1
3,3,4:5,erase-relay,2,1,1,1,1
3,5,4:5,erase-relay,0,0,1,1,1
3,5,4:5,erase-relay,1,0,1,1,3
3,5,4:5,erase-relay,2,0,1,1,7
3,2,4:5,erase-relay,0,1,1,1,1
3,2,4:5,erase-relay,1,1,1,1,1
3,2,4:5,erase-relay,2,1,1,1,1
3,10,4:5,erase-relay,0,1,1,1,1
3,10,4:5,erase-relay,1,1,1,1,1
3,10,4:5,erase-relay,2,1,1,1,1
3,4,4:5,erase-relay,0,0,1,1,1
3,4,4:5,erase-relay,1,0,1,1,3
3,4,4:5,erase-relay,2,0,1,1,7
3,12,4:5,erase-relay,0,0,1,1,1
3,12,4:5,erase-relay,1,0,1,1,3
3,12,4:5,erase-relay,2,0,1,1,7
3,8,4:5,erase-relay,0,1,1,1,1
3,8,4:5,erase-relay,1,1,1,1,1
3,8,4:5,erase-relay,2,1,1,1,1
3,1,4:6,identity,0,0,1,1,1
3,1,4:6,identity,1,0,1,1,3
3,1,4:6,identity,2,0,1,1,13
3,3,4:6,identity,0,0,1,1,1
3,3,4:6,identity,1,0,1,1,3
3,3,4:6,identity,2,0,1,1,13
3,5,4:6,identity,0,0,1,1,1
3,5,4:6,identity,1,0,1,1,3
3,5,4:6,identity,2,0,1,1,13
3,2,4:6,identity,0,0,1,1,1
3,2,4:6,identity,1,1,1,1,2
3,2,4:6,identity,2,1,1,1,2
3,10,4:6,identity,0,0,1,1,1
3,10,4:6,identity,1,0,1,1,3
3,10,4:6,identity,2,1,1,1,8
3,4,4:6,identity,0,0,1,1,1
3,4,4:6,identity,1,0,1,1,3
3,4,4:6,identity,2,0,1,1,13
3,12,4:6,identity,0,0,1,1,1
3,12,4:6,identity,1,0,1,1,3
3,12,4:6,identity,2,0,1,1,13
3,8,4:6,identity,0,1,1,1,1
3,8,4:6,identity,1,1,1,1,1
3,8,4:6,identity,2,1,1,1,1
3,1,4:6,erase-relay,0,1,1,1,1
3,1,4:6,erase-relay,1,1,1,1,1
3,1,4:6,erase-relay,2,1,1,1,1
3,3,4:6,erase-relay,0,1,1,1,1
3,3,4:6,erase-relay,1,1,1,1,1
3,3,4:6,erase-relay,2,1,1,1,1
3,5,4:6,erase-relay,0,0,1,1,1
3,5,4:6,erase-relay,1,0,1,1,3
3,5,4:6,erase-relay,2,0,1,1,13
3,2,4:6,erase-relay,0,1,1,1,1
3,2,4:6,erase-relay,1,1,1,1,1
3,2,4:6,erase-relay,2,1,1,1,1
3,10,4:6,erase-relay,0,1,1,1,1
3,10,4:6,erase-relay,1,1,1,1,1
3,10,4:6,erase-relay,2,1,1,1,1
3,4,4:6,erase-relay,0,0,1,1,1
3,4,4:6,erase-relay,1,0,1,1,3
3,4,4:6,erase-relay,2,0,1,1,13
3,12,4:6,erase-relay,0,0,1,1,1
3,12,4:6,erase-relay,1,0,1,1,3
3,12,4:6,erase-relay,2,0,1,1,13
3,8,4:6,erase-relay,0,1,1,1,1
3,8,4:6,erase-relay,1,1,1,1,1
3,8,4:6,erase-relay,2,1,1,1,1
3,1,4:7,identity,0,0,1,1,1
3,1,4:7,identity,1,0,1,1,3
3,1,4:7,identity,2,0,1,1,13
3,3,4:7,identity,0,0,1,1,1
3,3,4:7,identity,1,0,1,1,3
3,3,4:7,identity,2,0,1,1,13
3,5,4:7,identity,0,0,1,1,1
3,5,4:7,identity,1,0,1,1,3
3,5,4:7,identity,2,0,1,1,13
3,2,4:7,identity,0,0,1,1,1
3,2,4:7,identity,1,1,1,1,2
3,2,4:7,identity,2,1,1,1,2
3,10,4:7,identity,0,0,1,1,1
3,10,4:7,identity,1,0,1,1,3
3,10,4:7,identity,2,0,1,1,13
3,4,4:7,identity,0,0,1,1,1
3,4,4:7,identity,1,0,1,1,3
3,4,4:7,identity,2,0,1,1,13
3,12,4:7,identity,0,0,1,1,1
3,12,4:7,identity,1,0,1,1,3
3,12,4:7,identity,2,0,1,1,13
3,8,4:7,identity,0,1,1,1,1
3,8,4:7,identity,1,1,1,1,1
3,8,4:7,identity,2,1,1,1,1
3,1,4:7,erase-relay,0,1,1,1,1
3,1,4:7,erase-relay,1,1,1,1,1
3,1,4:7,erase-relay,2,1,1,1,1
3,3,4:7,erase-relay,0,1,1,1,1
3,3,4:7,erase-relay,1,1,1,1,1
3,3,4:7,erase-relay,2,1,1,1,1
3,5,4:7,erase-relay,0,0,1,1,1
3,5,4:7,erase-relay,1,0,1,1,3
3,5,4:7,erase-relay,2,0,1,1,13
3,2,4:7,erase-relay,0,1,1,1,1
3,2,4:7,erase-relay,1,1,1,1,1
3,2,4:7,erase-relay,2,1,1,1,1
3,10,4:7,erase-relay,0,1,1,1,1
3,10,4:7,erase-relay,1,1,1,1,1
3,10,4:7,erase-relay,2,1,1,1,1
3,4,4:7,erase-relay,0,0,1,1,1
3,4,4:7,erase-relay,1,0,1,1,3
3,4,4:7,erase-relay,2,0,1,1,13
3,12,4:7,erase-relay,0,0,1,1,1
3,12,4:7,erase-relay,1,0,1,1,3
3,12,4:7,erase-relay,2,0,1,1,13
3,8,4:7,erase-relay,0,1,1,1,1
3,8,4:7,erase-relay,1,1,1,1,1
3,8,4:7,erase-relay,2,1,1,1,1
3,1,5:6,identity,0,0,1,1,1
3,1,5:6,identity,1,0,1,1,3
3,1,5:6,identity,2,0,1,1,13
3,3,5:6,identity,0,0,1,1,1
3,3,5:6,identity,1,0,1,1,3
3,3,5:6,identity,2,0,1,1,13
3,5,5:6,identity,0,0,1,1,1
3,5,5:6,identity,1,0,1,1,3
3,5,5:6,identity,2,0,1,1,13
3,2,5:6,identity,0,0,1,1,1
3,2,5:6,identity,1,0,1,1,3
3,2,5:6,identity,2,0,1,1,13
3,10,5:6,identity,0,0,1,1,1
3,10,5:6,identity,1,0,1,1,3
3,10,5:6,identity,2,0,1,1,13
3,4,5:6,identity,0,0,1,1,1
3,4,5:6,identity,1,0,1,1,3
3,4,5:6,identity,2,0,1,1,13
3,12,5:6,identity,0,0,1,1,1
3,12,5:6,identity,1,0,1,1,3
3,12,5:6,identity,2,0,1,1,13
3,8,5:6,identity,0,1,1,1,1
3,8,5:6,identity,1,1,1,1,1
3,8,5:6,identity,2,1,1,1,1
3,1,5:6,erase-relay,0,1,1,1,1
3,1,5:6,erase-relay,1,1,1,1,1
3,1,5:6,erase-relay,2,1,1,1,1
3,3,5:6,erase-relay,0,1,1,1,1
3,3,5:6,erase-relay,1,1,1,1,1
3,3,5:6,erase-relay,2,1,1,1,1
3,5,5:6,erase-relay,0,0,1,1,1
3,5,5:6,erase-relay,1,0,1,1,3
3,5,5:6,erase-relay,2,0,1,1,13
3,2,5:6,erase-relay,0,1,1,1,1
3,2,5:6,erase-relay,1,1,1,1,1
3,2,5:6,erase-relay,2,1,1,1,1
3,10,5:6,erase-relay,0,1,1,1,1
3,10,5:6,erase-relay,1,1,1,1,1
3,10,5:6,erase-relay,2,1,1,1,1
3,4,5:6,erase-relay,0,0,1,1,1
3,4,5:6,erase-relay,1,0,1,1,3
3,4,5:6,erase-relay,2,0,1,1,13
3,12,5:6,erase-relay,0,0,1,1,1
3,12,5:6,erase-relay,1,0,1,1,3
3,12,5:6,erase-relay,2,0,1,1,13
3,8,5:6,erase-relay,0,1,1,1,1
3,8,5:6,erase-relay,1,1,1,1,1
3,8,5:6,erase-relay,2,1,1,1,1
3,1,5:7,identity,0,0,1,1,1
3,1,5:7,identity,1,0,1,1,3
3,1,5:7,identity,2,0,1,1,13
3,3,5:7,identity,0,0,1,1,1
3,3,5:7,identity,1,0,1,1,3
3,3,5:7,identity,2,0,1,1,13
3,5,5:7,identity,0,0,1,1,1
3,5,5:7,identity,1,0,1,1,3
3,5,5:7,identity,2,0,1,1,13
3,2,5:7,identity,0,0,1,1,1
3,2,5:7,identity,1,0,1,1,3
3,2,5:7,identity,2,0,1,1,13
3,10,5:7,identity,0,0,1,1,1
3,10,5:7,identity,1,0,1,1,3
3,10,5:7,identity,2,0,1,1,13
3,4,5:7,identity,0,0,1,1,1
3,4,5:7,identity,1,0,1,1,3
3,4,5:7,identity,2,0,1,1,13
3,12,5:7,identity,0,0,1,1,1
3,12,5:7,identity,1,0,1,1,3
3,12,5:7,identity,2,0,1,1,13
3,8,5:7,identity,0,1,1,1,1
3,8,5:7,identity,1,1,1,1,1
3,8,5:7,identity,2,1,1,1,1
3,1,5:7,erase-relay,0,1,1,1,1
3,1,5:7,erase-relay,1,1,1,1,1
3,1,5:7,erase-relay,2,1,1,1,1
3,3,5:7,erase-relay,0,1,1,1,1
3,3,5:7,erase-relay,1,1,1,1,1
3,3,5:7,erase-relay,2,1,1,1,1
3,5,5:7,erase-relay,0,0,1,1,1
3,5,5:7,erase-relay,1,0,1,1,3
3,5,5:7,erase-relay,2,0,1,1,13
3,2,5:7,erase-relay,0,1,1,1,1
3,2,5:7,erase-relay,1,1,1,1,1
3,2,5:7,erase-relay,2,1,1,1,1
3,10,5:7,erase-relay,0,1,1,1,1
3,10,5:7,erase-relay,1,1,1,1,1
3,10,5:7,erase-relay,2,1,1,1,1
3,4,5:7,erase-relay,0,0,1,1,1
3,4,5:7,erase-relay,1,0,1,1,3
3,4,5:7,erase-relay,2,0,1,1,13
3,12,5:7,erase-relay,0,0,1,1,1
3,12,5:7,erase-relay,1,0,1,1,3
3,12,5:7,erase-relay,2,0,1,1,13
3,8,5:7,erase-relay,0,1,1,1,1
3,8,5:7,erase-relay,1,1,1,1,1
3,8,5:7,erase-relay,2,1,1,1,1
3,1,6:7,identity,0,0,1,1,1
3,1,6:7,identity,1,0,1,1,3
3,1,6:7,identity,2,0,1,1,19
3,3,6:7,identity,0,0,1,1,1
3,3,6:7,identity,1,0,1,1,3
3,3,6:7,identity,2,0,1,1,19
3,5,6:7,identity,0,0,1,1,1
3,5,6:7,identity,1,0,1,1,3
3,5,6:7,identity,2,0,1,1,19
3,2,6:7,identity,0,0,1,1,1
3,2,6:7,identity,1,0,1,1,3
3,2,6:7,identity,2,0,1,1,19
3,10,6:7,identity,0,0,1,1,1
3,10,6:7,identity,1,0,1,1,3
3,10,6:7,identity,2,0,1,1,19
3,4,6:7,identity,0,0,1,1,1
3,4,6:7,identity,1,0,1,1,3
3,4,6:7,identity,2,0,1,1,19
3,12,6:7,identity,0,0,1,1,1
3,12,6:7,identity,1,0,1,1,3
3,12,6:7,identity,2,0,1,1,19
3,8,6:7,identity,0,1,1,1,1
3,8,6:7,identity,1,1,1,1,1
3,8,6:7,identity,2,1,1,1,1
3,1,6:7,erase-relay,0,1,1,1,1
3,1,6:7,erase-relay,1,1,1,1,1
3,1,6:7,erase-relay,2,1,1,1,1
3,3,6:7,erase-relay,0,1,1,1,1
3,3,6:7,erase-relay,1,1,1,1,1
3,3,6:7,erase-relay,2,1,1,1,1
3,5,6:7,erase-relay,0,0,1,1,1
3,5,6:7,erase-relay,1,0,1,1,3
3,5,6:7,erase-relay,2,0,1,1,19
3,2,6:7,erase-relay,0,1,1,1,1
3,2,6:7,erase-relay,1,1,1,1,1
3,2,6:7,erase-relay,2,1,1,1,1
3,10,6:7,erase-relay,0,1,1,1,1
3,10,6:7,erase-relay,1,1,1,1,1
3,10,6:7,erase-relay,2,1,1,1,1
3,4,6:7,erase-relay,0,0,1,1,1
3,4,6:7,erase-relay,1,0,1,1,3
3,4,6:7,erase-relay,2,0,1,1,19
3,12,6:7,erase-relay,0,0,1,1,1
3,12,6:7,erase-relay,1,0,1,1,3
3,12,6:7,erase-relay,2,0,1,1,19
3,8,6:7,erase-relay,0,1,1,1,1
3,8,6:7,erase-relay,1,1,1,1,1
3,8,6:7,erase-relay,2,1,1,1,1
3,1,0:1:2,identity,0,0,1,1,1
3,1,0:1:2,identity,1,0,1,1,4
3,1,0:1:2,identity,2,0,1,1,13
3,3,0:1:2,identity,0,0,1,1,1
3,3,0:1:2,identity,1,0,1,1,4
3,3,0:1:2,identity,2,0,1,1,13
3,5,0:1:2,identity,0,0,1,1,1
3,5,0:1:2,identity,1,0,1,1,4
3,5,0:1:2,identity,2,0,1,1,13
3,2,0:1:2,identity,0,0,1,1,1
3,2,0:1:2,identity,1,1,1,1,3
3,2,0:1:2,identity,2,1,1,1,4
3,10,0:1:2,identity,0,0,1,1,1
3,10,0:1:2,identity,1,1,1,1,3
3,10,0:1:2,identity,2,1,1,1,4
3,4,0:1:2,identity,0,0,1,1,1
3,4,0:1:2,identity,1,0,1,1,4
3,4,0:1:2,identity,2,0,1,1,13
3,12,0:1:2,identity,0,0,1,1,1
3,12,0:1:2,identity,1,0,1,1,4
3,12,0:1:2,identity,2,0,1,1,13
3,8,0:1:2,identity,0,1,1,1,1
3,8,0:1:2,identity,1,1,1,1,1
3,8,0:1:2,identity,2,1,1,1,1
3,1,0:1:2,erase-relay,0,1,1,1,1
3,1,0:1:2,erase-relay,1,1,1,1,1
3,1,0:1:2,erase-relay,2,1,1,1,1
3,3,0:1:2,erase-relay,0,1,1,1,1
3,3,0:1:2,erase-relay,1,1,1,1,1
3,3,0:1:2,erase-relay,2,1,1,1,1
3,5,0:1:2,erase-relay,0,0,1,1,1
3,5,0:1:2,erase-relay,1,0,1,1,4
3,5,0:1:2,erase-relay,2,0,1,1,13
3,2,0:1:2,erase-relay,0,1,1,1,1
3,2,0:1:2,erase-relay,1,1,1,1,1
3,2,0:1:2,erase-relay,2,1,1,1,1
3,10,0:1:2,erase-relay,0,1,1,1,1
3,10,0:1:2,erase-relay,1,1,1,1,1
3,10,0:1:2,erase-relay,2,1,1,1,1
3,4,0:1:2,erase-relay,0,0,1,1,1
3,4,0:1:2,erase-relay,1,0,1,1,4
3,4,0:1:2,erase-relay,2,0,1,1,13
3,12,0:1:2,erase-relay,0,0,1,1,1
3,12,0:1:2,erase-relay,1,0,1,1,4
3,12,0:1:2,erase-relay,2,0,1,1,13
3,8,0:1:2,erase-relay,0,1,1,1,1
3,8,0:1:2,erase-relay,1,1,1,1,1
3,8,0:1:2,erase-relay,2,1,1,1,1
3,1,0:1:3,identity,0,0,1,1,1
3,1,0:1:3,identity,1,0,1,1,4
3,1,0:1:3,identity,2,1,1,1,12
3,3,0:1:3,identity,0,0,1,1,1
3,3,0:1:3,identity,1,0,1,1,4
3,3,0:1:3,identity,2,1,1,1,12
3,5,0:1:3,identity,0,0,1,1,1
3,5,0:1:3,identity,1,0,1,1,4
3,5,0:1:3,identity,2,0,1,1,13
3,2,0:1:3,identity,0,0,1,1,1
3,2,0:1:3,identity,1,1,1,1,3
3,2,0:1:3,identity,2,1,1,1,4
3,10,0:1:3,identity,0,0,1,1,1
3,10,0:1:3,identity,1,1,1,1,3
3,10,0:1:3,identity,2,1,1,1,4
3,4,0:1:3,identity,0,0,1,1,1
3,4,0:1:3,identity,1,0,1,1,4
3,4,0:1:3,identity,2,0,1,1,13
3,12,0:1:3,identity,0,0,1,1,1
3,12,0:1:3,identity,1,0,1,1,4
3,12,0:1:3,identity,2,0,1,1,13
3,8,0:1:3,identity,0,1,1,1,1
3,8,0:1:3,identity,1,1,1,1,1
3,8,0:1:3,identity,2,1,1,1,1
3,1,0:1:3,erase-relay,0,1,1,1,1
3,1,0:1:3,erase-relay,1,1,1,1,1
3,1,0:1:3,erase-relay,2,1,1,1,1
3,3,0:1:3,erase-relay,0,1,1,1,1
3,3,0:1:3,erase-relay,1,1,1,1,1
3,3,0:1:3,erase-relay,2,1,1,1,1
3,5,0:1:3,erase-relay,0,0,1,1,1
3,5,0:1:3,erase-relay,1,0,1,1,4
3,5,0:1:3,erase-relay,2,0,1,1,13
3,2,0:1:3,erase-relay,0,1,1,1,1
3,2,0:1:3,erase-relay,1,1,1,1,1
3,2,0:1:3,erase-relay,2,1,1,1,1
3,10,0:1:3,erase-relay,0,1,1,1,1
3,10,0:1:3,erase-relay,1,1,1,1,1
3,10,0:1:3,erase-relay,2,1,1,1,1
3,4,0:1:3,erase-relay,0,0,1,1,1
3,4,0:1:3,erase-relay,1,0,1,1,4
3,4,0:1:3,erase-relay,2,0,1,1,13
3,12,0:1:3,erase-relay,0,0,1,1,1
3,12,0:1:3,erase-relay,1,0,1,1,4
3,12,0:1:3,erase-relay,2,0,1,1,13
3,8,0:1:3,erase-relay,0,1,1,1,1
3,8,0:1:3,erase-relay,1,1,1,1,1
3,8,0:1:3,erase-relay,2,1,1,1,1
3,1,0:1:4,identity,0,0,1,1,1
3,1,0:1:4,identity,1,0,1,1,4
3,1,0:1:4,identity,2,0,1,1,13
3,3,0:1:4,identity,0,0,1,1,1
3,3,0:1:4,identity,1,0,1,1,4
3,3,0:1:4,identity,2,0,1,1,13
3,5,0:1:4,identity,0,0,1,1,1
3,5,0:1:4,identity,1,0,1,1,4
3,5,0:1:4,identity,2,0,1,1,13
3,2,0:1:4,identity,0,0,1,1,1
3,2,0:1:4,identity,1,1,1,1,3
3,2,0:1:4,identity,2,1,1,1,4
3,10,0:1:4,identity,0,0,1,1,1
3,10,0:1:4,identity,1,1,1,1,3
3,10,0:1:4,identity,2,1,1,1,4
3,4,0:1:4,identity,0,0,1,1,1
3,4,0:1:4,identity,1,0,1,1,4
3,4,0:1:4,identity,2,0,1,1,13
3,12,0:1:4,identity,0,0,1,1,1
3,12,0:1:4,identity,1,0,1,1,4
3,12,0:1:4,identity,2,0,1,1,13
3,8,0:1:4,identity,0,1,1,1,1
3,8,0:1:4,identity,1,1,1,1,1
3,8,0:1:4,identity,2,1,1,1,1
3,1,0:1:4,erase-relay,0,1,1,1,1
3,1,0:1:4,erase-relay,1,1,1,1,1
3,1,0:1:4,erase-relay,2,1,1,1,1
3,3,0:1:4,erase-relay,0,1,1,1,1
3,3,0:1:4,erase-relay,1,1,1,1,1
3,3,0:1:4,erase-relay,2,1,1,1,1
3,5,0:1:4,erase-relay,0,0,1,1,1
3,5,0:1:4,erase-relay,1,0,1,1,4
3,5,0:1:4,erase-relay,2,0,1,1,13
3,2,0:1:4,erase-relay,0,1,1,1,1
3,2,0:1:4,erase-relay,1,1,1,1,1
3,2,0:1:4,erase-relay,2,1,1,1,1
3,10,0:1:4,erase-relay,0,1,1,1,1
3,10,0:1:4,erase-relay,1,1,1,1,1
3,10,0:1:4,erase-relay,2,1,1,1,1
3,4,0:1:4,erase-relay,0,0,1,1,1
3,4,0:1:4,erase-relay,1,0,1,1,4
3,4,0:1:4,erase-relay,2,0,1,1,13
3,12,0:1:4,erase-relay,0,0,1,1,1
3,12,0:1:4,erase-relay,1,0,1,1,4
3,12,0:1:4,erase-relay,2,0,1,1,13
3,8,0:1:4,erase-relay,0,1,1,1,1
3,8,0:1:4,erase-relay,1,1,1,1,1
3,8,0:1:4,erase-relay,2,1,1,1,1
3,1,0:1:5,identity,0,0,1,1,1
3,1,0:1:5,identity,1,0,1,1,4
3,1,0:1:5,identity,2,1,1,1,12
3,3,0:1:5,identity,0,0,1,1,1
3,3,0:1:5,identity,1,0,1,1,4
3,3,0:1:5,identity,2,0,1,1,13
3,5,0:1:5,identity,0,0,1,1,1
3,5,0:1:5,identity,1,0,1,1,4
3,5,0:1:5,identity,2,0,1,1,13
3,2,0:1:5,identity,0,0,1,1,1
3,2,0:1:5,identity,1,1,1,1,3
3,2,0:1:5,identity,2,1,1,1,4
3,10,0:1:5,identity,0,0,1,1,1
3,10,0:1:5,identity,1,1,1,1,3
3,10,0:1:5,identity,2,1,1,1,4
3,4,0:1:5,identity,0,0,1,1,1
3,4,0:1:5,identity,1,0,1,1,4
3,4,0:1:5,identity,2,0,1,1,13
3,12,0:1:5,identity,0,0,1,1,1
3,12,0:1:5,identity,1,0,1,1,4
3,12,0:1:5,identity,2,0,1,1,13
3,8,0:1:5,identity,0,1,1,1,1
3,8,0:1:5,identity,1,1,1,1,1
3,8,0:1:5,identity,2,1,1,1,1
3,1,0:1:5,erase-relay,0,1,1,1,1
3,1,0:1:5,erase-relay,1,1,1,1,1
3,1,0:1:5,erase-relay,2,1,1,1,1
3,3,0:1:5,erase-relay,0,1,1,1,1
3,3,0:1:5,erase-relay,1,1,1,1,1
3,3,0:1:5,erase-relay,2,1,1,1,1
3,5,0:1:5,erase-relay,0,0,1,1,1
3,5,0:1:5,erase-relay,1,0,1,1,4
3,5,0:1:5,erase-relay,2,0,1,1,13
3,2,0:1:5,erase-relay,0,1,1,1,1
3,2,0:1:5,erase-relay,1,1,1,1,1
3,2,0:1:5,erase-relay,2,1,1,1,1
3,10,0:1:5,erase-relay,0,1,1,1,1
3,10,0:1:5,erase-relay,1,1,1,1,1
3,10,0:1:5,erase-relay,2,1,1,1,1
3,4,0:1:5,erase-relay,0,0,1,1,1
3,4,0:1:5,erase-relay,1,0,1,1,4
3,4,0:1:5,erase-relay,2,0,1,1,13
3,12,0:1:5,erase-relay,0,0,1,1,1
3,12,0:1:5,erase-relay,1,0,1,1,4
3,12,0:1:5,erase-relay,2,0,1,1,13
3,8,0:1:5,erase-relay,0,1,1,1,1
3,8,0:1:5,erase-relay,1,1,1,1,1
3,8,0:1:5,erase-relay,2,1,1,1,1
3,1,0:1:6,identity,0,0,1,1,1
3,1,0:1:6,identity,1,0,1,1,4
3,1,0:1:6,identity,2,0,1,1,25
3,3,0:1:6,identity,0,0,1,1,1
3,3,0:1:6,identity,1,0,1,1,4
3,3,0:1:6,identity,2,0,1,1,25
3,5,0:1:6,identity,0,0,1,1,1
3,5,0:1:6,identity,1,0,1,1,4
3,5,0:1:6,identity,2,0,1,1,25
3,2,0:1:6,identity,0,0,1,1,1
3,2,0:1:6,identity,1,1,1,1,3
3,2,0:1:6,identity,2,1,1,1,4
3,10,0:1:6,identity,0,0,1,1,1
3,10,0:1:6,identity,1,1,1,1,3
3,10,0:1:6,identity,2,1,1,1,4
3,4,0:1:6,identity,0,0,1,1,1
3,4,0:1:6,identity,1,0,1,1,4
3,4,0:1:6,identity,2,0,1,1,25
3,12,0:1:6,identity,0,0,1,1,1
3,12,0:1:6,identity,1,0,1,1,4
3,12,0:1:6,identity,2,0,1,1,25
3,8,0:1:6,identity,0,1,1,1,1
3,8,0:1:6,identity,1,1,1,1,1
3,8,0:1:6,identity,2,1,1,1,1
3,1,0:1:6,erase-relay,0,1,1,1,1
3,1,0:1:6,erase-relay,1,1,1,1,1
3,1,0:1:6,erase-relay,2,1,1,1,1
3,3,0:1:6,erase-relay,0,1,1,1,1
3,3,0:1:6,erase-relay,1,1,1,1,1
3,3,0:1:6,erase-relay,2,1,1,1,1
3,5,0:1:6,erase-relay,0,0,1,1,1
3,5,0:1:6,erase-relay,1,0,1,1,4
3,5,0:1:6,erase-relay,2,0,1,1,25
3,2,0:1:6,erase-relay,0,1,1,1,1
3,2,0:1:6,erase-relay,1,1,1,1,1
3,2,0:1:6,erase-relay,2,1,1,1,1
3,10,0:1:6,erase-relay,0,1,1,1,1
3,10,0:1:6,erase-relay,1,1,1,1,1
3,10,0:1:6,erase-relay,2,1,1,1,1
3,4,0:1:6,erase-relay,0,0,1,1,1
3,4,0:1:6,erase-relay,1,0,1,1,4
3,4,0:1:6,erase-relay,2,0,1,1,25
3,12,0:1:6,erase-relay,0,0,1,1,1
3,12,0:1:6,erase-relay,1,0,1,1,4
3,12,0:1:6,erase-relay,2,0,1,1,25
3,8,0:1:6,erase-relay,0,1,1,1,1
3,8,0:1:6,erase-relay,1,1,1,1,1
3,8,0:1:6,erase-relay,2,1,1,1,1
3,1,0:1:7,identity,0,0,1,1,1
3,1,0:1:7,identity,1,0,1,1,4
3,1,0:1:7,identity,2,0,1,1,25
3,3,0:1:7,identity,0,0,1,1,1
3,3,0:1:7,identity,1,0,1,1,4
3,3,0:1:7,identity,2,0,1,1,25
3,5,0:1:7,identity,0,0,1,1,1
3,5,0:1:7,identity,1,0,1,1,4
3,5,0:1:7,identity,2,0,1,1,25
3,2,0:1:7,identity,0,0,1,1,1
3,2,0:1:7,identity,1,1,1,1,3
3,2,0:1:7,identity,2,1,1,1,4
3,10,0:1:7,identity,0,0,1,1,1
3,10,0:1:7,identity,1,1,1,1,3
3,10,0:1:7,identity,2,1,1,1,4
3,4,0:1:7,identity,0,0,1,1,1
3,4,0:1:7,identity,1,0,1,1,4
3,4,0:1:7,identity,2,0,1,1,25
3,12,0:1:7,identity,0,0,1,1,1
3,12,0:1:7,identity,1,0,1,1,4
3,12,0:1:7,identity,2,0,1,1,25
3,8,0:1:7,identity,0,1,1,1,1
3,8,0:1:7,identity,1,1,1,1,1
3,8,0:1:7,identity,2,1,1,1,1
3,1,0:1:7,erase-relay,0,1,1,1,1
3,1,0:1:7,erase-relay,1,1,1,1,1
3,1,0:1:7,erase-relay,2,1,1,1,1
3,3,0:1:7,erase-relay,0,1,1,1,1
3,3,0:1:7,erase-relay,1,1,1,1,1
3,3,0:1:7,erase-relay,2,1,1,1,1
3,5,0:1:7,erase-relay,0,0,1,1,1
3,5,0:1:7,erase-relay,1,0,1,1,4
3,5,0:1:7,erase-relay,2,0,1,1,25
3,2,0:1:7,erase-relay,0,1,1,1,1
3,2,0:1:7,erase-relay,1,1,1,1,1
3,2,0:1:7,erase-relay,2,1,1,1,1
3,10,0:1:7,erase-relay,0,1,1,1,1
3,10,0:1:7,erase-relay,1,1,1,1,1
3,10,0:1:7,erase-relay,2,1,1,1,1
3,4,0:1:7,erase-relay,0,0,1,1,1
3,4,0:1:7,erase-relay,1,0,1,1,4
3,4,0:1:7,erase-relay,2,0,1,1,25
3,12,0:1:7,erase-relay,0,0,1,1,1
3,12,0:1:7,erase-relay,1,0,1,1,4
3,12,0:1:7,erase-relay,2,0,1,1,25
3,8,0:1:7,erase-relay,0,1,1,1,1
3,8,0:1:7,erase-relay,1,1,1,1,1
3,8,0:1:7,erase-relay,2,1,1,1,1
3,1,0:2:3,identity,0,0,1,1,1
3,1,0:2:3,identity,1,0,1,1,4
3,1,0:2:3,identity,2,0,1,1,13
3,3,0:2:3,identity,0,0,1,1,1
3,3,0:2:3,identity,1,0,1,1,4
3,3,0:2:3,identity,2,0,1,1,13
3,5,0:2:3,identity,0,0,1,1,1
3,5,0:2:3,identity,1,0,1,1,4
3,5,0:2:3,identity,2,0,1,1,13
3,2,0:2:3,identity,0,0,1,1,1
3,2,0:2:3,identity,1,0,1,1,4
3,2,0:2:3,identity,2,0,1,1,13
3,10,0:2:3,identity,0,0,1,1,1
3,10,0:2:3,identity,1,0,1,1,4
3,10,0:2:3,identity,2,0,1,1,13
3,4,0:2:3,identity,0,0,1,1,1
3,4,0:2:3,identity,1,0,1,1,4
3,4,0:2:3,identity,2,0,1,1,13
3,12,0:2:3,identity,0,0,1,1,1
3,12,0:2:3,identity,1,0,1,1,4
3,12,0:2:3,identity,2,0,1,1,13
3,8,0:2:3,identity,0,1,1,1,1
3,8,0:2:3,identity,1,1,1,1,1
3,8,0:2:3,identity,2,1,1,1,1
3,1,0:2:3,erase-relay,0,1,1,1,1
3,1,0:2:3,erase-relay,1,1,1,1,1
3,1,0:2:3,erase-relay,2,1,1,1,1
3,3,0:2:3,erase-relay,0,1,1,1,1
3,3,0:2:3,erase-relay,1,1,1,1,1
3,3,0:2:3,erase-relay,2,1,1,1,1
3,5,0:2:3,erase-relay,0,0,1,1,1
3,5,0:2:3,erase-relay,1,0,1,1,4
3,5,0:2:3,erase-relay,2,0,1,1,13
3,2,0:2:3,erase-relay,0,1,1,1,1
3,2,0:2:3,erase-relay,1,1,1,1,1
3,2,0:2:3,erase-relay,2,1,1,1,1
3,10,0:2:3,erase-relay,0,1,1,1,1
3,10,0:2:3,erase-relay,1,1,1,1,1
3,10,0:2:3,erase-relay,2,1,1,1,1
3,4,0:2:3,erase-relay,0,0,1,1,1
3,4,0:2:3,erase-relay,1,0,1,1,4
3,4,0:2:3,erase-relay,2,0,1,1,13
3,12,0:2:3,erase-relay,0,0,1,1,1
3,12,0:2:3,erase-relay,1,0,1,1,4
3,12,0:2:3,erase-relay,2,0,1,1,13
3,8,0:2:3,erase-relay,0,1,1,1,1
3,8,0:2:3,erase-relay,1,1,1,1,1
3,8,0:2:3,erase-relay,2,1,1,1,1
3,1,0:2:4,identity,0,0,1,1,1
3,1,0:2:4,identity,1,0,1,1,4
3,1,0:2:4,identity,2,0,1,1,13
3,3,0:2:4,identity,0,0,1,1,1
3,3,0:2:4,identity,1,0,1,1,4
3,3,0:2:4,identity,2,0,1,1,13
3,5,0:2:4,identity,0,0,1,1,1
3,5,0:2:4,identity,1,0,1,1,4
3,5,0:2:4,identity,2,0,1,1,13
3,2,0:2:4,identity,0,0,1,1,1
3,2,0:2:4,identity,1,1,1,1,4
3,2,0:2:4,identity,2,1,1,1,5
3,10,0:2:4,identity,0,0,1,1,1
3,10,0:2:4,identity,1,0,1,1,4
3,10,0:2:4,identity,2,1,1,1,5
3,4,0:2:4,identity,0,0,1,1,1
3,4,0:2:4,identity,1,0,1,1,4
3,4,0:2:4,identity,2,0,1,1,13
3,12,0:2:4,identity,0,0,1,1,1
3,12,0:2:4,identity,1,0,1,1,4
3,12,0:2:4,identity,2,0,1,1,13
3,8,0:2:4,identity,0,1,1,1,1
3,8,0:2:4,identity,1,1,1,1,1
3,8,0:2:4,identity,2,1,1,1,1
3,1,0:2:4,erase-relay,0,1,1,1,1
3,1,0:2:4,erase-relay,1,1,1,1,1
3,1,0:2:4,erase-relay,2,1,1,1,1
3,3,0:2:4,erase-relay,0,1,1,1,1
3,3,0:2:4,erase-relay,1,1,1,1,1
3,3,0:2:4,erase-relay,2,1,1,1,1
3,5,0:2:4,erase-relay,0,0,1,1,1
3,5,0:2:4,erase-relay,1,0,1,1,4
3,5,0:2:4,erase-relay,2,0,1,1,13
3,2,0:2:4,erase-relay,0,1,1,1,1
3,2,0:2:4,erase-relay,1,1,1,1,1
3,2,0:2:4,erase-relay,2,1,1,1,1
3,10,0:2:4,erase-relay,0,1,1,1,1
3,10,0:2:4,erase-relay,1,1,1,1,1
3,10,0:2:4,erase-relay,2,1,1,1,1
3,4,0:2:4,erase-relay,0,0,1,1,1
3,4,0:2:4,erase-relay,1,0,1,1,4
3,4,0:2:4,erase-relay,2,0,1,1,13
3,12,0:2:4,erase-relay,0,0,1,1,1
3,12,0:2:4,erase-relay,1,0,1,1,4
3,12,0:2:4,erase-relay,2,0,1,1,13
3,8,0:2:4,erase-relay,0,1,1,1,1
3,8,0:2:4,erase-relay,1,1,1,1,1
3,8,0:2:4,erase-relay,2,1,1,1,1
3,1,0:2:5,identity,0,0,1,1,1
3,1,0:2:5,identity,1,0,1,1,4
3,1,0:2:5,identity,2,0,1,1,13
3,3,0:2:5,identity,0,0,1,1,1
3,3,0:2:5,identity,1,0,1,1,4
3,3,0:2:5,identity,2,0,1,1,13
3,5,0:2:5,identity,0,0,1,1,1
3,5,0:2:5,identity,1,0,1,1,4
3,5,0:2:5,identity,2,0,1,1,13
3,2,0:2:5,identity,0,0,1,1,1
3,2,0:2:5,identity,1,0,1,1,4
3,2,0:2:5,identity,2,0,1,1,13
3,10,0:2:5,identity,0,0,1,1,1
3,10,0:2:5,identity,1,0,1,1,4
3,10,0:2:5,identity,2,0,1,1,13
3,4,0:2:5,identity,0,0,1,1,1
3,4,0:2:5,identity,1,0,1,1,4
3,4,0:2:5,identity,2,0,1,1,13
3,12,0:2:5,identity,0,0,1,1,1
3,12,0:2:5,identity,1,0,1,1,4
3,12,0:2:5,identity,2,0,1,1,13
3,8,0:2:5,identity,0,1,1,1,1
3,8,0:2:5,identity,1,1,1,1,1
3,8,0:2:5,identity,2,1,1,1,1
3,1,0:2:5,erase-relay,0,1,1,1,1
3,1,0:2:5,erase-relay,1,1,1,1,1
3,1,0:2:5,erase-relay,2,1,1,1,1
3,3,0:2:5,erase-relay,0,1,1,1,1
3,3,0:2:5,erase-relay,1,1,1,1,1
3,3,0:2:5,erase-relay,2,1,1,1,1
3,5,0:2:5,erase-relay,0,0,1,1,1
3,5,0:2:5,erase-relay,1,0,1,1,4
3,5,0:2:5,erase-relay,2,0,1,1,13
3,2,0:2:5,erase-relay,0,1,1,1,1
3,2,0:2:5,erase-relay,1,1,1,1,1
3,2,0:2:5,erase-relay,2,1,1,1,1
3,10,0:2:5,erase-relay,0,1,1,1,1
3,10,0:2:5,erase-relay,1,1,1,1,1
3,10,0:2:5,erase-relay,2,1,1,1,1
3,4,0:2:5,erase-relay,0,0,1,1,1
3,4,0:2:5,erase-relay,1,0,1,1,4
3,4,0:2:5,erase-relay,2,0,1,1,13
3,12,0:2:5,erase-relay,0,0,1,1,1
3,12,0:2:5,erase-relay,1,0,1,1,4
3,12,0:2:5,erase-relay,2,0,1,1,13
3,8,0:2:5,erase-relay,0,1,1,1,1
3,8,0:2:5,erase-relay,1,1,1,1,1
3,8,0:2:5,erase-relay,2,1,1,1,1
3,1,0:2:6,identity,0,0,1,1,1
3,1,0:2:6,identity,1,0,1,1,4
3,1,0:2:6,identity,2,0,1,1,25
3,3,0:2:6,identity,0,0,1,1,1
3,3,0:2:6,identity,1,0,1,1,4
3,3,0:2:6,identity,2,0,1,1,25
3,5,0:2:6,identity,0,0,1,1,1
3,5,0:2:6,identity,1,0,1,1,4
3,5,0:2:6,identity,2,0,1,1,25
3,2,0:2:6,identity,0,0,1,1,1
3,2,0:2:6,identity,1,0,1,1,4
3,2,0:2:6,identity,2,0,1,1,25
3,10,0:2:6,identity,0,0,1,1,1
3,10,0:2:6,identity,1,0,1,1,4
3,10,0:2:6,identity,2,0,1,1,25
3,4,0:2:6,identity,0,0,1,1,1
3,4,0:2:6,identity,1,0,1,1,4
3,4,0:2:6,identity,2,0,1,1,25
3,12,0:2:6,identity,0,0,1,1,1
3,12,0:2:6,identity,1,0,1,1,4
3,12,0:2:6,identity,2,0,1,1,25
3,8,0:2:6,identity,0,1,1,1,1
3,8,0:2:6,identity,1,1,1,1,1
3,8,0:2:6,identity,2,1,1,1,1
3,1,0:2:6,erase-relay,0,1,1,1,1
3,1,0:2:6,erase-relay,1,1,1,1,1
3,1,0:2:6,erase-relay,2,1,1,1,1
3,3,0:2:6,erase-relay,0,1,1,1,1
3,3,0:2:6,erase-relay,1,1,1,1,1
3,3,0:2:6,erase-relay,2,1,1,1,1
3,5,0:2:6,erase-relay,0,0,1,1,1
3,5,0:2:6,erase-relay,1,0,1,1,4
3,5,0:2:6,erase-relay,2,0,1,1,25
3,2,0:2:6,erase-relay,0,1,1,1,1
3,2,0:2:6,erase-relay,1,1,1,1,1
3,2,0:2:6,erase-relay,2,1,1,1,1
3,10,0:2:6,erase-relay,0,1,1,1,1
3,10,0:2:6,erase-relay,1,1,1,1,1
3,10,0:2:6,erase-relay,2,1,1,1,1
3,4,0:2:6,erase-relay,0,0,1,1,1
3,4,0:2:6,erase-relay,1,0,1,1,4
3,4,0:2:6,erase-relay,2,0,1,1,25
3,12,0:2:6,erase-relay,0,0,1,1,1
3,12,0:2:6,erase-relay,1,0,1,1,4
3,12,0:2:6,erase-relay,2,0,1,1,25
3,8,0:2:6,erase-relay,0,1,1,1,1
3,8,0:2:6,erase-relay,1,1,1,1,1
3,8,0:2:6,erase-relay,2,1,1,1,1
3,1,0:2:7,identity,0,0,1,1,1
3,1,0:2:7,identity,1,0,1,1,4
3,1,0:2:7,identity,2,0,1,1,25
3,3,0:2:7,identity,0,0,1,1,1
3,3,0:2:7,identity,1,0,1,1,4
3,3,0:2:7,identity,2,0,1,1,25
3,5,0:2:7,identity,0,0,1,1,1
3,5,0:2:7,identity,1,0,1,1,4
3,5,0:2:7,identity,2,0,1,1,25
3,2,0:2:7,identity,0,0,1,1,1
3,2,0:2:7,identity,1,0,1,1,4
3,2,0:2:7,identity,2,0,1,1,25
3,10,0:2:7,identity,0,0,1,1,1
3,10,0:2:7,identity,1,0,1,1,4
3,10,0:2:7,identity,2,0,1,1,25
3,4,0:2:7,identity,0,0,1,1,1
3,4,0:2:7,identity,1,0,1,1,4
3,4,0:2:7,identity,2,0,1,1,25
3,12,0:2:7,identity,0,0,1,1,1
3,12,0:2:7,identity,1,0,1,1,4
3,12,0:2:7,identity,2,0,1,1,25
3,8,0:2:7,identity,0,1,1,1,1
3,8,0:2:7,identity,1,1,1,1,1
3,8,0:2:7,identity,2,1,1,1,1
3,1,0:2:7,erase-relay,0,1,1,1,1
3,1,0:2:7,erase-relay,1,1,1,1,1
3,1,0:2:7,erase-relay,2,1,1,1,1
3,3,0:2:7,erase-relay,0,1,1,1,1
3,3,0:2:7,erase-relay,1,1,1,1,1
3,3,0:2:7,erase-relay,2,1,1,1,1
3,5,0:2:7,erase-relay,0,0,1,1,1
3,5,0:2:7,erase-relay,1,0,1,1,4
3,5,0:2:7,erase-relay,2,0,1,1,25
3,2,0:2:7,erase-relay,0,1,1,1,1
3,2,0:2:7,erase-relay,1,1,1,1,1
3,2,0:2:7,erase-relay,2,1,1,1,1
3,10,0:2:7,erase-relay,0,1,1,1,1
3,10,0:2:7,erase-relay,1,1,1,1,1
3,10,0:2:7,erase-relay,2,1,1,1,1
3,4,0:2:7,erase-relay,0,0,1,1,1
3,4,0:2:7,erase-relay,1,0,1,1,4
3,4,0:2:7,erase-relay,2,0,1,1,25
3,12,0:2:7,erase-relay,0,0,1,1,1
3,12,0:2:7,erase-relay,1,0,1,1,4
3,12,0:2:7,erase-relay,2,0,1,1,25
3,8,0:2:7,erase-relay,0,1,1,1,1
3,8,0:2:7,erase-relay,1,1,1,1,1
3,8,0:2:7,erase-relay,2,1,1,1,1
3,1,0:3:4,identity,0,0,1,1,1
3,1,0:3:4,identity,1,0,1,1,4
3,1,0:3:4,identity,2,1,1,1,9
3,3,0:3:4,identity,0,0,1,1,1
3,3,0:3:4,identity,1,0,1,1,4
3,3,0:3:4,identity,2,1,1,1,9
3,5,0:3:4,identity,0,0,1,1,1
3,5,0:3:4,identity,1,0,1,1,4
3,5,0:3:4,identity,2,0,1,1,13
3,2,0:3:4,identity,0,0,1,1,1
3,2,0:3:4,identity,1,1,1,1,4
3,2,0:3:4,identity,2,1,1,1,5
3,10,0:3:4,identity,0,0,1,1,1
3,10,0:3:4,identity,1,0,1,1,4
3,10,0:3:4,identity,2,1,1,1,5
3,4,0:3:4,identity,0,0,1,1,1
3,4,0:3:4,identity,1,0,1,1,4
3,4,0:3:4,identity,2,0,1,1,13
3,12,0:3:4,identity,0,0,1,1,1
3,12,0:3:4,identity,1,0,1,1,4
3,12,0:3:4,identity,2,0,1,1,13
3,8,0:3:4,identity,0,1,1,1,1
3,8,0:3:4,identity,1,1,1,1,1
3,8,0:3:4,identity,2,1,1,1,1
3,1,0:3:4,erase-relay,0,1,1,1,1
3,1,0:3:4,erase-relay,1,1,1,1,1
3,1,0:3:4,erase-relay,2,1,1,1,1
3,3,0:3:4,erase-relay,0,1,1,1,1
3,3,0:3:4,erase-relay,1,1,1,1,1
3,3,0:3:4,erase-relay,2,1,1,1,1
3,5,0:3:4,erase-relay,0,0,1,1,1
3,5,0:3:4,erase-relay,1,0,1,1,4
3,5,0:3:4,erase-relay,2,0,1,1,13
3,2,0:3:4,erase-relay,0,1,1,1,1
3,2,0:3:4,erase-relay,1,1,1,1,1
3,2,0:3:4,erase-relay,2,1,1,1,1
3,10,0:3:4,erase-relay,0,1,1,1,1
3,10,0:3:4,erase-relay,1,1,1,1,1
3,10,0:3:4,erase-relay,2,1,1,1,1
3,4,0:3:4,erase-relay,0,0,1,1,1
3,4,0:3:4,erase-relay,1,0,1,1,4
3,4,0:3:4,erase-relay,2,0,1,1,13
3,12,0:3:4,erase-relay,0,0,1,1,1
3,12,0:3:4,erase-relay,1,0,1,1,4
3,12,0:3:4,erase-relay,2,0,1,1,13
3,8,0:3:4,erase-relay,0,1,1,1,1
3,8,0:3:4,erase-relay,1,1,1,1,1
3,8,0:3:4,erase-relay,2,1,1,1,1
3,1,0:3:5,identity,0,0,1,1,1
3,1,0:3:5,identity,1,0,1,1,4
3,1,0:3:5,identity,2,0,1,1,13
3,3,0:3:5,identity,0,0,1,1,1
3,3,0:3:5,identity,1,0,1,1,4
3,3,0:3:5,identity,2,0,1,1,13
3,5,0:3:5,identity,0,0,1,1,1
3,5,0:3:5,identity,1,0,1,1,4
3,5,0:3:5,identity,2,0,1,1,13
3,2,0:3:5,identity,0,0,1,1,1
3,2,0:3:5,identity,1,0,1,1,4
3,2,0:3:5,identity,2,0,1,1,13
3,10,0:3:5,identity,0,0,1,1,1
3,10,0:3:5,identity,1,0,1,1,4
3,10,0:3:5,identity,2,0,1,1,13
3,4,0:3:5,identity,0,0,1,1,1
3,4,0:3:5,identity,1,0,1,1,4
3,4,0:3:5,identity,2,0,1,1,13
3,12,0:3:5,identity,0,0,1,1,1
3,12,0:3:5,identity,1,0,1,1,4
3,12,0:3:5,identity,2,0,1,1,13
3,8,0:3:5,identity,0,1,1,1,1
3,8,0:3:5,identity,1,1,1,1,1
3,8,0:3:5,identity,2,1,1,1,1
3,1,0:3:5,erase-relay,0,1,1,1,1
3,1,0:3:5,erase-relay,1,1,1,1,1
3,1,0:3:5,erase-relay,2,1,1,1,1
3,3,0:3:5,erase-relay,0,1,1,1,1
3,3,0:3:5,erase-relay,1,1,1,1,1
3,3,0:3:5,erase-relay,2,1,1,1,1
3,5,0:3:5,erase-relay,0,0,1,1,1
3,5,0:3:5,erase-relay,1,0,1,1,4
3,5,0:3:5,erase-relay,2,0,1,1,13
3,2,0:3:5,erase-relay,0,1,1,1,1
3,2,0:3:5,erase-relay,1,1,1,1,1
3,2,0:3:5,erase-relay,2,1,1,1,1
3,10,0:3:5,erase-relay,0,1,1,1,1
3,10,0:3:5,erase-relay,1,1,1,1,1
3,10,0:3:5,erase-relay,2,1,1,1,1
3,4,0:3:5,erase-relay,0,0,1,1,1
3,4,0:3:5,erase-relay,1,0,1,1,4
3,4,0:3:5,erase-relay,2,0,1,1,13
3,12,0:3:5,erase-relay,0,0,1,1,1
3,12,0:3:5,erase-relay,1,0,1,1,4
3,12,0:3:5,erase-relay,2,0,1,1,13
3,8,0:3:5,erase-relay,0,1,1,1,1
3,8,0:3:5,erase-relay,1,1,1,1,1
3,8,0:3:5,erase-relay,2,1,1,1,1
3,1,0:3:6,identity,0,0,1,1,1
3,1,0:3:6,identity,1,0,1,1,4
3,1,0:3:6,identity,2,0,1,1,25
3,3,0:3:6,identity,0,0,1,1,1
3,3,0:3:6,identity,1,0,1,1,4
3,3,0:3:6,identity,2,0,1,1,25
3,5,0:3:6,identity,0,0,1,1,1
3,5,0:3:6,identity,1,0,1,1,4
3,5,0:3:6,identity,2,0,1,1,25
3,2,0:3:6,identity,0,0,1,1,1
3,2,0:3:6,identity,1,0,1,1,4
3,2,0:3:6,identity,2,0,1,1,25
3,10,0:3:6,identity,0,0,1,1,1
3,10,0:3:6,identity,1,0,1,1,4
3,10,0:3:6,identity,2,0,1,1,25
3,4,0:3:6,identity,0,0,1,1,1
3,4,0:3:6,identity,1,0,1,1,4
3,4,0:3:6,identity,2,0,1,1,25
3,12,0:3:6,identity,0,0,1,1,1
3,12,0:3:6,identity,1,0,1,1,4
3,12,0:3:6,identity,2,0,1,1,25
3,8,0:3:6,identity,0,1,1,1,1
3,8,0:3:6,identity,1,1,1,1,1
3,8,0:3:6,identity,2,1,1,1,1
3,1,0:3:6,erase-relay,0,1,1,1,1
3,1,0:3:6,erase-relay,1,1,1,1,1
3,1,0:3:6,erase-relay,2,1,1,1,1
3,3,0:3:6,erase-relay,0,1,1,1,1
3,3,0:3:6,erase-relay,1,1,1,1,1
3,3,0:3:6,erase-relay,2,1,1,1,1
3,5,0:3:6,erase-relay,0,0,1,1,1
3,5,0:3:6,erase-relay,1,0,1,1,4
3,5,0:3:6,erase-relay,2,0,1,1,25
3,2,0:3:6,erase-relay,0,1,1,1,1
3,2,0:3:6,erase-relay,1,1,1,1,1
3,2,0:3:6,erase-relay,2,1,1,1,1
3,10,0:3:6,erase-relay,0,1,1,1,1
3,10,0:3:6,erase-relay,1,1,1,1,1
3,10,0:3:6,erase-relay,2,1,1,1,1
3,4,0:3:6,erase-relay,0,0,1,1,1
3,4,0:3:6,erase-relay,1,0,1,1,4
3,4,0:3:6,erase-relay,2,0,1,1,25
3,12,0:3:6,erase-relay,0,0,1,1,1
3,12,0:3:6,erase-relay,1,0,1,1,4
3,12,0:3:6,erase-relay,2,0,1,1,25
3,8,0:3:6,erase-relay,0,1,1,1,1
3,8,0:3:6,erase-relay,1,1,1,1,1
3,8,0:3:6,erase-relay,2,1,1,1,1
3,1,0:3:7,identity,0,0,1,1,1
3,1,0:3:7,identity,1,0,1,1,4
3,1,0:3:7,identity,2,0,1,1,25
3,3,0:3:7,identity,0,0,1,1,1
3,3,0:3:7,identity,1,0,1,1,4
3,3,0:3:7,identity,2,0,1,1,25
3,5,0:3:7,identity,0,0,1,1,1
3,5,0:3:7,identity,1,0,1,1,4
3,5,0:3:7,identity,2,0,1,1,25
3,2,0:3:7,identity,0,0,1,1,1
3,2,0:3:7,identity,1,0,1,1,4
3,2,0:3:7,identity,2,0,1,1,25
3,10,0:3:7,identity,0,0,1,1,1
3,10,0:3:7,identity,1,0,1,1,4
3,10,0:3:7,identity,2,0,1,1,25
3,4,0:3:7,identity,0,0,1,1,1
3,4,0:3:7,identity,1,0,1,1,4
3,4,0:3:7,identity,2,0,1,1,25
3,12,0:3:7,identity,0,0,1,1,1
3,12,0:3:7,identity,1,0,1,1,4
3,12,0:3:7,identity,2,0,1,1,25
3,8,0:3:7,identity,0,1,1,1,1
3,8,0:3:7,identity,1,1,1,1,1
3,8,0:3:7,identity,2,1,1,1,1
3,1,0:3:7,erase-relay,0,1,1,1,1
3,1,0:3:7,erase-relay,1,1,1,1,1
3,1,0:3:7,erase-relay,2,1,1,1,1
3,3,0:3:7,erase-relay,0,1,1,1,1
3,3,0:3:7,erase-relay,1,1,1,1,1
3,3,0:3:7,erase-relay,2,1,1,1,1
3,5,0:3:7,erase-relay,0,0,1,1,1
3,5,0:3:7,erase-relay,1,0,1,1,4
3,5,0:3:7,erase-relay,2,0,1,1,25
3,2,0:3:7,erase-relay,0,1,1,1,1
3,2,0:3:7,erase-relay,1,1,1,1,1
3,2,0:3:7,erase-relay,2,1,1,1,1
3,10,0:3:7,erase-relay,0,1,1,1,1
3,10,0:3:7,erase-relay,1,1,1,1,1
3,10,0:3:7,erase-relay,2,1,1,1,1
3,4,0:3:7,erase-relay,0,0,1,1,1
3,4,0:3:7,erase-relay,1,0,1,1,4
3,4,0:3:7,erase-relay,2,0,1,1,25
3,12,0:3:7,erase-relay,0,0,1,1,1
3,12,0:3:7,erase-relay,1,0,1,1,4
3,12,0:3:7,erase-relay,2,0,1,1,25
3,8,0:3:7,erase-relay,0,1,1,1,1
3,8,0:3:7,erase-relay,1,1,1,1,1
3,8,0:3:7,erase-relay,2,1,1,1,1
3,1,0:4:5,identity,0,0,1,1,1
3,1,0:4:5,identity,1,0,1,1,4
3,1,0:4:5,identity,2,1,1,1,12
3,3,0:4:5,identity,0,0,1,1,1
3,3,0:4:5,identity,1,0,1,1,4
3,3,0:4:5,identity,2,0,1,1,13
3,5,0:4:5,identity,0,0,1,1,1
3,5,0:4:5,identity,1,0,1,1,4
3,5,0:4:5,identity,2,0,1,1,13
3,2,0:4:5,identity,0,0,1,1,1
3,2,0:4:5,identity,1,1,1,1,3
3,2,0:4:5,identity,2,1,1,1,4
3,10,0:4:5,identity,0,0,1,1,1
3,10,0:4:5,identity,1,0,1,1,4
3,10,0:4:5,identity,2,1,1,1,4
3,4,0:4:5,identity,0,0,1,1,1
3,4,0:4:5,identity,1,0,1,1,4
3,4,0:4:5,identity,2,0,1,1,13
3,12,0:4:5,identity,0,0,1,1,1
3,12,0:4:5,identity,1,0,1,1,4
3,12,0:4:5,identity,2,0,1,1,13
3,8,0:4:5,identity,0,1,1,1,1
3,8,0:4:5,identity,1,1,1,1,1
3,8,0:4:5,identity,2,1,1,1,1
3,1,0:4:5,erase-relay,0,1,1,1,1
3,1,0:4:5,erase-relay,1,1,1,1,1
3,1,0:4:5,erase-relay,2,1,1,1,1
3,3,0:4:5,erase-relay,0,1,1,1,1
3,3,0:4:5,erase-relay,1,1,1,1,1
3,3,0:4:5,erase-relay,2,1,1,1,1
3,5,0:4:5,erase-relay,0,0,1,1,1
3,5,0:4:5,erase-relay,1,0,1,1,4
3,5,0:4:5,erase-relay,2,0,1,1,13
3,2,0:4:5,erase-relay,0,1,1,1,1
3,2,0:4:5,erase-relay,1,1,1,1,1
3,2,0:4:5,erase-relay,2,1,1,1,1
3,10,0:4:5,erase-relay,0,1,1,1,1
3,10,0:4:5,erase-relay,1,1,1,1,1
3,10,0:4:5,erase-relay,2,1,1,1,1
3,4,0:4:5,erase-relay,0,0,1,1,1
3,4,0:4:5,erase-relay,1,0,1,1,4
3,4,0:4:5,erase-relay,2,0,1,1,13
3,12,0:4:5,erase-relay,0,0,1,1,1
3,12,0:4:5,erase-relay,1,0,1,1,4
3,12,0:4:5,erase-relay,2,0,1,1,13
3,8,0:4:5,erase-relay,0,1,1,1,1
3,8,0:4:5,erase-relay,1,1,1,1,1
3,8,0:4:5,erase-relay,2,1,1,1,1
3,1,0:4:6,identity,0,0,1,1,1
3,1,0:4:6,identity,1,0,1,1,4
3,1,0:4:6,identity,2,0,1,1,25
3,3,0:4:6,identity,0,0,1,1,1
3,3,0:4:6,identity,1,0,1,1,4
3,3,0:4:6,identity,2,0,1,1,25
3,5,0:4:6,identity,0,0,1,1,1
3,5,0:4:6,identity,1,0,1,1,4
3,5,0:4:6,identity,2,0,1,1,25
3,2,0:4:6,identity,0,0,1,1,1
3,2,0:4:6,identity,1,1,1,1,3
3,2,0:4:6,identity,2,1,1,1,4
3,10,0:4:6,identity,0,0,1,1,1
3,10,0:4:6,identity,1,0,1,1,4
3,10,0:4:6,identity,2,1,1,1,4
3,4,0:4:6,identity,0,0,1,1,1
3,4,0:4:6,identity,1,0,1,1,4
3,4,0:4:6,identity,2,0,1,1,25
3,12,0:4:6,identity,0,0,1,1,1
3,12,0:4:6,identity,1,0,1,1,4
3,12,0:4:6,identity,2,0,1,1,25
3,8,0:4:6,identity,0,1,1,1,1
3,8,0:4:6,identity,1,1,1,1,1
3,8,0:4:6,identity,2,1,1,1,1
3,1,0:4:6,erase-relay,0,1,1,1,1
3,1,0:4:6,erase-relay,1,1,1,1,1
3,1,0:4:6,erase-relay,2,1,1,1,1
3,3,0:4:6,erase-relay,0,1,1,1,1
3,3,0:4:6,erase-relay,1,1,1,1,1
3,3,0:4:6,erase-relay,2,1,1,1,1
3,5,0:4:6,erase-relay,0,0,1,1,1
3,5,0:4:6,erase-relay,1,0,1,1,4
3,5,0:4:6,erase-relay,2,0,1,1,25
3,2,0:4:6,erase-relay,0,1,1,1,1
3,2,0:4:6,erase-relay,1,1,1,1,1
3,2,0:4:6,erase-relay,2,1,1,1,1
3,10,0:4:6,erase-relay,0,1,1,1,1
3,10,0:4:6,erase-relay,1,1,1,1,1
3,10,0:4:6,erase-relay,2,1,1,1,1
3,4,0:4:6,erase-relay,0,0,1,1,1
3,4,0:4:6,erase-relay,1,0,1,1,4
3,4,0:4:6,erase-relay,2,0,1,1,25
3,12,0:4:6,erase-relay,0,0,1,1,1
3,12,0:4:6,erase-relay,1,0,1,1,4
3,12,0:4:6,erase-relay,2,0,1,1,25
3,8,0:4:6,erase-relay,0,1,1,1,1
3,8,0:4:6,erase-relay,1,1,1,1,1
3,8,0:4:6,erase-relay,2,1,1,1,1
3,1,0:4:7,identity,0,0,1,1,1
3,1,0:4:7,identity,1,0,1,1,4
3,1,0:4:7,identity,2,0,1,1,25
3,3,0:4:7,identity,0,0,1,1,1
3,3,0:4:7,identity,1,0,1,1,4
3,3,0:4:7,identity,2,0,1,1,25
3,5,0:4:7,identity,0,0,1,1,1
3,5,0:4:7,identity,1,0,1,1,4
3,5,0:4:7,identity,2,0,1,1,25
3,2,0:4:7,identity,0,0,1,1,1
3,2,0:4:7,identity,1,1,1,1,3
3,2,0:4:7,identity,2,1,1,1,4
3,10,0:4:7,identity,0,0,1,1,1
3,10,0:4:7,identity,1,0,1,1,4
3,10,0:4:7,identity,2,1,1,1,4
3,4,0:4:7,identity,0,0,1,1,1
3,4,0:4:7,identity,1,0,1,1,4
3,4,0:4:7,identity,2,0,1,1,25
3,12,0:4:7,identity,0,0,1,1,1
3,12,0:4:7,identity,1,0,1,1,4
3,12,0:4:7,identity,2,0,1,1,25
3,8,0:4:7,identity,0,1,1,1,1
3,8,0:4:7,identity,1,1,1,1,1
3,8,0:4:7,identity,2,1,1,1,1
3,1,0:4:7,erase-relay,0,1,1,1,1
3,1,0:4:7,erase-relay,1,1,1,1,1
3,1,0:4:7,erase-relay,2,1,1,1,1
3,3,0:4:7,erase-relay,0,1,1,1,1
3,3,0:4:7,erase-relay,1,1,1,1,1
3,3,0:4:7,erase-relay,2,1,1,1,1
3,5,0:4:7,erase-relay,0,0,1,1,1
3,5,0:4:7,erase-relay,1,0,1,1,4
3,5,0:4:7,erase-relay,2,0,1,1,25
3,2,0:4:7,erase-relay,0,1,1,1,1
3,2,0:4:7,erase-relay,1,1,1,1,1
3,2,0:4:7,erase-relay,2,1,1,1,1
3,10,0:4:7,erase-relay,0,1,1,1,1
3,10,0:4:7,erase-relay,1,1,1,1,1
3,10,0:4:7,erase-relay,2,1,1,1,1
3,4,0:4:7,erase-relay,0,0,1,1,1
3,4,0:4:7,erase-relay,1,0,1,1,4
3,4,0:4:7,erase-relay,2,0,1,1,25
3,12,0:4:7,erase-relay,0,0,1,1,1
3,12,0:4:7,erase-relay,1,0,1,1,4
3,12,0:4:7,erase-relay,2,0,1,1,25
3,8,0:4:7,erase-relay,0,1,1,1,1
3,8,0:4:7,erase-relay,1,1,1,1,1
3,8,0:4:7,erase-relay,2,1,1,1,1
3,1,0:5:6,identity,0,0,1,1,1
3,1,0:5:6,identity,1,0,1,1,4
3,1,0:5:6,identity,2,0,1,1,25
3,3,0:5:6,identity,0,0,1,1,1
3,3,0:5:6,identity,1,0,1,1,4
3,3,0:5:6,identity,2,0,1,1,25
3,5,0:5:6,identity,0,0,1,1,1
3,5,0:5:6,identity,1,0,1,1,4
3,5,0:5:6,identity,2,0,1,1,25
3,2,0:5:6,identity,0,0,1,1,1
3,2,0:5:6,identity,1,0,1,1,4
3,2,0:5:6,identity,2,0,1,1,25
3,10,0:5:6,identity,0,0,1,1,1
3,10,0:5:6,identity,1,0,1,1,4
3,10,0:5:6,identity,2,0,1,1,25
3,4,0:5:6,identity,0,0,1,1,1
3,4,0:5:6,identity,1,0,1,1,4
3,4,0:5:6,identity,2,0,1,1,25
3,12,0:5:6,identity,0,0,1,1,1
3,12,0:5:6,identity,1,0,1,1,4
3,12,0:5:6,identity,2,0,1,1,25
3,8,0:5:6,identity,0,1,1,1,1
3,8,0:5:6,identity,1,1,1,1,1
3,8,0:5:6,identity,2,1,1,1,1
3,1,0:5:6,erase-relay,0,1,1,1,1
3,1,0:5:6,erase-relay,1,1,1,1,1
3,1,0:5:6,erase-relay,2,1,1,1,1
3,3,0:5:6,erase-relay,0,1,1,1,1
3,3,0:5:6,erase-relay,1,1,1,1,1
3,3,0:5:6,erase-relay,2,1,1,1,1
3,5,0:5:6,erase-relay,0,0,1,1,1
3,5,0:5:6,erase-relay,1,0,1,1,4
3,5,0:5:6,erase-relay,2,0,1,1,25
3,2,0:5:6,erase-relay,0,1,1,1,1
3,2,0:5:6,erase-relay,1,1,1,1,1
3,2,0:5:6,erase-relay,2,1,1,1,1
3,10,0:5:6,erase-relay,0,1,1,1,1
3,10,0:5:6,erase-relay,1,1,1,1,1
3,10,0:5:6,erase-relay,2,1,1,1,1
3,4,0:5:6,erase-relay,0,0,1,1,1
3,4,0:5:6,erase-relay,1,0,1,1,4
3,4,0:5:6,erase-relay,2,0,1,1,25
3,12,0:5:6,erase-relay,0,0,1,1,1
3,12,0:5:6,erase-relay,1,0,1,1,4
3,12,0:5:6,erase-relay,2,0,1,1,25
3,8,0:5:6,erase-relay,0,1,1,1,1
3,8,0:5:6,erase-relay,1,1,1,1,1
3,8,0:5:6,erase-relay,2,1,1,1,1
3,1,0:5:7,identity,0,0,1,1,1
3,1,0:5:7,identity,1,0,1,1,4
3,1,0:5:7,identity,2,0,1,1,25
3,3,0:5:7,identity,0,0,1,1,1
3,3,0:5:7,identity,1,0,1,1,4
3,3,0:5:7,identity,2,0,1,1,25
3,5,0:5:7,identity,0,0,1,1,1
3,5,0:5:7,identity,1,0,1,1,4
3,5,0:5:7,identity,2,0,1,1,25
3,2,0:5:7,identity,0,0,1,1,1
3,2,0:5:7,identity,1,0,1,1,4
3,2,0:5:7,identity,2,0,1,1,25
3,10,0:5:7,identity,0,0,1,1,1
3,10,0:5:7,identity,1,0,1,1,4
3,10,0:5:7,identity,2,0,1,1,25
3,4,0:5:7,identity,0,0,1,1,1
3,4,0:5:7,identity,1,0,1,1,4
3,4,0:5:7,identity,2,0,1,1,25
3,12,0:5:7,identity,0,0,1,1,1
3,12,0:5:7,identity,1,0,1,1,4
3,12,0:5:7,identity,2,0,1,1,25
3,8,0:5:7,identity,0,1,1,1,1
3,8,0:5:7,identity,1,1,1,1,1
3,8,0:5:7,identity,2,1,1,1,1
3,1,0:5:7,erase-relay,0,1,1,1,1
3,1,0:5:7,erase-relay,1,1,1,1,1
3,1,0:5:7,erase-relay,2,1,1,1,1
3,3,0:5:7,erase-relay,0,1,1,1,1
3,3,0:5:7,erase-relay,1,1,1,1,1
3,3,0:5:7,erase-relay,2,1,1,1,1
3,5,0:5:7,erase-relay,0,0,1,1,1
3,5,0:5:7,erase-relay,1,0,1,1,4
3,5,0:5:7,erase-relay,2,0,1,1,25
3,2,0:5:7,erase-relay,0,1,1,1,1
3,2,0:5:7,erase-relay,1,1,1,1,1
3,2,0:5:7,erase-relay,2,1,1,1,1
3,10,0:5:7,erase-relay,0,1,1,1,1
3,10,0:5:7,erase-relay,1,1,1,1,1
3,10,0:5:7,erase-relay,2,1,1,1,1
3,4,0:5:7,erase-relay,0,0,1,1,1
3,4,0:5:7,erase-relay,1,0,1,1,4
3,4,0:5:7,erase-relay,2,0,1,1,25
3,12,0:5:7,erase-relay,0,0,1,1,1
3,12,0:5:7,erase-relay,1,0,1,1,4
3,12,0:5:7,erase-relay,2,0,1,1,25
3,8,0:5:7,erase-relay,0,1,1,1,1
3,8,0:5:7,erase-relay,1,1,1,1,1
3,8,0:5:7,erase-relay,2,1,1,1,1
3,1,0:6:7,identity,0,0,1,1,1
3,1,0:6:7,identity,1,0,1,1,4
3,1,0:6:7,identity,2,0,1,1,37
3,3,0:6:7,identity,0,0,1,1,1
3,3,0:6:7,identity,1,0,1,1,4
3,3,0:6:7,identity,2,0,1,1,37
3,5,0:6:7,identity,0,0,1,1,1
3,5,0:6:7,identity,1,0,1,1,4
3,5,0:6:7,identity,2,0,1,1,37
3,2,0:6:7,identity,0,0,1,1,1
3,2,0:6:7,identity,1,0,1,1,4
3,2,0:6:7,identity,2,0,1,1,37
3,10,0:6:7,identity,0,0,1,1,1
3,10,0:6:7,identity,1,0,1,1,4
3,10,0:6:7,identity,2,0,1,1,37
3,4,0:6:7,identity,0,0,1,1,1
3,4,0:6:7,identity,1,0,1,1,4
3,4,0:6:7,identity,2,0,1,1,37
3,12,0:6:7,identity,0,0,1,1,1
3,12,0:6:7,identity,1,0,1,1,4
3,12,0:6:7,identity,2,0,1,1,37
3,8,0:6:7,identity,0,1,1,1,1
3,8,0:6:7,identity,1,1,1,1,1
3,8,0:6:7,identity,2,1,1,1,1
3,1,0:6:7,erase-relay,0,1,1,1,1
3,1,0:6:7,erase-relay,1,1,1,1,1
3,1,0:6:7,erase-relay,2,1,1,1,1
3,3,0:6:7,erase-relay,0,1,1,1,1
3,3,0:6:7,erase-relay,1,1,1,1,1
3,3,0:6:7,erase-relay,2,1,1,1,1
3,5,0:6:7,erase-relay,0,0,1,1,1
3,5,0:6:7,erase-relay,1,0,1,1,4
3,5,0:6:7,erase-relay,2,0,1,1,37
3,2,0:6:7,erase-relay,0,1,1,1,1
3,2,0:6:7,erase-relay,1,1,1,1,1
3,2,0:6:7,erase-relay,2,1,1,1,1
3,10,0:6:7,erase-relay,0,1,1,1,1
3,10,0:6:7,erase-relay,1,1,1,1,1
3,10,0:6:7,erase-relay,2,1,1,1,1
3,4,0:6:7,erase-relay,0,0,1,1,1
3,4,0:6:7,erase-relay,1,0,1,1,4
3,4,0:6:7,erase-relay,2,0,1,1,37
3,12,0:6:7,erase-relay,0,0,1,1,1
3,12,0:6:7,erase-relay,1,0,1,1,4
3,12,0:6:7,erase-relay,2,0,1,1,37
3,8,0:6:7,erase-relay,0,1,1,1,1
3,8,0:6:7,erase-relay,1,1,1,1,1
3,8,0:6:7,erase-relay,2,1,1,1,1
3,1,1:2:3,identity,0,0,1,1,1
3,1,1:2:3,identity,1,0,1,1,4
3,1,1:2:3,identity,2,1,1,1,11
3,3,1:2:3,identity,0,0,1,1,1
3,3,1:2:3,identity,1,0,1,1,4
3,3,1:2:3,identity,2,1,1,1,11
3,5,1:2:3,identity,0,0,1,1,1
3,5,1:2:3,identity,1,0,1,1,4
3,5,1:2:3,identity,2,0,1,1,13
3,2,1:2:3,identity,0,0,1,1,1
3,2,1:2:3,identity,1,1,1,1,2
3,2,1:2:3,identity,2,1,1,1,2
3,10,1:2:3,identity,0,0,1,1,1
3,10,1:2:3,identity,1,1,1,1,2
3,10,1:2:3,identity,2,1,1,1,2
3,4,1:2:3,identity,0,0,1,1,1
3,4,1:2:3,identity,1,0,1,1,4
3,4,1:2:3,identity,2,0,1,1,13
3,12,1:2:3,identity,0,0,1,1,1
3,12,1:2:3,identity,1,0,1,1,4
3,12,1:2:3,identity,2,0,1,1,13
3,8,1:2:3,identity,0,1,1,1,1
3,8,1:2:3,identity,1,1,1,1,1
3,8,1:2:3,identity,2,1,1,1,1
3,1,1:2:3,erase-relay,0,1,1,1,1
3,1,1:2:3,erase-relay,1,1,1,1,1
3,1,1:2:3,erase-relay,2,1,1,1,1
3,3,1:2:3,erase-relay,0,1,1,1,1
3,3,1:2:3,erase-relay,1,1,1,1,1
3,3,1:2:3,erase-relay,2,1,1,1,1
3,5,1:2:3,erase-relay,0,0,1,1,1
3,5,1:2:3,erase-relay,1,0,1,1,4
3,5,1:2:3,erase-relay,2,0,1,1,13
3,2,1:2:3,erase-relay,0,1,1,1,1
3,2,1:2:3,erase-relay,1,1,1,1,1
3,2,1:2:3,erase-relay,2,1,1,1,1
3,10,1:2:3,erase-relay,0,1,1,1,1
3,10,1:2:3,erase-relay,1,1,1,1,1
3,10,1:2:3,erase-relay,2,1,1,1,1
3,4,1:2:3,erase-relay,0,0,1,1,1
3,4,1:2:3,erase-relay,1,0,1,1,4
3,4,1:2:3,erase-relay,2,0,1,1,13
3,12,1:2:3,erase-relay,0,0,1,1,1
3,12,1:2:3,erase-relay,1,0,1,1,4
3,12,1:2:3,erase-relay,2,0,1,1,13
3,8,1:2:3,erase-relay,0,1,1,1,1
3,8,1:2:3,erase-relay,1,1,1,1,1
3,8,1:2:3,erase-relay,2,1,1,1,1
3,1,1:2:4,identity,0,0,1,1,1
3,1,1:2:4,identity,1,0,1,1,4
3,1,1:2:4,identity,2,0,1,1,13
3,3,1:2:4,identity,0,0,1,1,1
3,3,1:2:4,identity,1,0,1,1,4
3,3,1:2:4,identity,2,0,1,1,13
3,5,1:2:4,identity,0,0,1,1,1
3,5,1:2:4,identity,1,0,1,1,4
3,5,1:2:4,identity,2,0,1,1,13
3,2,1:2:4,identity,0,0,1,1,1
3,2,1:2:4,identity,1,1,1,1,2
3,2,1:2:4,identity,2,1,1,1,2
3,10,1:2:4,identity,0,0,1,1,1
3,10,1:2:4,identity,1,1,1,1,2
3,10,1:2:4,identity,2,1,1,1,2
3,4,1:2:4,identity,0,0,1,1,1
3,4,1:2:4,identity,1,0,1,1,4
3,4,1:2:4,identity,2,0,1,1,13
3,12,1:2:4,identity,0,0,1,1,1
3,12,1:2:4,identity,1,0,1,1,4
3,12,1:2:4,identity,2,0,1,1,13
3,8,1:2:4,identity,0,1,1,1,1
3,8,1:2:4,identity,1,1,1,1,1
3,8,1:2:4,identity,2,1,1,1,1
3,1,1:2:4,erase-relay,0,1,1,1,1
3,1,1:2:4,erase-relay,1,1,1,1,1
3,1,1:2:4,erase-relay,2,1,1,1,1
3,3,1:2:4,erase-relay,0,1,1,1,1
3,3,1:2:4,erase-relay,1,1,1,1,1
3,3,1:2:4,erase-relay,2,1,1,1,1
3,5,1:2:4,erase-relay,0,0,1,1,1
3,5,1:2:4,erase-relay,1,0,1,1,4
3,5,1:2:4,erase-relay,2,0,1,1,13
3,2,1:2:4,erase-relay,0,1,1,1,1
3,2,1:2:4,erase-relay,1,1,1,1,1
3,2,1:2:4,erase-relay,2,1,1,1,1
3,10,1:2:4,erase-relay,0,1,1,1,1
3,10,1:2:4,erase-relay,1,1,1,1,1
3,10,1:2:4,erase-relay,2,1,1,1,1
3,4,1:2:4,erase-relay,0,0,1,1,1
3,4,1:2:4,erase-relay,1,0,1,1,4
3,4,1:2:4,erase-relay,2,0,1,1,13
3,12,1:2:4,erase-relay,0,0,1,1,1
3,12,1:2:4,erase-relay,1,0,1,1,4
3,12,1:2:4,erase-relay,2,0,1,1,13
3,8,1:2:4,erase-relay,0,1,1,1,1
3,8,1:2:4,erase-relay,1,1,1,1,1
3,8,1:2:4,erase-relay,2,1,1,1,1
3,1,1:2:5,identity,0,0,1,1,1
3,1,1:2:5,identity,1,0,1,1,4
3,1,1:2:5,identity,2,1,1,1,11
3,3,1:2:5,identity,0,0,1,1,1
3,3,1:2:5,identity,1,0,1,1,4
3,3,1:2:5,identity,2,0,1,1,13
3,5,1:2:5,identity,0,0,1,1,1
3,5,1:2:5,identity,1,0,1,1,4
3,5,1:2:5,identity,2,0,1,1,13
3,2,1:2:5,identity,0,0,1,1,1
3,2,1:2:5,identity,1,1,1,1,2
3,2,1:2:5,identity,2,1,1,1,2
3,10,1:2:5,identity,0,0,1,1,1
3,10,1:2:5,identity,1,1,1,1,2
3,10,1:2:5,identity,2,1,1,1,2
3,4,1:2:5,identity,0,0,1,1,1
3,4,1:2:5,identity,1,0,1,1,4
3,4,1:2:5,identity,2,0,1,1,13
3,12,1:2:5,identity,0,0,1,1,1
3,12,1:2:5,identity,1,0,1,1,4
3,12,1:2:5,identity,2,0,1,1,13
3,8,1:2:5,identity,0,1,1,1,1
3,8,1:2:5,identity,1,1,1,1,1
3,8,1:2:5,identity,2,1,1,1,1
3,1,1:2:5,erase-relay,0,1,1,1,1
3,1,1:2:5,erase-relay,1,1,1,1,1
3,1,1:2:5,erase-relay,2,1,1,1,1
3,3,1:2:5,erase-relay,0,1,1,1,1
3,3,1:2:5,erase-relay,1,1,1,1,1
3,3,1:2:5,erase-relay,2,1,1,1,1
3,5,1:2:5,erase-relay,0,0,1,1,1
3,5,1:2:5,erase-relay,1,0,1,1,4
3,5,1:2:5,erase-relay,2,0,1,1,13
3,2,1:2:5,erase-relay,0,1,1,1,1
3,2,1:2:5,erase-relay,1,1,1,1,1
3,2,1:2:5,erase-relay,2,1,1,1,1
3,10,1:2:5,erase-relay,0,1,1,1,1
3,10,1:2:5,erase-relay,1,1,1,1,1
3,10,1:2:5,erase-relay,2,1,1,1,1
3,4,1:2:5,erase-relay,0,0,1,1,1
3,4,1:2:5,erase-relay,1,0,1,1,4
3,4,1:2:5,erase-relay,2,0,1,1,13
3,12,1:2:5,erase-relay,0,0,1,1,1
3,12,1:2:5,erase-relay,1,0,1,1,4
3,12,1:2:5,erase-relay,2,0,1,1,13
3,8,1:2:5,erase-relay,0,1,1,1,1
3,8,1:2:5,erase-relay,1,1,1,1,1
3,8,1:2:5,erase-relay,2,1,1,1,1
3,1,1:2:6,identity,0,0,1,1,1
3,1,1:2:6,identity,1,0,1,1,4
3,1,1:2:6,identity,2,0,1,1,25
3,3,1:2:6,identity,0,0,1,1,1
3,3,1:2:6,identity,1,0,1,1,4
3,3,1:2:6,identity,2,0,1,1,25
3,5,1:2:6,identity,0,0,1,1,1
3,5,1:2:6,identity,1,0,1,1,4
3,5,1:2:6,identity,2,0,1,1,25
3,2,1:2:6,identity,0,0,1,1,1
3,2,1:2:6,identity,1,1,1,1,2
3,2,1:2:6,identity,2,1,1,1,2
3,10,1:2:6,identity,0,0,1,1,1
3,10,1:2:6,identity,1,1,1,1,2
3,10,1:2:6,identity,2,1,1,1,2
3,4,1:2:6,identity,0,0,1,1,1
3,4,1:2:6,identity,1,0,1,1,4
3,4,1:2:6,identity,2,0,1,1,25
3,12,1:2:6,identity,0,0,1,1,1
3,12,1:2:6,identity,1,0,1,1,4
3,12,1:2:6,identity,2,0,1,1,25
3,8,1:2:6,identity,0,1,1,1,1
3,8,1:2:6,identity,1,1,1,1,1
3,8,1:2:6,identity,2,1,1,1,1
3,1,1:2:6,erase-relay,0,1,1,1,1
3,1,1:2:6,erase-relay,1,1,1,1,1
3,1,1:2:6,erase-relay,2,1,1,1,1
3,3,1:2:6,erase-relay,0,1,1,1,1
3,3,1:2:6,erase-relay,1,1,1,1,1
3,3,1:2:6,erase-relay,2,1,1,1,1
3,5,1:2:6,erase-relay,0,0,1,1,1
3,5,1:2:6,erase-relay,1,0,1,1,4
3,5,1:2:6,erase-relay,2,0,1,1,25
3,2,1:2:6,erase-relay,0,1,1,1,1
3,2,1:2:6,erase-relay,1,1,1,1,1
3,2,1:2:6,erase-relay,2,1,1,1,1
3,10,1:2:6,erase-relay,0,1,1,1,1
3,10,1:2:6,erase-relay,1,1,1,1,1
3,10,1:2:6,erase-relay,2,1,1,1,1
3,4,1:2:6,erase-relay,0,0,1,1,1
3,4,1:2:6,erase-relay,1,0,1,1,4
3,4,1:2:6,erase-relay,2,0,1,1,25
3,12,1:2:6,erase-relay,0,0,1,1,1
3,12,1:2:6,erase-relay,1,0,1,1,4
3,12,1:2:6,erase-relay,2,0,1,1,25
3,8,1:2:6,erase-relay,0,1,1,1,1
3,8,1:2:6,erase-relay,1,1,1,1,1
3,8,1:2:6,erase-relay,2,1,1,1,1
3,1,1:2:7,identity,0,0,1,1,1
3,1,1:2:7,identity,1,0,1,1,4
3,1,1:2:7,identity,2,0,1,1,25
3,3,1:2:7,identity,0,0,1,1,1
3,3,1:2:7,identity,1,0,1,1,4
3,3,1:2:7,identity,2,0,1,1,25
3,5,1:2:7,identity,0,0,1,1,1
3,5,1:2:7,identity,1,0,1,1,4
3,5,1:2:7,identity,2,0,1,1,25
3,2,1:2:7,identity,0,0,1,1,1
3,2,1:2:7,identity,1,1,1,1,2
3,2,1:2:7,identity,2,1,1,1,2
3,10,1:2:7,identity,0,0,1,1,1
3,10,1:2:7,identity,1,1,1,1,2
3,10,1:2:7,identity,2,1,1,1,2
3,4,1:2:7,identity,0,0,1,1,1
3,4,1:2:7,identity,1,0,1,1,4
3,4,1:2:7,identity,2,0,1,1,25
3,12,1:2:7,identity,0,0,1,1,1
3,12,1:2:7,identity,1,0,1,1,4
3,12,1:2:7,identity,2,0,1,1,25
3,8,1:2:7,identity,0,1,1,1,1
3,8,1:2:7,identity,1,1,1,1,1
3,8,1:2:7,identity,2,1,1,1,1
3,1,1:2:7,erase-relay,0,1,1,1,1
3,1,1:2:7,erase-relay,1,1,1,1,1
3,1,1:2:7,erase-relay,2,1,1,1,1
3,3,1:2:7,erase-relay,0,1,1,1,1
3,3,1:2:7,erase-relay,1,1,1,1,1
3,3,1:2:7,erase-relay,2,1,1,1,1
3,5,1:2:7,erase-relay,0,0,1,1,1
3,5,1:2:7,erase-relay,1,0,1,1,4
3,5,1:2:7,erase-relay,2,0,1,1,25
3,2,1:2:7,erase-relay,0,1,1,1,1
3,2,1:2:7,erase-relay,1,1,1,1,1
3,2,1:2:7,erase-relay,2,1,1,1,1
3,10,1:2:7,erase-relay,0,1,1,1,1
3,10,1:2:7,erase-relay,1,1,1,1,1
3,10,1:2:7,erase-relay,2,1,1,1,1
3,4,1:2:7,erase-relay,0,0,1,1,1
3,4,1:2:7,erase-relay,1,0,1,1,4
3,4,1:2:7,erase-relay,2,0,1,1,25
3,12,1:2:7,erase-relay,0,0,1,1,1
3,12,1:2:7,erase-relay,1,0,1,1,4
3,12,1:2:7,erase-relay,2,0,1,1,25
3,8,1:2:7,erase-relay,0,1,1,1,1
3,8,1:2:7,erase-relay,1,1,1,1,1
3,8,1:2:7,erase-relay,2,1,1,1,1
3,1,1:3:4,identity,0,0,1,1,1
3,1,1:3:4,identity,1,0,1,1,4
3,1,1:3:4,identity,2,1,1,1,7
3,3,1:3:4,identity,0,0,1,1,1
3,3,1:3:4,identity,1,0,1,1,4
3,3,1:3:4,identity,2,1,1,1,7
3,5,1:3:4,identity,0,0,1,1,1
3,5,1:3:4,identity,1,0,1,1,4
3,5,1:3:4,identity,2,0,1,1,13
3,2,1:3:4,identity,0,0,1,1,1
3,2,1:3:4,identity,1,1,1,1,2
3,2,1:3:4,identity,2,1,1,1,2
3,10,1:3:4,identity,0,0,1,1,1
3,10,1:3:4,identity,1,1,1,1,2
3,10,1:3:4,identity,2,1,1,1,2
3,4,1:3:4,identity,0,0,1,1,1
3,4,1:3:4,identity,1,0,1,1,4
3,4,1:3:4,identity,2,0,1,1,13
3,12,1:3:4,identity,0,0,1,1,1
3,12,1:3:4,identity,1,0,1,1,4
3,12,1:3:4,identity,2,0,1,1,13
3,8,1:3:4,identity,0,1,1,1,1
3,8,1:3:4,identity,1,1,1,1,1
3,8,1:3:4,identity,2,1,1,1,1
3,1,1:3:4,erase-relay,0,1,1,1,1
3,1,1:3:4,erase-relay,1,1,1,1,1
3,1,1:3:4,erase-relay,2,1,1,1,1
3,3,1:3:4,erase-relay,0,1,1,1,1
3,3,1:3:4,erase-relay,1,1,1,1,1
3,3,1:3:4,erase-relay,2,1,1,1,1
3,5,1:3:4,erase-relay,0,0,1,1,1
3,5,1:3:4,erase-relay,1,0,1,1,4
3,5,1:3:4,erase-relay,2,0,1,1,13
3,2,1:3:4,erase-relay,0,1,1,1,1
3,2,1:3:4,erase-relay,1,1,1,1,1
3,2,1:3:4,erase-relay,2,1,1,1,1
3,10,1:3:4,erase-relay,0,1,1,1,1
3,10,1:3:4,erase-relay,1,1,1,1,1
3,10,1:3:4,erase-relay,2,1,1,1,1
3,4,1:3:4,erase-relay,0,0,1,1,1
3,4,1:3:4,erase-relay,1,0,1,1,4
3,4,1:3:4,erase-relay,2,0,1,1,13
3,12,1:3:4,erase-relay,0,0,1,1,1
3,12,1:3:4,erase-relay,1,0,1,1,4
3,12,1:3:4,erase-relay,2,0,1,1,13
3,8,1:3:4,erase-relay,0,1,1,1,1
3,8,1:3:4,erase-relay,1,1,1,1,1
3,8,1:3:4,erase-relay,2,1,1,1,1
3,1,1:3:5,identity,0,0,1,1,1
3,1,1:3:5,identity,1,0,1,1,4
3,1,1:3:5,identity,2,1,1,1,7
3,3,1:3:5,identity,0,0,1,1,1
3,3,1:3:5,identity,1,0,1,1,4
3,3,1:3:5,identity,2,1,1,1,7
3,5,1:3:5,identity,0,0,1,1,1
3,5,1:3:5,identity,1,0,1,1,4
3,5,1:3:5,identity,2,0,1,1,13
3,2,1:3:5,identity,0,0,1,1,1
3,2,1:3:5,identity,1,1,1,1,2
3,2,1:3:5,identity,2,1,1,1,2
3,10,1:3:5,identity,0,0,1,1,1
3,10,1:3:5,identity,1,1,1,1,2
3,10,1:3:5,identity,2,1,1,1,2
3,4,1:3:5,identity,0,0,1,1,1
3,4,1:3:5,identity,1,0,1,1,4
3,4,1:3:5,identity,2,0,1,1,13
3,12,1:3:5,identity,0,0,1,1,1
3,12,1:3:5,identity,1,0,1,1,4
3,12,1:3:5,identity,2,0,1,1,13
3,8,1:3:5,identity,0,1,1,1,1
3,8,1:3:5,identity,1,1,1,1,1
3,8,1:3:5,identity,2,1,1,1,1
3,1,1:3:5,erase-relay,0,1,1,1,1
3,1,1:3:5,erase-relay,1,1,1,1,1
3,1,1:3:5,erase-relay,2,1,1,1,1
3,3,1:3:5,erase-relay,0,1,1,1,1
3,3,1:3:5,erase-relay,1,1,1,1,1
3,3,1:3:5,erase-relay,2,1,1,1,1
3,5,1:3:5,erase-relay,0,0,1,1,1
3,5,1:3:5,erase-relay,1,0,1,1,4
3,5,1:3:5,erase-relay,2,0,1,1,13
3,2,1:3:5,erase-relay,0,1,1,1,1
3,2,1:3:5,erase-relay,1,1,1,1,1
3,2,1:3:5,erase-relay,2,1,1,1,1
3,10,1:3:5,erase-relay,0,1,1,1,1
3,10,1:3:5,erase-relay,1,1,1,1,1
3,10,1:3:5,erase-relay,2,1,1,1,1
3,4,1:3:5,erase-relay,0,0,1,1,1
3,4,1:3:5,erase-relay,1,0,1,1,4
3,4,1:3:5,erase-relay,2,0,1,1,13
3,12,1:3:5,erase-relay,0,0,1,1,1
3,12,1:3:5,erase-relay,1,0,1,1,4
3,12,1:3:5,erase-relay,2,0,1,1,13
3,8,1:3:5,erase-relay,0,1,1,1,1
3,8,1:3:5,erase-relay,1,1,1,1,1
3,8,1:3:5,erase-relay,2,1,1,1,1
3,1,1:3:6,identity,0,0,1,1,1
3,1,1:3:6,identity,1,0,1,1,4
3,1,1:3:6,identity,2,1,1,1,7
3,3,1:3:6,identity,0,0,1,1,1
3,3,1:3:6,identity,1,0,1,1,4
3,3,1:3:6,identity,2,1,1,1,7
3,5,1:3:6,identity,0,0,1,1,1
3,5,1:3:6,identity,1,0,1,1,4
3,5,1:3:6,identity,2,0,1,1,25
3,2,1:3:6,identity,0,0,1,1,1
3,2,1:3:6,identity,1,1,1,1,2
3,2,1:3:6,identity,2,1,1,1,2
3,10,1:3:6,identity,0,0,1,1,1
3,10,1:3:6,identity,1,1,1,1,2
3,10,1:3:6,identity,2,1,1,1,2
3,4,1:3:6,identity,0,0,1,1,1
3,4,1:3:6,identity,1,0,1,1,4
3,4,1:3:6,identity,2,0,1,1,25
3,12,1:3:6,identity,0,0,1,1,1
3,12,1:3:6,identity,1,0,1,1,4
3,12,1:3:6,identity,2,0,1,1,25
3,8,1:3:6,identity,0,1,1,1,1
3,8,1:3:6,identity,1,1,1,1,1
3,8,1:3:6,identity,2,1,1,1,1
3,1,1:3:6,erase-relay,0,1,1,1,1
3,1,1:3:6,erase-relay,1,1,1,1,1
3,1,1:3:6,erase-relay,2,1,1,1,1
3,3,1:3:6,erase-relay,0,1,1,1,1
3,3,1:3:6,erase-relay,1,1,1,1,1
3,3,1:3:6,erase-relay,2,1,1,1,1
3,5,1:3:6,erase-relay,0,0,1,1,1
3,5,1:3:6,erase-relay,1,0,1,1,4
3,5,1:3:6,erase-relay,2,0,1,1,25
3,2,1:3:6,erase-relay,0,1,1,1,1
3,2,1:3:6,erase-relay,1,1,1,1,1
3,2,1:3:6,erase-relay,2,1,1,1,1
3,10,1:3:6,erase-relay,0,1,1,1,1
3,10,1:3:6,erase-relay,1,1,1,1,1
3,10,1:3:6,erase-relay,2,1,1,1,1
3,4,1:3:6,erase-relay,0,0,1,1,1
3,4,1:3:6,erase-relay,1,0,1,1,4
3,4,1:3:6,erase-relay,2,0,1,1,25
3,12,1:3:6,erase-relay,0,0,1,1,1
3,12,1:3:6,erase-relay,1,0,1,1,4
3,12,1:3:6,erase-relay,2,0,1,1,25
3,8,1:3:6,erase-relay,0,1,1,1,1
3,8,1:3:6,erase-relay,1,1,1,1,1
3,8,1:3:6,erase-relay,2,1,1,1,1
3,1,1:3:7,identity,0,0,1,1,1
3,1,1:3:7,identity,1,0,1,1,4
3,1,1:3:7,identity,2,1,1,1,7
3,3,1:3:7,identity,0,0,1,1,1
3,3,1:3:7,identity,1,0,1,1,4
3,3,1:3:7,identity,2,1,1,1,7
3,5,1:3:7,identity,0,0,1,1,1
3,5,1:3:7,identity,1,0,1,1,4
3,5,1:3:7,identity,2,0,1,1,25
3,2,1:3:7,identity,0,0,1,1,1
3,2,1:3:7,identity,1,1,1,1,2
3,2,1:3:7,identity,2,1,1,1,2
3,10,1:3:7,identity,0,0,1,1,1
3,10,1:3:7,identity,1,1,1,1,2
3,10,1:3:7,identity,2,1,1,1,2
3,4,1:3:7,identity,0,0,1,1,1
3,4,1:3:7,identity,1,0,1,1,4
3,4,1:3:7,identity,2,0,1,1,25
3,12,1:3:7,identity,0,0,1,1,1
3,12,1:3:7,identity,1,0,1,1,4
3,12,1:3:7,identity,2,0,1,1,25
3,8,1:3:7,identity,0,1,1,1,1
3,8,1:3:7,identity,1,1,1,1,1
3,8,1:3:7,identity,2,1,1,1,1
3,1,1:3:7,erase-relay,0,1,1,1,1
3,1,1:3:7,erase-relay,1,1,1,1,1
3,1,1:3:7,erase-relay,2,1,1,1,1
3,3,1:3:7,erase-relay,0,1,1,1,1
3,3,1:3:7,erase-relay,1,1,1,1,1
3,3,1:3:7,erase-relay,2,1,1,1,1
3,5,1:3:7,erase-relay,0,0,1,1,1
3,5,1:3:7,erase-relay,1,0,1,1,4
3,5,1:3:7,erase-relay,2,0,1,1,25
3,2,1:3:7,erase-relay,0,1,1,1,1
3,2,1:3:7,erase-relay,1,1,1,1,1
3,2,1:3:7,erase-relay,2,1,1,1,1
3,10,1:3:7,erase-relay,0,1,1,1,1
3,10,1:3:7,erase-relay,1,1,1,1,1
3,10,1:3:7,erase-relay,2,1,1,1,1
3,4,1:3:7,erase-relay,0,0,1,1,1
3,4,1:3:7,erase-relay,1,0,1,1,4
3,4,1:3:7,erase-relay,2,0,1,1,25
3,12,1:3:7,erase-relay,0,0,1,1,1
3,12,1:3:7,erase-relay,1,0,1,1,4
3,12,1:3:7,erase-relay,2,0,1,1,25
3,8,1:3:7,erase-relay,0,1,1,1,1
3,8,1:3:7,erase-relay,1,1,1,1,1
3,8,1:3:7,erase-relay,2,1,1,1,1
3,1,1:4:5,identity,0,0,1,1,1
3,1,1:4:5,identity,1,0,1,1,4
3,1,1:4:5,identity,2,1,1,1,11
3,3,1:4:5,identity,0,0,1,1,1
3,3,1:4:5,identity,1,0,1,1,4
3,3,1:4:5,identity,2,0,1,1,13
3,5,1:4:5,identity,0,0,1,1,1
3,5,1:4:5,identity,1,0,1,1,4
3,5,1:4:5,identity,2,0,1,1,13
3,2,1:4:5,identity,0,0,1,1,1
3,2,1:4:5,identity,1,1,1,1,2
3,2,1:4:5,identity,2,1,1,1,2
3,10,1:4:5,identity,0,0,1,1,1
3,10,1:4:5,identity,1,1,1,1,2
3,10,1:4:5,identity,2,1,1,1,2
3,4,1:4:5,identity,0,0,1,1,1
3,4,1:4:5,identity,1,0,1,1,4
3,4,1:4:5,identity,2,0,1,1,13
3,12,1:4:5,identity,0,0,1,1,1
3,12,1:4:5,identity,1,0,1,1,4
3,12,1:4:5,identity,2,0,1,1,13
3,8,1:4:5,identity,0,1,1,1,1
3,8,1:4:5,identity,1,1,1,1,1
3,8,1:4:5,identity,2,1,1,1,1
3,1,1:4:5,erase-relay,0,1,1,1,1
3,1,1:4:5,erase-relay,1,1,1,1,1
3,1,1:4:5,erase-relay,2,1,1,1,1
3,3,1:4:5,erase-relay,0,1,1,1,1
3,3,1:4:5,erase-relay,1,1,1,1,1
3,3,1:4:5,erase-relay,2,1,1,1,1
3,5,1:4:5,erase-relay,0,0,1,1,1
3,5,1:4:5,erase-relay,1,0,1,1,4
3,5,1:4:5,erase-relay,2,0,1,1,13
3,2,1:4:5,erase-relay,0,1,1,1,1
3,2,1:4:5,erase-relay,1,1,1,1,1
3,2,1:4:5,erase-relay,2,1,1,1,1
3,10,1:4:5,erase-relay,0,1,1,1,1
3,10,1:4:5,erase-relay,1,1,1,1,1
3,10,1:4:5,erase-relay,2,1,1,1,1
3,4,1:4:5,erase-relay,0,0,1,1,1
3,4,1:4:5,erase-relay,1,0,1,1,4
3,4,1:4:5,erase-relay,2,0,1,1,13
3,12,1:4:5,erase-relay,0,0,1,1,1
3,12,1:4:5,erase-relay,1,0,1,1,4
3,12,1:4:5,erase-relay,2,0,1,1,13
3,8,1:4:5,erase-relay,0,1,1,1,1
3,8,1:4:5,erase-relay,1,1,1,1,1
3,8,1:4:5,erase-relay,2,1,1,1,1
3,1,1:4:6,identity,0,0,1,1,1
3,1,1:4:6,identity,1,0,1,1,4
3,1,1:4:6,identity,2,0,1,1,25
3,3,1:4:6,identity,0,0,1,1,1
3,3,1:4:6,identity,1,0,1,1,4
3,3,1:4:6,identity,2,0,1,1,25
3,5,1:4:6,identity,0,0,1,1,1
3,5,1:4:6,identity,1,0,1,1,4
3,5,1:4:6,identity,2,0,1,1,25
3,2,1:4:6,identity,0,0,1,1,1
3,2,1:4:6,identity,1,1,1,1,2
3,2,1:4:6,identity,2,1,1,1,2
3,10,1:4:6,identity,0,0,1,1,1
3,10,1:4:6,identity,1,1,1,1,2
3,10,1:4:6,identity,2,1,1,1,2
3,4,1:4:6,identity,0,0,1,1,1
3,4,1:4:6,identity,1,0,1,1,4
3,4,1:4:6,identity,2,0,1,1,25
3,12,1:4:6,identity,0,0,1,1,1
3,12,1:4:6,identity,1,0,1,1,4
3,12,1:4:6,identity,2,0,1,1,25
3,8,1:4:6,identity,0,1,1,1,1
3,8,1:4:6,identity,1,1,1,1,1
3,8,1:4:6,identity,2,1,1,1,1
3,1,1:4:6,erase-relay,0,1,1,1,1
3,1,1:4:6,erase-relay,1,1,1,1,1
3,1,1:4:6,erase-relay,2,1,1,1,1
3,3,1:4:6,erase-relay,0,1,1,1,1
3,3,1:4:6,erase-relay,1,1,1,1,1
3,3,1:4:6,erase-relay,2,1,1,1,1
3,5,1:4:6,erase-relay,0,0,1,1,1
3,5,1:4:6,erase-relay,1,0,1,1,4
3,5,1:4:6,erase-relay,2,0,1,1,25
3,2,1:4:6,erase-relay,0,1,1,1,1
3,2,1:4:6,erase-relay,1,1,1,1,1
3,2,1:4:6,erase-relay,2,1,1,1,1
3,10,1:4:6,erase-relay,0,1,1,1,1
3,10,1:4:6,erase-relay,1,1,1,1,1
3,10,1:4:6,erase-relay,2,1,1,1,1
3,4,1:4:6,erase-relay,0,0,1,1,1
3,4,1:4:6,erase-relay,1,0,1,1,4
3,4,1:4:6,erase-relay,2,0,1,1,25
3,12,1:4:6,erase-relay,0,0,1,1,1
3,12,1:4:6,erase-relay,1,0,1,1,4
3,12,1:4:6,erase-relay,2,0,1,1,25
3,8,1:4:6,erase-relay,0,1,1,1,1
3,8,1:4:6,erase-relay,1,1,1,1,1
3,8,1:4:6,erase-relay,2,1,1,1,1
3,1,1:4:7,identity,0,0,1,1,1
3,1,1:4:7,identity,1,0,1,1,4
3,1,1:4:7,identity,2,0,1,1,25
3,3,1:4:7,identity,0,0,1,1,1
3,3,1:4:7,identity,1,0,1,1,4
3,3,1:4:7,identity,2,0,1,1,25
3,5,1:4:7,identity,0,0,1,1,1
3,5,1:4:7,identity,1,0,1,1,4
3,5,1:4:7,identity,2,0,1,1,25
3,2,1:4:7,identity,0,0,1,1,1
3,2,1:4:7,identity,1,1,1,1,2
3,2,1:4:7,identity,2,1,1,1,2
3,10,1:4:7,identity,0,0,1,1,1
3,10,1:4:7,identity,1,1,1,1,2
3,10,1:4:7,identity,2,1,1,1,2
3,4,1:4:7,identity,0,0,1,1,1
3,4,1:4:7,identity,1,0,1,1,4
3,4,1:4:7,identity,2,0,1,1,25
3,12,1:4:7,identity,0,0,1,1,1
3,12,1:4:7,identity,1,0,1,1,4
3,12,1:4:7,identity,2,0,1,1,25
3,8,1:4:7,identity,0,1,1,1,1
3,8,1:4:7,identity,1,1,1,1,1
3,8,1:4:7,identity,2,1,1,1,1
3,1,1:4:7,erase-relay,0,1,1,1,1
3,1,1:4:7,erase-relay,1,1,1,1,1
3,1,1:4:7,erase-relay,2,1,1,1,1
3,3,1:4:7,erase-relay,0,1,1,1,1
3,3,1:4:7,erase-relay,1,1,1,1,1
3,3,1:4:7,erase-relay,2,1,1,1,1
3,5,1:4:7,erase-relay,0,0,1,1,1
3,5,1:4:7,erase-relay,1,0,1,1,4
3,5,1:4:7,erase-relay,2,0,1,1,25
3,2,1:4:7,erase-relay,0,1,1,1,1
3,2,1:4:7,erase-relay,1,1,1,1,1
3,2,1:4:7,erase-relay,2,1,1,1,1
3,10,1:4:7,erase-relay,0,1,1,1,1
3,10,1:4:7,erase-relay,1,1,1,1,1
3,10,1:4:7,erase-relay,2,1,1,1,1
3,4,1:4:7,erase-relay,0,0,1,1,1
3,4,1:4:7,erase-relay,1,0,1,1,4
3,4,1:4:7,erase-relay,2,0,1,1,25
3,12,1:4:7,erase-relay,0,0,1,1,1
3,12,1:4:7,erase-relay,1,0,1,1,4
3,12,1:4:7,erase-relay,2,0,1,1,25
3,8,1:4:7,erase-relay,0,1,1,1,1
3,8,1:4:7,erase-relay,1,1,1,1,1
3,8,1:4:7,erase-relay,2,1,1,1,1
3,1,1:5:6,identity,0,0,1,1,1
3,1,1:5:6,identity,1,0,1,1,4
3,1,1:5:6,identity,2,1,1,1,7
3,3,1:5:6,identity,0,0,1,1,1
3,3,1:5:6,identity,1,0,1,1,4
3,3,1:5:6,identity,2,0,1,1,25
3,5,1:5:6,identity,0,0,1,1,1
3,5,1:5:6,identity,1,0,1,1,4
3,5,1:5:6,identity,2,0,1,1,25
3,2,1:5:6,identity,0,0,1,1,1
3,2,1:5:6,identity,1,1,1,1,2
3,2,1:5:6,identity,2,1,1,1,2
3,10,1:5:6,identity,0,0,1,1,1
3,10,1:5:6,identity,1,1,1,1,2
3,10,1:5:6,identity,2,1,1,1,2
3,4,1:5:6,identity,0,0,1,1,1
3,4,1:5:6,identity,1,0,1,1,4
3,4,1:5:6,identity,2,0,1,1,25
3,12,1:5:6,identity,0,0,1,1,1
3,12,1:5:6,identity,1,0,1,1,4
3,12,1:5:6,identity,2,0,1,1,25
3,8,1:5:6,identity,0,1,1,1,1
3,8,1:5:6,identity,1,1,1,1,1
3,8,1:5:6,identity,2,1,1,1,1
3,1,1:5:6,erase-relay,0,1,1,1,1
3,1,1:5:6,erase-relay,1,1,1,1,1
3,1,1:5:6,erase-relay,2,1,1,1,1
3,3,1:5:6,erase-relay,0,1,1,1,1
3,3,1:5:6,erase-relay,1,1,1,1,1
3,3,1:5:6,erase-relay,2,1,1,1,1
3,5,1:5:6,erase-relay,0,0,1,1,1
3,5,1:5:6,erase-relay,1,0,1,1,4
3,5,1:5:6,erase-relay,2,0,1,1,25
3,2,1:5:6,erase-relay,0,1,1,1,1
3,2,1:5:6,erase-relay,1,1,1,1,1
3,2,1:5:6,erase-relay,2,1,1,1,1
3,10,1:5:6,erase-relay,0,1,1,1,1
3,10,1:5:6,erase-relay,1,1,1,1,1
3,10,1:5:6,erase-relay,2,1,1,1,1
3,4,1:5:6,erase-relay,0,0,1,1,1
3,4,1:5:6,erase-relay,1,0,1,1,4
3,4,1:5:6,erase-relay,2,0,1,1,25
3,12,1:5:6,erase-relay,0,0,1,1,1
3,12,1:5:6,erase-relay,1,0,1,1,4
3,12,1:5:6,erase-relay,2,0,1,1,25
3,8,1:5:6,erase-relay,0,1,1,1,1
3,8,1:5:6,erase-relay,1,1,1,1,1
3,8,1:5:6,erase-relay,2,1,1,1,1
3,1,1:5:7,identity,0,0,1,1,1
3,1,1:5:7,identity,1,0,1,1,4
3,1,1:5:7,identity,2,1,1,1,7
3,3,1:5:7,identity,0,0,1,1,1
3,3,1:5:7,identity,1,0,1,1,4
3,3,1:5:7,identity,2,0,1,1,25
3,5,1:5:7,identity,0,0,1,1,1
3,5,1:5:7,identity,1,0,1,1,4
3,5,1:5:7,identity,2,0,1,1,25
3,2,1:5:7,identity,0,0,1,1,1
3,2,1:5:7,identity,1,1,1,1,2
3,2,1:5:7,identity,2,1,1,1,2
3,10,1:5:7,identity,0,0,1,1,1
3,10,1:5:7,identity,1,1,1,1,2
3,10,1:5:7,identity,2,1,1,1,2
3,4,1:5:7,identity,0,0,1,1,1
3,4,1:5:7,identity,1,0,1,1,4
3,4,1:5:7,identity,2,0,1,1,25
3,12,1:5:7,identity,0,0,1,1,1
3,12,1:5:7,identity,1,0,1,1,4
3,12,1:5:7,identity,2,0,1,1,25
3,8,1:5:7,identity,0,1,1,1,1
3,8,1:5:7,identity,1,1,1,1,1
3,8,1:5:7,identity,2,1,1,1,1
3,1,1:5:7,erase-relay,0,1,1,1,1
3,1,1:5:7,erase-relay,1,1,1,1,1
3,1,1:5:7,erase-relay,2,1,1,1,1
3,3,1:5:7,erase-relay,0,1,1,1,1
3,3,1:5:7,erase-relay,1,1,1,1,1
3,3,1:5:7,erase-relay,2,1,1,1,1
3,5,1:5:7,erase-relay,0,0,1,1,1
3,5,1:5:7,erase-relay,1,0,1,1,4
3,5,1:5:7,erase-relay,2,0,1,1,25
3,2,1:5:7,erase-relay,0,1,1,1,1
3,2,1:5:7,erase-relay,1,1,1,1,1
3,2,1:5:7,erase-relay,2,1,1,1,1
3,10,1:5:7,erase-relay,0,1,1,1,1
3,10,1:5:7,erase-relay,1,1,1,1,1
3,10,1:5:7,erase-relay,2,1,1,1,1
3,4,1:5:7,erase-relay,0,0,1,1,1
3,4,1:5:7,erase-relay,1,0,1,1,4
3,4,1:5:7,erase-relay,2,0,1,1,25
3,12,1:5:7,erase-relay,0,0,1,1,1
3,12,1:5:7,erase-relay,1,0,1,1,4
3,12,1:5:7,erase-relay,2,0,1,1,25
3,8,1:5:7,erase-relay,0,1,1,1,1
3,8,1:5:7,erase-relay,1,1,1,1,1
3,8,1:5:7,erase-relay,2,1,1,1,1
3,1,1:6:7,identity,0,0,1,1,1
3,1,1:6:7,identity,1,0,1,1,4
3,1,1:6:7,identity,2,0,1,1,37
3,3,1:6:7,identity,0,0,1,1,1
3,3,1:6:7,identity,1,0,1,1,4
3,3,1:6:7,identity,2,0,1,1,37
3,5,1:6:7,identity,0,0,1,1,1
3,5,1:6:7,identity,1,0,1,1,4
3,5,1:6:7,identity,2,0,1,1,37
3,2,1:6:7,identity,0,0,1,1,1
3,2,1:6:7,identity,1,1,1,1,2
3,2,1:6:7,identity,2,1,1,1,2
3,10,1:6:7,identity,0,0,1,1,1
3,10,1:6:7,identity,1,1,1,1,2
3,10,1:6:7,identity,2,1,1,1,2
3,4,1:6:7,identity,0,0,1,1,1
3,4,1:6:7,identity,1,0,1,1,4
3,4,1:6:7,identity,2,0,1,1,37
3,12,1:6:7,identity,0,0,1,1,1
3,12,1:6:7,identity,1,0,1,1,4
3,12,1:6:7,identity,2,0,1,1,37
3,8,1:6:7,identity,0,1,1,1,1
3,8,1:6:7,identity,1,1,1,1,1
3,8,1:6:7,identity,2,1,1,1,1
3,1,1:6:7,erase-relay,0,1,1,1,1
3,1,1:6:7,erase-relay,1,1,1,1,1
3,1,1:6:7,erase-relay,2,1,1,1,1
3,3,1:6:7,erase-relay,0,1,1,1,1
3,3,1:6:7,erase-relay,1,1,1,1,1
3,3,1:6:7,erase-relay,2,1,1,1,1
3,5,1:6:7,erase-relay,0,0,1,1,1
3,5,1:6:7,erase-relay,1,0,1,1,4
3,5,1:6:7,erase-relay,2,0,1,1,37
3,2,1:6:7,erase-relay,0,1,1,1,1
3,2,1:6:7,erase-relay,1,1,1,1,1
3,2,1:6:7,erase-relay,2,1,1,1,1
3,10,1:6:7,erase-relay,0,1,1,1,1
3,10,1:6:7,erase-relay,1,1,1,1,1
3,10,1:6:7,erase-relay,2,1,1,1,1
3,4,1:6:7,erase-relay,0,0,1,1,1
3,4,1:6:7,erase-relay,1,0,1,1,4
3,4,1:6:7,erase-relay,2,0,1,1,37
3,12,1:6:7,erase-relay,0,0,1,1,1
3,12,1:6:7,erase-relay,1,0,1,1,4
3,12,1:6:7,erase-relay,2,0,1,1,37
3,8,1:6:7,erase-relay,0,1,1,1,1
3,8,1:6:7,erase-relay,1,1,1,1,1
3,8,1:6:7,erase-relay,2,1,1,1,1
3,1,2:3:4,identity,0,0,1,1,1
3,1,2:3:4,identity,1,0,1,1,4
3,1,2:3:4,identity,2,1,1,1,9
3,3,2:3:4,identity,0,0,1,1,1
3,3,2:3:4,identity,1,0,1,1,4
3,3,2:3:4,identity,2,1,1,1,9
3,5,2:3:4,identity,0,0,1,1,1
3,5,2:3:4,identity,1,0,1,1,4
3,5,2:3:4,identity,2,0,1,1,13
3,2,2:3:4,identity,0,0,1,1,1
3,2,2:3:4,identity,1,1,1,1,4
3,2,2:3:4,identity,2,1,1,1,9
3,10,2:3:4,identity,0,0,1,1,1
3,10,2:3:4,identity,1,0,1,1,4
3,10,2:3:4,identity,2,0,1,1,13
3,4,2:3:4,identity,0,0,1,1,1
3,4,2:3:4,identity,1,0,1,1,4
3,4,2:3:4,identity,2,0,1,1,13
3,12,2:3:4,identity,0,0,1,1,1
3,12,2:3:4,identity,1,0,1,1,4
3,12,2:3:4,identity,2,0,1,1,13
3,8,2:3:4,identity,0,1,1,1,1
3,8,2:3:4,identity,1,1,1,1,1
3,8,2:3:4,identity,2,1,1,1,1
3,1,2:3:4,erase-relay,0,1,1,1,1
3,1,2:3:4,erase-relay,1,1,1,1,1
3,1,2:3:4,erase-relay,2,1,1,1,1
3,3,2:3:4,erase-relay,0,1,1,1,1
3,3,2:3:4,erase-relay,1,1,1,1,1
3,3,2:3:4,erase-relay,2,1,1,1,1
3,5,2:3:4,erase-relay,0,0,1,1,1
3,5,2:3:4,erase-relay,1,0,1,1,4
3,5,2:3:4,erase-relay,2,0,1,1,13
3,2,2:3:4,erase-relay,0,1,1,1,1
3,2,2:3:4,erase-relay,1,1,1,1,1
3,2,2:3:4,erase-relay,2,1,1,1,1
3,10,2:3:4,erase-relay,0,1,1,1,1
3,10,2:3:4,erase-relay,1,1,1,1,1
3,10,2:3:4,erase-relay,2,1,1,1,1
3,4,2:3:4,erase-relay,0,0,1,1,1
3,4,2:3:4,erase-relay,1,0,1,1,4
3,4,2:3:4,erase-relay,2,0,1,1,13
3,12,2:3:4,erase-relay,0,0,1,1,1
3,12,2:3:4,erase-relay,1,0,1,1,4
3,12,2:3:4,erase-relay,2,0,1,1,13
3,8,2:3:4,erase-relay,0,1,1,1,1
3,8,2:3:4,erase-relay,1,1,1,1,1
3,8,2:3:4,erase-relay,2,1,1,1,1
3,1,2:3:5,identity,0,0,1,1,1
3,1,2:3:5,identity,1,0,1,1,4
3,1,2:3:5,identity,2,0,1,1,13
3,3,2:3:5,identity,0,0,1,1,1
3,3,2:3:5,identity,1,0,1,1,4
3,3,2:3:5,identity,2,0,1,1,13
3,5,2:3:5,identity,0,0,1,1,1
3,5,2:3:5,identity,1,0,1,1,4
3,5,2:3:5,identity,2,0,1,1,13
3,2,2:3:5,identity,0,0,1,1,1
3,2,2:3:5,identity,1,0,1,1,4
3,2,2:3:5,identity,2,0,1,1,13
3,10,2:3:5,identity,0,0,1,1,1
3,10,2:3:5,identity,1,0,1,1,4
3,10,2:3:5,identity,2,0,1,1,13
3,4,2:3:5,identity,0,0,1,1,1
3,4,2:3:5,identity,1,0,1,1,4
3,4,2:3:5,identity,2,0,1,1,13
3,12,2:3:5,identity,0,0,1,1,1
3,12,2:3:5,identity,1,0,1,1,4
3,12,2:3:5,identity,2,0,1,1,13
3,8,2:3:5,identity,0,1,1,1,1
3,8,2:3:5,identity,1,1,1,1,1
3,8,2:3:5,identity,2,1,1,1,1
3,1,2:3:5,erase-relay,0,1,1,1,1
3,1,2:3:5,erase-relay,1,1,1,1,1
3,1,2:3:5,erase-relay,2,1,1,1,1
3,3,2:3:5,erase-relay,0,1,1,1,1
3,3,2:3:5,erase-relay,1,1,1,1,1
3,3,2:3:5,erase-relay,2,1,1,1,1
3,5,2:3:5,erase-relay,0,0,1,1,1
3,5,2:3:5,erase-relay,1,0,1,1,4
3,5,2:3:5,erase-relay,2,0,1,1,13
3,2,2:3:5,erase-relay,0,1,1,1,1
3,2,2:3:5,erase-relay,1,1,1,1,1
3,2,2:3:5,erase-relay,2,1,1,1,1
3,10,2:3:5,erase-relay,0,1,1,1,1
3,10,2:3:5,erase-relay,1,1,1,1,1
3,10,2:3:5,erase-relay,2,1,1,1,1
3,4,2:3:5,erase-relay,0,0,1,1,1
3,4,2:3:5,erase-relay,1,0,1,1,4
3,4,2:3:5,erase-relay,2,0,1,1,13
3,12,2:3:5,erase-relay,0,0,1,1,1
3,12,2:3:5,erase-relay,1,0,1,1,4
3,12,2:3:5,erase-relay,2,0,1,1,13
3,8,2:3:5,erase-relay,0,1,1,1,1
3,8,2:3:5,erase-relay,1,1,1,1,1
3,8,2:3:5,erase-relay,2,1,1,1,1
3,1,2:3:6,identity,0,0,1,1,1
3,1,2:3:6,identity,1,0,1,1,4
3,1,2:3:6,identity,2,0,1,1,25
3,3,2:3:6,identity,0,0,1,1,1
3,3,2:3:6,identity,1,0,1,1,4
3,3,2:3:6,identity,2,0,1,1,25
3,5,2:3:6,identity,0,0,1,1,1
3,5,2:3:6,identity,1,0,1,1,4
3,5,2:3:6,identity,2,0,1,1,25
3,2,2:3:6,identity,0,0,1,1,1
3,2,2:3:6,identity,1,0,1,1,4
3,2,2:3:6,identity,2,0,1,1,25
3,10,2:3:6,identity,0,0,1,1,1
3,10,2:3:6,identity,1,0,1,1,4
3,10,2:3:6,identity,2,0,1,1,25
3,4,2:3:6,identity,0,0,1,1,1
3,4,2:3:6,identity,1,0,1,1,4
3,4,2:3:6,identity,2,0,1,1,25
3,12,2:3:6,identity,0,0,1,1,1
3,12,2:3:6,identity,1,0,1,1,4
3,12,2:3:6,identity,2,0,1,1,25
3,8,2:3:6,identity,0,1,1,1,1
3,8,2:3:6,identity,1,1,1,1,1
3,8,2:3:6,identity,2,1,1,1,1
3,1,2:3:6,erase-relay,0,1,1,1,1
3,1,2:3:6,erase-relay,1,1,1,1,1
3,1,2:3:6,erase-relay,2,1,1,1,1
3,3,2:3:6,erase-relay,0,1,1,1,1
3,3,2:3:6,erase-relay,1,1,1,1,1
3,3,2:3:6,erase-relay,2,1,1,1,1
3,5,2:3:6,erase-relay,0,0,1,1,1
3,5,2:3:6,erase-relay,1,0,1,1,4
3,5,2:3:6,erase-relay,2,0,1,1,25
3,2,2:3:6,erase-relay,0,1,1,1,1
3,2,2:3:6,erase-relay,1,1,1,1,1
3,2,2:3:6,erase-relay,2,1,1,1,1
3,10,2:3:6,erase-relay,0,1,1,1,1
3,10,2:3:6,erase-relay,1,1,1,1,1
3,10,2:3:6,erase-relay,2,1,1,1,1
3,4,2:3:6,erase-relay,0,0,1,1,1
3,4,2:3:6,erase-relay,1,0,1,1,4
3,4,2:3:6,erase-relay,2,0,1,1,25
3,12,2:3:6,erase-relay,0,0,1,1,1
3,12,2:3:6,erase-relay,1,0,1,1,4
3,12,2:3:6,erase-relay,2,0,1,1,25
3,8,2:3:6,erase-relay,0,1,1,1,1
3,8,2:3:6,erase-relay,1,1,1,1,1
3,8,2:3:6,erase-relay,2,1,1,1,1
3,1,2:3:7,identity,0,0,1,1,1
3,1,2:3:7,identity,1,0,1,1,4
3,1,2:3:7,identity,2,0,1,1,25
3,3,2:3:7,identity,0,0,1,1,1
3,3,2:3:7,identity,1,0,1,1,4
3,3,2:3:7,identity,2,0,1,1,25
3,5,2:3:7,identity,0,0,1,1,1
3,5,2:3:7,identity,1,0,1,1,4
3,5,2:3:7,identity,2,0,1,1,25
3,2,2:3:7,identity,0,0,1,1,1
3,2,2:3:7,identity,1,0,1,1,4
3,2,2:3:7,identity,2,0,1,1,25
3,10,2:3:7,identity,0,0,1,1,1
3,10,2:3:7,identity,1,0,1,1,4
3,10,2:3:7,identity,2,0,1,1,25
3,4,2:3:7,identity,0,0,1,1,1
3,4,2:3:7,identity,1,0,1,1,4
3,4,2:3:7,identity,2,0,1,1,25
3,12,2:3:7,identity,0,0,1,1,1
3,12,2:3:7,identity,1,0,1,1,4
3,12,2:3:7,identity,2,0,1,1,25
3,8,2:3:7,identity,0,1,1,1,1
3,8,2:3:7,identity,1,1,1,1,1
3,8,2:3:7,identity,2,1,1,1,1
3,1,2:3:7,erase-relay,0,1,1,1,1
3,1,2:3:7,erase-relay,1,1,1,1,1
3,1,2:3:7,erase-relay,2,1,1,1,1
3,3,2:3:7,erase-relay,0,1,1,1,1
3,3,2:3:7,erase-relay,1,1,1,1,1
3,3,2:3:7,erase-relay,2,1,1,1,1
3,5,2:3:7,erase-relay,0,0,1,1,1
3,5,2:3:7,erase-relay,1,0,1,1,4
3,5,2:3:7,erase-relay,2,0,1,1,25
3,2,2:3:7,erase-relay,0,1,1,1,1
3,2,2:3:7,erase-relay,1,1,1,1,1
3,2,2:3:7,erase-relay,2,1,1,1,1
3,10,2:3:7,erase-relay,0,1,1,1,1
3,10,2:3:7,erase-relay,1,1,1,1,1
3,10,2:3:7,erase-relay,2,1,1,1,1
3,4,2:3:7,erase-relay,0,0,1,1,1
3,4,2:3:7,erase-relay,1,0,1,1,4
3,4,2:3:7,erase-relay,2,0,1,1,25
3,12,2:3:7,erase-relay,0,0,1,1,1
3,12,2:3:7,erase-relay,1,0,1,1,4
3,12,2:3:7,erase-relay,2,0,1,1,25
3,8,2:3:7,erase-relay,0,1,1,1,1
3,8,2:3:7,erase-relay,1,1,1,1,1
3,8,2:3:7,erase-relay,2,1,1,1,1
3,1,2:4:5,identity,0,0,1,1,1
3,1,2:4:5,identity,1,0,1,1,4
3,1,2:4:5,identity,2,1,1,1,12
3,3,2:4:5,identity,0,0,1,1,1
3,3,2:4:5,identity,1,0,1,1,4
3,3,2:4:5,identity,2,0,1,1,13
3,5,2:4:5,identity,0,0,1,1,1
3,5,2:4:5,identity,1,0,1,1,4
3,5,2:4:5,identity,2,0,1,1,13
3,2,2:4:5,identity,0,0,1,1,1
3,2,2:4:5,identity,1,1,1,1,3
3,2,2:4:5,identity,2,1,1,1,6
3,10,2:4:5,identity,0,0,1,1,1
3,10,2:4:5,identity,1,0,1,1,4
3,10,2:4:5,identity,2,0,1,1,13
3,4,2:4:5,identity,0,0,1,1,1
3,4,2:4:5,identity,1,0,1,1,4
3,4,2:4:5,identity,2,0,1,1,13
3,12,2:4:5,identity,0,0,1,1,1
3,12,2:4:5,identity,1,0,1,1,4
3,12,2:4:5,identity,2,0,1,1,13
3,8,2:4:5,identity,0,1,1,1,1
3,8,2:4:5,identity,1,1,1,1,1
3,8,2:4:5,identity,2,1,1,1,1
3,1,2:4:5,erase-relay,0,1,1,1,1
3,1,2:4:5,erase-relay,1,1,1,1,1
3,1,2:4:5,erase-relay,2,1,1,1,1
3,3,2:4:5,erase-relay,0,1,1,1,1
3,3,2:4:5,erase-relay,1,1,1,1,1
3,3,2:4:5,erase-relay,2,1,1,1,1
3,5,2:4:5,erase-relay,0,0,1,1,1
3,5,2:4:5,erase-relay,1,0,1,1,4
3,5,2:4:5,erase-relay,2,0,1,1,13
3,2,2:4:5,erase-relay,0,1,1,1,1
3,2,2:4:5,erase-relay,1,1,1,1,1
3,2,2:4:5,erase-relay,2,1,1,1,1
3,10,2:4:5,erase-relay,0,1,1,1,1
3,10,2:4:5,erase-relay,1,1,1,1,1
3,10,2:4:5,erase-relay,2,1,1,1,1
3,4,2:4:5,erase-relay,0,0,1,1,1
3,4,2:4:5,erase-relay,1,0,1,1,4
3,4,2:4:5,erase-relay,2,0,1,1,13
3,12,2:4:5,erase-relay,0,0,1,1,1
3,12,2:4:5,erase-relay,1,0,1,1,4
3,12,2:4:5,erase-relay,2,0,1,1,13
3,8,2:4:5,erase-relay,0,1,1,1,1
3,8,2:4:5,erase-relay,1,1,1,1,1
3,8,2:4:5,erase-relay,2,1,1,1,1
3,1,2:4:6,identity,0,0,1,1,1
3,1,2:4:6,identity,1,0,1,1,4
3,1,2:4:6,identity,2,0,1,1,25
3,3,2:4:6,identity,0,0,1,1,1
3,3,2:4:6,identity,1,0,1,1,4
3,3,2:4:6,identity,2,0,1,1,25
3,5,2:4:6,identity,0,0,1,1,1
3,5,2:4:6,identity,1,0,1,1,4
3,5,2:4:6,identity,2,0,1,1,25
3,2,2:4:6,identity,0,0,1,1,1
3,2,2:4:6,identity,1,1,1,1,3
3,2,2:4:6,identity,2,1,1,1,6
3,10,2:4:6,identity,0,0,1,1,1
3,10,2:4:6,identity,1,0,1,1,4
3,10,2:4:6,identity,2,1,1,1,18
3,4,2:4:6,identity,0,0,1,1,1
3,4,2:4:6,identity,1,0,1,1,4
3,4,2:4:6,identity,2,0,1,1,25
3,12,2:4:6,identity,0,0,1,1,1
3,12,2:4:6,identity,1,0,1,1,4
3,12,2:4:6,identity,2,0,1,1,25
3,8,2:4:6,identity,0,1,1,1,1
3,8,2:4:6,identity,1,1,1,1,1
3,8,2:4:6,identity,2,1,1,1,1
3,1,2:4:6,erase-relay,0,1,1,1,1
3,1,2:4:6,erase-relay,1,1,1,1,1
3,1,2:4:6,erase-relay,2,1,1,1,1
3,3,2:4:6,erase-relay,0,1,1,1,1
3,3,2:4:6,erase-relay,1,1,1,1,1
3,3,2:4:6,erase-relay,2,1,1,1,1
3,5,2:4:6,erase-relay,0,0,1,1,1
3,5,2:4:6,erase-relay,1,0,1,1,4
3,5,2:4:6,erase-relay,2,0,1,1,25
3,2,2:4:6,erase-relay,0,1,1,1,1
3,2,2:4:6,erase-relay,1,1,1,1,1
3,2,2:4:6,erase-relay,2,1,1,1,1
3,10,2:4:6,erase-relay,0,1,1,1,1
3,10,2:4:6,erase-relay,1,1,1,1,1
3,10,2:4:6,erase-relay,2,1,1,1,1
3,4,2:4:6,erase-relay,0,0,1,1,1
3,4,2:4:6,erase-relay,1,0,1,1,4
3,4,2:4:6,erase-relay,2,0,1,1,25
3,12,2:4:6,erase-relay,0,0,1,1,1
3,12,2:4:6,erase-relay,1,0,1,1,4
3,12,2:4:6,erase-relay,2,0,1,1,25
3,8,2:4:6,erase-relay,0,1,1,1,1
3,8,2:4:6,erase-relay,1,1,1,1,1
3,8,2:4:6,erase-relay,2,1,1,1,1
3,1,2:4:7,identity,0,0,1,1,1
3,1,2:4:7,identity,1,0,1,1,4
3,1,2:4:7,identity,2,0,1,1,25
3,3,2:4:7,identity,0,0,1,1,1
3,3,2:4:7,identity,1,0,1,1,4
3,3,2:4:7,identity,2,0,1,1,25
3,5,2:4:7,identity,0,0,1,1,1
3,5,2:4:7,identity,1,0,1,1,4
3,5,2:4:7,identity,2,0,1,1,25
3,2,2:4:7,identity,0,0,1,1,1
3,2,2:4:7,identity,1,1,1,1,3
3,2,2:4:7,identity,2,1,1,1,6
3,10,2:4:7,identity,0,0,1,1,1
3,10,2:4:7,identity,1,0,1,1,4
3,10,2:4:7,identity,2,0,1,1,25
3,4,2:4:7,identity,0,0,1,1,1
3,4,2:4:7,identity,1,0,1,1,4
3,4,2:4:7,identity,2,0,1,1,25
3,12,2:4:7,identity,0,0,1,1,1
3,12,2:4:7,identity,1,0,1,1,4
3,12,2:4:7,identity,2,0,1,1,25
3,8,2:4:7,identity,0,1,1,1,1
3,8,2:4:7,identity,1,1,1,1,1
3,8,2:4:7,identity,2,1,1,1,1
3,1,2:4:7,erase-relay,0,1,1,1,1
3,1,2:4:7,erase-relay,1,1,1,1,1
3,1,2:4:7,erase-relay,2,1,1,1,1
3,3,2:4:7,erase-relay,0,1,1,1,1
3,3,2:4:7,erase-relay,1,1,1,1,1
3,3,2:4:7,erase-relay,2,1,1,1,1
3,5,2:4:7,erase-relay,0,0,1,1,1
3,5,2:4:7,erase-relay,1,0,1,1,4
3,5,2:4:7,erase-relay,2,0,1,1,25
3,2,2:4:7,erase-relay,0,1,1,1,1
3,2,2:4:7,erase-relay,1,1,1,1,1
3,2,2:4:7,erase-relay,2,1,1,1,1
3,10,2:4:7,erase-relay,0,1,1,1,1
3,10,2:4:7,erase-relay,1,1,1,1,1
3,10,2:4:7,erase-relay,2,1,1,1,1
3,4,2:4:7,erase-relay,0,0,1,1,1
3,4,2:4:7,erase-relay,1,0,1,1,4
3,4,2:4:7,erase-relay,2,0,1,1,25
3,12,2:4:7,erase-relay,0,0,1,1,1
3,12,2:4:7,erase-relay,1,0,1,1,4
3,12,2:4:7,erase-relay,2,0,1,1,25
3,8,2:4:7,erase-relay,0,1,1,1,1
3,8,2:4:7,erase-relay,1,1,1,1,1
3,8,2:4:7,erase-relay,2,1,1,1,1
3,1,2:5:6,identity,0,0,1,1,1
3,1,2:5:6,identity,1,0,1,1,4
3,1,2:5:6,identity,2,0,1,1,25
3,3,2:5:6,identity,0,0,1,1,1
3,3,2:5:6,identity,1,0,1,1,4
3,3,2:5:6,identity,2,0,1,1,25
3,5,2:5:6,identity,0,0,1,1,1
3,5,2:5:6,identity,1,0,1,1,4
3,5,2:5:6,identity,2,0,1,1,25
3,2,2:5:6,identity,0,0,1,1,1
3,2,2:5:6,identity,1,0,1,1,4
3,2,2:5:6,identity,2,0,1,1,25
3,10,2:5:6,identity,0,0,1,1,1
3,10,2:5:6,identity,1,0,1,1,4
3,10,2:5:6,identity,2,0,1,1,25
3,4,2:5:6,identity,0,0,1,1,1
3,4,2:5:6,identity,1,0,1,1,4
3,4,2:5:6,identity,2,0,1,1,25
3,12,2:5:6,identity,0,0,1,1,1
3,12,2:5:6,identity,1,0,1,1,4
3,12,2:5:6,identity,2,0,1,1,25
3,8,2:5:6,identity,0,1,1,1,1
3,8,2:5:6,identity,1,1,1,1,1
3,8,2:5:6,identity,2,1,1,1,1
3,1,2:5:6,erase-relay,0,1,1,1,1
3,1,2:5:6,erase-relay,1,1,1,1,1
3,1,2:5:6,erase-relay,2,1,1,1,1
3,3,2:5:6,erase-relay,0,1,1,1,1
3,3,2:5:6,erase-relay,1,1,1,1,1
3,3,2:5:6,erase-relay,2,1,1,1,1
3,5,2:5:6,erase-relay,0,0,1,1,1
3,5,2:5:6,erase-relay,1,0,1,1,4
3,5,2:5:6,erase-relay,2,0,1,1,25
3,2,2:5:6,erase-relay,0,1,1,1,1
3,2,2:5:6,erase-relay,1,1,1,1,1
3,2,2:5:6,erase-relay,2,1,1,1,1
3,10,2:5:6,erase-relay,0,1,1,1,1
3,10,2:5:6,erase-relay,1,1,1,1,1
3,10,2:5:6,erase-relay,2,1,1,1,1
3,4,2:5:6,erase-relay,0,0,1,1,1
3,4,2:5:6,erase-relay,1,0,1,1,4
3,4,2:5:6,erase-relay,2,0,1,1,25
3,12,2:5:6,erase-relay,0,0,1,1,1
3,12,2:5:6,erase-relay,1,0,1,1,4
3,12,2:5:6,erase-relay,2,0,1,1,25
3,8,2:5:6,erase-relay,0,1,1,1,1
3,8,2:5:6,erase-relay,1,1,1,1,1
3,8,2:5:6,erase-relay,2,1,1,1,1
3,1,2:5:7,identity,0,0,1,1,1
3,1,2:5:7,identity,1,0,1,1,4
3,1,2:5:7,identity,2,0,1,1,25
3,3,2:5:7,identity,0,0,1,1,1
3,3,2:5:7,identity,1,0,1,1,4
3,3,2:5:7,identity,2,0,1,1,25
3,5,2:5:7,identity,0,0,1,1,1
3,5,2:5:7,identity,1,0,1,1,4
3,5,2:5:7,identity,2,0,1,1,25
3,2,2:5:7,identity,0,0,1,1,1
3,2,2:5:7,identity,1,0,1,1,4
3,2,2:5:7,identity,2,0,1,1,25
3,10,2:5:7,identity,0,0,1,1,1
3,10,2:5:7,identity,1,0,1,1,4
3,10,2:5:7,identity,2,0,1,1,25
3,4,2:5:7,identity,0,0,1,1,1
3,4,2:5:7,identity,1,0,1,1,4
3,4,2:5:7,identity,2,0,1,1,25
3,12,2:5:7,identity,0,0,1,1,1
3,12,2:5:7,identity,1,0,1,1,4
3,12,2:5:7,identity,2,0,1,1,25
3,8,2:5:7,identity,0,1,1,1,1
3,8,2:5:7,identity,1,1,1,1,1
3,8,2:5:7,identity,2,1,1,1,1
3,1,2:5:7,erase-relay,0,1,1,1,1
3,1,2:5:7,erase-relay,1,1,1,1,1
3,1,2:5:7,erase-relay,2,1,1,1,1
3,3,2:5:7,erase-relay,0,1,1,1,1
3,3,2:5:7,erase-relay,1,1,1,1,1
3,3,2:5:7,erase-relay,2,1,1,1,1
3,5,2:5:7,erase-relay,0,0,1,1,1
3,5,2:5:7,erase-relay,1,0,1,1,4
3,5,2:5:7,erase-relay,2,0,1,1,25
3,2,2:5:7,erase-relay,0,1,1,1,1
3,2,2:5:7,erase-relay,1,1,1,1,1
3,2,2:5:7,erase-relay,2,1,1,1,1
3,10,2:5:7,erase-relay,0,1,1,1,1
3,10,2:5:7,erase-relay,1,1,1,1,1
3,10,2:5:7,erase-relay,2,1,1,1,1
3,4,2:5:7,erase-relay,0,0,1,1,1
3,4,2:5:7,erase-relay,1,0,1,1,4
3,4,2:5:7,erase-relay,2,0,1,1,25
3,12,2:5:7,erase-relay,0,0,1,1,1
3,12,2:5:7,erase-relay,1,0,1,1,4
3,12,2:5:7,erase-relay,2,0,1,1,25
3,8,2:5:7,erase-relay,0,1,1,1,1
3,8,2:5:7,erase-relay,1,1,1,1,1
3,8,2:5:7,erase-relay,2,1,1,1,1
3,1,2:6:7,identity,0,0,1,1,1
3,1,2:6:7,identity,1,0,1,1,4
3,1,2:6:7,identity,2,0,1,1,37
3,3,2:6:7,identity,0,0,1,1,1
3,3,2:6:7,identity,1,0,1,1,4
3,3,2:6:7,identity,2,0,1,1,37
3,5,2:6:7,identity,0,0,1,1,1
3,5,2:6:7,identity,1,0,1,1,4
3,5,2:6:7,identity,2,0,1,1,37
3,2,2:6:7,identity,0,0,1,1,1
3,2,2:6:7,identity,1,0,1,1,4
3,2,2:6:7,identity,2,0,1,1,37
3,10,2:6:7,identity,0,0,1,1,1
3,10,2:6:7,identity,1,0,1,1,4
3,10,2:6:7,identity,2,0,1,1,37
3,4,2:6:7,identity,0,0,1,1,1
3,4,2:6:7,identity,1,0,1,1,4
3,4,2:6:7,identity,2,0,1,1,37
3,12,2:6:7,identity,0,0,1,1,1
3,12,2:6:7,identity,1,0,1,1,4
3,12,2:6:7,identity,2,0,1,1,37
3,8,2:6:7,identity,0,1,1,1,1
3,8,2:6:7,identity,1,1,1,1,1
3,8,2:6:7,identity,2,1,1,1,1
3,1,2:6:7,erase-relay,0,1,1,1,1
3,1,2:6:7,erase-relay,1,1,1,1,1
3,1,2:6:7,erase-relay,2,1,1,1,1
3,3,2:6:7,erase-relay,0,1,1,1,1
3,3,2:6:7,erase-relay,1,1,1,1,1
3,3,2:6:7,erase-relay,2,1,1,1,1
3,5,2:6:7,erase-relay,0,0,1,1,1
3,5,2:6:7,erase-relay,1,0,1,1,4
3,5,2:6:7,erase-relay,2,0,1,1,37
3,2,2:6:7,erase-relay,0,1,1,1,1
3,2,2:6:7,erase-relay,1,1,1,1,1
3,2,2:6:7,erase-relay,2,1,1,1,1
3,10,2:6:7,erase-relay,0,1,1,1,1
3,10,2:6:7,erase-relay,1,1,1,1,1
3,10,2:6:7,erase-relay,2,1,1,1,1
3,4,2:6:7,erase-relay,0,0,1,1,1
3,4,2:6:7,erase-relay,1,0,1,1,4
3,4,2:6:7,erase-relay,2,0,1,1,37
3,12,2:6:7,erase-relay,0,0,1,1,1
3,12,2:6:7,erase-relay,1,0,1,1,4
3,12,2:6:7,erase-relay,2,0,1,1,37
3,8,2:6:7,erase-relay,0,1,1,1,1
3,8,2:6:7,erase-relay,1,1,1,1,1
3,8,2:6:7,erase-relay,2,1,1,1,1
3,1,3:4:5,identity,0,0,1,1,1
3,1,3:4:5,identity,1,0,1,1,4
3,1,3:4:5,identity,2,1,1,1,4
3,3,3:4:5,identity,0,0,1,1,1
3,3,3:4:5,identity,1,0,1,1,4
3,3,3:4:5,identity,2,1,1,1,4
3,5,3:4:5,identity,0,0,1,1,1
3,5,3:4:5,identity,1,0,1,1,4
3,5,3:4:5,identity,2,0,1,1,13
3,2,3:4:5,identity,0,0,1,1,1
3,2,3:4:5,identity,1,1,1,1,3
3,2,3:4:5,identity,2,1,1,1,4
3,10,3:4:5,identity,0,0,1,1,1
3,10,3:4:5,identity,1,0,1,1,4
3,10,3:4:5,identity,2,0,1,1,13
3,4,3:4:5,identity,0,0,1,1,1
3,4,3:4:5,identity,1,0,1,1,4
3,4,3:4:5,identity,2,0,1,1,13
3,12,3:4:5,identity,0,0,1,1,1
3,12,3:4:5,identity,1,0,1,1,4
3,12,3:4:5,identity,2,0,1,1,13
3,8,3:4:5,identity,0,1,1,1,1
3,8,3:4:5,identity,1,1,1,1,1
3,8,3:4:5,identity,2,1,1,1,1
3,1,3:4:5,erase-relay,0,1,1,1,1
3,1,3:4:5,erase-relay,1,1,1,1,1
3,1,3:4:5,erase-relay,2,1,1,1,1
3,3,3:4:5,erase-relay,0,1,1,1,1
3,3,3:4:5,erase-relay,1,1,1,1,1
3,3,3:4:5,erase-relay,2,1,1,1,1
3,5,3:4:5,erase-relay,0,0,1,1,1
3,5,3:4:5,erase-relay,1,0,1,1,4
3,5,3:4:5,erase-relay,2,0,1,1,13
3,2,3:4:5,erase-relay,0,1,1,1,1
3,2,3:4:5,erase-relay,1,1,1,1,1
3,2,3:4:5,erase-relay,2,1,1,1,1
3,10,3:4:5,erase-relay,0,1,1,1,1
3,10,3:4:5,erase-relay,1,1,1,1,1
3,10,3:4:5,erase-relay,2,1,1,1,1
3,4,3:4:5,erase-relay,0,0,1,1,1
3,4,3:4:5,erase-relay,1,0,1,1,4
3,4,3:4:5,erase-relay,2,0,1,1,13
3,12,3:4:5,erase-relay,0,0,1,1,1
3,12,3:4:5,erase-relay,1,0,1,1,4
3,12,3:4:5,erase-relay,2,0,1,1,13
3,8,3:4:5,erase-relay,0,1,1,1,1
3,8,3:4:5,erase-relay,1,1,1,1,1
3,8,3:4:5,erase-relay,2,1,1,1,1
3,1,3:4:6,identity,0,0,1,1,1
3,1,3:4:6,identity,1,0,1,1,4
3,1,3:4:6,identity,2,1,1,1,4
3,3,3:4:6,identity,0,0,1,1,1
3,3,3:4:6,identity,1,0,1,1,4
3,3,3:4:6,identity,2,1,1,1,4
3,5,3:4:6,identity,0,0,1,1,1
3,5,3:4:6,identity,1,0,1,1,4
3,5,3:4:6,identity,2,0,1,1,25
3,2,3:4:6,identity,0,0,1,1,1
3,2,3:4:6,identity,1,1,1,1,3
3,2,3:4:6,identity,2,1,1,1,4
3,10,3:4:6,identity,0,0,1,1,1
3,10,3:4:6,identity,1,0,1,1,4
3,10,3:4:6,identity,2,1,1,1,18
3,4,3:4:6,identity,0,0,1,1,1
3,4,3:4:6,identity,1,0,1,1,4
3,4,3:4:6,identity,2,0,1,1,25
3,12,3:4:6,identity,0,0,1,1,1
3,12,3:4:6,identity,1,0,1,1,4
3,12,3:4:6,identity,2,0,1,1,25
3,8,3:4:6,identity,0,1,1,1,1
3,8,3:4:6,identity,1,1,1,1,1
3,8,3:4:6,identity,2,1,1,1,1
3,1,3:4:6,erase-relay,0,1,1,1,1
3,1,3:4:6,erase-relay,1,1,1,1,1
3,1,3:4:6,erase-relay,2,1,1,1,1
3,3,3:4:6,erase-relay,0,1,1,1,1
3,3,3:4:6,erase-relay,1,1,1,1,1
3,3,3:4:6,erase-relay,2,1,1,1,1
3,5,3:4:6,erase-relay,0,0,1,1,1
3,5,3:4:6,erase-relay,1,0,1,1,4
3,5,3:4:6,erase-relay,2,0,1,1,25
3,2,3:4:6,erase-relay,0,1,1,1,1
3,2,3:4:6,erase-relay,1,1,1,1,1
3,2,3:4:6,erase-relay,2,1,1,1,1
3,10,3:4:6,erase-relay,0,1,1,1,1
3,10,3:4:6,erase-relay,1,1,1,1,1
3,10,3:4:6,erase-relay,2,1,1,1,1
3,4,3:4:6,erase-relay,0,0,1,1,1
3,4,3:4:6,erase-relay,1,0,1,1,4
3,4,3:4:6,erase-relay,2,0,1,1,25
3,12,3:4:6,erase-relay,0,0,1,1,1
3,12,3:4:6,erase-relay,1,0,1,1,4
3,12,3:4:6,erase-relay,2,0,1,1,25
3,8,3:4:6,erase-relay,0,1,1,1,1
3,8,3:4:6,erase-relay,1,1,1,1,1
3,8,3:4:6,erase-relay,2,1,1,1,1
3,1,3:4:7,identity,0,0,1,1,1
3,1,3:4:7,identity,1,0,1,1,4
3,1,3:4:7,identity,2,1,1,1,4
3,3,3:4:7,identity,0,0,1,1,1
3,3,3:4:7,identity,1,0,1,1,4
3,3,3:4:7,identity,2,1,1,1,4
3,5,3:4:7,identity,0,0,1,1,1
3,5,3:4:7,identity,1,0,1,1,4
3,5,3:4:7,identity,2,0,1,1,25
3,2,3:4:7,identity,0,0,1,1,1
3,2,3:4:7,identity,1,1,1,1,3
3,2,3:4:7,identity,2,1,1,1,4
3,10,3:4:7,identity,0,0,1,1,1
3,10,3:4:7,identity,1,0,1,1,4
3,10,3:4:7,identity,2,0,1,1,25
3,4,3:4:7,identity,0,0,1,1,1
3,4,3:4:7,identity,1,0,1,1,4
3,4,3:4:7,identity,2,0,1,1,25
3,12,3:4:7,identity,0,0,1,1,1
3,12,3:4:7,identity,1,0,1,1,4
3,12,3:4:7,identity,2,0,1,1,25
3,8,3:4:7,identity,0,1,1,1,1
3,8,3:4:7,identity,1,1,1,1,1
3,8,3:4:7,identity,2,1,1,1,1
3,1,3:4:7,erase-relay,0,1,1,1,1
3,1,3:4:7,erase-relay,1,1,1,1,1
3,1,3:4:7,erase-relay,2,1,1,1,1
3,3,3:4:7,erase-relay,0,1,1,1,1
3,3,3:4:7,erase-relay,1,1,1,1,1
3,3,3:4:7,erase-relay,2,1,1,1,1
3,5,3:4:7,erase-relay,0,0,1,1,1
3,5,3:4:7,erase-relay,1,0,1,1,4
3,5,3:4:7,erase-relay,2,0,1,1,25
3,2,3:4:7,erase-relay,0,1,1,1,1
3,2,3:4:7,erase-relay,1,1,1,1,1
3,2,3:4:7,erase-relay,2,1,1,1,1
3,10,3:4:7,erase-relay,0,1,1,1,1
3,10,3:4:7,erase-relay,1,1,1,1,1
3,10,3:4:7,erase-relay,2,1,1,1,1
3,4,3:4:7,erase-relay,0,0,1,1,1
3,4,3:4:7,erase-relay,1,0,1,1,4
3,4,3:4:7,erase-relay,2,0,1,1,25
3,12,3:4:7,erase-relay,0,0,1,1,1
3,12,3:4:7,erase-relay,1,0,1,1,4
3,12,3:4:7,erase-relay,2,0,1,1,25
3,8,3:4:7,erase-relay,0,1,1,1,1
3,8,3:4:7,erase-relay,1,1,1,1,1
3,8,3:4:7,erase-relay,2,1,1,1,1
3,1,3:5:6,identity,0,0,1,1,1
3,1,3:5:6,identity,1,0,1,1,4
3,1,3:5:6,identity,2,0,1,1,25
3,3,3:5:6,identity,0,0,1,1,1
3,3,3:5:6,identity,1,0,1,1,4
3,3,3:5:6,identity,2,0,1,1,25
3,5,3:5:6,identity,0,0,1,1,1
3,5,3:5:6,identity,1,0,1,1,4
3,5,3:5:6,identity,2,0,1,1,25
3,2,3:5:6,identity,0,0,1,1,1
3,2,3:5:6,identity,1,0,1,1,4
3,2,3:5:6,identity,2,0,1,1,25
3,10,3:5:6,identity,0,0,1,1,1
3,10,3:5:6,identity,1,0,1,1,4
3,10,3:5:6,identity,2,0,1,1,25
3,4,3:5:6,identity,0,0,1,1,1
3,4,3:5:6,identity,1,0,1,1,4
3,4,3:5:6,identity,2,0,1,1,25
3,12,3:5:6,identity,0,0,1,1,1
3,12,3:5:6,identity,1,0,1,1,4
3,12,3:5:6,identity,2,0,1,1,25
3,8,3:5:6,identity,0,1,1,1,1
3,8,3:5:6,identity,1,1,1,1,1
3,8,3:5:6,identity,2,1,1,1,1
3,1,3:5:6,erase-relay,0,1,1,1,1
3,1,3:5:6,erase-relay,1,1,1,1,1
3,1,3:5:6,erase-relay,2,1,1,1,1
3,3,3:5:6,erase-relay,0,1,1,1,1
3,3,3:5:6,erase-relay,1,1,1,1,1
3,3,3:5:6,erase-relay,2,1,1,1,1
3,5,3:5:6,erase-relay,0,0,1,1,1
3,5,3:5:6,erase-relay,1,0,1,1,4
3,5,3:5:6,erase-relay,2,0,1,1,25
3,2,3:5:6,erase-relay,0,1,1,1,1
3,2,3:5:6,erase-relay,1,1,1,1,1
3,2,3:5:6,erase-relay,2,1,1,1,1
3,10,3:5:6,erase-relay,0,1,1,1,1
3,10,3:5:6,erase-relay,1,1,1,1,1
3,10,3:5:6,erase-relay,2,1,1,1,1
3,4,3:5:6,erase-relay,0,0,1,1,1
3,4,3:5:6,erase-relay,1,0,1,1,4
3,4,3:5:6,erase-relay,2,0,1,1,25
3,12,3:5:6,erase-relay,0,0,1,1,1
3,12,3:5:6,erase-relay,1,0,1,1,4
3,12,3:5:6,erase-relay,2,0,1,1,25
3,8,3:5:6,erase-relay,0,1,1,1,1
3,8,3:5:6,erase-relay,1,1,1,1,1
3,8,3:5:6,erase-relay,2,1,1,1,1
3,1,3:5:7,identity,0,0,1,1,1
3,1,3:5:7,identity,1,0,1,1,4
3,1,3:5:7,identity,2,0,1,1,25
3,3,3:5:7,identity,0,0,1,1,1
3,3,3:5:7,identity,1,0,1,1,4
3,3,3:5:7,identity,2,0,1,1,25
3,5,3:5:7,identity,0,0,1,1,1
3,5,3:5:7,identity,1,0,1,1,4
3,5,3:5:7,identity,2,0,1,1,25
3,2,3:5:7,identity,0,0,1,1,1
3,2,3:5:7,identity,1,0,1,1,4
3,2,3:5:7,identity,2,0,1,1,25
3,10,3:5:7,identity,0,0,1,1,1
3,10,3:5:7,identity,1,0,1,1,4
3,10,3:5:7,identity,2,0,1,1,25
3,4,3:5:7,identity,0,0,1,1,1
3,4,3:5:7,identity,1,0,1,1,4
3,4,3:5:7,identity,2,0,1,1,25
3,12,3:5:7,identity,0,0,1,1,1
3,12,3:5:7,identity,1,0,1,1,4
3,12,3:5:7,identity,2,0,1,1,25
3,8,3:5:7,identity,0,1,1,1,1
3,8,3:5:7,identity,1,1,1,1,1
3,8,3:5:7,identity,2,1,1,1,1
3,1,3:5:7,erase-relay,0,1,1,1,1
3,1,3:5:7,erase-relay,1,1,1,1,1
3,1,3:5:7,erase-relay,2,1,1,1,1
3,3,3:5:7,erase-relay,0,1,1,1,1
3,3,3:5:7,erase-relay,1,1,1,1,1
3,3,3:5:7,erase-relay,2,1,1,1,1
3,5,3:5:7,erase-relay,0,0,1,1,1
3,5,3:5:7,erase-relay,1,0,1,1,4
3,5,3:5:7,erase-relay,2,0,1,1,25
3,2,3:5:7,erase-relay,0,1,1,1,1
3,2,3:5:7,erase-relay,1,1,1,1,1
3,2,3:5:7,erase-relay,2,1,1,1,1
3,10,3:5:7,erase-relay,0,1,1,1,1
3,10,3:5:7,erase-relay,1,1,1,1,1
3,10,3:5:7,erase-relay,2,1,1,1,1
3,4,3:5:7,erase-relay,0,0,1,1,1
3,4,3:5:7,erase-relay,1,0,1,1,4
3,4,3:5:7,erase-relay,2,0,1,1,25
3,12,3:5:7,erase-relay,0,0,1,1,1
3,12,3:5:7,erase-relay,1,0,1,1,4
3,12,3:5:7,erase-relay,2,0,1,1,25
3,8,3:5:7,erase-relay,0,1,1,1,1
3,8,3:5:7,erase-relay,1,1,1,1,1
3,8,3:5:7,erase-relay,2,1,1,1,1
3,1,3:6:7,identity,0,0,1,1,1
3,1,3:6:7,identity,1,0,1,1,4
3,1,3:6:7,identity,2,0,1,1,37
3,3,3:6:7,identity,0,0,1,1,1
3,3,3:6:7,identity,1,0,1,1,4
3,3,3:6:7,identity,2,0,1,1,37
3,5,3:6:7,identity,0,0,1,1,1
3,5,3:6:7,identity,1,0,1,1,4
3,5,3:6:7,identity,2,0,1,1,37
3,2,3:6:7,identity,0,0,1,1,1
3,2,3:6:7,identity,1,0,1,1,4
3,2,3:6:7,identity,2,0,1,1,37
3,10,3:6:7,identity,0,0,1,1,1
3,10,3:6:7,identity,1,0,1,1,4
3,10,3:6:7,identity,2,0,1,1,37
3,4,3:6:7,identity,0,0,1,1,1
3,4,3:6:7,identity,1,0,1,1,4
3,4,3:6:7,identity,2,0,1,1,37
3,12,3:6:7,identity,0,0,1,1,1
3,12,3:6:7,identity,1,0,1,1,4
3,12,3:6:7,identity,2,0,1,1,37
3,8,3:6:7,identity,0,1,1,1,1
3,8,3:6:7,identity,1,1,1,1,1
3,8,3:6:7,identity,2,1,1,1,1
3,1,3:6:7,erase-relay,0,1,1,1,1
3,1,3:6:7,erase-relay,1,1,1,1,1
3,1,3:6:7,erase-relay,2,1,1,1,1
3,3,3:6:7,erase-relay,0,1,1,1,1
3,3,3:6:7,erase-relay,1,1,1,1,1
3,3,3:6:7,erase-relay,2,1,1,1,1
3,5,3:6:7,erase-relay,0,0,1,1,1
3,5,3:6:7,erase-relay,1,0,1,1,4
3,5,3:6:7,erase-relay,2,0,1,1,37
3,2,3:6:7,erase-relay,0,1,1,1,1
3,2,3:6:7,erase-relay,1,1,1,1,1
3,2,3:6:7,erase-relay,2,1,1,1,1
3,10,3:6:7,erase-relay,0,1,1,1,1
3,10,3:6:7,erase-relay,1,1,1,1,1
3,10,3:6:7,erase-relay,2,1,1,1,1
3,4,3:6:7,erase-relay,0,0,1,1,1
3,4,3:6:7,erase-relay,1,0,1,1,4
3,4,3:6:7,erase-relay,2,0,1,1,37
3,12,3:6:7,erase-relay,0,0,1,1,1
3,12,3:6:7,erase-relay,1,0,1,1,4
3,12,3:6:7,erase-relay,2,0,1,1,37
3,8,3:6:7,erase-relay,0,1,1,1,1
3,8,3:6:7,erase-relay,1,1,1,1,1
3,8,3:6:7,erase-relay,2,1,1,1,1
3,1,4:5:6,identity,0,0,1,1,1
3,1,4:5:6,identity,1,0,1,1,4
3,1,4:5:6,identity,2,1,1,1,7
3,3,4:5:6,identity,0,0,1,1,1
3,3,4:5:6,identity,1,0,1,1,4
3,3,4:5:6,identity,2,0,1,1,25
3,5,4:5:6,identity,0,0,1,1,1
3,5,4:5:6,identity,1,0,1,1,4
3,5,4:5:6,identity,2,0,1,1,25
3,2,4:5:6,identity,0,0,1,1,1
3,2,4:5:6,identity,1,1,1,1,2
3,2,4:5:6,identity,2,1,1,1,2
3,10,4:5:6,identity,0,0,1,1,1
3,10,4:5:6,identity,1,0,1,1,4
3,10,4:5:6,identity,2,1,1,1,14
3,4,4:5:6,identity,0,0,1,1,1
3,4,4:5:6,identity,1,0,1,1,4
3,4,4:5:6,identity,2,0,1,1,25
3,12,4:5:6,identity,0,0,1,1,1
3,12,4:5:6,identity,1,0,1,1,4
3,12,4:5:6,identity,2,0,1,1,25
3,8,4:5:6,identity,0,1,1,1,1
3,8,4:5:6,identity,1,1,1,1,1
3,8,4:5:6,identity,2,1,1,1,1
3,1,4:5:6,erase-relay,0,1,1,1,1
3,1,4:5:6,erase-relay,1,1,1,1,1
3,1,4:5:6,erase-relay,2,1,1,1,1
3,3,4:5:6,erase-relay,0,1,1,1,1
3,3,4:5:6,erase-relay,1,1,1,1,1
3,3,4:5:6,erase-relay,2,1,1,1,1
3,5,4:5:6,erase-relay,0,0,1,1,1
3,5,4:5:6,erase-relay,1,0,1,1,4
3,5,4:5:6,erase-relay,2,0,1,1,25
3,2,4:5:6,erase-relay,0,1,1,1,1
3,2,4:5:6,erase-relay,1,1,1,1,1
3,2,4:5:6,erase-relay,2,1,1,1,1
3,10,4:5:6,erase-relay,0,1,1,1,1
3,10,4:5:6,erase-relay,1,1,1,1,1
3,10,4:5:6,erase-relay,2,1,1,1,1
3,4,4:5:6,erase-relay,0,0,1,1,1
3,4,4:5:6,erase-relay,1,0,1,1,4
3,4,4:5:6,erase-relay,2,0,1,1,25
3,12,4:5:6,erase-relay,0,0,1,1,1
3,12,4:5:6,erase-relay,1,0,1,1,4
3,12,4:5:6,erase-relay,2,0,1,1,25
3,8,4:5:6,erase-relay,0,1,1,1,1
3,8,4:5:6,erase-relay,1,1,1,1,1
3,8,4:5:6,erase-relay,2,1,1,1,1
3,1,4:5:7,identity,0,0,1,1,1
3,1,4:5:7,identity,1,0,1,1,4
3,1,4:5:7,identity,2,1,1,1,7
3,3,4:5:7,identity,0,0,1,1,1
3,3,4:5:7,identity,1,0,1,1,4
3,3,4:5:7,identity,2,0,1,1,25
3,5,4:5:7,identity,0,0,1,1,1
3,5,4:5:7,identity,1,0,1,1,4
3,5,4:5:7,identity,2,0,1,1,25
3,2,4:5:7,identity,0,0,1,1,1
3,2,4:5:7,identity,1,1,1,1,2
3,2,4:5:7,identity,2,1,1,1,2
3,10,4:5:7,identity,0,0,1,1,1
3,10,4:5:7,identity,1,0,1,1,4
3,10,4:5:7,identity,2,0,1,1,25
3,4,4:5:7,identity,0,0,1,1,1
3,4,4:5:7,identity,1,0,1,1,4
3,4,4:5:7,identity,2,0,1,1,25
3,12,4:5:7,identity,0,0,1,1,1
3,12,4:5:7,identity,1,0,1,1,4
3,12,4:5:7,identity,2,0,1,1,25
3,8,4:5:7,identity,0,1,1,1,1
3,8,4:5:7,identity,1,1,1,1,1
3,8,4:5:7,identity,2,1,1,1,1
3,1,4:5:7,erase-relay,0,1,1,1,1
3,1,4:5:7,erase-relay,1,1,1,1,1
3,1,4:5:7,erase-relay,2,1,1,1,1
3,3,4:5:7,erase-relay,0,1,1,1,1
3,3,4:5:7,erase-relay,1,1,1,1,1
3,3,4:5:7,erase-relay,2,1,1,1,1
3,5,4:5:7,erase-relay,0,0,1,1,1
3,5,4:5:7,erase-relay,1,0,1,1,4
3,5,4:5:7,erase-relay,2,0,1,1,25
3,2,4:5:7,erase-relay,0,1,1,1,1
3,2,4:5:7,erase-relay,1,1,1,1,1
3,2,4:5:7,erase-relay,2,1,1,1,1
3,10,4:5:7,erase-relay,0,1,1,1,1
3,10,4:5:7,erase-relay,1,1,1,1,1
3,10,4:5:7,erase-relay,2,1,1,1,1
3,4,4:5:7,erase-relay,0,0,1,1,1
3,4,4:5:7,erase-relay,1,0,1,1,4
3,4,4:5:7,erase-relay,2,0,1,1,25
3,12,4:5:7,erase-relay,0,0,1,1,1
3,12,4:5:7,erase-relay,1,0,1,1,4
3,12,4:5:7,erase-relay,2,0,1,1,25
3,8,4:5:7,erase-relay,0,1,1,1,1
3,8,4:5:7,erase-relay,1,1,1,1,1
3,8,4:5:7,erase-relay,2,1,1,1,1
3,1,4:6:7,identity,0,0,1,1,1
3,1,4:6:7,identity,1,0,1,1,4
3,1,4:6:7,identity,2,0,1,1,37
3,3,4:6:7,identity,0,0,1,1,1
3,3,4:6:7,identity,1,0,1,1,4
3,3,4:6:7,identity,2,0,1,1,37
3,5,4:6:7,identity,0,0,1,1,1
3,5,4:6:7,identity,1,0,1,1,4
3,5,4:6:7,identity,2,0,1,1,37
3,2,4:6:7,identity,0,0,1,1,1
3,2,4:6:7,identity,1,1,1,1,2
3,2,4:6:7,identity,2,1,1,1,2
3,10,4:6:7,identity,0,0,1,1,1
3,10,4:6:7,identity,1,0,1,1,4
3,10,4:6:7,identity,2,1,1,1,10
3,4,4:6:7,identity,0,0,1,1,1
3,4,4:6:7,identity,1,0,1,1,4
3,4,4:6:7,identity,2,0,1,1,37
3,12,4:6:7,identity,0,0,1,1,1
3,12,4:6:7,identity,1,0,1,1,4
3,12,4:6:7,identity,2,0,1,1,37
3,8,4:6:7,identity,0,1,1,1,1
3,8,4:6:7,identity,1,1,1,1,1
3,8,4:6:7,identity,2,1,1,1,1
3,1,4:6:7,erase-relay,0,1,1,1,1
3,1,4:6:7,erase-relay,1,1,1,1,1
3,1,4:6:7,erase-relay,2,1,1,1,1
3,3,4:6:7,erase-relay,0,1,1,1,1
3,3,4:6:7,erase-relay,1,1,1,1,1
3,3,4:6:7,erase-relay,2,1,1,1,1
3,5,4:6:7,erase-relay,0,0,1,1,1
3,5,4:6:7,erase-relay,1,0,1,1,4
3,5,4:6:7,erase-relay,2,0,1,1,37
3,2,4:6:7,erase-relay,0,1,1,1,1
3,2,4:6:7,erase-relay,1,1,1,1,1
3,2,4:6:7,erase-relay,2,1,1,1,1
3,10,4:6:7,erase-relay,0,1,1,1,1
3,10,4:6:7,erase-relay,1,1,1,1,1
3,10,4:6:7,erase-relay,2,1,1,1,1
3,4,4:6:7,erase-relay,0,0,1,1,1
3,4,4:6:7,erase-relay,1,0,1,1,4
3,4,4:6:7,erase-relay,2,0,1,1,37
3,12,4:6:7,erase-relay,0,0,1,1,1
3,12,4:6:7,erase-relay,1,0,1,1,4
3,12,4:6:7,erase-relay,2,0,1,1,37
3,8,4:6:7,erase-relay,0,1,1,1,1
3,8,4:6:7,erase-relay,1,1,1,1,1
3,8,4:6:7,erase-relay,2,1,1,1,1
3,1,5:6:7,identity,0,0,1,1,1
3,1,5:6:7,identity,1,0,1,1,4
3,1,5:6:7,identity,2,0,1,1,37
3,3,5:6:7,identity,0,0,1,1,1
3,3,5:6:7,identity,1,0,1,1,4
3,3,5:6:7,identity,2,0,1,1,37
3,5,5:6:7,identity,0,0,1,1,1
3,5,5:6:7,identity,1,0,1,1,4
3,5,5:6:7,identity,2,0,1,1,37
3,2,5:6:7,identity,0,0,1,1,1
3,2,5:6:7,identity,1,0,1,1,4
3,2,5:6:7,identity,2,0,1,1,37
3,10,5:6:7,identity,0,0,1,1,1
3,10,5:6:7,identity,1,0,1,1,4
3,10,5:6:7,identity,2,0,1,1,37
3,4,5:6:7,identity,0,0,1,1,1
3,4,5:6:7,identity,1,0,1,1,4
3,4,5:6:7,identity,2,0,1,1,37
3,12,5:6:7,identity,0,0,1,1,1
3,12,5:6:7,identity,1,0,1,1,4
3,12,5:6:7,identity,2,0,1,1,37
3,8,5:6:7,identity,0,1,1,1,1
3,8,5:6:7,identity,1,1,1,1,1
3,8,5:6:7,identity,2,1,1,1,1
3,1,5:6:7,erase-relay,0,1,1,1,1
3,1,5:6:7,erase-relay,1,1,1,1,1
3,1,5:6:7,erase-relay,2,1,1,1,1
3,3,5:6:7,erase-relay,0,1,1,1,1
3,3,5:6:7,erase-relay,1,1,1,1,1
3,3,5:6:7,erase-relay,2,1,1,1,1
3,5,5:6:7,erase-relay,0,0,1,1,1
3,5,5:6:7,erase-relay,1,0,1,1,4
3,5,5:6:7,erase-relay,2,0,1,1,37
3,2,5:6:7,erase-relay,0,1,1,1,1
3,2,5:6:7,erase-relay,1,1,1,1,1
3,2,5:6:7,erase-relay,2,1,1,1,1
3,10,5:6:7,erase-relay,0,1,1,1,1
3,10,5:6:7,erase-relay,1,1,1,1,1
3,10,5:6:7,erase-relay,2,1,1,1,1
3,4,5:6:7,erase-relay,0,0,1,1,1
3,4,5:6:7,erase-relay,1,0,1,1,4
3,4,5:6:7,erase-relay,2,0,1,1,37
3,12,5:6:7,erase-relay,0,0,1,1,1
3,12,5:6:7,erase-relay,1,0,1,1,4
3,12,5:6:7,erase-relay,2,0,1,1,37
3,8,5:6:7,erase-relay,0,1,1,1,1
3,8,5:6:7,erase-relay,1,1,1,1,1
3,8,5:6:7,erase-relay,2,1,1,1,1
